paradigm,method,dataset_or_workload,sample_or_seed,repeat,embedding_seconds,extraction_seconds,embedding_reference_tokens,extraction_reference_tokens,embedding_ms_per_1k_tokens,extraction_ms_per_1k_tokens
logits-bias,WLLM,event_scheduler_timeslot,20260917,0,1.017949633300,63.988730073906,256,256,3976.365755079,249955.976851197
logits-bias,WLLM,order_inventory_product,20260918,0,1.228801500984,61.289375703782,256,256,4800.005863217,239411.623842898
logits-bias,WLLM,event_scheduler_timeslot,20260919,1,1.085978410207,61.313450793736,256,256,4242.103164870,239505.667163030
logits-bias,WLLM,order_inventory_product,20260920,1,1.228549640626,60.686008870602,256,256,4799.022033694,237054.722150788
logits-bias,WLLM,event_scheduler_timeslot,20260921,2,1.255167823285,61.326463830657,256,256,4902.999309707,239556.499338505
logits-bias,WLLM,order_inventory_product,20260922,2,1.220788868144,60.973211820237,256,256,4768.706516188,238176.608672802
logits-bias,WLLM,event_scheduler_timeslot,20260923,3,1.120807487518,63.842682613991,256,256,4378.154248116,249385.478960903
logits-bias,WLLM,order_inventory_product,20260924,3,1.050213356502,63.658192950301,256,256,4102.395923837,248664.816212113
logits-bias,WLLM,event_scheduler_timeslot,20260925,4,1.006524529308,60.614222320728,256,256,3931.736442610,236774.305940344
logits-bias,WLLM,order_inventory_product,20260926,4,1.180660494603,62.947372091003,256,256,4611.955057044,245888.172230480
logits-bias,EWD,event_scheduler_timeslot,20260917,0,0.109404446557,0.729011011310,256,256,427.361119364,2847.699262929
logits-bias,EWD,order_inventory_product,20260918,0,0.127850966528,0.519992444664,256,256,499.417838000,2031.220486970
logits-bias,EWD,event_scheduler_timeslot,20260919,1,0.106806085445,0.724100533873,256,256,417.211271269,2828.517710441
logits-bias,EWD,order_inventory_product,20260920,1,0.105724834837,0.732350935228,256,256,412.987636082,2860.745840735
logits-bias,EWD,event_scheduler_timeslot,20260921,2,0.106313855387,0.715772282332,256,256,415.288497607,2795.985477860
logits-bias,EWD,order_inventory_product,20260922,2,0.106146959588,0.732042241842,256,256,414.636560890,2859.540007194
logits-bias,EWD,event_scheduler_timeslot,20260923,3,0.106030649506,0.730591054074,256,256,414.182224631,2853.871304978
logits-bias,EWD,order_inventory_product,20260924,3,0.106257608160,0.729832469486,256,256,415.068781876,2850.908083929
logits-bias,EWD,event_scheduler_timeslot,20260925,4,0.105490613729,0.880477040075,256,256,412.072709878,3439.363437792
logits-bias,EWD,order_inventory_product,20260926,4,0.103601592593,0.864543524571,256,256,404.693721066,3377.123142855
logits-bias,SWEET,event_scheduler_timeslot,20260917,0,1.074446525425,4.054784351029,256,256,4197.056739940,15839.001371205
logits-bias,SWEET,order_inventory_product,20260918,0,1.063758610748,2.997566070408,256,256,4155.307073233,11709.242462530
logits-bias,SWEET,event_scheduler_timeslot,20260919,1,1.065948396921,3.919684828259,256,256,4163.860925473,15311.268860387
logits-bias,SWEET,order_inventory_product,20260920,1,1.062962980941,2.786561663263,256,256,4152.199144301,10885.006497119
logits-bias,SWEET,event_scheduler_timeslot,20260921,2,1.108447165228,2.682397801429,256,256,4329.871739174,10478.116411832
logits-bias,SWEET,order_inventory_product,20260922,2,1.079334787093,2.747018037364,256,256,4216.151512082,10730.539208453
logits-bias,SWEET,event_scheduler_timeslot,20260923,3,1.018642473035,3.692323897034,256,256,3979.072160291,14423.140222789
logits-bias,SWEET,order_inventory_product,20260924,3,1.019711062312,2.997749100439,256,256,3983.246337157,11709.957423591
logits-bias,SWEET,event_scheduler_timeslot,20260925,4,1.065232852474,2.014885798097,256,256,4161.065829976,7870.647648815
logits-bias,SWEET,order_inventory_product,20260926,4,1.017297013663,3.352619133890,256,256,3973.816459620,13096.168491757
logits-bias,STONE,event_scheduler_timeslot,20260917,0,0.171014120802,0.237875350751,256,256,668.023909384,929.200588871
logits-bias,STONE,order_inventory_product,20260918,0,0.174863659777,0.214930418879,256,256,683.061171003,839.571948745
logits-bias,STONE,event_scheduler_timeslot,20260919,1,0.152974222787,0.242790072225,256,256,597.555557761,948.398719629
logits-bias,STONE,order_inventory_product,20260920,1,0.149532547221,0.246741298586,256,256,584.111512580,963.833197602
logits-bias,STONE,event_scheduler_timeslot,20260921,2,0.148622984067,0.210351691581,256,256,580.558531510,821.686295239
logits-bias,STONE,order_inventory_product,20260922,2,0.149028026499,0.240295820870,256,256,582.140728511,938.655550272
logits-bias,STONE,event_scheduler_timeslot,20260923,3,0.149038699456,0.239356763661,256,256,582.182419748,934.987358050
logits-bias,STONE,order_inventory_product,20260924,3,0.146565664560,0.234946678393,256,256,572.522127186,917.760462471
logits-bias,STONE,event_scheduler_timeslot,20260925,4,0.144542848691,0.297344378196,256,256,564.620502701,1161.501477327
logits-bias,STONE,order_inventory_product,20260926,4,0.145422400907,0.299642466009,256,256,568.056253542,1170.478382846
logits-bias,CodeIP,event_scheduler_timeslot,20260917,0,0.274545909837,0.943315108307,256,256,1072.444960300,3684.824641823
logits-bias,CodeIP,order_inventory_product,20260918,0,0.268246542662,0.904173483141,256,256,1047.838057275,3531.927668519
logits-bias,CodeIP,event_scheduler_timeslot,20260919,1,0.199253237806,0.934709814377,256,256,778.332960181,3651.210212411
logits-bias,CodeIP,order_inventory_product,20260920,1,0.196609538049,0.929845703766,256,256,768.006008002,3632.209780335
logits-bias,CodeIP,event_scheduler_timeslot,20260921,2,0.194900718518,0.944895138964,256,256,761.330931709,3690.996636578
logits-bias,CodeIP,order_inventory_product,20260922,2,0.196263524704,0.933377818204,256,256,766.654393374,3646.007102361
logits-bias,CodeIP,event_scheduler_timeslot,20260923,3,0.195723135024,0.939010753296,256,256,764.543496189,3668.010755064
logits-bias,CodeIP,order_inventory_product,20260924,3,0.193642345257,0.907514424995,256,256,756.415411161,3544.978222635
logits-bias,CodeIP,event_scheduler_timeslot,20260925,4,0.189268866554,0.857533255592,256,256,739.331509976,3349.739279656
logits-bias,CodeIP,order_inventory_product,20260926,4,0.189699576236,0.932410789654,256,256,741.013969673,3642.229647085
logits-bias,Waterfall,event_scheduler_timeslot,20260917,0,0.394120043144,0.539951675572,256,256,1539.531418530,2109.186232701
logits-bias,Waterfall,order_inventory_product,20260918,0,0.441509422846,0.738933774643,256,256,1724.646182993,2886.460057198
logits-bias,Waterfall,event_scheduler_timeslot,20260919,1,0.327928861603,0.806005303748,256,256,1280.972115637,3148.458217765
logits-bias,Waterfall,order_inventory_product,20260920,1,0.295062066056,0.701936770231,256,256,1152.586195531,2741.940508713
logits-bias,Waterfall,event_scheduler_timeslot,20260921,2,0.292515575886,0.752947380766,256,256,1142.638968304,2941.200706118
logits-bias,Waterfall,order_inventory_product,20260922,2,0.291494022124,0.678644928150,256,256,1138.648523920,2650.956750585
logits-bias,Waterfall,event_scheduler_timeslot,20260923,3,0.286120031960,0.493670380674,256,256,1117.656374845,1928.399924509
logits-bias,Waterfall,order_inventory_product,20260924,3,0.279801645316,0.444246185012,256,256,1092.975177016,1735.336660204
logits-bias,Waterfall,event_scheduler_timeslot,20260925,4,0.278380392119,0.734515280463,256,256,1087.423406716,2869.200314308
logits-bias,Waterfall,order_inventory_product,20260926,4,0.275411516428,0.701032327488,256,256,1075.826236047,2738.407529250
semantic-preserving,CodeMark,csn_js,test#0,0,0.006232352927,0.004082246684,51,52,122.202998575,78.504743914
semantic-preserving,CodeMark,csn_js,test#1,0,0.010603144765,0.008025454357,97,85,109.310770772,94.417110085
semantic-preserving,CodeMark,csn_js,test#2,0,0.008515601046,0.005450781435,65,60,131.009246867,90.846357246
semantic-preserving,CodeMark,csn_js,test#3,0,0.008209449239,0.005147535354,70,61,117.277846273,84.385825474
semantic-preserving,CodeMark,csn_js,test#4,0,0.014284550212,0.012355566956,130,114,109.881155479,108.382166282
semantic-preserving,CodeMark,csn_js,test#5,0,0.008705705404,0.006680593826,66,75,131.904627338,89.074584345
semantic-preserving,CodeMark,csn_js,test#6,0,0.025658955798,0.019386221655,276,255,92.967231151,76.024398646
semantic-preserving,CodeMark,csn_js,test#7,0,0.015535764396,0.011918724515,204,185,76.155707824,64.425537916
semantic-preserving,CodeMark,csn_js,test#8,0,0.020065690391,0.012306976132,232,191,86.490044788,64.434430011
semantic-preserving,CodeMark,csn_js,test#9,0,0.032896378078,0.025799958035,645,570,51.002136554,45.263084273
semantic-preserving,CodeMark,csn_js,test#10,0,0.014251572080,0.012581115589,163,172,87.432957546,73.146020864
semantic-preserving,CodeMark,csn_js,test#11,0,0.039883825928,0.027184587903,584,625,68.294222479,43.495340645
semantic-preserving,CodeMark,csn_js,test#12,0,0.009329352528,0.006662891246,101,103,92.369827008,64.688264528
semantic-preserving,CodeMark,csn_js,test#13,0,0.030034820549,0.023861097172,433,399,69.364481638,59.802248551
semantic-preserving,CodeMark,csn_js,test#14,0,0.009974267334,0.006616206840,109,122,91.507039759,54.231203604
semantic-preserving,CodeMark,csn_js,test#15,0,0.015114494599,0.010441928171,207,197,73.016882123,53.004711526
semantic-preserving,CodeMark,csn_js,test#16,0,0.006866574287,0.005148591474,69,80,99.515569383,64.357393421
semantic-preserving,CodeMark,csn_js,test#17,0,0.005483816378,0.003498344682,55,48,99.705752324,72.882180878
semantic-preserving,CodeMark,csn_js,test#18,0,0.008015721105,0.005933454260,71,75,112.897480353,79.112723470
semantic-preserving,CodeMark,csn_js,test#19,0,0.007273522206,0.005047841929,70,69,103.907460081,73.157129404
semantic-preserving,CodeMark,csn_js,test#20,0,0.006779910065,0.004809778184,66,65,102.725910079,73.996587442
semantic-preserving,CodeMark,csn_js,test#21,0,0.010350936092,0.008233706467,103,114,100.494525169,72.225495323
semantic-preserving,CodeMark,csn_js,test#22,0,0.006469790824,0.005788154900,89,100,72.694278919,57.881549001
semantic-preserving,CodeMark,csn_js,test#23,0,0.006729720160,0.005322217941,66,68,101.965456975,78.267910901
semantic-preserving,CodeMark,csn_js,test#24,0,0.007459122688,0.005277315155,70,69,106.558895537,76.482828329
semantic-preserving,CodeMark,csn_js,test#25,0,0.038014677353,0.027625816874,457,493,83.183101429,56.036139704
semantic-preserving,CodeMark,csn_js,test#26,0,0.027784171514,0.021518821828,332,352,83.687263597,61.133016557
semantic-preserving,CodeMark,csn_js,test#27,0,0.006628767587,0.005076333880,68,76,97.481876283,66.793866848
semantic-preserving,CodeMark,csn_js,test#28,0,0.011093250476,0.007503692992,112,109,99.046879248,68.841220110
semantic-preserving,CodeMark,csn_js,test#29,0,0.018516300246,0.012064616196,231,193,80.157143923,62.510964745
semantic-preserving,CodeMark,csn_js,test#30,0,0.004538934678,0.003135262989,27,36,168.108691772,87.090638570
semantic-preserving,CodeMark,csn_js,test#31,0,0.006653110497,0.005678725429,81,95,82.137166626,59.776057146
semantic-preserving,CodeMark,csn_js,test#32,0,0.014665581286,0.010791443288,154,148,95.231047311,72.915157354
semantic-preserving,CodeMark,csn_js,test#33,0,0.010403297842,0.007432089187,113,107,92.064582669,69.458777451
semantic-preserving,CodeMark,csn_js,test#34,0,0.013981315307,0.009301019832,146,134,95.762433612,69.410595765
semantic-preserving,CodeMark,csn_js,test#35,0,0.005764241330,0.003633475862,39,41,147.801059752,88.621362499
semantic-preserving,CodeMark,csn_js,test#36,0,0.005650532432,0.003869271837,52,47,108.664085229,82.324932706
semantic-preserving,CodeMark,csn_js,test#37,0,0.010301369242,0.006744766608,101,87,101.993754875,77.526052964
semantic-preserving,CodeMark,csn_js,test#38,0,0.017424187623,0.012773354538,245,228,71.119133155,56.023484815
semantic-preserving,CodeMark,csn_js,test#39,0,0.004386984743,0.002949542366,35,37,125.342421234,79.717361242
semantic-preserving,CodeMark,csn_js,test#40,0,0.004964360967,0.002921560779,31,31,160.140676364,94.243896104
semantic-preserving,CodeMark,csn_js,test#41,0,0.006043177098,0.003698401153,67,58,90.196673105,63.765537122
semantic-preserving,CodeMark,csn_js,test#42,0,0.004621092230,0.002944359556,41,37,112.709566587,79.577285293
semantic-preserving,CodeMark,csn_js,test#43,0,0.015653477982,0.012858488597,217,207,72.135843234,62.118302401
semantic-preserving,CodeMark,csn_js,test#44,0,0.008557222784,0.005674129352,78,73,109.707984405,77.727799342
semantic-preserving,CodeMark,csn_js,test#45,0,0.028211141936,0.021951324306,319,376,88.436181619,58.381181666
semantic-preserving,CodeMark,csn_js,test#46,0,0.006518608890,0.004389508627,81,68,80.476652969,64.551597461
semantic-preserving,CodeMark,csn_js,test#47,0,0.010094286874,0.007007350214,151,139,66.849581947,50.412591466
semantic-preserving,CodeMark,csn_js,test#48,0,0.010780247860,0.007767433301,148,148,72.839512565,52.482657437
semantic-preserving,CodeMark,csn_js,test#49,0,0.007080174051,0.004537507892,82,75,86.343585991,60.500105222
semantic-preserving,CodeMark,csn_js,test#50,0,0.011064293794,0.007637100294,139,127,79.599235930,60.134647986
semantic-preserving,CodeMark,csn_js,test#51,0,0.013164068572,0.009624091908,183,172,71.934800941,55.954022723
semantic-preserving,CodeMark,csn_js,test#52,0,0.035029822029,0.026130362414,460,417,76.151787020,62.662739601
semantic-preserving,CodeMark,csn_js,test#53,0,0.012334658764,0.008515502326,135,142,91.367842699,59.968326241
semantic-preserving,CodeMark,csn_js,test#54,0,0.009574832395,0.007763134316,93,99,102.955187040,78.415498137
semantic-preserving,CodeMark,csn_js,test#55,0,0.005883571692,0.003970088437,48,45,122.574410246,88.224187493
semantic-preserving,CodeMark,csn_js,test#56,0,0.012027362362,0.007949442603,127,119,94.703640642,66.802038678
semantic-preserving,CodeMark,csn_js,test#57,0,0.006122263148,0.004449962638,53,62,115.514399027,71.773590941
semantic-preserving,CodeMark,csn_js,test#58,0,0.017327473499,0.012921587564,230,219,75.336841299,59.002682941
semantic-preserving,CodeMark,csn_js,test#59,0,0.006645722315,0.004488804378,77,71,86.308082009,63.222596868
semantic-preserving,CodeMark,csn_js,test#60,0,0.018451777287,0.013171533123,257,254,71.796798781,51.856429617
semantic-preserving,CodeMark,csn_js,test#61,0,0.019858248532,0.013940242119,269,257,73.822485248,54.242187234
semantic-preserving,CodeMark,csn_js,test#62,0,0.008680232801,0.006042934954,98,91,88.573804087,66.405878617
semantic-preserving,CodeMark,csn_js,test#63,0,0.019049355760,0.013027770445,249,227,76.503436788,57.391059228
semantic-preserving,CodeMark,csn_js,test#64,0,0.026108515449,0.018526545726,370,341,70.563555267,54.330046117
semantic-preserving,CodeMark,csn_js,test#65,0,0.014375966042,0.009759766050,195,179,73.722902781,54.523832680
semantic-preserving,CodeMark,csn_js,test#66,0,0.009048732929,0.006201224402,103,92,87.851776009,67.404613061
semantic-preserving,CodeMark,csn_js,test#67,0,0.005722918548,0.003871983849,51,52,112.214089170,74.461227856
semantic-preserving,CodeMark,csn_js,test#68,0,0.028938535601,0.022667139769,457,461,63.322835013,49.169500583
semantic-preserving,CodeMark,csn_js,test#69,0,0.013035170734,0.009975786321,155,169,84.097875703,59.028321425
semantic-preserving,CodeMark,csn_js,test#70,0,0.030836354941,0.022903072648,458,428,67.328285898,53.511851981
semantic-preserving,CodeMark,csn_js,test#71,0,0.019947761670,0.014357526787,230,252,86.729398564,56.974312645
semantic-preserving,CodeMark,csn_js,test#72,0,0.009618515149,0.006410529837,101,103,95.232823255,62.238153757
semantic-preserving,CodeMark,csn_js,test#73,0,0.011962990277,0.008277108893,160,152,74.768689228,54.454663768
semantic-preserving,CodeMark,csn_js,test#74,0,0.018289496191,0.013192936778,257,242,71.165354828,54.516267678
semantic-preserving,CodeMark,csn_js,test#75,0,0.013750681654,0.009449692443,161,139,85.407960581,67.983398871
semantic-preserving,CodeMark,csn_js,test#76,0,0.008111034520,0.005691841245,89,80,91.135219326,71.148015559
semantic-preserving,CodeMark,csn_js,test#77,0,0.009637990035,0.006518891081,109,101,88.421926928,64.543476052
semantic-preserving,CodeMark,csn_js,test#78,0,0.037309399806,0.027252733707,512,504,72.869921496,54.072884340
semantic-preserving,CodeMark,csn_js,test#79,0,0.036143906415,0.029220218770,467,440,77.395945213,66.409588114
semantic-preserving,CodeMark,csn_js,test#80,0,0.012107549235,0.009045935236,170,152,71.220877854,59.512731815
semantic-preserving,CodeMark,csn_js,test#81,0,0.009340929799,0.006674725562,120,113,77.841081657,59.068367808
semantic-preserving,CodeMark,csn_js,test#82,0,0.016485818662,0.012351496145,269,273,61.285571233,45.243575623
semantic-preserving,CodeMark,csn_js,test#83,0,0.004277715459,0.002949373797,35,39,122.220441699,75.624969143
semantic-preserving,CodeMark,csn_js,test#84,0,0.004997127689,0.003208447248,37,32,135.057505119,100.263976492
semantic-preserving,CodeMark,csn_js,test#85,0,0.033985449933,0.024323913269,517,462,65.735879947,52.649162919
semantic-preserving,CodeMark,csn_js,test#86,0,0.004148819484,0.002765491605,35,33,118.537699538,83.802775903
semantic-preserving,CodeMark,csn_js,test#87,0,0.007307756692,0.005284090526,67,77,109.070995406,68.624552291
semantic-preserving,CodeMark,csn_js,test#88,0,0.004398119636,0.002845518291,35,39,125.660561025,72.962007461
semantic-preserving,CodeMark,csn_js,test#89,0,0.006421707571,0.004211247899,63,61,101.931866199,69.036850797
semantic-preserving,CodeMark,csn_js,test#90,0,0.007289052010,0.005339697003,74,73,98.500702832,73.146534293
semantic-preserving,CodeMark,csn_js,test#91,0,0.015567507595,0.011884408072,201,209,77.450286541,56.863196515
semantic-preserving,CodeMark,csn_js,test#92,0,0.027997755446,0.021940869279,320,349,87.492985767,62.867820284
semantic-preserving,CodeMark,csn_js,test#93,0,0.005132806487,0.003471635282,44,42,116.654692895,82.657982906
semantic-preserving,CodeMark,csn_js,test#94,0,0.009788230993,0.007400551811,110,108,88.983918117,68.523627878
semantic-preserving,CodeMark,csn_js,test#95,0,0.013800365850,0.009939015843,199,164,69.348572112,60.603755140
semantic-preserving,CodeMark,csn_js,test#96,0,0.014997208491,0.010590925813,213,199,70.409429535,53.220732727
semantic-preserving,CodeMark,csn_js,test#97,0,0.017652603798,0.013635726646,206,209,85.692251445,65.242711223
semantic-preserving,CodeMark,csn_js,test#98,0,0.015317814425,0.011554975063,175,168,87.530368141,68.779613468
semantic-preserving,CodeMark,csn_js,test#99,0,0.019243597984,0.015247149393,239,245,80.517146378,62.233262828
semantic-preserving,CodeMark,csn_js,test#100,0,0.004747123457,0.003183347173,38,38,124.924301513,83.772294027
semantic-preserving,CodeMark,csn_js,test#101,0,0.019561843015,0.016044738702,230,237,85.051491371,67.699319420
semantic-preserving,CodeMark,csn_js,test#102,0,0.010634433478,0.007170449942,126,114,84.400265699,62.898683705
semantic-preserving,CodeMark,csn_js,test#103,0,0.007142146118,0.004903587513,70,68,102.030658828,72.111581069
semantic-preserving,CodeMark,csn_js,test#104,0,0.004810184240,0.003654512577,40,43,120.254606009,84.988664576
semantic-preserving,CodeMark,csn_js,test#105,0,0.004248628393,0.002743132412,29,29,146.504427338,94.590772843
semantic-preserving,CodeMark,csn_js,test#106,0,0.007344635203,0.005122476257,74,74,99.251827074,69.222652127
semantic-preserving,CodeMark,csn_js,test#107,0,0.004675372504,0.003056732006,50,47,93.507450074,65.036851199
semantic-preserving,CodeMark,csn_js,test#108,0,0.005587444641,0.003996429034,48,51,116.405096681,78.361353600
semantic-preserving,CodeMark,csn_js,test#109,0,0.007217573933,0.005198665895,75,65,96.234319111,79.979475301
semantic-preserving,CodeMark,csn_js,test#110,0,0.008195591159,0.005872462876,82,74,99.946233648,79.357606434
semantic-preserving,CodeMark,csn_js,test#111,0,0.018403789960,0.014950334094,250,250,73.615159839,59.801336378
semantic-preserving,CodeMark,csn_js,test#112,0,0.005335589871,0.003975690342,60,66,88.926497847,60.237732462
semantic-preserving,CodeMark,csn_js,test#113,0,0.004961404949,0.003626306541,45,47,110.253443321,77.155458325
semantic-preserving,CodeMark,csn_js,test#114,0,0.005222707987,0.003613359295,41,40,127.383121630,90.333982371
semantic-preserving,CodeMark,csn_js,test#115,0,0.004907663912,0.003203519620,55,55,89.230252938,58.245811273
semantic-preserving,CodeMark,csn_js,test#116,0,0.005065090023,0.003624923527,39,40,129.874103153,90.623088181
semantic-preserving,CodeMark,csn_js,test#117,0,0.013654420152,0.009565085173,174,153,78.473679036,62.516896553
semantic-preserving,CodeMark,csn_js,test#118,0,0.005174153484,0.003284106031,31,34,166.908176916,96.591353855
semantic-preserving,CodeMark,csn_js,test#119,0,0.010969121009,0.008498316631,119,131,92.177487472,64.872646036
semantic-preserving,CodeMark,csn_js,test#120,0,0.018660338596,0.013593969867,253,261,73.756279034,52.084175734
semantic-preserving,CodeMark,csn_js,test#121,0,0.012897463515,0.009665139019,182,186,70.865184151,51.963113008
semantic-preserving,CodeMark,csn_js,test#122,0,0.011370054446,0.007831965573,157,153,72.420728956,51.189317471
semantic-preserving,CodeMark,csn_js,test#123,0,0.011411866173,0.007802463137,167,158,68.334527983,49.382678080
semantic-preserving,CodeMark,csn_js,test#124,0,0.016501469538,0.010430511087,210,196,78.578426370,53.216893302
semantic-preserving,CodeMark,csn_js,test#125,0,0.020334610716,0.014606077224,256,254,79.432073107,57.504241039
semantic-preserving,CodeMark,csn_js,test#126,0,0.007775444537,0.005566556007,91,101,85.444445466,55.114415908
semantic-preserving,CodeMark,csn_js,test#127,0,0.006009453908,0.004339422099,74,87,81.208836589,49.878414934
semantic-preserving,CodeMark,csn_js,test#128,0,0.010867969133,0.014435930178,124,126,87.644912363,114.570874425
semantic-preserving,CodeMark,csn_js,test#129,0,0.019718535244,0.014707632363,126,117,156.496311464,125.706259511
semantic-preserving,CodeMark,csn_js,test#130,0,0.031106067821,0.021690671332,200,168,155.530339107,129.111138882
semantic-preserving,CodeMark,csn_js,test#131,0,0.019453745335,0.011323908344,133,134,146.268761920,84.506778686
semantic-preserving,CodeMark,csn_js,test#132,0,0.010347171687,0.007479373366,119,100,86.951022576,74.793733656
semantic-preserving,CodeMark,csn_js,test#133,0,0.008737817407,0.005991011858,83,69,105.274908514,86.826258811
semantic-preserving,CodeMark,csn_js,test#134,0,0.007984996773,0.007518697530,95,85,84.052597614,88.455265059
semantic-preserving,CodeMark,csn_js,test#135,0,0.007412012666,0.005668492988,99,101,74.868814813,56.123692948
semantic-preserving,CodeMark,csn_js,test#136,0,0.022149437107,0.015961264260,417,371,53.116156132,43.022275634
semantic-preserving,CodeMark,csn_js,test#137,0,0.011238238774,0.007869881578,150,141,74.921591828,55.814762963
semantic-preserving,CodeMark,csn_js,test#138,0,0.032962997444,0.028184230439,518,493,63.635130201,57.168824421
semantic-preserving,CodeMark,csn_js,test#139,0,0.008016067557,0.005338100716,80,74,100.200844463,72.136496169
semantic-preserving,CodeMark,csn_js,test#140,0,0.020607922226,0.016297499649,265,258,77.765744250,63.168603292
semantic-preserving,CodeMark,csn_js,test#141,0,0.024996246211,0.018288322724,314,291,79.605879654,62.846469843
semantic-preserving,CodeMark,csn_js,test#142,0,0.004215889610,0.002954484895,31,33,135.996439044,89.529845299
semantic-preserving,CodeMark,csn_js,test#143,0,0.005737514235,0.003690397367,79,68,72.626762469,54.270549513
semantic-preserving,CodeMark,csn_js,test#144,0,0.010066192597,0.006993739866,108,101,93.205487011,69.244949166
semantic-preserving,CodeMark,csn_js,test#145,0,0.012703733519,0.009092985652,177,159,71.772505755,57.188589009
semantic-preserving,CodeMark,csn_js,test#146,0,0.010779541917,0.007215144113,115,104,93.735147106,69.376385699
semantic-preserving,CodeMark,csn_js,test#147,0,0.007779835723,0.005079600029,66,66,117.876298838,76.963636798
semantic-preserving,CodeMark,csn_js,test#148,0,0.037121377885,0.027818975970,547,485,67.863579315,57.358713341
semantic-preserving,CodeMark,csn_js,test#149,0,0.030347527936,0.022151758894,446,391,68.043784610,56.654114819
semantic-preserving,CodeMark,csn_js,test#150,0,0.004877277650,0.003162507899,43,41,113.425061626,77.134339003
semantic-preserving,CodeMark,csn_js,test#151,0,0.007792474702,0.006045172922,88,88,88.550848886,68.695146844
semantic-preserving,CodeMark,csn_js,test#152,0,0.014849829488,0.012991479598,168,195,88.391842188,66.622972297
semantic-preserving,CodeMark,csn_js,test#153,0,0.009570619091,0.006729606539,118,119,81.106941452,56.551315454
semantic-preserving,CodeMark,csn_js,test#154,0,0.035384106450,0.026700579561,510,512,69.380600882,52.149569456
semantic-preserving,CodeMark,csn_js,test#155,0,0.005859326571,0.004104365595,75,77,78.124354283,53.303449282
semantic-preserving,CodeMark,csn_js,test#156,0,0.012182360515,0.008311672136,138,136,88.277974746,61.115236295
semantic-preserving,CodeMark,csn_js,test#157,0,0.004570468329,0.003028241917,29,31,157.602356169,97.685223145
semantic-preserving,CodeMark,csn_js,test#158,0,0.009157560766,0.006729106419,109,115,84.014318952,58.513968859
semantic-preserving,CodeMark,csn_js,test#159,0,0.022838011384,0.018659223802,264,279,86.507618879,66.878938360
semantic-preserving,CodeMark,csn_js,test#160,0,0.033267002553,0.023810918443,430,388,77.365122216,61.368346502
semantic-preserving,CodeMark,csn_js,test#161,0,0.017369947396,0.011568324640,202,177,85.989838595,65.357766330
semantic-preserving,CodeMark,csn_js,test#162,0,0.031291951425,0.022163928486,394,357,79.421196511,62.083833295
semantic-preserving,CodeMark,csn_js,test#163,0,0.009214638732,0.006028260104,102,89,90.339595415,67.733259600
semantic-preserving,CodeMark,csn_js,test#164,0,0.007428516634,0.004965371452,78,73,95.237392741,68.018787017
semantic-preserving,CodeMark,csn_js,test#165,0,0.006961269304,0.004816711880,70,66,99.446704345,72.980483034
semantic-preserving,CodeMark,csn_js,test#166,0,0.005926600657,0.003671530634,50,44,118.532013148,83.443878049
semantic-preserving,CodeMark,csn_js,test#167,0,0.031051367521,0.026170138270,426,421,72.890534088,62.161848622
semantic-preserving,CodeMark,csn_js,test#168,0,0.024988316931,0.020887118764,322,334,77.603468729,62.536283725
semantic-preserving,CodeMark,csn_js,test#169,0,0.008011696860,0.005382589065,91,82,88.040624837,65.641330055
semantic-preserving,CodeMark,csn_js,test#170,0,0.015429521911,0.010759103112,165,176,93.512254005,61.131267681
semantic-preserving,CodeMark,csn_js,test#171,0,0.013438076712,0.011000214145,149,155,90.188434310,70.969123513
semantic-preserving,CodeMark,csn_js,test#172,0,0.007067030296,0.004972402938,80,80,88.337878697,62.155036721
semantic-preserving,CodeMark,csn_js,test#173,0,0.014317541383,0.009272399358,135,120,106.055862098,77.269994654
semantic-preserving,CodeMark,csn_js,test#174,0,0.007938422263,0.006446693093,67,77,118.483914368,83.723286917
semantic-preserving,CodeMark,csn_js,test#175,0,0.006847916171,0.004728087224,78,72,87.793797064,65.667878112
semantic-preserving,CodeMark,csn_js,test#176,0,0.015513051301,0.013059601188,206,203,75.306074278,64.333010777
semantic-preserving,CodeMark,csn_js,test#177,0,0.006455547176,0.004327380098,59,62,109.416053836,69.796453200
semantic-preserving,CodeMark,csn_js,test#178,0,0.007779031061,0.005352483131,79,75,98.468747603,71.366441747
semantic-preserving,CodeMark,csn_js,test#179,0,0.010141684674,0.006349719130,94,84,107.890262486,75.591894399
semantic-preserving,CodeMark,csn_js,test#180,0,0.005883708596,0.003796752542,60,59,98.061809937,64.351738004
semantic-preserving,CodeMark,csn_js,test#181,0,0.009196037427,0.006292702630,110,103,83.600340242,61.094200293
semantic-preserving,CodeMark,csn_js,test#182,0,0.007720404305,0.005141926929,92,85,83.917438093,60.493257992
semantic-preserving,CodeMark,csn_js,test#183,0,0.007879346609,0.005484135821,83,76,94.931886857,72.159681861
semantic-preserving,CodeMark,csn_js,test#184,0,0.005393434316,0.003514477983,51,47,105.753614038,74.776127300
semantic-preserving,CodeMark,csn_js,test#185,0,0.010941795073,0.007658218965,115,114,95.146044117,67.177359342
semantic-preserving,CodeMark,csn_js,test#186,0,0.014944146387,0.010723954067,171,166,87.392668931,64.602132932
semantic-preserving,CodeMark,csn_js,test#187,0,0.008991639130,0.007062435150,90,105,99.907101442,67.261287144
semantic-preserving,CodeMark,csn_js,test#188,0,0.007468052208,0.005020245910,74,70,100.919624438,71.717798710
semantic-preserving,CodeMark,csn_js,test#189,0,0.010478001088,0.008363469504,112,110,93.553581142,76.031540944
semantic-preserving,CodeMark,csn_js,test#190,0,0.007330828346,0.004773996770,67,59,109.415348452,80.915199498
semantic-preserving,CodeMark,csn_js,test#191,0,0.007909387350,0.005289586261,71,69,111.399821832,76.660670448
semantic-preserving,CodeMark,csn_js,test#192,0,0.005810492672,0.003607128747,54,52,107.601716149,69.367860516
semantic-preserving,CodeMark,csn_js,test#193,0,0.004917290993,0.003458135761,41,45,119.933926659,76.847461363
semantic-preserving,CodeMark,csn_js,test#194,0,0.023431598209,0.016666926444,273,259,85.830030069,64.351067350
semantic-preserving,CodeMark,csn_js,test#195,0,0.010103789158,0.006711596623,105,94,96.226563411,71.399964075
semantic-preserving,CodeMark,csn_js,test#196,0,0.014047501609,0.009518369101,165,139,85.136373386,68.477475547
semantic-preserving,CodeMark,csn_js,test#197,0,0.015545049682,0.010304222815,182,185,85.412360892,55.698501701
semantic-preserving,CodeMark,csn_js,test#198,0,0.006831899285,0.003986880183,75,61,91.091990471,65.358691528
semantic-preserving,CodeMark,csn_js,test#199,0,0.012224432081,0.008717993274,136,127,89.885530007,68.645616333
semantic-preserving,CodeMark,csn_js,test#200,0,0.014905950055,0.012548758648,187,188,79.710962858,66.748716215
semantic-preserving,CodeMark,csn_js,test#201,0,0.007343083620,0.005124255084,86,78,85.384693257,65.695577994
semantic-preserving,CodeMark,csn_js,test#202,0,0.017561526038,0.012549905106,203,199,86.509980482,63.064849781
semantic-preserving,CodeMark,csn_js,test#203,0,0.021626211703,0.014909756370,260,235,83.177737319,63.445771787
semantic-preserving,CodeMark,csn_js,test#204,0,0.011350199580,0.007684499957,138,127,82.247823045,60.507873675
semantic-preserving,CodeMark,csn_js,test#205,0,0.017211946659,0.014807565138,213,223,80.807261309,66.401637389
semantic-preserving,CodeMark,csn_js,test#206,0,0.006391340867,0.004295842722,68,65,93.990306863,66.089888032
semantic-preserving,CodeMark,csn_js,test#207,0,0.008330411278,0.005401658826,80,80,104.130140971,67.520735320
semantic-preserving,CodeMark,csn_js,test#208,0,0.009871057235,0.007010192610,123,112,80.252497843,62.591005449
semantic-preserving,CodeMark,csn_js,test#209,0,0.006039863452,0.004617479630,64,71,94.372866442,65.034924364
semantic-preserving,CodeMark,csn_js,test#210,0,0.004273795523,0.002555035986,33,34,129.508955235,75.148117235
semantic-preserving,CodeMark,csn_js,test#211,0,0.006625100039,0.004618463106,65,63,101.924615984,73.308938198
semantic-preserving,CodeMark,csn_js,test#212,0,0.008132820018,0.005573609844,78,75,104.266923303,74.314797918
semantic-preserving,CodeMark,csn_js,test#213,0,0.015485894866,0.010951865464,174,172,88.999395783,63.673636421
semantic-preserving,CodeMark,csn_js,test#214,0,0.023017894477,0.016574045643,332,310,69.331007460,53.464663365
semantic-preserving,CodeMark,csn_js,test#215,0,0.015056299046,0.011255598627,202,192,74.536133890,58.622909516
semantic-preserving,CodeMark,csn_js,test#216,0,0.011429474689,0.008596112952,165,152,69.269543570,56.553374682
semantic-preserving,CodeMark,csn_js,test#217,0,0.005677644163,0.003870754503,47,44,120.800939646,87.971693243
semantic-preserving,CodeMark,csn_js,test#218,0,0.011577689089,0.008871220052,110,119,105.251718990,74.548067666
semantic-preserving,CodeMark,csn_js,test#219,0,0.018136051483,0.012891758233,252,259,71.968458268,49.775128314
semantic-preserving,CodeMark,csn_js,test#220,0,0.008052612655,0.005141933449,72,67,111.841842429,76.745275352
semantic-preserving,CodeMark,csn_js,test#221,0,0.011549763381,0.007804376073,131,124,88.166132683,62.938516719
semantic-preserving,CodeMark,csn_js,test#222,0,0.020468742587,0.014545125887,279,264,73.364668769,55.095173814
semantic-preserving,CodeMark,csn_js,test#223,0,0.006982067600,0.004827984609,84,73,83.119852380,66.136775462
semantic-preserving,CodeMark,csn_js,test#224,0,0.008202529512,0.005329297855,106,104,77.382353890,51.243248611
semantic-preserving,CodeMark,csn_js,test#225,0,0.007667795755,0.005656577647,102,106,75.174468186,53.363940064
semantic-preserving,CodeMark,csn_js,test#226,0,0.008027485572,0.005215919577,131,122,61.278515815,42.753439152
semantic-preserving,CodeMark,csn_js,test#227,0,0.004901952110,0.003115436994,53,48,92.489662457,64.904937365
semantic-preserving,CodeMark,csn_js,test#228,0,0.005730713718,0.004099142738,66,65,86.828995722,63.063734426
semantic-preserving,CodeMark,csn_js,test#229,0,0.005859722383,0.003894971684,79,72,74.173701055,54.096828939
semantic-preserving,CodeMark,csn_js,test#230,0,0.005987106822,0.003955066204,71,71,84.325448203,55.705157804
semantic-preserving,CodeMark,csn_js,test#231,0,0.007686965168,0.005669507198,106,104,72.518539316,54.514492289
semantic-preserving,CodeMark,csn_js,test#232,0,0.007627134211,0.005721903406,102,100,74.775825602,57.219034061
semantic-preserving,CodeMark,csn_js,test#233,0,0.007804499008,0.005703399889,131,129,59.576328304,44.212402242
semantic-preserving,CodeMark,csn_js,test#234,0,0.005855222233,0.003677446395,62,56,94.439068268,65.668685628
semantic-preserving,CodeMark,csn_js,test#235,0,0.008863210678,0.006441073492,150,145,59.088071187,44.421196498
semantic-preserving,CodeMark,csn_js,test#236,0,0.007028229535,0.004948989488,82,80,85.710116276,61.862368602
semantic-preserving,CodeMark,csn_js,test#237,0,0.005889449269,0.004388653673,70,69,84.134989551,63.603676424
semantic-preserving,CodeMark,csn_js,test#238,0,0.005987639539,0.004204677418,68,70,88.053522632,60.066820255
semantic-preserving,CodeMark,csn_js,test#239,0,0.005815134384,0.003635788336,87,65,66.840625100,55.935205175
semantic-preserving,CodeMark,csn_js,test#240,0,0.005030354485,0.003731451929,45,49,111.785655220,76.152080176
semantic-preserving,CodeMark,csn_js,test#241,0,0.010375618003,0.007372247055,99,89,104.804222256,82.834236575
semantic-preserving,CodeMark,csn_js,test#242,0,0.012330708094,0.007645026781,114,104,108.164106087,73.509872891
semantic-preserving,CodeMark,csn_js,test#243,0,0.013926000334,0.009997051209,124,131,112.306454309,76.313368009
semantic-preserving,CodeMark,csn_js,test#244,0,0.007426462136,0.005425258540,80,78,92.830776703,69.554596662
semantic-preserving,CodeMark,csn_js,test#245,0,0.005326665938,0.003771617077,48,41,110.972207040,91.990660422
semantic-preserving,CodeMark,csn_js,test#246,0,0.010471381247,0.007718599401,146,140,71.721789363,55.132852867
semantic-preserving,CodeMark,csn_js,test#247,0,0.010011504404,0.007568496279,146,140,68.571947974,54.060687710
semantic-preserving,CodeMark,csn_js,test#248,0,0.006898311898,0.004650232382,89,82,77.509122451,56.710151001
semantic-preserving,CodeMark,csn_js,test#249,0,0.007234074175,0.005016516894,67,60,107.971256349,83.608614902
semantic-preserving,CodeMark,csn_js,test#250,0,0.039813071489,0.026506572030,532,496,74.836600544,53.440669416
semantic-preserving,CodeMark,csn_js,test#251,0,0.021526596509,0.019706885330,287,304,75.005562749,64.825280692
semantic-preserving,CodeMark,csn_js,test#252,0,0.010191337205,0.007581225596,136,134,74.936302981,56.576310421
semantic-preserving,CodeMark,csn_js,test#253,0,0.007881500758,0.005775603466,85,79,92.723538332,73.108904630
semantic-preserving,CodeMark,csn_js,test#254,0,0.018069056794,0.011902140453,270,223,66.922432571,53.372827146
semantic-preserving,CodeMark,csn_js,test#255,0,0.006259644404,0.005081530660,58,62,107.924903518,81.960171942
semantic-preserving,CodeMark,csn_js,test#256,0,0.006455258466,0.003669941798,48,45,134.484551381,81.554262175
semantic-preserving,CodeMark,csn_js,test#257,0,0.006412154995,0.004389493726,58,55,110.554396464,79.808976840
semantic-preserving,CodeMark,csn_js,test#258,0,0.026578091085,0.019918300211,399,355,66.611757105,56.107887920
semantic-preserving,CodeMark,csn_js,test#259,0,0.005198737606,0.003541131504,51,49,101.936031498,72.267989875
semantic-preserving,CodeMark,csn_js,test#260,0,0.008669614792,0.005946553312,102,86,84.996223450,69.145968747
semantic-preserving,CodeMark,csn_js,test#261,0,0.005911220796,0.003796867095,62,52,95.342270910,73.016674903
semantic-preserving,CodeMark,csn_js,test#262,0,0.004950357601,0.003235295415,46,46,107.616469588,70.332509020
semantic-preserving,CodeMark,csn_js,test#263,0,0.019975010306,0.013711523265,262,222,76.240497350,61.763618309
semantic-preserving,CodeMark,csn_js,test#264,0,0.007892641239,0.004848095588,65,71,121.425249829,68.283036456
semantic-preserving,CodeMark,csn_js,test#265,0,0.019366511144,0.013056074269,226,210,85.692527185,62.171782234
semantic-preserving,CodeMark,csn_js,test#266,0,0.005577999167,0.003643809818,65,55,85.815371802,66.251087595
semantic-preserving,CodeMark,csn_js,test#267,0,0.007413138635,0.005207842216,91,79,81.463061928,65.922053366
semantic-preserving,CodeMark,csn_js,test#268,0,0.019581561908,0.014625961892,269,237,72.793910439,61.712919377
semantic-preserving,CodeMark,csn_js,test#269,0,0.005818804726,0.003956214525,56,56,103.907227250,70.646687943
semantic-preserving,CodeMark,csn_js,test#270,0,0.037597064860,0.026709347032,565,494,66.543477629,54.067504113
semantic-preserving,CodeMark,csn_js,test#271,0,0.019490445964,0.016579590738,281,270,69.361017666,61.405891622
semantic-preserving,CodeMark,csn_js,test#272,0,0.004528279416,0.002946742810,38,39,119.165247796,75.557507957
semantic-preserving,CodeMark,csn_js,test#273,0,0.011404565535,0.009741977789,161,168,70.835810779,57.987963027
semantic-preserving,CodeMark,csn_js,test#274,0,0.006233022548,0.004190881737,64,56,97.390977317,74.837173867
semantic-preserving,CodeMark,csn_js,test#275,0,0.011221318506,0.010765587911,130,130,86.317834659,82.812214700
semantic-preserving,CodeMark,csn_js,test#276,0,0.015746496618,0.009661971591,170,146,92.626450693,66.177887612
semantic-preserving,CodeMark,csn_js,test#277,0,0.006434937008,0.004854568280,73,68,88.149822024,71.390710004
semantic-preserving,CodeMark,csn_js,test#278,0,0.006199099123,0.004037739709,65,58,95.370755746,69.616201880
semantic-preserving,CodeMark,csn_js,test#279,0,0.005291505717,0.003611528315,41,47,129.061115042,76.841027971
semantic-preserving,CodeMark,csn_js,test#280,0,0.014073220082,0.011818281375,165,166,85.292242919,71.194466114
semantic-preserving,CodeMark,csn_js,test#281,0,0.010734985583,0.008165155537,127,120,84.527445532,68.042962812
semantic-preserving,CodeMark,csn_js,test#282,0,0.004796664231,0.003262715414,42,41,114.206291203,79.578424736
semantic-preserving,CodeMark,csn_js,test#283,0,0.017675220035,0.011598525569,223,191,79.261076390,60.725264758
semantic-preserving,CodeMark,csn_js,test#284,0,0.004442748614,0.002641564235,38,34,116.914437201,77.693065738
semantic-preserving,CodeMark,csn_js,test#285,0,0.004660998471,0.003031085245,37,42,125.972931651,72.168696317
semantic-preserving,CodeMark,csn_js,test#286,0,0.005551327951,0.003608460538,54,49,102.802369468,73.642051798
semantic-preserving,CodeMark,csn_js,test#287,0,0.006923584267,0.005927114747,73,85,94.843620103,69.730761735
semantic-preserving,CodeMark,csn_js,test#288,0,0.004363637418,0.002920649014,40,40,109.090935439,73.016225360
semantic-preserving,CodeMark,csn_js,test#289,0,0.007169784978,0.005780848674,92,84,77.932445413,68.819627077
semantic-preserving,CodeMark,csn_js,test#290,0,0.010625060648,0.007343529724,136,126,78.125445939,58.281981933
semantic-preserving,CodeMark,csn_js,test#291,0,0.008946395479,0.005729385652,112,96,79.878531064,59.681100538
semantic-preserving,CodeMark,csn_js,test#292,0,0.012071862817,0.008256285451,133,120,90.765885841,68.802378761
semantic-preserving,CodeMark,csn_js,test#293,0,0.006607800722,0.005245079286,68,70,97.173540031,74.929704091
semantic-preserving,CodeMark,csn_js,test#294,0,0.015918040648,0.012436649762,242,228,65.777027471,54.546709483
semantic-preserving,CodeMark,csn_js,test#295,0,0.006644668058,0.004818391055,77,74,86.294390358,65.113392633
semantic-preserving,CodeMark,csn_js,test#296,0,0.010695733130,0.007747735828,146,135,73.258446096,57.390635764
semantic-preserving,CodeMark,csn_js,test#297,0,0.009639387950,0.006859338842,151,141,63.837006293,48.647793208
semantic-preserving,CodeMark,csn_js,test#298,0,0.004970445298,0.003246548586,67,60,74.185750711,54.109143093
semantic-preserving,CodeMark,csn_js,test#299,0,0.006862854585,0.004714010283,72,70,95.317424792,67.343004048
semantic-preserving,CodeMark,csn_js,test#300,0,0.019492770545,0.013651526533,244,228,79.888403874,59.875116373
semantic-preserving,CodeMark,csn_js,test#301,0,0.019484457560,0.014211742207,242,230,80.514287438,61.790183510
semantic-preserving,CodeMark,csn_js,test#302,0,0.019081886858,0.016972727142,254,260,75.125538810,65.279719778
semantic-preserving,CodeMark,csn_js,test#303,0,0.026118839160,0.021835554391,359,349,72.754426628,62.566058427
semantic-preserving,CodeMark,csn_js,test#304,0,0.006696690805,0.004224534146,82,75,81.666961040,56.327121953
semantic-preserving,CodeMark,csn_js,test#305,0,0.011594370008,0.007242701016,168,154,69.014107188,47.030526080
semantic-preserving,CodeMark,csn_js,test#306,0,0.007135645486,0.004685942084,68,59,104.935963036,79.422747180
semantic-preserving,CodeMark,csn_js,test#307,0,0.013081558980,0.008897563443,139,135,94.111935108,65.907877353
semantic-preserving,CodeMark,csn_js,test#308,0,0.010428130627,0.007047894411,134,121,77.821870348,58.247061246
semantic-preserving,CodeMark,csn_js,test#309,0,0.006029895507,0.003847716376,54,45,111.664731607,85.504808360
semantic-preserving,CodeMark,csn_js,test#310,0,0.007976352237,0.005642659031,83,85,96.100629363,66.384223892
semantic-preserving,CodeMark,csn_js,test#311,0,0.009124294855,0.006532967091,86,86,106.096451799,75.964733612
semantic-preserving,CodeMark,csn_js,test#312,0,0.025769867934,0.022432539612,311,332,82.861311686,67.567890398
semantic-preserving,CodeMark,csn_js,test#313,0,0.022384129465,0.015427286737,243,216,92.115759114,71.422623781
semantic-preserving,CodeMark,csn_js,test#314,0,0.022963474505,0.016819891520,271,248,84.736068283,67.822143225
semantic-preserving,CodeMark,csn_js,test#315,0,0.012730667368,0.010057143867,121,110,105.212127005,91.428580609
semantic-preserving,CodeMark,csn_js,test#316,0,0.009086474776,0.005776289850,63,70,144.229758353,82.518426435
semantic-preserving,CodeMark,csn_js,test#317,0,0.006880438887,0.004551534541,66,60,104.249074039,75.858909016
semantic-preserving,CodeMark,csn_js,test#318,0,0.005371764302,0.003399024718,42,39,127.899150054,87.154479936
semantic-preserving,CodeMark,csn_js,test#319,0,0.034301246516,0.024244094267,479,416,71.610117988,58.279072758
semantic-preserving,CodeMark,csn_js,test#320,0,0.010360668413,0.006994326599,132,115,78.489912222,60.820231295
semantic-preserving,CodeMark,csn_js,test#321,0,0.023520901799,0.018913445063,370,354,63.570004863,53.427810912
semantic-preserving,CodeMark,csn_js,test#322,0,0.008741485886,0.005821152590,134,124,65.234969301,46.944778953
semantic-preserving,CodeMark,csn_js,test#323,0,0.006659959443,0.004087331705,77,67,86.492979778,61.004950818
semantic-preserving,CodeMark,csn_js,test#324,0,0.009372191504,0.006624558009,117,105,80.104200886,63.091028659
semantic-preserving,CodeMark,csn_js,test#325,0,0.015066638589,0.010440052487,258,213,58.397823988,49.014330925
semantic-preserving,CodeMark,csn_js,test#326,0,0.014474054798,0.009967973456,220,190,65.791158175,52.463018188
semantic-preserving,CodeMark,csn_js,test#327,0,0.007373463362,0.004403969273,60,59,122.891056041,74.643547000
semantic-preserving,CodeMark,csn_js,test#328,0,0.005404992960,0.004110795446,58,67,93.189533800,61.355155907
semantic-preserving,CodeMark,csn_js,test#329,0,0.008389207534,0.005796365440,139,115,60.354011040,50.403177738
semantic-preserving,CodeMark,csn_js,test#330,0,0.008033475839,0.006127632223,107,95,75.079213445,64.501391822
semantic-preserving,CodeMark,csn_js,test#331,0,0.009996079840,0.007284597494,199,169,50.231556984,43.104127182
semantic-preserving,CodeMark,csn_js,test#332,0,0.020579298958,0.014930635691,310,281,66.384835349,53.133934842
semantic-preserving,CodeMark,csn_js,test#333,0,0.004656859674,0.002970033325,32,36,145.526864799,82.500925702
semantic-preserving,CodeMark,csn_js,test#334,0,0.022648542188,0.018387553282,476,437,47.580970983,42.076780966
semantic-preserving,CodeMark,csn_js,test#335,0,0.007589569315,0.004932250828,84,74,90.352015659,66.652038210
semantic-preserving,CodeMark,csn_js,test#336,0,0.017498084344,0.012717686594,230,206,76.078627582,61.736342687
semantic-preserving,CodeMark,csn_js,test#337,0,0.012240706012,0.008925153874,185,161,66.165978441,55.435738347
semantic-preserving,CodeMark,csn_js,test#338,0,0.023745728657,0.016557992436,343,313,69.229529611,52.900934300
semantic-preserving,CodeMark,csn_js,test#339,0,0.004996243864,0.003580748104,59,60,84.682099395,59.679135059
semantic-preserving,CodeMark,csn_js,test#340,0,0.010017494671,0.007715972140,133,118,75.319508805,65.389594410
semantic-preserving,CodeMark,csn_js,test#341,0,0.004579177126,0.003068692051,34,38,134.681680185,80.755053970
semantic-preserving,CodeMark,csn_js,test#342,0,0.004924589768,0.003717439249,39,45,126.271532514,82.609761092
semantic-preserving,CodeMark,csn_js,test#343,0,0.027533641085,0.020500279963,408,383,67.484414424,53.525535151
semantic-preserving,CodeMark,csn_js,test#344,0,0.020705989562,0.016038719565,295,261,70.189795125,61.451032815
semantic-preserving,CodeMark,csn_js,test#345,0,0.006806194782,0.004399485886,71,61,95.861898342,72.122719444
semantic-preserving,CodeMark,csn_js,test#346,0,0.012414454482,0.008567693643,168,148,73.895562396,57.889821914
semantic-preserving,CodeMark,csn_js,test#347,0,0.009839222766,0.007882900536,134,132,73.427035571,59.718943455
semantic-preserving,CodeMark,csn_js,test#348,0,0.017251856625,0.012541238219,260,234,66.353294712,53.595035122
semantic-preserving,CodeMark,csn_js,test#349,0,0.007300950587,0.004523903131,80,64,91.261882335,70.685986429
semantic-preserving,CodeMark,csn_js,test#350,0,0.007846906781,0.006196958013,82,93,95.693985137,66.633957128
semantic-preserving,CodeMark,csn_js,test#351,0,0.017197979614,0.011823044159,214,191,80.364390720,61.900754757
semantic-preserving,CodeMark,csn_js,test#352,0,0.007248614915,0.004761422053,76,69,95.376512036,69.006116710
semantic-preserving,CodeMark,csn_js,test#353,0,0.011261256412,0.007732364349,164,137,68.666197632,56.440615687
semantic-preserving,CodeMark,csn_js,test#354,0,0.014022287913,0.010145903565,175,165,80.127359501,61.490324636
semantic-preserving,CodeMark,csn_js,test#355,0,0.006573969498,0.004484985024,71,74,92.591119694,60.607905726
semantic-preserving,CodeMark,csn_js,test#356,0,0.013497545384,0.009451610968,160,160,84.359658649,59.072568547
semantic-preserving,CodeMark,csn_js,test#357,0,0.015530593693,0.013306818902,190,203,81.739966807,65.550832032
semantic-preserving,CodeMark,csn_js,test#358,0,0.005957321264,0.004286940210,61,60,97.661004325,71.449003493
semantic-preserving,CodeMark,csn_js,test#359,0,0.013024661690,0.008318790235,168,145,77.527748155,57.370967135
semantic-preserving,CodeMark,csn_js,test#360,0,0.036736513488,0.026381030679,552,486,66.551654870,54.281956129
semantic-preserving,CodeMark,csn_js,test#361,0,0.009177068248,0.007371443324,135,136,67.978283321,54.201789146
semantic-preserving,CodeMark,csn_js,test#362,0,0.031027574092,0.021990799345,669,539,46.379034517,40.799256670
semantic-preserving,CodeMark,csn_js,test#363,0,0.015649340115,0.014177888632,242,242,64.666694692,58.586316660
semantic-preserving,CodeMark,csn_js,test#364,0,0.016787492670,0.011716798879,196,180,85.650472807,65.093327107
semantic-preserving,CodeMark,csn_js,test#365,0,0.009889857844,0.006649826653,120,109,82.415482029,61.007583975
semantic-preserving,CodeMark,csn_js,test#366,0,0.012588005513,0.008678135462,158,136,79.670920968,63.809819574
semantic-preserving,CodeMark,csn_js,test#367,0,0.006400350481,0.004515585490,59,62,108.480516632,72.832024025
semantic-preserving,CodeMark,csn_js,test#368,0,0.005598616786,0.003976399079,50,48,111.972335726,82.841647478
semantic-preserving,CodeMark,csn_js,test#369,0,0.009405709803,0.006458986551,105,92,89.578188601,70.206375550
semantic-preserving,CodeMark,csn_js,test#370,0,0.005794009194,0.003667270765,61,56,94.983757275,65.486977941
semantic-preserving,CodeMark,csn_js,test#371,0,0.019168686122,0.013556715101,255,227,75.171318124,59.721211899
semantic-preserving,CodeMark,csn_js,test#372,0,0.005293395370,0.003551771864,48,48,110.279070213,73.995247173
semantic-preserving,CodeMark,csn_js,test#373,0,0.030227028765,0.024788589217,501,489,60.333390748,50.692411486
semantic-preserving,CodeMark,csn_js,test#374,0,0.011819036677,0.007505838759,158,148,74.804029604,50.715126752
semantic-preserving,CodeMark,csn_js,test#375,0,0.007965372875,0.005948948674,94,105,84.738009312,56.656654037
semantic-preserving,CodeMark,csn_js,test#376,0,0.009621754289,0.006567787379,116,118,82.946157661,55.659215076
semantic-preserving,CodeMark,csn_js,test#377,0,0.008569345810,0.006251444109,105,96,81.612817234,65.119209467
semantic-preserving,CodeMark,csn_js,test#378,0,0.006218326278,0.004181442782,75,65,82.911017040,64.329888958
semantic-preserving,CodeMark,csn_js,test#379,0,0.005142562091,0.003372356296,56,51,91.831465917,66.124633247
semantic-preserving,CodeMark,csn_js,test#380,0,0.005840682425,0.003811896779,72,58,81.120589231,65.722358252
semantic-preserving,CodeMark,csn_js,test#381,0,0.006821876392,0.005216711201,151,139,45.177989349,37.530296408
semantic-preserving,CodeMark,csn_js,test#382,0,0.016996021383,0.012136627920,233,229,72.944297779,52.998375196
semantic-preserving,CodeMark,csn_js,test#383,0,0.013315710239,0.010298401117,197,188,67.592437762,54.778729347
semantic-preserving,CodeMark,csn_js,test#384,0,0.011810684577,0.008009347133,167,146,70.722662136,54.858542009
semantic-preserving,CodeMark,csn_js,test#385,0,0.010369858705,0.007924633101,117,122,88.631270979,64.956009022
semantic-preserving,CodeMark,csn_js,test#386,0,0.007529306225,0.005987701938,79,88,95.307673740,68.042067472
semantic-preserving,CodeMark,csn_js,test#387,0,0.021393022500,0.015310938470,309,276,69.233082524,55.474414747
semantic-preserving,CodeMark,csn_js,test#388,0,0.020470680669,0.015292640775,307,276,66.679741593,55.408118752
semantic-preserving,CodeMark,csn_js,test#389,0,0.011859078892,0.007746586576,175,158,67.766165095,49.029028963
semantic-preserving,CodeMark,csn_js,test#390,0,0.008927604184,0.006493338384,125,109,71.420833468,59.571911777
semantic-preserving,CodeMark,csn_js,test#391,0,0.014063284732,0.009750001132,242,203,58.112746828,48.029562229
semantic-preserving,CodeMark,csn_js,test#392,0,0.008467060514,0.006420858204,131,138,64.634049724,46.527958003
semantic-preserving,CodeMark,csn_js,test#393,0,0.016407998279,0.011210707948,252,231,65.111104281,48.531203236
semantic-preserving,CodeMark,csn_js,test#394,0,0.033616344444,0.026299593039,516,503,65.147954350,52.285473238
semantic-preserving,CodeMark,csn_js,test#395,0,0.006420465186,0.005462414585,63,73,101.912145813,74.827597056
semantic-preserving,CodeMark,csn_js,test#396,0,0.010275830515,0.006894147955,131,123,78.441454311,56.049983373
semantic-preserving,CodeMark,csn_js,test#397,0,0.019547317177,0.013923043385,285,251,68.587077814,55.470292371
semantic-preserving,CodeMark,csn_js,test#398,0,0.005291731097,0.003396064043,49,43,107.994512180,78.978233559
semantic-preserving,CodeMark,csn_js,test#399,0,0.005160440691,0.003723970614,50,50,103.208813816,74.479412287
semantic-preserving,CodeMark,csn_js,test#400,0,0.010615175590,0.007526234724,111,106,95.632212522,71.002214374
semantic-preserving,CodeMark,csn_js,test#401,0,0.014048097655,0.009982927702,200,180,70.240488276,55.460709458
semantic-preserving,CodeMark,csn_js,test#402,0,0.004880972207,0.003537287936,49,49,99.611677686,72.189549706
semantic-preserving,CodeMark,csn_js,test#403,0,0.004725165665,0.002971674316,43,45,109.887573608,66.037207014
semantic-preserving,CodeMark,csn_js,test#404,0,0.009228554554,0.006327369250,99,92,93.217722771,68.775752721
semantic-preserving,CodeMark,csn_js,test#405,0,0.720007763244,0.028227631003,42228,35663,17.050482221,0.791510277
semantic-preserving,CodeMark,csn_js,test#406,0,0.013049151748,0.007515535690,182,156,71.698635980,48.176510833
semantic-preserving,CodeMark,csn_js,test#407,0,0.007599740289,0.005220840685,92,83,82.605872708,62.901695001
semantic-preserving,CodeMark,csn_js,test#408,0,0.034415566362,0.025440948084,590,539,58.331468411,47.200274738
semantic-preserving,CodeMark,csn_js,test#409,0,0.004333383404,0.002957024612,37,35,117.118470371,84.486417472
semantic-preserving,CodeMark,csn_js,test#410,0,0.010427184403,0.007586092688,143,133,72.917373447,57.038290888
semantic-preserving,CodeMark,csn_js,test#411,0,0.029097434133,0.020107011311,440,377,66.130532121,53.334247509
semantic-preserving,CodeMark,csn_js,test#412,0,0.012487829663,0.009372815490,195,156,64.040152117,60.082150575
semantic-preserving,CodeMark,csn_js,test#413,0,0.014416561462,0.010638965294,177,166,81.449499785,64.090152372
semantic-preserving,CodeMark,csn_js,test#414,0,0.006613120437,0.004039836116,74,60,89.366492387,67.330601936
semantic-preserving,CodeMark,csn_js,test#415,0,0.006054546684,0.003844944760,63,60,96.103915619,64.082412670
semantic-preserving,CodeMark,csn_js,test#416,0,0.039266018197,0.027270997874,530,486,74.086826787,56.113164351
semantic-preserving,CodeMark,csn_js,test#417,0,0.007245481014,0.004930580966,74,68,97.911905598,72.508543620
semantic-preserving,CodeMark,csn_js,test#418,0,0.007552698255,0.004771605134,77,78,98.086990319,61.174424795
semantic-preserving,CodeMark,csn_js,test#419,0,0.004555133171,0.003008140251,33,36,138.034338527,83.559451418
semantic-preserving,CodeMark,csn_js,test#420,0,0.038323780522,0.026903051883,622,555,61.613795051,48.473967357
semantic-preserving,CodeMark,csn_js,test#421,0,0.010104111396,0.007876937278,118,119,85.628062676,66.192750232
semantic-preserving,CodeMark,csn_js,test#422,0,0.016855600290,0.012161855586,216,204,78.035186528,59.616939146
semantic-preserving,CodeMark,csn_js,test#423,0,0.007013424300,0.005183697678,73,73,96.074305475,71.009557235
semantic-preserving,CodeMark,csn_js,test#424,0,0.013877116144,0.009176242165,192,159,72.276646582,57.712214876
semantic-preserving,CodeMark,csn_js,test#425,0,0.007320592180,0.004787864164,83,77,88.199905782,62.180054072
semantic-preserving,CodeMark,csn_js,test#426,0,0.005482265726,0.004127305001,46,53,119.179689690,77.873679265
semantic-preserving,CodeMark,csn_js,test#427,0,0.010072921403,0.006692108698,146,138,68.992612348,48.493541291
semantic-preserving,CodeMark,csn_js,test#428,0,0.008551221341,0.005605794489,92,83,92.948058053,67.539692643
semantic-preserving,CodeMark,csn_js,test#429,0,0.016044311225,0.011251693591,216,187,74.279218636,60.169484446
semantic-preserving,CodeMark,csn_js,test#430,0,0.017298537306,0.013731246814,211,215,81.983589130,63.866264252
semantic-preserving,CodeMark,csn_js,test#431,0,0.009785297327,0.008115951903,115,118,85.089541972,68.779253417
semantic-preserving,CodeMark,csn_js,test#432,0,0.010812721215,0.007960582152,126,132,85.815247740,60.307440546
semantic-preserving,CodeMark,csn_js,test#433,0,0.005515801720,0.003797379322,53,52,104.071730572,73.026525430
semantic-preserving,CodeMark,csn_js,test#434,0,0.020075890236,0.017501956783,264,251,76.045038771,69.728911487
semantic-preserving,CodeMark,csn_js,test#435,0,0.012978710234,0.011897101998,180,183,72.103945745,65.011486330
semantic-preserving,CodeMark,csn_js,test#436,0,0.007650702260,0.004904775880,107,79,71.501890284,62.085770636
semantic-preserving,CodeMark,csn_js,test#437,0,0.011108795181,0.007295962423,119,113,93.351220008,64.566039142
semantic-preserving,CodeMark,csn_js,test#438,0,0.008681950159,0.007510344498,126,108,68.904366344,69.540226832
semantic-preserving,CodeMark,csn_js,test#439,0,0.005553521216,0.003272283822,47,46,118.160025871,71.136604833
semantic-preserving,CodeMark,csn_js,test#440,0,0.004782362841,0.002993742935,49,46,97.599241654,65.081368160
semantic-preserving,CodeMark,csn_js,test#441,0,0.026639112271,0.018884658813,518,410,51.426857667,46.060143448
semantic-preserving,CodeMark,csn_js,test#442,0,0.010044970550,0.006731299683,153,127,65.653402285,53.002359712
semantic-preserving,CodeMark,csn_js,test#443,0,0.018023027107,0.012755586766,291,270,61.934801055,47.242913947
semantic-preserving,CodeMark,csn_js,test#444,0,0.008757434785,0.006328784861,87,92,100.660169947,68.791139790
semantic-preserving,CodeMark,csn_js,test#445,0,0.009192850441,0.005877164192,106,102,86.725004158,57.619256789
semantic-preserving,CodeMark,csn_js,test#446,0,0.007998375222,0.005454583094,99,92,80.791668910,59.288946669
semantic-preserving,CodeMark,csn_js,test#447,0,0.004707532004,0.002873267047,35,35,134.500914386,82.093344203
semantic-preserving,CodeMark,csn_js,test#448,0,0.034123796970,0.023963335901,534,509,63.902241516,47.079245386
semantic-preserving,CodeMark,csn_js,test#449,0,0.009493162856,0.007273217663,101,90,93.991711441,80.813529591
semantic-preserving,CodeMark,csn_js,test#450,0,0.005073339678,0.003018354997,44,38,115.303174508,79.430394659
semantic-preserving,CodeMark,csn_js,test#451,0,0.004338662140,0.002910949290,31,33,139.956843228,88.210584539
semantic-preserving,CodeMark,csn_js,test#452,0,0.004995203577,0.003120105714,36,38,138.755654916,82.108045095
semantic-preserving,CodeMark,csn_js,test#453,0,0.006333305500,0.004485298879,88,82,71.969380687,54.698766822
semantic-preserving,CodeMark,csn_js,test#454,0,0.009216679260,0.006361901760,96,83,96.007075626,76.649418796
semantic-preserving,CodeMark,csn_js,test#455,0,0.015784371644,0.011546077207,192,171,82.210268981,67.520919338
semantic-preserving,CodeMark,csn_js,test#456,0,0.006595102139,0.004565240815,53,50,124.435889412,91.304816306
semantic-preserving,CodeMark,csn_js,test#457,0,0.017699977383,0.012761205435,221,195,80.090395398,65.442079153
semantic-preserving,CodeMark,csn_js,test#458,0,0.008453378454,0.007450079545,79,91,107.004790555,81.869005993
semantic-preserving,CodeMark,csn_js,test#459,0,0.019751619548,0.015264835209,238,222,82.989998099,68.760518958
semantic-preserving,CodeMark,csn_js,test#460,0,0.007765701041,0.005448332056,77,70,100.853260268,77.833315091
semantic-preserving,CodeMark,csn_js,test#461,0,0.004991996102,0.002681286074,33,32,151.272609153,83.790189819
semantic-preserving,CodeMark,csn_js,test#462,0,0.004869090393,0.003102107905,37,38,131.597037654,81.634418549
semantic-preserving,CodeMark,csn_js,test#463,0,0.007935372181,0.005380965769,78,79,101.735540785,68.113490751
semantic-preserving,CodeMark,csn_js,test#464,0,0.008745444939,0.006439622492,77,78,113.577206994,82.559262713
semantic-preserving,CodeMark,csn_js,test#465,0,0.006145819090,0.004393844865,50,49,122.916381806,89.670303373
semantic-preserving,CodeMark,csn_js,test#466,0,0.006301786751,0.004573795013,55,49,114.577940919,93.342755370
semantic-preserving,CodeMark,csn_js,test#467,0,0.009209755808,0.006503463723,119,101,77.392905951,64.390729928
semantic-preserving,CodeMark,csn_js,test#468,0,0.004467749968,0.002982079983,35,34,127.649999091,87.708234787
semantic-preserving,CodeMark,csn_js,test#469,0,0.007566699758,0.005372812971,79,77,95.781009597,69.776791837
semantic-preserving,CodeMark,csn_js,test#470,0,0.015064428560,0.010215828195,220,211,68.474675275,48.416247371
semantic-preserving,CodeMark,csn_js,test#471,0,0.033621102571,0.024837519042,527,462,63.797158580,53.760863728
semantic-preserving,CodeMark,csn_js,test#472,0,0.013418310322,0.009661941789,143,151,93.834337915,63.986369464
semantic-preserving,CodeMark,csn_js,test#473,0,0.017769948579,0.012114075013,206,179,86.261886308,67.676396718
semantic-preserving,CodeMark,csn_js,test#474,0,0.005115134642,0.003249773756,50,49,102.302692831,66.321913381
semantic-preserving,CodeMark,csn_js,test#475,0,0.005845725536,0.003711174242,48,46,121.785948674,80.677700917
semantic-preserving,CodeMark,csn_js,test#476,0,0.011757783592,0.008321474306,147,134,79.984922393,62.100554525
semantic-preserving,CodeMark,csn_js,test#477,0,0.009028367698,0.007261730731,117,121,77.165535882,60.014303558
semantic-preserving,CodeMark,csn_js,test#478,0,0.026691354811,0.021702690050,349,344,76.479526680,63.089215262
semantic-preserving,CodeMark,csn_js,test#479,0,0.016173263080,0.012452899478,219,210,73.850516349,59.299521326
semantic-preserving,CodeMark,csn_js,test#480,0,0.007915574126,0.005967715755,83,86,95.368362963,69.392043664
semantic-preserving,CodeMark,csn_js,test#481,0,0.008160797879,0.005678321235,104,102,78.469210376,55.669816028
semantic-preserving,CodeMark,csn_js,test#482,0,0.014194820076,0.010406891815,179,162,79.300670817,64.240072934
semantic-preserving,CodeMark,csn_js,test#483,0,0.010288354941,0.005732067861,107,104,96.152849913,55.116037122
semantic-preserving,CodeMark,csn_js,test#484,0,0.023063822649,0.016607753932,301,281,76.623995513,59.102327162
semantic-preserving,CodeMark,csn_js,test#485,0,0.015767594799,0.010654430836,173,152,91.142166471,70.094939713
semantic-preserving,CodeMark,csn_js,test#486,0,0.005274388939,0.003470228985,52,47,101.430556522,73.834659254
semantic-preserving,CodeMark,csn_js,test#487,0,0.010961261578,0.006921795197,137,116,80.009208598,59.670648249
semantic-preserving,CodeMark,csn_js,test#488,0,0.004541976377,0.002813089639,59,56,76.982650464,50.233743553
semantic-preserving,CodeMark,csn_js,test#489,0,0.006105321459,0.004352488555,75,65,81.404286126,66.961362385
semantic-preserving,CodeMark,csn_js,test#490,0,0.020851101726,0.014969100244,254,248,82.090951678,60.359275179
semantic-preserving,CodeMark,csn_js,test#491,0,0.007718997076,0.005643079057,98,93,78.765276287,60.678269434
semantic-preserving,CodeMark,csn_js,test#492,0,0.004564193077,0.002875043079,38,37,120.110344142,77.703867007
semantic-preserving,CodeMark,csn_js,test#493,0,0.017643486150,0.013449361548,243,224,72.606938887,60.041792624
semantic-preserving,CodeMark,csn_js,test#494,0,0.014735221863,0.009945637546,196,186,75.179703382,53.471169605
semantic-preserving,CodeMark,csn_js,test#495,0,0.006251638755,0.004009410739,68,64,91.935864047,62.647042796
semantic-preserving,CodeMark,csn_js,test#496,0,0.006448142231,0.004625918344,82,84,78.635880860,55.070456472
semantic-preserving,CodeMark,csn_js,test#497,0,0.007590408437,0.005378331058,107,107,70.938396607,50.264776240
semantic-preserving,CodeMark,csn_js,test#498,0,0.004254261963,0.002706963569,39,38,109.083640079,71.235883393
semantic-preserving,CodeMark,csn_js,test#499,0,0.008881621063,0.005815329961,111,104,80.014604169,55.916634245
semantic-preserving,CodeMark,csn_js,test#500,0,0.006836660206,0.004495525733,79,70,86.540002612,64.221796181
semantic-preserving,CodeMark,csn_js,test#501,0,0.011838445440,0.007973608561,119,120,99.482734789,66.446738007
semantic-preserving,CodeMark,csn_js,test#502,0,0.005514279008,0.003940366209,68,59,81.092338352,66.785867942
semantic-preserving,CodeMark,csn_js,test#503,0,0.004207675345,0.002518893220,29,28,145.092253284,89.960472126
semantic-preserving,CodeMark,csn_js,test#504,0,0.004933156073,0.003154493868,50,48,98.663121462,65.718622257
semantic-preserving,CodeMark,csn_js,test#505,0,0.007608570158,0.005104867741,75,70,101.447602113,72.926682021
semantic-preserving,CodeMark,csn_js,test#506,0,0.006837660447,0.005104331300,60,72,113.961007446,70.893490273
semantic-preserving,CodeMark,csn_js,test#507,0,0.013001171872,0.008925120346,149,143,87.256187061,62.413428995
semantic-preserving,CodeMark,csn_js,test#508,0,0.005783309229,0.003544434905,56,53,103.273379084,66.876130284
semantic-preserving,CodeMark,csn_js,test#509,0,0.005491649732,0.003669575788,44,41,124.810221182,89.501848490
semantic-preserving,CodeMark,csn_js,test#510,0,0.009208637290,0.008324959315,125,126,73.669098318,66.071105677
semantic-preserving,CodeMark,csn_js,test#511,0,0.006709691137,0.004469444044,70,69,95.852730530,64.774551361
semantic-preserving,CodeMark,csn_js,test#512,0,0.005063133314,0.004300331697,45,52,112.514073650,82.698686478
semantic-preserving,CodeMark,csn_js,test#513,0,0.005832444876,0.003558610566,53,48,110.046129744,74.137720124
semantic-preserving,CodeMark,csn_js,test#514,0,0.007629530504,0.005138170905,73,70,104.514116498,73.402441506
semantic-preserving,CodeMark,csn_js,test#515,0,0.009782942943,0.006273957901,102,92,95.911205326,68.195194573
semantic-preserving,CodeMark,csn_js,test#516,0,0.004336089827,0.002643073909,39,36,111.181790439,73.418719694
semantic-preserving,CodeMark,csn_js,test#517,0,0.004876511171,0.003290059976,41,47,118.939296865,70.001276091
semantic-preserving,CodeMark,csn_js,test#518,0,0.024559745565,0.017395918258,312,283,78.717133221,61.469675822
semantic-preserving,CodeMark,csn_js,test#519,0,0.008233821951,0.006314705126,90,95,91.486910565,66.470580274
semantic-preserving,CodeMark,csn_js,test#520,0,0.008269649930,0.005539368838,87,78,95.053447475,71.017549206
semantic-preserving,CodeMark,csn_js,test#521,0,0.005746824667,0.004002524540,61,59,94.210240440,67.839398980
semantic-preserving,CodeMark,csn_js,test#522,0,0.010340776294,0.007869105786,112,108,92.328359772,72.862090612
semantic-preserving,CodeMark,csn_js,test#523,0,0.013124764897,0.011049058288,169,182,77.661330751,60.709111474
semantic-preserving,CodeMark,csn_js,test#524,0,0.007203985937,0.004651611671,78,69,92.358794063,67.414661896
semantic-preserving,CodeMark,csn_js,test#525,0,0.012161295861,0.010118459351,192,179,63.340082609,56.527705874
semantic-preserving,CodeMark,csn_js,test#526,0,0.005789151415,0.003840805963,49,48,118.145947250,80.016790889
semantic-preserving,CodeMark,csn_js,test#527,0,0.005331599154,0.003430137411,40,42,133.289978839,81.669938351
semantic-preserving,CodeMark,csn_js,test#528,0,0.007651152089,0.005139741115,71,79,107.762705482,65.060014117
semantic-preserving,CodeMark,csn_js,test#529,0,0.028884048574,0.023632445373,371,378,77.854578366,62.519696753
semantic-preserving,CodeMark,csn_js,test#530,0,0.009410584345,0.007189553231,94,97,100.112599420,74.119105474
semantic-preserving,CodeMark,csn_js,test#531,0,0.015509582125,0.010525575839,189,184,82.061281083,57.204216516
semantic-preserving,CodeMark,csn_js,test#532,0,0.012729358859,0.009020240977,143,135,89.016495520,66.816599833
semantic-preserving,CodeMark,csn_js,test#533,0,0.015220240690,0.014224633574,174,205,87.472647643,69.388456461
semantic-preserving,CodeMark,csn_js,test#534,0,0.027825904079,0.024641685188,326,370,85.355533984,66.599149156
semantic-preserving,CodeMark,csn_js,test#535,0,0.004998371005,0.003573119640,34,44,147.010911913,81.207264553
semantic-preserving,CodeMark,csn_js,test#536,0,0.031592744403,0.022631763481,492,431,64.212895127,52.509892066
semantic-preserving,CodeMark,csn_js,test#537,0,0.007761610672,0.004981123842,74,65,104.886630701,76.632674497
semantic-preserving,CodeMark,csn_js,test#538,0,0.012652837671,0.008601409383,118,110,107.227437893,78.194630756
semantic-preserving,CodeMark,csn_js,test#539,0,0.022804480977,0.016042879783,283,249,80.581204867,64.429236075
semantic-preserving,CodeMark,csn_js,test#540,0,0.007035559043,0.004566794261,77,70,91.370896666,65.239918019
semantic-preserving,CodeMark,csn_js,test#541,0,0.023662717082,0.018925928511,310,290,76.331345425,65.261822451
semantic-preserving,CodeMark,csn_js,test#542,0,0.022163135931,0.015588101000,273,234,81.183648099,66.615816238
semantic-preserving,CodeMark,csn_js,test#543,0,0.008584630676,0.006833176129,86,79,99.821286926,86.495900362
semantic-preserving,CodeMark,csn_js,test#544,0,0.008189789951,0.005661736242,80,72,102.372374386,78.635225590
semantic-preserving,CodeMark,csn_js,test#545,0,0.005187119357,0.003382964060,47,41,110.364241644,82.511318530
semantic-preserving,CodeMark,csn_js,test#546,0,0.008327081800,0.005321225151,100,83,83.270817995,64.111146403
semantic-preserving,CodeMark,csn_js,test#547,0,0.008893430233,0.006056372076,102,95,87.190492480,63.751285013
semantic-preserving,CodeMark,csn_js,test#548,0,0.018250156194,0.012629722245,217,199,84.102102276,63.465940930
semantic-preserving,CodeMark,csn_js,test#549,0,0.007159322500,0.005229598843,65,73,110.143423080,71.638340309
semantic-preserving,CodeMark,csn_js,test#550,0,0.005386171862,0.003299582750,48,49,112.211913802,67.338423461
semantic-preserving,CodeMark,csn_js,test#551,0,0.010779330507,0.006404474378,113,97,95.392305371,66.025509048
semantic-preserving,CodeMark,csn_js,test#552,0,0.009631699882,0.006149725057,115,105,83.753912021,58.568810068
semantic-preserving,CodeMark,csn_js,test#553,0,0.020490574650,0.014844446443,257,228,79.729862453,65.107221241
semantic-preserving,CodeMark,csn_js,test#554,0,0.007753857411,0.005163163878,85,74,91.221851899,69.772484838
semantic-preserving,CodeMark,csn_js,test#555,0,0.011642710306,0.007877663709,133,116,87.539175231,67.910894045
semantic-preserving,CodeMark,csn_js,test#556,0,0.011895781383,0.007775135338,144,129,82.609592937,60.272366964
semantic-preserving,CodeMark,csn_js,test#557,0,0.007816186175,0.005014331080,86,78,90.885885753,64.286295898
semantic-preserving,CodeMark,csn_js,test#558,0,0.007519473322,0.005384312011,81,73,92.833003972,73.757698785
semantic-preserving,CodeMark,csn_js,test#559,0,0.010051884688,0.006653137505,101,101,99.523610777,65.872648565
semantic-preserving,CodeMark,csn_js,test#560,0,0.008727419190,0.005671622232,82,79,106.431941343,71.792686476
semantic-preserving,CodeMark,csn_js,test#561,0,0.021135840565,0.014652422629,282,250,74.949789237,58.609690517
semantic-preserving,CodeMark,csn_js,test#562,0,0.013071781956,0.009094996378,177,157,73.851875456,57.929913235
semantic-preserving,CodeMark,csn_js,test#563,0,0.023447648622,0.015913547017,264,259,88.816850841,61.442266474
semantic-preserving,CodeMark,csn_js,test#564,0,0.005487592891,0.003609060310,47,47,116.757295550,76.788517230
semantic-preserving,CodeMark,csn_js,test#565,0,0.010474377312,0.007570914924,119,116,88.019977410,65.266507967
semantic-preserving,CodeMark,csn_js,test#566,0,0.016502092592,0.011573045515,190,178,86.853118907,65.017109632
semantic-preserving,CodeMark,csn_js,test#567,0,0.010833509266,0.007616227493,124,115,87.367010213,66.228065154
semantic-preserving,CodeMark,csn_js,test#568,0,0.022347578779,0.017054452561,245,231,91.214607261,73.828798965
semantic-preserving,CodeMark,csn_js,test#569,0,0.013700908050,0.010362428613,176,157,77.846068466,66.002730019
semantic-preserving,CodeMark,csn_js,test#570,0,0.037108247168,0.028157557361,458,445,81.022373730,63.275409800
semantic-preserving,CodeMark,csn_js,test#571,0,0.008380075917,0.006142682396,83,76,100.964770080,80.824768367
semantic-preserving,CodeMark,csn_js,test#572,0,0.005376789719,0.003447183408,50,45,107.535794377,76.604075730
semantic-preserving,CodeMark,csn_js,test#573,0,0.005982289091,0.004010688514,52,52,115.044020976,77.128625260
semantic-preserving,CodeMark,csn_js,test#574,0,0.006977770478,0.004551802762,70,63,99.682435393,72.250837490
semantic-preserving,CodeMark,csn_js,test#575,0,0.005299056880,0.003504808992,48,47,110.397018337,74.570404088
semantic-preserving,CodeMark,csn_js,test#576,0,0.005122962408,0.003384484909,40,39,128.074060194,86.781664346
semantic-preserving,CodeMark,csn_js,test#577,0,0.010488118976,0.007397735491,120,109,87.400991470,67.869132949
semantic-preserving,CodeMark,csn_js,test#578,0,0.007361716591,0.005078135058,70,76,105.167379869,66.817566556
semantic-preserving,CodeMark,csn_js,test#579,0,0.025725333020,0.018544459715,438,363,58.733637032,51.086665883
semantic-preserving,CodeMark,csn_js,test#580,0,0.020288449712,0.015020931140,301,268,67.403487416,56.048250521
semantic-preserving,CodeMark,csn_js,test#581,0,0.016048735939,0.011447467841,199,211,80.646914266,54.253402091
semantic-preserving,CodeMark,csn_js,test#582,0,0.004366800189,0.002921527252,28,31,155.957149608,94.242814568
semantic-preserving,CodeMark,csn_js,test#583,0,0.006589592434,0.004463252611,61,66,108.026105483,67.625039568
semantic-preserving,CodeMark,csn_js,test#584,0,0.004184030928,0.002897758968,29,40,144.276928542,72.443974204
semantic-preserving,CodeMark,csn_js,test#585,0,0.021614674479,0.015277937055,243,222,88.949277690,68.819536282
semantic-preserving,CodeMark,csn_js,test#586,0,0.021143362857,0.017642688937,243,261,87.009723693,67.596509339
semantic-preserving,CodeMark,csn_js,test#587,0,0.006980439648,0.004765625112,58,60,120.352407725,79.427085196
semantic-preserving,CodeMark,csn_js,test#588,0,0.009477623738,0.007107227109,112,112,84.621640521,63.457384905
semantic-preserving,CodeMark,csn_js,test#589,0,0.014821639284,0.012519352138,164,177,90.375849296,70.730803040
semantic-preserving,CodeMark,csn_js,test#590,0,0.004786152393,0.003067790531,32,32,149.567262270,95.868454082
semantic-preserving,CodeMark,csn_js,test#591,0,0.007928443141,0.004794312641,60,63,132.140719021,76.100200651
semantic-preserving,CodeMark,csn_js,test#592,0,0.005197887309,0.003371975385,41,38,126.777739241,88.736194333
semantic-preserving,CodeMark,csn_js,test#593,0,0.007722523995,0.005136229098,84,75,91.934809461,68.483054638
semantic-preserving,CodeMark,csn_js,test#594,0,0.004510331899,0.002785089426,33,30,136.676724210,92.836314191
semantic-preserving,CodeMark,csn_js,test#595,0,0.018185016699,0.011967347935,217,190,83.801920273,62.986041762
semantic-preserving,CodeMark,csn_js,test#596,0,0.008304139599,0.005546478555,80,75,103.801744990,73.953047395
semantic-preserving,CodeMark,csn_js,test#597,0,0.021685157903,0.014561751857,296,258,73.260668590,56.440898672
semantic-preserving,CodeMark,csn_js,test#598,0,0.004075055011,0.002612118609,37,31,110.136621909,84.261890621
semantic-preserving,CodeMark,csn_js,test#599,0,0.004415894859,0.003045533784,38,42,116.207759435,72.512709137
semantic-preserving,CodeMark,csn_js,test#600,0,0.006432759576,0.004021540284,63,63,102.107294850,63.833972764
semantic-preserving,CodeMark,csn_js,test#601,0,0.004874494858,0.003151614219,36,46,135.402634947,68.513352586
semantic-preserving,CodeMark,csn_js,test#602,0,0.021152905189,0.014493541792,271,241,78.055000696,60.139177560
semantic-preserving,CodeMark,csn_js,test#603,0,0.006703410298,0.005731750280,81,93,82.758151823,61.631723437
semantic-preserving,CodeMark,csn_js,test#604,0,0.004824804142,0.003027048893,41,44,117.678149808,68.796565756
semantic-preserving,CodeMark,csn_js,test#605,0,0.009955742396,0.007128262892,121,113,82.278862780,63.081972499
semantic-preserving,CodeMark,csn_js,test#606,0,0.006970096380,0.004588925280,56,53,124.466006777,86.583495843
semantic-preserving,CodeMark,csn_js,test#607,0,0.011662933044,0.008552469313,145,131,80.434020994,65.286025291
semantic-preserving,CodeMark,csn_js,test#608,0,0.006524320692,0.004291710444,99,91,65.902229210,47.161653229
semantic-preserving,CodeMark,csn_js,test#609,0,0.016452574171,0.011710673571,216,222,76.169324866,52.750781850
semantic-preserving,CodeMark,csn_js,test#610,0,0.007684593089,0.005196746439,70,70,109.779901270,74.239234839
semantic-preserving,CodeMark,csn_js,test#611,0,0.008024274372,0.005580415018,83,87,96.678004477,64.142701355
semantic-preserving,CodeMark,csn_js,test#612,0,0.004685637541,0.003058458678,41,37,114.283842466,82.661045363
semantic-preserving,CodeMark,csn_js,test#613,0,0.006301596761,0.003856735304,57,49,110.554329136,78.708883755
semantic-preserving,CodeMark,csn_js,test#614,0,0.007413052022,0.005929764360,80,75,92.663150281,79.063524803
semantic-preserving,CodeMark,csn_js,test#615,0,0.005105098709,0.003598831594,39,42,130.899966909,85.686466524
semantic-preserving,CodeMark,csn_js,test#616,0,0.006238073111,0.004310199060,48,54,129.959856470,79.818501103
semantic-preserving,CodeMark,csn_js,test#617,0,0.011182960123,0.007590979338,116,111,96.404828645,68.387201240
semantic-preserving,CodeMark,csn_js,test#618,0,0.013901604339,0.010593552142,150,149,92.677362263,71.097665385
semantic-preserving,CodeMark,csn_js,test#619,0,0.026703077368,0.020568482578,325,329,82.163314980,62.518184127
semantic-preserving,CodeMark,csn_js,test#620,0,0.005842039362,0.003680965863,51,51,114.549791404,72.175801239
semantic-preserving,CodeMark,csn_js,test#621,0,0.008244209923,0.005683911033,79,73,104.357087631,77.861794972
semantic-preserving,CodeMark,csn_js,test#622,0,0.008374118246,0.005861652084,94,88,89.086364321,66.609682769
semantic-preserving,CodeMark,csn_js,test#623,0,0.009707371704,0.007833658718,118,104,82.265861901,75.323641515
semantic-preserving,CodeMark,csn_js,test#624,0,0.010167266242,0.007360413671,136,125,74.759310604,58.883309364
semantic-preserving,CodeMark,csn_js,test#625,0,0.007086904719,0.004619615152,80,62,88.586308993,74.509921814
semantic-preserving,CodeMark,csn_js,test#626,0,0.007967453450,0.005855859257,76,73,104.834913815,80.217250100
semantic-preserving,CodeMark,csn_js,test#627,0,0.004139922559,0.002579710446,30,29,137.997418642,88.955532631
semantic-preserving,CodeMark,csn_js,test#628,0,0.006774390116,0.004819592461,88,72,76.981705867,66.938784180
semantic-preserving,CodeMark,csn_js,test#629,0,0.016455587000,0.011965660378,197,188,83.530898475,63.647129672
semantic-preserving,CodeMark,csn_js,test#630,0,0.008189735934,0.005297898315,106,83,77.261659756,63.830100179
semantic-preserving,CodeMark,csn_js,test#631,0,0.004040326923,0.002373365685,26,25,155.397189351,94.934627414
semantic-preserving,CodeMark,csn_js,test#632,0,0.009220131673,0.007174845785,98,104,94.082976254,68.988901778
semantic-preserving,CodeMark,csn_js,test#633,0,0.026110574603,0.018353276886,386,336,67.643975656,54.622847875
semantic-preserving,CodeMark,csn_js,test#634,0,0.008091351949,0.005496214144,97,87,83.415999471,63.174875218
semantic-preserving,CodeMark,csn_js,test#635,0,0.020865822211,0.015257525258,285,254,73.213411266,60.068997078
semantic-preserving,CodeMark,csn_js,test#636,0,0.016444839537,0.011403121054,170,151,96.734350218,75.517357975
semantic-preserving,CodeMark,csn_js,test#637,0,0.012050315738,0.010264693759,113,144,106.639962281,71.282595551
semantic-preserving,CodeMark,csn_js,test#638,0,0.006698519923,0.004506870173,69,65,97.079998881,69.336464199
semantic-preserving,CodeMark,csn_js,test#639,0,0.011725547723,0.009126323275,131,139,89.507997889,65.657001980
semantic-preserving,CodeMark,csn_js,test#640,0,0.007184699178,0.005900070071,64,83,112.260924652,71.085181581
semantic-preserving,CodeMark,csn_js,test#641,0,0.007249276154,0.004774654284,70,63,103.561087911,75.788163240
semantic-preserving,CodeMark,csn_js,test#642,0,0.005918722600,0.004003688693,52,54,113.821588457,74.142383205
semantic-preserving,CodeMark,csn_js,test#643,0,0.004282345995,0.002769120038,34,36,125.951352803,76.920001043
semantic-preserving,CodeMark,csn_js,test#644,0,0.005830701441,0.004128746688,59,60,98.825448145,68.812444806
semantic-preserving,CodeMark,csn_js,test#645,0,0.007146647200,0.005149629898,80,81,89.333090000,63.575677758
semantic-preserving,CodeMark,csn_js,test#646,0,0.040009039454,0.026980974711,570,523,70.191297288,51.588861781
semantic-preserving,CodeMark,csn_js,test#647,0,0.004592508078,0.002857455052,35,36,131.214516503,79.373751457
semantic-preserving,CodeMark,csn_js,test#648,0,0.007811152376,0.005004824139,83,72,94.110269593,69.511446377
semantic-preserving,CodeMark,csn_js,test#649,0,0.010821675882,0.007440656424,137,118,78.990334903,63.056410369
semantic-preserving,CodeMark,csn_js,test#650,0,0.016284152865,0.011853397824,198,180,82.243196290,65.852210133
semantic-preserving,CodeMark,csn_js,test#651,0,0.005227173679,0.003750496544,42,45,124.456516157,83.344367643
semantic-preserving,CodeMark,csn_js,test#652,0,0.006341801025,0.004492722452,60,62,105.696683750,72.463265350
semantic-preserving,CodeMark,csn_js,test#653,0,0.008279644884,0.005969525315,112,111,73.925400752,53.779507341
semantic-preserving,CodeMark,csn_js,test#654,0,0.009056908078,0.005755643360,88,78,102.919409983,73.790299491
semantic-preserving,CodeMark,csn_js,test#655,0,0.012243780307,0.009377390146,141,132,86.835321330,71.040834441
semantic-preserving,CodeMark,csn_js,test#656,0,0.016300876625,0.009953334928,162,147,100.622695215,67.709761412
semantic-preserving,CodeMark,csn_js,test#657,0,0.016011466272,0.011265593581,207,183,77.350078610,61.560620661
semantic-preserving,CodeMark,csn_js,test#658,0,0.012488939799,0.009717446752,156,132,80.057306406,73.617020848
semantic-preserving,CodeMark,csn_js,test#659,0,0.006843566895,0.004552767612,72,64,95.049540202,71.136993938
semantic-preserving,CodeMark,csn_js,test#660,0,0.028156787157,0.018946063705,338,304,83.304104015,62.322577976
semantic-preserving,CodeMark,csn_js,test#661,0,0.019577387720,0.014663690701,238,224,82.257931598,65.462904916
semantic-preserving,CodeMark,csn_js,test#662,0,0.023203015327,0.016977597028,299,262,77.602057951,64.799988657
semantic-preserving,CodeMark,csn_js,test#663,0,0.011210213415,0.007788944058,133,118,84.287318912,66.008000493
semantic-preserving,CodeMark,csn_js,test#664,0,0.004133818671,0.002625163645,28,27,147.636381111,97.228283132
semantic-preserving,CodeMark,csn_js,test#665,0,0.008622191846,0.005990638398,87,81,99.105653407,73.958498736
semantic-preserving,CodeMark,csn_js,test#666,0,0.006521550007,0.004218477756,63,52,103.516666780,81.124572227
semantic-preserving,CodeMark,csn_js,test#667,0,0.017438206822,0.012822152115,196,167,88.970442968,76.779353984
semantic-preserving,CodeMark,csn_js,test#668,0,0.007179728709,0.004451449960,53,48,135.466579418,92.738540843
semantic-preserving,CodeMark,csn_js,test#669,0,0.013617496006,0.009829690680,155,153,87.854812943,64.246344313
semantic-preserving,CodeMark,csn_js,test#670,0,0.009671171196,0.006297686137,111,93,87.127668431,67.717055239
semantic-preserving,CodeMark,csn_js,test#671,0,0.010002684779,0.006816206500,102,95,98.065537054,71.749542105
semantic-preserving,CodeMark,csn_js,test#672,0,0.007214179263,0.006118124351,59,83,122.274224788,73.712341577
semantic-preserving,CodeMark,csn_js,test#673,0,0.007117497735,0.005044982769,76,72,93.651285983,70.069205119
semantic-preserving,CodeMark,csn_js,test#674,0,0.008030368015,0.005316885188,87,74,92.303080634,71.849799841
semantic-preserving,CodeMark,csn_js,test#675,0,0.009515973739,0.007664648816,113,111,84.212156985,69.050890234
semantic-preserving,CodeMark,csn_js,test#676,0,0.006462999620,0.005033613183,63,66,102.587295548,76.266866403
semantic-preserving,CodeMark,csn_js,test#677,0,0.010523985140,0.007666662335,174,163,60.482673219,47.034738254
semantic-preserving,CodeMark,csn_js,test#678,0,0.015797161497,0.010664248839,188,159,84.027454772,67.070747415
semantic-preserving,CodeMark,csn_js,test#679,0,0.005425644107,0.003488229588,48,40,113.034252233,87.205739692
semantic-preserving,CodeMark,csn_js,test#680,0,0.005398783833,0.003653290682,52,52,103.822766015,70.255590030
semantic-preserving,CodeMark,csn_js,test#681,0,0.005713295192,0.003924668767,44,55,129.847617989,71.357613937
semantic-preserving,CodeMark,csn_js,test#682,0,0.007347118109,0.005783963017,82,82,89.599001335,70.536134356
semantic-preserving,CodeMark,csn_js,test#683,0,0.005008536391,0.003328346647,48,46,104.344508145,72.355361898
semantic-preserving,CodeMark,csn_js,test#684,0,0.023079210892,0.019950347953,336,338,68.688127656,59.024698084
semantic-preserving,CodeMark,csn_js,test#685,0,0.008917892352,0.005775076337,103,92,86.581479143,62.772568882
semantic-preserving,CodeMark,csn_js,test#686,0,0.004082143307,0.002549811266,30,30,136.071443558,84.993708879
semantic-preserving,CodeMark,csn_js,test#687,0,0.006035749801,0.003887371160,54,51,111.773144454,76.222963923
semantic-preserving,CodeMark,csn_js,test#688,0,0.009476287290,0.006286825985,95,89,99.750392531,70.638494210
semantic-preserving,CodeMark,csn_js,test#689,0,0.023676325567,0.017018641345,342,304,69.229022126,55.982372846
semantic-preserving,CodeMark,csn_js,test#690,0,0.006000184454,0.004165350460,63,51,95.241023080,81.673538422
semantic-preserving,CodeMark,csn_js,test#691,0,0.028921754099,0.020766888745,363,316,79.674253717,65.718002358
semantic-preserving,CodeMark,csn_js,test#692,0,0.019192785956,0.015408363193,306,246,62.721522732,62.635622737
semantic-preserving,CodeMark,csn_js,test#693,0,0.019199241884,0.012752380222,209,178,91.862401359,71.642585517
semantic-preserving,CodeMark,csn_js,test#694,0,0.013417000882,0.009139943868,170,146,78.923534602,62.602355260
semantic-preserving,CodeMark,csn_js,test#695,0,0.022915038280,0.016951035708,317,282,72.287187004,60.110055703
semantic-preserving,CodeMark,csn_js,test#696,0,0.012160931714,0.008636211045,143,116,85.041480517,74.450095216
semantic-preserving,CodeMark,csn_js,test#697,0,0.009725383483,0.006522982381,109,100,89.223701678,65.229823813
semantic-preserving,CodeMark,csn_js,test#698,0,0.006083281711,0.004511372186,62,50,98.117446947,90.227443725
semantic-preserving,CodeMark,csn_js,test#699,0,0.006557700224,0.005035997368,65,68,100.887695757,74.058784829
semantic-preserving,CodeMark,csn_js,test#700,0,0.015389193781,0.010925717652,205,174,75.069237955,62.791480758
semantic-preserving,CodeMark,csn_js,test#701,0,0.006347594783,0.004464280792,70,63,90.679925467,70.861599866
semantic-preserving,CodeMark,csn_js,test#702,0,0.011694719084,0.007989350706,169,159,69.199521205,50.247488719
semantic-preserving,CodeMark,csn_js,test#703,0,0.011906477623,0.008143529296,170,159,70.038103663,51.217165383
semantic-preserving,CodeMark,csn_js,test#704,0,0.012025614269,0.008022247814,167,156,72.009666282,51.424665472
semantic-preserving,CodeMark,csn_js,test#705,0,0.013919787481,0.011418663897,164,192,84.876752936,59.472207795
semantic-preserving,CodeMark,csn_js,test#706,0,0.011655350216,0.007840618491,131,121,88.972139051,64.798499927
semantic-preserving,CodeMark,csn_js,test#707,0,0.039399305359,0.027911087498,665,616,59.247075727,45.310206977
semantic-preserving,CodeMark,csn_js,test#708,0,0.009310624562,0.006622136571,91,83,102.314555629,79.784777958
semantic-preserving,CodeMark,csn_js,test#709,0,0.013850077055,0.009705027565,164,153,84.451689362,63.431552715
semantic-preserving,CodeMark,csn_js,test#710,0,0.016072149388,0.012415276840,161,182,99.827014835,68.215806815
semantic-preserving,CodeMark,csn_js,test#711,0,0.008945913985,0.005982025526,85,84,105.246046887,71.214589601
semantic-preserving,CodeMark,csn_js,test#712,0,0.017073836178,0.011448713019,202,212,84.523941473,54.003363299
semantic-preserving,CodeMark,csn_js,test#713,0,0.011034305207,0.007828641683,116,123,95.123320754,63.647493357
semantic-preserving,CodeMark,csn_js,test#714,0,0.020711729303,0.016723636538,279,251,74.235588900,66.628034015
semantic-preserving,CodeMark,csn_js,test#715,0,0.022065843455,0.016086985357,287,263,76.884471970,61.167244704
semantic-preserving,CodeMark,csn_js,test#716,0,0.031096897088,0.022585232742,419,352,74.216938157,64.162593017
semantic-preserving,CodeMark,csn_js,test#717,0,0.005477608182,0.003603667021,44,42,124.491095035,85.801595733
semantic-preserving,CodeMark,csn_js,test#718,0,0.010528371669,0.009142760187,141,148,74.669302620,61.775406672
semantic-preserving,CodeMark,csn_js,test#719,0,0.003932992928,0.002501956187,28,30,140.464033133,83.398539573
semantic-preserving,CodeMark,csn_js,test#720,0,0.006668144837,0.004710244015,60,59,111.135747284,79.834644320
semantic-preserving,CodeMark,csn_js,test#721,0,0.005905560218,0.003883322701,45,42,131.234671507,92.460064306
semantic-preserving,CodeMark,csn_js,test#722,0,0.012206533924,0.008461376652,150,138,81.376892825,61.314323566
semantic-preserving,CodeMark,csn_js,test#723,0,0.006186359562,0.003990027122,58,52,106.661371758,76.731290812
semantic-preserving,CodeMark,csn_js,test#724,0,0.007101323456,0.005408274010,65,69,109.251130086,78.380782751
semantic-preserving,CodeMark,csn_js,test#725,0,0.012231172994,0.008002168499,140,117,87.365521384,68.394602555
semantic-preserving,CodeMark,csn_js,test#726,0,0.011104429141,0.007488894276,118,105,94.105331701,71.322802632
semantic-preserving,CodeMark,csn_js,test#727,0,0.019399075769,0.016485192813,244,246,79.504408889,67.012978915
semantic-preserving,CodeMark,csn_js,test#728,0,0.012279729359,0.008133927360,135,129,90.960958214,63.053700466
semantic-preserving,CodeMark,csn_js,test#729,0,0.010666301474,0.007247984409,108,100,98.762050685,72.479844093
semantic-preserving,CodeMark,csn_js,test#730,0,0.004689073190,0.003336452879,31,34,151.260425487,98.130967030
semantic-preserving,CodeMark,csn_js,test#731,0,0.004692723975,0.003324619494,34,35,138.021293370,94.989128411
semantic-preserving,CodeMark,csn_js,test#732,0,0.004508163780,0.002902782522,40,38,112.704094499,76.389013741
semantic-preserving,CodeMark,csn_js,test#733,0,0.005719441921,0.003554705530,48,49,119.155040011,72.545010825
semantic-preserving,CodeMark,csn_js,test#734,0,0.005804092623,0.003732969053,49,46,118.450869863,81.151501154
semantic-preserving,CodeMark,csn_js,test#735,0,0.005651315674,0.004299680702,46,53,122.854688569,81.126050988
semantic-preserving,CodeMark,csn_js,test#736,0,0.010891467333,0.007868641987,116,120,93.891959766,65.572016562
semantic-preserving,CodeMark,csn_js,test#737,0,0.004839201458,0.003562226892,42,46,115.219082329,77.439715033
semantic-preserving,CodeMark,csn_js,test#738,0,0.006543234922,0.004129135050,67,61,97.660222716,67.690738523
semantic-preserving,CodeMark,csn_js,test#739,0,0.006595810875,0.003861570731,53,50,124.449261798,77.231414616
semantic-preserving,CodeMark,csn_js,test#740,0,0.012438379228,0.008808627725,135,123,92.136142430,71.614859550
semantic-preserving,CodeMark,csn_js,test#741,0,0.005346102640,0.003467343748,47,45,113.746864682,77.052083280
semantic-preserving,CodeMark,csn_js,test#742,0,0.005765055306,0.003718069755,63,61,91.508814385,60.951963189
semantic-preserving,CodeMark,csn_js,test#743,0,0.004814380780,0.003189728595,39,45,123.445661022,70.882857674
semantic-preserving,CodeMark,csn_js,test#744,0,0.004484763369,0.002877709456,42,42,106.780080213,68.516891804
semantic-preserving,CodeMark,csn_js,test#745,0,0.006757386029,0.004560129717,66,60,102.384636799,76.002161950
semantic-preserving,CodeMark,csn_js,test#746,0,0.006804277189,0.004349862225,76,68,89.529963014,63.968562138
semantic-preserving,CodeMark,csn_js,test#747,0,0.013804354705,0.011450499296,174,169,79.335371867,67.754433705
semantic-preserving,CodeMark,csn_js,test#748,0,0.030214848928,0.022422470152,414,382,72.982726880,58.697565844
semantic-preserving,CodeMark,csn_js,test#749,0,0.025425959378,0.021541136317,307,313,82.820714588,68.821521779
semantic-preserving,CodeMark,csn_js,test#750,0,0.028721156530,0.021662903950,410,375,70.051601293,57.767743866
semantic-preserving,CodeMark,csn_js,test#751,0,0.032706455328,0.022121895105,436,382,75.014805797,57.910720169
semantic-preserving,CodeMark,csn_js,test#752,0,0.008935091086,0.006443735212,98,90,91.174398834,71.597057912
semantic-preserving,CodeMark,csn_js,test#753,0,0.013546720147,0.010340699926,174,173,77.854713489,59.772831942
semantic-preserving,CodeMark,csn_js,test#754,0,0.017965810373,0.014913550578,235,246,76.450256908,60.624189342
semantic-preserving,CodeMark,csn_js,test#755,0,0.019127970561,0.014238221571,299,274,63.973145690,51.964312302
semantic-preserving,CodeMark,csn_js,test#756,0,0.006577829830,0.004322458990,54,56,121.811663525,77.186767677
semantic-preserving,CodeMark,csn_js,test#757,0,0.006355800666,0.004315602593,83,73,76.575911638,59.117843741
semantic-preserving,CodeMark,csn_js,test#758,0,0.023388369940,0.017212837003,323,309,72.409814056,55.704974120
semantic-preserving,CodeMark,csn_js,test#759,0,0.008384747431,0.005724522285,85,79,98.644087420,72.462307407
semantic-preserving,CodeMark,csn_js,test#760,0,0.023050683551,0.018476909027,382,326,60.342103535,56.677635051
semantic-preserving,CodeMark,csn_js,test#761,0,0.005673095584,0.003446703777,57,54,99.527992700,63.827847717
semantic-preserving,CodeMark,csn_js,test#762,0,0.014130842872,0.011773489416,173,182,81.681172670,64.689502284
semantic-preserving,CodeMark,csn_js,test#763,0,0.005426958203,0.003516437486,55,52,98.671967333,67.623797804
semantic-preserving,CodeMark,csn_js,test#764,0,0.007545204833,0.006495214067,93,100,81.131234765,64.952140674
semantic-preserving,CodeMark,csn_js,test#765,0,0.019417216070,0.017442928627,279,299,69.595756523,58.337553937
semantic-preserving,CodeMark,csn_js,test#766,0,0.013669283129,0.011720302515,157,182,87.065497639,64.397266564
semantic-preserving,CodeMark,csn_js,test#767,0,0.011535694823,0.008562800474,159,140,72.551539765,61.162860532
semantic-preserving,CodeMark,csn_js,test#768,0,0.005588263273,0.003607192077,49,44,114.046189250,81.981638108
semantic-preserving,CodeMark,csn_js,test#769,0,0.020346819423,0.014196763746,252,224,80.741346917,63.378409582
semantic-preserving,CodeMark,csn_js,test#770,0,0.010707603768,0.007456483319,119,108,89.979863593,69.041512217
semantic-preserving,CodeMark,csn_js,test#771,0,0.004599456675,0.003332879394,49,49,93.866462762,68.017946822
semantic-preserving,CodeMark,csn_js,test#772,0,0.007317799143,0.005131245591,107,97,68.390646201,52.899439080
semantic-preserving,CodeMark,csn_js,test#773,0,0.006810919382,0.004314046353,70,64,97.298848310,67.406974267
semantic-preserving,CodeMark,csn_js,test#774,0,0.009374146350,0.007378358394,116,101,80.811606463,73.053053405
semantic-preserving,CodeMark,csn_js,test#775,0,0.011783018708,0.008279602043,141,127,83.567508569,65.193716877
semantic-preserving,CodeMark,csn_js,test#776,0,0.013739335351,0.009521186352,168,152,81.781758040,62.639383893
semantic-preserving,CodeMark,csn_js,test#777,0,0.005521740764,0.003897945397,47,46,117.483846051,84.737943404
semantic-preserving,CodeMark,csn_js,test#778,0,0.009172222577,0.006445867941,104,101,88.194447856,63.820474661
semantic-preserving,CodeMark,csn_js,test#779,0,0.032819272019,0.024407107383,430,390,76.323888416,62.582326623
semantic-preserving,CodeMark,csn_js,test#780,0,0.009873623028,0.007347267121,122,103,80.931336298,71.332690496
semantic-preserving,CodeMark,csn_js,test#781,0,0.004856214859,0.002935866825,37,32,131.249050232,91.745838290
semantic-preserving,CodeMark,csn_js,test#782,0,0.008486046456,0.006396695971,85,83,99.835840656,77.068626163
semantic-preserving,CodeMark,csn_js,test#783,0,0.008427951485,0.006285498850,90,87,93.643905388,72.247113219
semantic-preserving,CodeMark,csn_js,test#784,0,0.008915404789,0.005908129737,103,88,86.557328050,67.137837918
semantic-preserving,CodeMark,csn_js,test#785,0,0.008517670445,0.005734189413,94,97,90.613515374,59.115354778
semantic-preserving,CodeMark,csn_js,test#786,0,0.006968801841,0.004734792747,67,61,104.011967778,77.619553223
semantic-preserving,CodeMark,csn_js,test#787,0,0.007492947392,0.004954911768,76,72,98.591413055,68.818219006
semantic-preserving,CodeMark,csn_js,test#788,0,0.013073708862,0.010259953327,166,151,78.757282302,67.946710778
semantic-preserving,CodeMark,csn_js,test#789,0,0.013828145340,0.009198228829,163,152,84.835247485,60.514663346
semantic-preserving,CodeMark,csn_js,test#790,0,0.026008404791,0.018402492628,398,351,65.347750732,52.428753925
semantic-preserving,CodeMark,csn_js,test#791,0,0.015533937141,0.012231804430,250,223,62.135748565,54.851140944
semantic-preserving,CodeMark,csn_js,test#792,0,0.006326802075,0.004245897755,60,59,105.446701248,71.964368729
semantic-preserving,CodeMark,csn_js,test#793,0,0.011023939587,0.007688920014,155,140,71.122190885,54.920857240
semantic-preserving,CodeMark,csn_js,test#794,0,0.009886671789,0.006888383999,111,96,89.069115216,71.753999994
semantic-preserving,CodeMark,csn_js,test#795,0,0.011725198478,0.008389074355,120,117,97.709987313,71.701490217
semantic-preserving,CodeMark,csn_js,test#796,0,0.027493142523,0.021306806244,358,341,76.796487494,62.483302768
semantic-preserving,CodeMark,csn_js,test#797,0,0.013963324018,0.009500945918,175,152,79.790422959,62.506223146
semantic-preserving,CodeMark,csn_js,test#798,0,0.013677378185,0.009976021014,165,152,82.893201122,65.631717198
semantic-preserving,CodeMark,csn_js,test#799,0,0.010246251710,0.006838199683,105,96,97.583349617,71.231246693
semantic-preserving,CodeMark,csn_js,test#800,0,0.008125509135,0.005835188553,81,86,100.314927598,67.851029683
semantic-preserving,CodeMark,csn_js,test#801,0,0.032086714171,0.021961442195,378,331,84.885487225,66.348767960
semantic-preserving,CodeMark,csn_js,test#802,0,0.011413607746,0.008974988945,123,135,92.793558914,66.481399591
semantic-preserving,CodeMark,csn_js,test#803,0,0.022771007381,0.015747897327,290,273,78.520715108,57.684605593
semantic-preserving,CodeMark,csn_js,test#804,0,0.026107486337,0.022262345068,320,327,81.585894804,68.080565958
semantic-preserving,CodeMark,csn_js,test#805,0,0.012540732510,0.010540039279,142,156,88.315017679,67.564354350
semantic-preserving,CodeMark,csn_js,test#806,0,0.005591467954,0.003739153966,49,51,114.111590902,73.316744437
semantic-preserving,CodeMark,csn_js,test#807,0,0.008638933301,0.005538336001,74,76,116.742341905,72.872842123
semantic-preserving,CodeMark,csn_js,test#808,0,0.005931079388,0.004015143961,61,55,97.230809634,73.002617468
semantic-preserving,CodeMark,csn_js,test#809,0,0.005193149671,0.003944134340,49,52,105.982646346,75.848737302
semantic-preserving,CodeMark,csn_js,test#810,0,0.004721733741,0.003012615256,43,41,109.807761429,73.478420878
semantic-preserving,CodeMark,csn_js,test#811,0,0.010912486352,0.007551045157,135,123,80.833232237,61.390611033
semantic-preserving,CodeMark,csn_js,test#812,0,0.007961054333,0.005181737244,80,77,99.513179157,67.295288885
semantic-preserving,CodeMark,csn_js,test#813,0,0.014435342513,0.011827533133,163,174,88.560383515,67.974328352
semantic-preserving,CodeMark,csn_js,test#814,0,0.009700546972,0.007650788873,103,122,94.180067694,62.711384208
semantic-preserving,CodeMark,csn_js,test#815,0,0.012697184458,0.009743037634,136,134,93.361650429,72.709236072
semantic-preserving,CodeMark,csn_js,test#816,0,0.011559600942,0.009190992452,116,122,99.651732257,75.336003707
semantic-preserving,CodeMark,csn_js,test#817,0,0.005730460398,0.004287446849,47,58,121.924689317,73.921497397
semantic-preserving,CodeMark,csn_js,test#818,0,0.008400396444,0.005872524343,80,83,105.004955549,70.753305343
semantic-preserving,CodeMark,csn_js,test#819,0,0.012838197872,0.009316999465,139,128,92.361135770,72.789058322
semantic-preserving,CodeMark,csn_js,test#820,0,0.009859812446,0.006567117758,105,101,93.902975676,65.020967902
semantic-preserving,CodeMark,csn_js,test#821,0,0.007516940124,0.005824445747,78,77,96.371027235,75.642152556
semantic-preserving,CodeMark,csn_js,test#822,0,0.011662722565,0.007534550503,116,108,100.540711769,69.764356508
semantic-preserving,CodeMark,csn_js,test#823,0,0.012225343846,0.009500853717,139,143,87.952113998,66.439536485
semantic-preserving,CodeMark,csn_js,test#824,0,0.009379253723,0.007203431800,103,121,91.060715755,59.532494215
semantic-preserving,CodeMark,csn_js,test#825,0,0.010201657191,0.007001663558,111,99,91.906821540,70.723874325
semantic-preserving,CodeMark,csn_js,test#826,0,0.007655058056,0.005340469070,85,91,90.059506543,58.686473294
semantic-preserving,CodeMark,csn_js,test#827,0,0.019650226459,0.013742554002,226,207,86.947904685,66.389149766
semantic-preserving,CodeMark,csn_js,test#828,0,0.009789293632,0.007178406231,103,119,95.041685747,60.322741438
semantic-preserving,CodeMark,csn_js,test#829,0,0.017761188559,0.014018166810,213,206,83.385861780,68.049353448
semantic-preserving,CodeMark,csn_js,test#830,0,0.010965248570,0.007996757515,117,117,93.720073247,68.348354827
semantic-preserving,CodeMark,csn_js,test#831,0,0.005611852743,0.003879077733,49,50,114.527606995,77.581554651
semantic-preserving,CodeMark,csn_js,test#832,0,0.007292646915,0.005483902991,70,76,104.180670210,72.156618300
semantic-preserving,CodeMark,csn_js,test#833,0,0.008955792524,0.007954934612,96,110,93.289505458,72.317587381
semantic-preserving,CodeMark,csn_js,test#834,0,0.011684867553,0.007798115723,122,116,95.777602897,67.225135542
semantic-preserving,CodeMark,csn_js,test#835,0,0.006512599066,0.004701354541,72,65,90.452764804,72.328531398
semantic-preserving,CodeMark,csn_js,test#836,0,0.008060304448,0.005165075883,83,71,97.112101783,72.747547652
semantic-preserving,CodeMark,csn_js,test#837,0,0.022135498002,0.016139242798,253,245,87.492086965,65.874460400
semantic-preserving,CodeMark,csn_js,test#838,0,0.033295246772,0.025398204103,410,351,81.207918957,72.359555849
semantic-preserving,CodeMark,csn_js,test#839,0,0.038671892136,0.026749366894,551,522,70.184922208,51.243997882
semantic-preserving,CodeMark,csn_js,test#840,0,0.016342582181,0.013163815252,183,212,89.303727766,62.093468172
semantic-preserving,CodeMark,csn_js,test#841,0,0.006827211939,0.004456286319,62,63,110.116321594,70.734703470
semantic-preserving,CodeMark,csn_js,test#842,0,0.005878185853,0.003680247813,45,46,130.626352297,80.005387249
semantic-preserving,CodeMark,csn_js,test#843,0,0.007184134796,0.005364224315,66,84,108.850527216,63.859813270
semantic-preserving,CodeMark,csn_js,test#844,0,0.008061699569,0.005114784464,87,82,92.663213439,62.375420296
semantic-preserving,CodeMark,csn_js,test#845,0,0.005758854561,0.003916938789,49,49,117.527644093,79.937526310
semantic-preserving,CodeMark,csn_js,test#846,0,0.034175935201,0.026155783795,460,441,74.295511307,59.310167335
semantic-preserving,CodeMark,csn_js,test#847,0,0.005131660961,0.004020040855,49,57,104.727774706,70.527032541
semantic-preserving,CodeMark,csn_js,test#848,0,0.004797282629,0.003337910399,46,45,104.288752798,74.175786641
semantic-preserving,CodeMark,csn_js,test#849,0,0.016256976873,0.013054910116,215,202,75.613845919,64.628267900
semantic-preserving,CodeMark,csn_js,test#850,0,0.005546443164,0.004004805349,50,54,110.928863287,74.163062015
semantic-preserving,CodeMark,csn_js,test#851,0,0.009415135719,0.006726644933,99,91,95.102380999,73.919175090
semantic-preserving,CodeMark,csn_js,test#852,0,0.033563509583,0.027809878811,411,438,81.663040349,63.492873998
semantic-preserving,CodeMark,csn_js,test#853,0,0.010007060133,0.007107384503,83,86,120.566989553,82.644005848
semantic-preserving,CodeMark,csn_js,test#854,0,0.004957027733,0.003257647157,49,44,101.163831292,74.037435380
semantic-preserving,CodeMark,csn_js,test#855,0,0.015726001002,0.010613029823,187,167,84.096262042,63.551076783
semantic-preserving,CodeMark,csn_js,test#856,0,0.007123189978,0.005305319093,69,71,103.234637367,74.722804129
semantic-preserving,CodeMark,csn_js,test#857,0,0.004287948832,0.002756577916,30,30,142.931627731,91.885930548
semantic-preserving,CodeMark,csn_js,test#858,0,0.005084265023,0.003536088392,55,52,92.441182245,68.001699849
semantic-preserving,CodeMark,csn_js,test#859,0,0.009049428627,0.006021454930,104,94,87.013736797,64.058031173
semantic-preserving,CodeMark,csn_js,test#860,0,0.018553650007,0.014982683584,229,237,81.020305706,63.218074194
semantic-preserving,CodeMark,csn_js,test#861,0,0.013290456496,0.009565704502,163,145,81.536542921,65.970375877
semantic-preserving,CodeMark,csn_js,test#862,0,0.008892126381,0.006928635761,113,97,78.691383906,71.429234651
semantic-preserving,CodeMark,csn_js,test#863,0,0.029150429182,0.021000440232,419,399,69.571430028,52.632682287
semantic-preserving,CodeMark,csn_js,test#864,0,0.004298126325,0.002604043111,34,32,126.415480147,81.376347225
semantic-preserving,CodeMark,csn_js,test#865,0,0.008578016423,0.006518361159,80,93,107.225205284,70.089904932
semantic-preserving,CodeMark,csn_js,test#866,0,0.010891878977,0.007657964714,119,122,91.528394768,62.770202573
semantic-preserving,CodeMark,csn_js,test#867,0,0.004090926610,0.002724154852,26,31,157.343331151,87.875962978
semantic-preserving,CodeMark,csn_js,test#868,0,0.040220537223,0.029536304064,524,472,76.756750425,62.576915390
semantic-preserving,CodeMark,csn_js,test#869,0,0.006682672538,0.004251199774,44,47,151.878921315,90.451059031
semantic-preserving,CodeMark,csn_js,test#870,0,0.010249526240,0.007085626945,116,104,88.357984827,68.131028316
semantic-preserving,CodeMark,csn_js,test#871,0,0.004015889019,0.003286077641,30,40,133.862967292,82.151941024
semantic-preserving,CodeMark,csn_js,test#872,0,0.008586701937,0.006454671733,99,102,86.734363000,63.281095422
semantic-preserving,CodeMark,csn_js,test#873,0,0.007515510544,0.004952781834,66,57,113.871371882,86.890909363
semantic-preserving,CodeMark,csn_js,test#874,0,0.018987721764,0.013219611719,222,211,85.530278214,62.652188243
semantic-preserving,CodeMark,csn_js,test#875,0,0.008430498652,0.005339909345,87,88,96.902283358,60.680788010
semantic-preserving,CodeMark,csn_js,test#876,0,0.025775541551,0.018389884382,278,276,92.717775365,66.630015879
semantic-preserving,CodeMark,csn_js,test#877,0,0.013058184646,0.009509684518,136,133,96.016063574,71.501387353
semantic-preserving,CodeMark,csn_js,test#878,0,0.030641555786,0.022609586827,367,327,83.491977619,69.142467362
semantic-preserving,CodeMark,csn_js,test#879,0,0.004806939512,0.003079541959,30,31,160.231317083,99.340063189
semantic-preserving,CodeMark,csn_js,test#880,0,0.005546469241,0.003989721648,34,35,163.131448276,113.992047097
semantic-preserving,CodeMark,csn_js,test#881,0,0.007894591428,0.005525833927,69,78,114.414368527,70.844024706
semantic-preserving,CodeMark,csn_js,test#882,0,0.008901720867,0.005990236066,87,80,102.318630650,74.877950829
semantic-preserving,CodeMark,csn_js,test#883,0,0.006771801971,0.004478996620,70,66,96.740028156,67.863585145
semantic-preserving,CodeMark,csn_js,test#884,0,0.005853696726,0.004064770415,57,54,102.696433794,75.273526212
semantic-preserving,CodeMark,csn_js,test#885,0,0.004580670968,0.003026867285,39,38,117.453101736,79.654402247
semantic-preserving,CodeMark,csn_js,test#886,0,0.004677722231,0.003093181178,40,42,116.943055764,73.647170904
semantic-preserving,CodeMark,csn_js,test#887,0,0.005851502530,0.003518954851,58,61,100.887974660,57.687784438
semantic-preserving,CodeMark,csn_js,test#888,0,0.004353665747,0.002847847529,35,30,124.390449907,94.928250959
semantic-preserving,CodeMark,csn_js,test#889,0,0.013120133430,0.011407801881,122,141,107.542077293,80.906396322
semantic-preserving,CodeMark,csn_js,test#890,0,0.005775075406,0.004163941368,73,78,79.110621998,53.383863698
semantic-preserving,CodeMark,csn_js,test#891,0,0.007990378886,0.007150128484,99,111,80.710897843,64.415571926
semantic-preserving,CodeMark,csn_js,test#892,0,0.015936885029,0.010753386654,186,161,85.682177576,66.791221453
semantic-preserving,CodeMark,csn_js,test#893,0,0.010742596351,0.007519746199,133,115,80.771401132,65.389097385
semantic-preserving,CodeMark,csn_js,test#894,0,0.025332549587,0.018570404500,342,305,74.071782418,60.886572130
semantic-preserving,CodeMark,csn_js,test#895,0,0.006277944893,0.004319988191,61,56,102.917129388,77.142646270
semantic-preserving,CodeMark,csn_js,test#896,0,0.009031748399,0.006976108067,115,106,78.536942601,65.812340252
semantic-preserving,CodeMark,csn_js,test#897,0,0.006172496825,0.004255331121,65,60,94.961489622,70.922185356
semantic-preserving,CodeMark,csn_js,test#898,0,0.007232557051,0.005151235498,80,75,90.406963136,68.683139980
semantic-preserving,CodeMark,csn_js,test#899,0,0.025470522232,0.019384958781,340,326,74.913300683,59.463063746
semantic-preserving,CodeMark,csn_js,test#900,0,0.007874299772,0.005708083510,101,89,77.963364080,64.135769780
semantic-preserving,CodeMark,csn_js,test#901,0,0.035020535812,0.026562446728,500,442,70.041071624,60.096033322
semantic-preserving,CodeMark,csn_js,test#902,0,0.017805214040,0.013271993026,251,234,70.937107729,56.717918915
semantic-preserving,CodeMark,csn_js,test#903,0,0.038448272273,0.027461322956,539,499,71.332601620,55.032711334
semantic-preserving,CodeMark,csn_js,test#904,0,0.017430569977,0.016143808141,212,232,82.219669701,69.585379920
semantic-preserving,CodeMark,csn_js,test#905,0,0.019252915867,0.016651454382,230,257,83.708329855,64.791651290
semantic-preserving,CodeMark,csn_js,test#906,0,0.020907996222,0.016013566405,239,254,87.481155742,63.045537026
semantic-preserving,CodeMark,csn_js,test#907,0,0.003900270909,0.002426954918,24,27,162.511287878,89.887219171
semantic-preserving,CodeMark,csn_js,test#908,0,0.006363006309,0.004295013845,66,64,96.409186495,67.109591328
semantic-preserving,CodeMark,csn_js,test#909,0,0.008777701296,0.006218807772,108,101,81.275011999,61.572354176
semantic-preserving,CodeMark,csn_js,test#910,0,0.014974691905,0.012858924456,194,199,77.189133531,64.617710834
semantic-preserving,CodeMark,csn_js,test#911,0,0.005684691481,0.003763093613,57,60,99.731429496,62.718226885
semantic-preserving,CodeMark,csn_js,test#912,0,0.004938628525,0.003444515169,44,44,112.241557376,78.284435652
semantic-preserving,CodeMark,csn_js,test#913,0,0.005926745012,0.003802469000,62,56,95.592661490,67.901232147
semantic-preserving,CodeMark,csn_js,test#914,0,0.005724163726,0.004599809647,58,73,98.692478034,63.011091049
semantic-preserving,CodeMark,csn_js,test#915,0,0.005681465380,0.003439445049,58,53,97.956299653,64.895189596
semantic-preserving,CodeMark,csn_js,test#916,0,0.014629932120,0.011545206420,174,183,84.080069658,63.088559673
semantic-preserving,CodeMark,csn_js,test#917,0,0.018382580951,0.012983037159,226,220,81.338853765,59.013805267
semantic-preserving,CodeMark,csn_js,test#918,0,0.030980721116,0.026543126442,411,423,75.378883494,62.749707900
semantic-preserving,CodeMark,csn_js,test#919,0,0.005301682279,0.003357623704,52,54,101.955428433,62.178216737
semantic-preserving,CodeMark,csn_js,test#920,0,0.011496017687,0.009163332172,146,141,78.739847171,64.988171431
semantic-preserving,CodeMark,csn_js,test#921,0,0.013708453625,0.011618434452,160,170,85.677835159,68.343732068
semantic-preserving,CodeMark,csn_js,test#922,0,0.005501331761,0.003359341994,49,45,112.272076765,74.652044310
semantic-preserving,CodeMark,csn_js,test#923,0,0.006142958999,0.004051920958,74,64,83.012959442,63.311264967
semantic-preserving,CodeMark,csn_js,test#924,0,0.022673168220,0.017945802771,294,304,77.119619795,59.032245956
semantic-preserving,CodeMark,csn_js,test#925,0,0.019853456877,0.014407846145,292,264,67.991290675,54.575174793
semantic-preserving,CodeMark,csn_js,test#926,0,0.005272444338,0.003138044849,55,44,95.862624320,71.319201115
semantic-preserving,CodeMark,csn_js,test#927,0,0.010308284312,0.007471618243,129,117,79.909180717,63.859984979
semantic-preserving,CodeMark,csn_js,test#928,0,0.011442885734,0.010814119130,148,155,77.316795501,69.768510519
semantic-preserving,CodeMark,csn_js,test#929,0,0.020386075601,0.015429895371,251,230,81.219424705,67.086501614
semantic-preserving,CodeMark,csn_js,test#930,0,0.008230938576,0.005411801860,107,96,76.924659590,56.372936039
semantic-preserving,CodeMark,csn_js,test#931,0,0.006523953751,0.005144817755,85,78,76.752397067,65.959201982
semantic-preserving,CodeMark,csn_js,test#932,0,0.011878057383,0.008079094812,154,146,77.130242747,55.336265837
semantic-preserving,CodeMark,csn_js,test#933,0,0.009426853620,0.006285342388,110,105,85.698669268,59.860403694
semantic-preserving,CodeMark,csn_js,test#934,0,0.011956874281,0.008070704527,132,123,90.582380918,65.615483961
semantic-preserving,CodeMark,csn_js,test#935,0,0.015839608386,0.011302704923,174,162,91.032232104,69.769783474
semantic-preserving,CodeMark,csn_js,test#936,0,0.017577776685,0.011830840260,235,210,74.799049725,56.337334570
semantic-preserving,CodeMark,csn_js,test#937,0,0.028327669948,0.019919753075,417,390,67.932062226,51.076289935
semantic-preserving,CodeMark,csn_js,test#938,0,0.007867579348,0.005188051611,81,72,97.130609239,72.056272378
semantic-preserving,CodeMark,csn_js,test#939,0,0.005668843165,0.003666535020,50,47,113.376863301,78.011383402
semantic-preserving,CodeMark,csn_js,test#940,0,0.023933443241,0.017273161560,311,259,76.956409134,66.691743476
semantic-preserving,CodeMark,csn_js,test#941,0,0.025930842385,0.019000836648,345,296,75.161861985,64.192015703
semantic-preserving,CodeMark,csn_js,test#942,0,0.027236388996,0.022390318103,361,322,75.447060931,69.535149389
semantic-preserving,CodeMark,csn_js,test#943,0,0.004134131595,0.002634900622,26,27,159.005061365,97.588911929
semantic-preserving,CodeMark,csn_js,test#944,0,0.027365931310,0.019829972647,440,359,62.195298431,55.236692610
semantic-preserving,CodeMark,csn_js,test#945,0,0.007753276266,0.005782051943,99,89,78.315921880,64.966875767
semantic-preserving,CodeMark,csn_js,test#946,0,0.004340533167,0.002645050175,33,29,131.531308095,91.208626741
semantic-preserving,CodeMark,csn_js,test#947,0,0.004877087660,0.003109847195,44,42,110.842901367,74.043980844
semantic-preserving,CodeMark,csn_js,test#948,0,0.004764902405,0.003132484853,38,43,125.392168564,72.848484960
semantic-preserving,CodeMark,csn_js,test#949,0,0.020345327444,0.016485966742,286,272,71.137508547,60.610171846
semantic-preserving,CodeMark,csn_js,test#950,0,0.005755201913,0.004120935686,52,59,110.676959873,69.846367558
semantic-preserving,CodeMark,csn_js,test#951,0,0.006533933803,0.004126894288,60,60,108.898896724,68.781571463
semantic-preserving,CodeMark,csn_js,test#952,0,0.009813486598,0.006489032879,113,103,86.845014145,63.000319218
semantic-preserving,CodeMark,csn_js,test#953,0,0.013014287688,0.009228640236,134,130,97.121549909,70.989540277
semantic-preserving,CodeMark,csn_js,test#954,0,0.007911150344,0.005237997510,74,89,106.907437077,58.853904602
semantic-preserving,CodeMark,csn_js,test#955,0,0.011834195815,0.008504388854,127,113,93.182644213,75.260078353
semantic-preserving,CodeMark,csn_js,test#956,0,0.008316979744,0.005835258402,92,88,90.401953734,66.309754567
semantic-preserving,CodeMark,csn_js,test#957,0,0.019286654890,0.014739344828,227,225,84.963237399,65.508199235
semantic-preserving,CodeMark,csn_js,test#958,0,0.008118327707,0.005517946556,108,87,75.169700991,63.424673060
semantic-preserving,CodeMark,csn_js,test#959,0,0.012739459053,0.009275342338,167,141,76.284185944,65.782569772
semantic-preserving,CodeMark,csn_js,test#960,0,0.033274616115,0.026616347954,557,550,59.738987639,48.393359916
semantic-preserving,CodeMark,csn_js,test#961,0,0.034086781554,0.023989535868,477,457,71.460757975,52.493513935
semantic-preserving,CodeMark,csn_js,test#962,0,0.008075926453,0.005270773545,71,65,113.745442998,81.088823768
semantic-preserving,CodeMark,csn_js,test#963,0,0.015427054837,0.011639473960,180,184,85.705860207,63.258010651
semantic-preserving,CodeMark,csn_js,test#964,0,0.005629392341,0.003927225247,63,62,89.355433981,63.342342694
semantic-preserving,CodeMark,csn_js,test#965,0,0.015293211676,0.011879401281,211,229,72.479676190,51.875114766
semantic-preserving,CodeMark,csn_js,test#966,0,0.011161245406,0.008095710538,127,110,87.883822092,73.597368530
semantic-preserving,CodeMark,csn_js,test#967,0,0.008273721673,0.005313369446,92,77,89.931757311,69.004797994
semantic-preserving,CodeMark,csn_js,test#968,0,0.009999219328,0.006899486296,102,98,98.031562041,70.402921387
semantic-preserving,CodeMark,csn_js,test#969,0,0.018065121956,0.014194219373,252,249,71.686991890,57.004897081
semantic-preserving,CodeMark,csn_js,test#970,0,0.019196902402,0.017146877013,238,253,80.659253789,67.774217443
semantic-preserving,CodeMark,csn_js,test#971,0,0.005171549506,0.003478727303,51,51,101.402931500,68.210339283
semantic-preserving,CodeMark,csn_js,test#972,0,0.036816694774,0.025971890427,543,488,67.802384482,53.221086941
semantic-preserving,CodeMark,csn_js,test#973,0,0.014792375267,0.009788205847,148,142,99.948481531,68.931027093
semantic-preserving,CodeMark,csn_js,test#974,0,0.010196268559,0.007149316370,101,102,100.953154045,70.091336966
semantic-preserving,CodeMark,csn_js,test#975,0,0.005344988778,0.003567611799,39,42,137.050994314,84.943138063
semantic-preserving,CodeMark,csn_js,test#976,0,0.006939068437,0.004498799331,77,76,90.117771904,59.194728046
semantic-preserving,CodeMark,csn_js,test#977,0,0.006151134148,0.004162442870,67,66,91.807972362,63.067316219
semantic-preserving,CodeMark,csn_js,test#978,0,0.004413138144,0.003395030275,32,41,137.910566991,82.805616463
semantic-preserving,CodeMark,csn_js,test#979,0,0.022075879388,0.015566513874,265,259,83.305205236,60.102370168
semantic-preserving,CodeMark,csn_js,test#980,0,0.006448236294,0.004064084031,49,49,131.596659063,82.940490422
semantic-preserving,CodeMark,csn_js,test#981,0,0.008726178668,0.006008408964,91,84,95.892073280,71.528678139
semantic-preserving,CodeMark,csn_js,test#982,0,0.004390606657,0.003009301610,37,34,118.665044775,88.508870891
semantic-preserving,CodeMark,csn_js,test#983,0,0.004378972575,0.003096430562,37,34,118.350610137,91.071487130
semantic-preserving,CodeMark,csn_js,test#984,0,0.005730766803,0.003745774738,65,58,88.165643123,64.582323077
semantic-preserving,CodeMark,csn_js,test#985,0,0.004752848297,0.003026443534,48,43,99.017672862,70.382407758
semantic-preserving,CodeMark,csn_js,test#986,0,0.004697803408,0.003023291007,50,46,93.956068158,65.723717537
semantic-preserving,CodeMark,csn_js,test#987,0,0.004685525782,0.002999162301,52,48,90.106265046,62.482547946
semantic-preserving,CodeMark,csn_js,test#988,0,0.004870752804,0.003077322617,51,51,95.504956941,60.339659160
semantic-preserving,CodeMark,csn_js,test#989,0,0.005370042287,0.003776034340,45,49,119.334273040,77.061925311
semantic-preserving,CodeMark,csn_js,test#990,0,0.004827273078,0.003463302739,36,45,134.090918841,76.962283088
semantic-preserving,CodeMark,csn_js,test#991,0,0.004724435508,0.003333237953,36,45,131.234319674,74.071954522
semantic-preserving,CodeMark,csn_js,test#992,0,0.004881242290,0.003171402961,34,37,143.565949710,85.713593541
semantic-preserving,CodeMark,csn_js,test#993,0,0.004646669142,0.002815277316,32,31,145.208410686,90.815397280
semantic-preserving,CodeMark,csn_js,test#994,0,0.005661479197,0.003903287463,48,46,117.947483280,84.854075280
semantic-preserving,CodeMark,csn_js,test#995,0,0.005870815367,0.004151393659,53,58,110.770101255,71.575752748
semantic-preserving,CodeMark,csn_js,test#996,0,0.019656882621,0.014746088535,231,240,85.094729963,61.442035561
semantic-preserving,CodeMark,csn_js,test#997,0,0.012117452919,0.008109496906,141,131,85.939382408,61.904556537
semantic-preserving,CodeMark,csn_js,test#998,0,0.007834495977,0.005686229095,81,91,96.722172550,62.486034009
semantic-preserving,CodeMark,csn_js,test#999,0,0.032098682597,0.023235984147,414,386,77.533049752,60.196850121
semantic-preserving,CodeMark,csn_js,test#1000,0,0.006112344563,0.004759772681,52,57,117.545087750,83.504783872
semantic-preserving,CodeMark,csn_js,test#1001,0,0.007179599255,0.005607899278,70,70,102.565703647,80.112846834
semantic-preserving,CodeMark,csn_js,test#1002,0,0.006186054088,0.003895211034,49,50,126.246001799,77.904220670
semantic-preserving,CodeMark,csn_js,test#1003,0,0.007992178202,0.005254652351,87,83,91.864117261,63.309064472
semantic-preserving,CodeMark,csn_js,test#1004,0,0.012805527076,0.009362800978,140,130,91.468050544,72.021545986
semantic-preserving,CodeMark,csn_js,test#1005,0,0.014853397384,0.012112154625,177,206,83.917499346,58.796867113
semantic-preserving,CodeMark,csn_js,test#1006,0,0.010490875691,0.007968963124,109,115,96.246565974,69.295331512
semantic-preserving,CodeMark,csn_js,test#1007,0,0.007029738277,0.004474418238,61,61,115.241611102,73.351118653
semantic-preserving,CodeMark,csn_js,test#1008,0,0.007630603388,0.006250747479,75,80,101.741378506,78.134343494
semantic-preserving,CodeMark,csn_js,test#1009,0,0.005406699143,0.003570131026,46,51,117.536937899,70.002569141
semantic-preserving,CodeMark,csn_js,test#1010,0,0.009761835448,0.007007722743,106,102,92.092787249,68.703164146
semantic-preserving,CodeMark,csn_js,test#1011,0,0.005258709192,0.003619974479,45,55,116.860204273,65.817717801
semantic-preserving,CodeMark,csn_js,test#1012,0,0.005254472606,0.003733437508,44,48,119.419831952,77.779948091
semantic-preserving,CodeMark,csn_js,test#1013,0,0.005236619152,0.003322472796,47,41,111.417428769,81.035921850
semantic-preserving,CodeMark,csn_js,test#1014,0,0.005277090706,0.003338407725,46,46,114.719363172,72.574080980
semantic-preserving,CodeMark,csn_js,test#1015,0,0.007247584872,0.005131168291,78,81,92.917754769,63.347756679
semantic-preserving,CodeMark,csn_js,test#1016,0,0.008189931512,0.006785180420,80,88,102.374143898,77.104322951
semantic-preserving,CodeMark,csn_js,test#1017,0,0.008095262572,0.005515663885,80,84,101.190782152,65.662665293
semantic-preserving,CodeMark,csn_js,test#1018,0,0.011386267841,0.008365637623,129,127,88.265642177,65.871162384
semantic-preserving,CodeMark,csn_js,test#1019,0,0.007100180723,0.005365648307,64,76,110.940323793,70.600635617
semantic-preserving,CodeMark,csn_js,test#1020,0,0.007526871748,0.004766735248,65,65,115.798026896,73.334388435
semantic-preserving,CodeMark,csn_js,test#1021,0,0.006305177696,0.004390647635,53,55,118.965616907,79.829956998
semantic-preserving,CodeMark,csn_js,test#1022,0,0.005543317646,0.003680723719,41,42,135.202869409,87.636279031
semantic-preserving,CodeMark,csn_js,test#1023,0,0.016455966979,0.011976150796,205,200,80.273009655,59.880753979
semantic-preserving,CodeMark,csn_js,test#1024,0,0.023772224784,0.019024358131,294,308,80.857907428,61.767396529
semantic-preserving,CodeMark,csn_js,test#1025,0,0.037425649352,0.027214313857,527,523,71.016412433,52.035016935
semantic-preserving,CodeMark,csn_js,test#1026,0,0.005206520669,0.003273461945,39,40,133.500529979,81.836548634
semantic-preserving,CodeMark,csn_js,test#1027,0,0.005137796514,0.003322919831,40,47,128.444912843,70.700421929
semantic-preserving,CodeMark,csn_js,test#1028,0,0.006234209053,0.004029620439,53,55,117.626585910,73.265826160
semantic-preserving,CodeMark,csn_js,test#1029,0,0.009483942762,0.005419755355,91,80,104.219151231,67.746941932
semantic-preserving,CodeMark,csn_js,test#1030,0,0.005692498758,0.003661417402,53,50,107.405636952,73.228348047
semantic-preserving,CodeMark,csn_js,test#1031,0,0.012478693388,0.008637744002,147,137,84.889070669,63.049226292
semantic-preserving,CodeMark,csn_js,test#1032,0,0.017788648605,0.014460931532,244,240,72.904297563,60.253881384
semantic-preserving,CodeMark,csn_js,test#1033,0,0.015681529418,0.014440422878,209,217,75.031241233,66.545727547
semantic-preserving,CodeMark,csn_js,test#1034,0,0.012162876315,0.010792707093,152,159,80.018923128,67.878660963
semantic-preserving,CodeMark,csn_js,test#1035,0,0.018362659961,0.017749028280,216,224,85.012314634,79.236733395
semantic-preserving,CodeMark,csn_js,test#1036,0,0.004150611348,0.002742842771,31,34,133.890688660,80.671846209
semantic-preserving,CodeMark,csn_js,test#1037,0,0.004928310402,0.003094568849,41,39,120.202692725,79.347919195
semantic-preserving,CodeMark,csn_js,test#1038,0,0.022795241326,0.021058985963,283,298,80.548555923,70.667738132
semantic-preserving,CodeMark,csn_js,test#1039,0,0.011904620565,0.008231448941,138,131,86.265366416,62.835488099
semantic-preserving,CodeMark,csn_js,test#1040,0,0.005855183117,0.003718377091,54,48,108.429316983,77.466189396
semantic-preserving,CodeMark,csn_js,test#1041,0,0.008729493245,0.005799304694,100,100,87.294932455,57.993046939
semantic-preserving,CodeMark,csn_js,test#1042,0,0.014077258296,0.009782390669,169,161,83.297386369,60.760190491
semantic-preserving,CodeMark,csn_js,test#1043,0,0.006029181182,0.003948600963,56,53,107.663949685,74.501904958
semantic-preserving,CodeMark,csn_js,test#1044,0,0.008664676920,0.005905675702,85,93,101.937375524,63.501889267
semantic-preserving,CodeMark,csn_js,test#1045,0,0.005242838524,0.003414998762,40,39,131.070963107,87.564070828
semantic-preserving,CodeMark,csn_js,test#1046,0,0.005858758464,0.004236121662,54,57,108.495527120,74.317923894
semantic-preserving,CodeMark,csn_js,test#1047,0,0.005918373354,0.003740463406,54,49,109.599506551,76.335987874
semantic-preserving,CodeMark,csn_js,test#1048,0,0.007648406550,0.005081895739,78,68,98.056494234,74.733760865
semantic-preserving,CodeMark,csn_js,test#1049,0,0.021931816824,0.018851991743,263,274,83.390938493,68.802889572
semantic-preserving,CodeMark,csn_js,test#1050,0,0.017365220003,0.015505461022,206,224,84.297184480,69.220808135
semantic-preserving,CodeMark,csn_js,test#1051,0,0.006757636555,0.004934927449,69,70,97.936761660,70.498963552
semantic-preserving,CodeMark,csn_js,test#1052,0,0.005559370853,0.003605956212,47,43,118.284486234,83.859446783
semantic-preserving,CodeMark,csn_js,test#1053,0,0.005869291723,0.003687823191,53,50,110.741353260,73.756463826
semantic-preserving,CodeMark,csn_js,test#1054,0,0.012921233661,0.008763640188,154,144,83.904114685,60.858612414
semantic-preserving,CodeMark,csn_js,test#1055,0,0.007445740514,0.005090810359,77,67,96.697928747,75.982244157
semantic-preserving,CodeMark,csn_js,test#1056,0,0.012213065289,0.009675768204,143,156,85.406050972,62.024155154
semantic-preserving,CodeMark,csn_js,test#1057,0,0.006611949764,0.004830528982,64,70,103.311715066,69.007556885
semantic-preserving,CodeMark,csn_js,test#1058,0,0.012480715290,0.008848279715,133,128,93.839964584,69.127185270
semantic-preserving,CodeMark,csn_js,test#1059,0,0.008982804604,0.005684711970,92,83,97.639180477,68.490505667
semantic-preserving,CodeMark,csn_js,test#1060,0,0.004621122964,0.002818163484,38,34,121.608499045,82.887161304
semantic-preserving,CodeMark,csn_js,test#1061,0,0.004349841736,0.002883486450,34,36,127.936521655,80.096845826
semantic-preserving,CodeMark,csn_js,test#1062,0,0.006258598529,0.004884077236,62,88,100.945137561,55.500877682
semantic-preserving,CodeMark,csn_js,test#1063,0,0.004779835232,0.003510280512,37,43,129.184735989,81.634430518
semantic-preserving,CodeMark,csn_js,test#1064,0,0.006885781884,0.004422415979,71,68,96.982843439,65.035529106
semantic-preserving,CodeMark,csn_js,test#1065,0,0.007520781830,0.005124600604,76,71,98.957655657,72.177473298
semantic-preserving,CodeMark,csn_js,test#1066,0,0.012881948613,0.008550498635,153,143,84.195742566,59.793696745
semantic-preserving,CodeMark,csn_js,test#1067,0,0.023258819245,0.018839999102,303,307,76.761779686,61.368075251
semantic-preserving,CodeMark,csn_js,test#1068,0,0.014964525588,0.011524770409,189,174,79.177384063,66.234312695
semantic-preserving,CodeMark,csn_js,test#1069,0,0.016824329272,0.015965053812,199,222,84.544368201,71.914656809
semantic-preserving,CodeMark,csn_js,test#1070,0,0.012575459667,0.008620816283,146,137,86.133285387,62.925666299
semantic-preserving,CodeMark,csn_js,test#1071,0,0.036257696338,0.023750304244,465,422,77.973540512,56.280341812
semantic-preserving,CodeMark,csn_js,test#1072,0,0.009306619875,0.007255717181,138,125,67.439274457,58.045737445
semantic-preserving,CodeMark,csn_js,test#1073,0,0.006000919268,0.004583274014,65,57,92.321834885,80.408316040
semantic-preserving,CodeMark,csn_js,test#1074,0,0.013424814679,0.011606915854,152,156,88.321149202,74.403306756
semantic-preserving,CodeMark,csn_js,test#1075,0,0.012191739865,0.008829040453,168,154,72.569880147,57.331431512
semantic-preserving,CodeMark,csn_js,test#1076,0,0.012668935582,0.008720324375,153,137,82.803500536,63.652002735
semantic-preserving,CodeMark,csn_js,test#1077,0,0.008958863094,0.006874100305,89,96,100.661383084,71.605211512
semantic-preserving,CodeMark,csn_js,test#1078,0,0.010954635218,0.007895332761,136,128,80.548788366,61.682287196
semantic-preserving,CodeMark,csn_js,test#1079,0,0.023068789393,0.016168510541,279,263,82.683832949,61.477226393
semantic-preserving,CodeMark,csn_js,test#1080,0,0.018625744618,0.013112063520,220,208,84.662475539,63.038766921
semantic-preserving,CodeMark,csn_js,test#1081,0,0.004561628215,0.002914082259,34,34,134.165535736,85.708301734
semantic-preserving,CodeMark,csn_js,test#1082,0,0.006872047670,0.004394364543,67,55,102.567875674,79.897537150
semantic-preserving,CodeMark,csn_js,test#1083,0,0.006101964973,0.004319718108,71,71,85.943168633,60.841100107
semantic-preserving,CodeMark,csn_js,test#1084,0,0.005838220008,0.004192478955,53,53,110.155094485,79.103376506
semantic-preserving,CodeMark,csn_js,test#1085,0,0.005855089985,0.004125846550,58,65,100.949827325,63.474562306
semantic-preserving,CodeMark,csn_js,test#1086,0,0.007512220182,0.005071421154,84,80,89.431192637,63.392764423
semantic-preserving,CodeMark,csn_js,test#1087,0,0.018871167675,0.014219686389,273,256,69.125156317,55.545649957
semantic-preserving,CodeMark,csn_js,test#1088,0,0.009628745727,0.008257973008,106,111,90.837223842,74.396153224
semantic-preserving,CodeMark,csn_js,test#1089,0,0.007297435775,0.005096129142,83,79,87.920912957,64.507963820
semantic-preserving,CodeMark,csn_js,test#1090,0,0.006288307719,0.004065144807,63,55,99.814408237,73.911723765
semantic-preserving,CodeMark,csn_js,test#1091,0,0.006898504682,0.004918225110,61,60,113.090240687,81.970418493
semantic-preserving,CodeMark,csn_js,test#1092,0,0.005180529319,0.003653817810,62,58,83.556924496,62.996858795
semantic-preserving,CodeMark,csn_js,test#1093,0,0.006278621033,0.004386624321,61,60,102.928213653,73.110405356
semantic-preserving,CodeMark,csn_js,test#1094,0,0.033095373772,0.024791360833,446,431,74.204873928,57.520558777
semantic-preserving,CodeMark,csn_js,test#1095,0,0.022785345092,0.015871658921,261,250,87.300172768,63.486635685
semantic-preserving,CodeMark,csn_js,test#1096,0,0.009948022664,0.006572129205,107,95,92.972174426,69.180307420
semantic-preserving,CodeMark,csn_js,test#1097,0,0.010294239037,0.007850241847,100,104,102.942390367,75.483094686
semantic-preserving,CodeMark,csn_js,test#1098,0,0.006198854186,0.004172171466,58,57,106.876796304,73.195990633
semantic-preserving,CodeMark,csn_js,test#1099,0,0.008017890155,0.005138241686,83,74,96.601086209,69.435698458
semantic-preserving,CodeMark,csn_js,test#1100,0,0.005157401785,0.003195939586,42,39,122.795280601,81.947168861
semantic-preserving,CodeMark,csn_js,test#1101,0,0.007550991140,0.005350898020,68,71,111.043987357,75.364760845
semantic-preserving,CodeMark,csn_js,test#1102,0,0.022682522424,0.016673756763,311,294,72.934155703,56.713458379
semantic-preserving,CodeMark,csn_js,test#1103,0,0.006863866933,0.004449769855,70,68,98.055241896,65.437791979
semantic-preserving,CodeMark,csn_js,test#1104,0,0.023950482719,0.019500761293,358,338,66.900789717,57.694560038
semantic-preserving,CodeMark,csn_js,test#1105,0,0.006509809755,0.004745989107,65,62,100.150919304,76.548211397
semantic-preserving,CodeMark,csn_js,test#1106,0,0.008953551762,0.005846373737,95,88,94.247913282,66.436065192
semantic-preserving,CodeMark,csn_js,test#1107,0,0.008842203766,0.005986295640,95,86,93.075829117,69.608088843
semantic-preserving,CodeMark,csn_js,test#1108,0,0.008948532864,0.005830491893,98,84,91.311559841,69.410617774
semantic-preserving,CodeMark,csn_js,test#1109,0,0.008640576154,0.005838681944,99,88,87.278547010,66.348658451
semantic-preserving,CodeMark,csn_js,test#1110,0,0.010543437675,0.007321900688,119,110,88.600316594,66.562733528
semantic-preserving,CodeMark,csn_js,test#1111,0,0.007980271243,0.005522994325,88,82,90.684900484,67.353589324
semantic-preserving,CodeMark,csn_js,test#1112,0,0.025791673921,0.019321551546,337,304,76.533157036,63.557735350
semantic-preserving,CodeMark,csn_js,test#1113,0,0.008435098454,0.005393095315,91,75,92.693389608,71.907937527
semantic-preserving,CodeMark,csn_js,test#1114,0,0.006372503005,0.004300610162,66,59,96.553075833,72.891697666
semantic-preserving,CodeMark,csn_js,test#1115,0,0.006287722848,0.004868809134,56,70,112.280765149,69.554416197
semantic-preserving,CodeMark,csn_js,test#1116,0,0.013080520555,0.009719806723,145,142,90.210486589,68.449343122
semantic-preserving,CodeMark,csn_js,test#1117,0,0.009242100641,0.005781415850,91,91,101.561545507,63.532042307
semantic-preserving,CodeMark,csn_js,test#1118,0,0.009458750486,0.006167553365,109,102,86.777527398,60.466209463
semantic-preserving,CodeMark,csn_js,test#1119,0,0.007231638767,0.005467377603,72,76,100.439427317,71.939178988
semantic-preserving,CodeMark,csn_js,test#1120,0,0.008050596341,0.005175150000,67,68,120.158154351,76.105147052
semantic-preserving,CodeMark,csn_js,test#1121,0,0.004795235582,0.003204128705,36,37,133.200988380,86.598073107
semantic-preserving,CodeMark,csn_js,test#1122,0,0.008184581995,0.005214925855,80,76,102.307274938,68.617445466
semantic-preserving,CodeMark,csn_js,test#1123,0,0.008312883787,0.006038060412,79,87,105.226377049,69.402993239
semantic-preserving,CodeMark,csn_js,test#1124,0,0.008948110044,0.006067697890,91,90,98.330879604,67.418865446
semantic-preserving,CodeMark,csn_js,test#1125,0,0.004462171346,0.002633552067,42,38,106.242174904,69.304001763
semantic-preserving,CodeMark,csn_js,test#1126,0,0.006345603615,0.004901126958,66,75,96.145509319,65.348359446
semantic-preserving,CodeMark,csn_js,test#1127,0,0.007230456918,0.004797593690,81,81,89.264900228,59.229551734
semantic-preserving,CodeMark,csn_js,test#1128,0,0.009538176470,0.007892836817,105,117,90.839775900,67.460143732
semantic-preserving,CodeMark,csn_js,test#1129,0,0.015400116332,0.011050264351,169,170,91.124948709,65.001555006
semantic-preserving,CodeMark,csn_js,test#1130,0,0.006460780278,0.004119307734,37,47,174.615683185,87.644845406
semantic-preserving,CodeMark,csn_js,test#1131,0,0.006311994977,0.004444946535,60,61,105.199916288,72.867975982
semantic-preserving,CodeMark,csn_js,test#1132,0,0.011917785741,0.008403328247,147,139,81.073372390,60.455598902
semantic-preserving,CodeMark,csn_js,test#1133,0,0.006803111173,0.004052940756,71,64,95.818467228,63.327199314
semantic-preserving,CodeMark,csn_js,test#1134,0,0.006301973015,0.005520976149,58,68,108.654707156,81.190825714
semantic-preserving,CodeMark,csn_js,test#1135,0,0.010514664464,0.007143765688,117,105,89.868927040,68.035863695
semantic-preserving,CodeMark,csn_js,test#1136,0,0.011381243356,0.008693845011,124,124,91.784220609,70.111653317
semantic-preserving,CodeMark,csn_js,test#1137,0,0.005254670046,0.003837940283,46,56,114.231957528,68.534647913
semantic-preserving,CodeMark,csn_js,test#1138,0,0.010960465297,0.007915614173,134,134,81.794517143,59.071747558
semantic-preserving,CodeMark,csn_js,test#1139,0,0.008262360469,0.005223116837,87,76,94.969660558,68.725221545
semantic-preserving,CodeMark,csn_js,test#1140,0,0.007612313144,0.005833487026,78,85,97.593758255,68.629259134
semantic-preserving,CodeMark,csn_js,test#1141,0,0.007337503135,0.005358129740,84,79,87.351227800,67.824427086
semantic-preserving,CodeMark,csn_js,test#1142,0,0.004272338003,0.002829513513,29,32,147.322000101,88.422297267
semantic-preserving,CodeMark,csn_js,test#1143,0,0.011857424863,0.008319737390,136,130,87.186947520,63.997979921
semantic-preserving,CodeMark,csn_js,test#1144,0,0.004602308385,0.002853850834,33,34,139.463890457,83.936789237
semantic-preserving,CodeMark,csn_js,test#1145,0,0.006943771616,0.004784875549,69,66,100.634371241,72.498114384
semantic-preserving,CodeMark,csn_js,test#1146,0,0.008011097088,0.005215677433,80,70,100.138713606,74.509677610
semantic-preserving,CodeMark,csn_js,test#1147,0,0.008324848488,0.006131544709,81,83,102.775907259,73.874032641
semantic-preserving,CodeMark,csn_js,test#1148,0,0.008792856708,0.006321434863,98,91,89.723027634,69.466317175
semantic-preserving,CodeMark,csn_js,test#1149,0,0.007881935686,0.005677261390,88,78,89.567450976,72.785402433
semantic-preserving,CodeMark,csn_js,test#1150,0,0.008948018774,0.006836476736,106,116,84.415271457,58.935144274
semantic-preserving,CodeMark,csn_js,test#1151,0,0.007199419662,0.004477516748,74,67,97.289454897,66.828608179
semantic-preserving,CodeMark,csn_js,test#1152,0,0.011745349504,0.008541175164,138,132,85.111228290,64.705872457
semantic-preserving,CodeMark,csn_js,test#1153,0,0.005957162008,0.003875827417,67,60,88.912865786,64.597123613
semantic-preserving,CodeMark,csn_js,test#1154,0,0.004757635295,0.003073197789,35,43,135.932437011,71.469716035
semantic-preserving,CodeMark,csn_js,test#1155,0,0.004598066211,0.002932777628,35,36,131.373320307,81.466045231
semantic-preserving,CodeMark,csn_js,test#1156,0,0.007808776572,0.005222729407,82,80,95.228982590,65.284117591
semantic-preserving,CodeMark,csn_js,test#1157,0,0.004871821031,0.002935690805,34,37,143.288853852,79.342994738
semantic-preserving,CodeMark,csn_js,test#1158,0,0.005623117089,0.003852284513,58,50,96.950294643,77.045690268
semantic-preserving,CodeMark,csn_js,test#1159,0,0.009311185218,0.006905341521,101,97,92.189952657,71.189087844
semantic-preserving,CodeMark,csn_js,test#1160,0,0.009053565562,0.006227251142,92,89,98.408321324,69.969113958
semantic-preserving,CodeMark,csn_js,test#1161,0,0.007121256553,0.004813986830,71,69,100.299388065,69.767925078
semantic-preserving,CodeMark,csn_js,test#1162,0,0.005787386559,0.003595116548,54,50,107.173825166,71.902330965
semantic-preserving,CodeMark,csn_js,test#1163,0,0.006169331260,0.004356683232,65,65,94.912788616,67.025895875
semantic-preserving,CodeMark,csn_js,test#1164,0,0.004722137004,0.002883004025,42,39,112.431833432,73.923180119
semantic-preserving,CodeMark,csn_js,test#1165,0,0.004807012156,0.003177592531,38,37,126.500319886,85.880879212
semantic-preserving,CodeMark,csn_js,test#1166,0,0.004510626197,0.003125539981,39,38,115.657081971,82.251052127
semantic-preserving,CodeMark,csn_js,test#1167,0,0.004152645357,0.002882531844,28,36,148.308762748,80.070329002
semantic-preserving,CodeMark,csn_js,test#1168,0,0.005762625486,0.003448307514,46,48,125.274467080,71.839739879
semantic-preserving,CodeMark,csn_js,test#1169,0,0.009551267140,0.006766398437,108,103,88.437658700,65.693188712
semantic-preserving,CodeMark,csn_js,test#1170,0,0.004020889290,0.002377930097,26,27,154.649588065,88.071485085
semantic-preserving,CodeMark,csn_js,test#1171,0,0.007747733966,0.005279795267,77,77,100.619921630,68.568769697
semantic-preserving,CodeMark,csn_js,test#1172,0,0.021881228313,0.015026167966,246,249,88.948082573,60.346056090
semantic-preserving,CodeMark,csn_js,test#1173,0,0.016293546185,0.011919076554,196,193,83.130337678,61.756873339
semantic-preserving,CodeMark,csn_js,test#1174,0,0.009330680594,0.006210998632,91,85,102.534951581,73.070572141
semantic-preserving,CodeMark,csn_js,test#1175,0,0.003985489719,0.002367629670,25,27,159.419588745,87.689987763
semantic-preserving,CodeMark,csn_js,test#1176,0,0.006226051599,0.004713769071,57,68,109.228975417,69.320133394
semantic-preserving,CodeMark,csn_js,test#1177,0,0.005975018255,0.003854846582,52,53,114.904197219,72.732954374
semantic-preserving,CodeMark,csn_js,test#1178,0,0.004789595492,0.003168507479,33,39,145.139257339,81.243781516
semantic-preserving,CodeMark,csn_js,test#1179,0,0.007493504323,0.004741863348,62,66,120.862972953,71.846414357
semantic-preserving,CodeMark,csn_js,test#1180,0,0.007507182658,0.005022003315,68,72,110.399744966,69.750046047
semantic-preserving,CodeMark,csn_js,test#1181,0,0.004934129305,0.003084679134,36,37,137.059147366,83.369706329
semantic-preserving,CodeMark,csn_js,test#1182,0,0.009525926784,0.007930096239,91,113,104.680514106,70.177842822
semantic-preserving,CodeMark,csn_js,test#1183,0,0.010686926544,0.007298494689,114,118,93.744969682,61.851649908
semantic-preserving,CodeMark,csn_js,test#1184,0,0.009393300861,0.006845546886,118,128,79.604244586,53.480835049
semantic-preserving,CodeMark,csn_js,test#1185,0,0.006462287158,0.004837125540,68,78,95.033634673,62.014429997
semantic-preserving,CodeMark,csn_js,test#1186,0,0.004888810217,0.003269022331,36,40,135.800283816,81.725558266
semantic-preserving,CodeMark,csn_js,test#1187,0,0.006286025979,0.003853922710,53,53,118.604263748,72.715522827
semantic-preserving,CodeMark,csn_js,test#1188,0,0.003809560090,0.002472555265,28,28,136.055717511,88.305545173
semantic-preserving,CodeMark,csn_js,test#1189,0,0.006686123088,0.004379791208,74,66,90.353014703,66.360472843
semantic-preserving,CodeMark,csn_js,test#1190,0,0.015378429554,0.011022586375,183,169,84.035134177,65.222404589
semantic-preserving,CodeMark,csn_js,test#1191,0,0.010899734683,0.007193082944,108,98,100.923469290,73.398805547
semantic-preserving,CodeMark,csn_js,test#1192,0,0.006751616485,0.004408918321,70,66,96.451664077,66.801792744
semantic-preserving,CodeMark,csn_js,test#1193,0,0.007350927219,0.005966501310,76,89,96.722726563,67.039340567
semantic-preserving,CodeMark,csn_js,test#1194,0,0.003770296462,0.002403541468,30,34,125.676548729,70.692396120
semantic-preserving,CodeMark,csn_js,test#1195,0,0.009467478842,0.006679616868,100,105,94.674788415,63.615398748
semantic-preserving,CodeMark,csn_js,test#1196,0,0.014315832406,0.010969108902,147,140,97.386615009,78.350777871
semantic-preserving,CodeMark,csn_js,test#1197,0,0.039706898853,0.028109342791,524,468,75.776524529,60.062698272
semantic-preserving,CodeMark,csn_js,test#1198,0,0.039875148796,0.027698069811,619,660,64.418657182,41.966772441
semantic-preserving,CodeMark,csn_js,test#1199,0,0.006152635440,0.004062422551,59,63,104.281956614,64.482897638
semantic-preserving,CodeMark,csn_js,test#1200,0,0.023501773365,0.017466324382,314,275,74.846411990,63.513906842
semantic-preserving,CodeMark,csn_js,test#1201,0,0.012781075202,0.009839369915,144,141,88.757466680,69.782765358
semantic-preserving,CodeMark,csn_js,test#1202,0,0.005987308919,0.004200212657,51,55,117.398214106,76.367502863
semantic-preserving,CodeMark,csn_js,test#1203,0,0.007721600123,0.006824277341,73,83,105.775344147,82.220208932
semantic-preserving,CodeMark,csn_js,test#1204,0,0.005236938596,0.003534909338,40,36,130.923464894,98.191926049
semantic-preserving,CodeMark,csn_js,test#1205,0,0.013565603644,0.009389214218,127,119,106.815776722,78.900959812
semantic-preserving,CodeMark,csn_js,test#1206,0,0.025468122214,0.019469720311,338,327,75.349474006,59.540429087
semantic-preserving,CodeMark,csn_js,test#1207,0,0.028024853207,0.022577196360,474,482,59.124162884,46.840656348
semantic-preserving,CodeMark,csn_js,test#1208,0,0.020301298238,0.014479518868,302,256,67.222841849,56.560620578
semantic-preserving,CodeMark,csn_js,test#1209,0,0.008624590933,0.006090891548,122,117,70.693368306,52.058902115
semantic-preserving,CodeMark,csn_js,test#1210,0,0.018905515783,0.013605380431,287,268,65.872877291,50.766344891
semantic-preserving,CodeMark,csn_js,test#1211,0,0.014302838594,0.011774690822,202,195,70.806131652,60.383029855
semantic-preserving,CodeMark,csn_js,test#1212,0,0.012705092318,0.009720615111,239,219,53.159382085,44.386370371
semantic-preserving,CodeMark,csn_js,test#1213,0,0.008400757797,0.005818319507,90,89,93.341753301,65.374376483
semantic-preserving,CodeMark,csn_js,test#1214,0,0.012229284272,0.009501173161,166,153,73.670387178,62.099170987
semantic-preserving,CodeMark,csn_js,test#1215,0,0.007374174893,0.004941035062,75,70,98.322331905,70.586215172
semantic-preserving,CodeMark,csn_js,test#1216,0,0.009596996941,0.007035298273,121,112,79.314024303,62.815163151
semantic-preserving,CodeMark,csn_js,test#1217,0,0.013955826871,0.010813347064,185,173,75.436902006,62.504896323
semantic-preserving,CodeMark,csn_js,test#1218,0,0.016688865609,0.012087663636,217,196,76.907214790,61.671753243
semantic-preserving,CodeMark,csn_js,test#1219,0,0.007099797949,0.004592497833,81,73,87.651826533,62.910929220
semantic-preserving,CodeMark,csn_js,test#1220,0,0.015970381908,0.010728474706,182,162,87.749351144,66.225152509
semantic-preserving,CodeMark,csn_js,test#1221,0,0.005295202136,0.003391010687,50,48,105.904042721,70.646055974
semantic-preserving,CodeMark,csn_js,test#1222,0,0.020278766751,0.013620867394,230,199,88.168551093,68.446569819
semantic-preserving,CodeMark,csn_js,test#1223,0,0.005491234362,0.003521952778,45,50,122.027430269,70.439055562
semantic-preserving,CodeMark,csn_js,test#1224,0,0.008616003208,0.005836561322,90,79,95.733368976,73.880523066
semantic-preserving,CodeMark,csn_js,test#1225,0,0.007450517267,0.004607861862,73,77,102.061880370,59.842361839
semantic-preserving,CodeMark,csn_js,test#1226,0,0.008648273535,0.005819672719,107,91,80.824986309,63.952447458
semantic-preserving,CodeMark,csn_js,test#1227,0,0.013443763368,0.009765583090,167,168,80.501577053,58.128470777
semantic-preserving,CodeMark,csn_js,test#1228,0,0.004974066280,0.003339538351,37,41,134.434223779,81.452154895
semantic-preserving,CodeMark,csn_js,test#1229,0,0.006492971443,0.004574257880,69,63,94.101035401,72.607267944
semantic-preserving,CodeMark,csn_js,test#1230,0,0.021532601677,0.017369612120,248,247,86.825006762,70.322316276
semantic-preserving,CodeMark,csn_js,test#1231,0,0.019085379317,0.013505115174,266,234,71.749546306,57.714167409
semantic-preserving,CodeMark,csn_js,test#1232,0,0.009005023167,0.005879049189,86,85,104.709571704,69.165284581
semantic-preserving,CodeMark,csn_js,test#1233,0,0.022367621772,0.015326790512,272,251,82.233903573,61.062910405
semantic-preserving,CodeMark,csn_js,test#1234,0,0.005173352547,0.003389149904,37,34,139.820339108,99.680879537
semantic-preserving,CodeMark,csn_js,test#1235,0,0.007251429372,0.005009570159,66,66,109.870141993,75.902578167
semantic-preserving,CodeMark,csn_js,test#1236,0,0.015036462806,0.011052643880,139,133,108.175991411,83.102585566
semantic-preserving,CodeMark,csn_js,test#1237,0,0.020654644817,0.014857418835,267,240,77.358220289,61.905911813
semantic-preserving,CodeMark,csn_js,test#1238,0,0.003990532830,0.002406259067,27,30,147.797512235,80.208635579
semantic-preserving,CodeMark,csn_js,test#1239,0,0.006519197486,0.004829104058,70,68,93.131392662,71.016236154
semantic-preserving,CodeMark,csn_js,test#1240,0,0.009770344943,0.007467173971,104,110,93.945624450,67.883399739
semantic-preserving,CodeMark,csn_js,test#1241,0,0.011802437715,0.008139116690,114,118,103.530155397,68.975565166
semantic-preserving,CodeMark,csn_js,test#1242,0,0.013858495280,0.010832342319,155,160,89.409646969,67.702139495
semantic-preserving,CodeMark,csn_js,test#1243,0,0.023099931888,0.016000666656,262,244,88.167678963,65.576502687
semantic-preserving,CodeMark,csn_js,test#1244,0,0.009966572747,0.007225669920,123,117,81.029046721,61.757862568
semantic-preserving,CodeMark,csn_js,test#1245,0,0.013598272577,0.009533726610,186,151,73.108992349,63.137262319
semantic-preserving,CodeMark,csn_js,test#1246,0,0.007024868391,0.004516823217,62,62,113.304328894,72.851987375
semantic-preserving,CodeMark,csn_js,test#1247,0,0.005935836583,0.003957566805,51,56,116.388952615,70.670835807
semantic-preserving,CodeMark,csn_js,test#1248,0,0.017394238152,0.011854231358,185,172,94.022908928,68.919949753
semantic-preserving,CodeMark,csn_js,test#1249,0,0.008492852561,0.006468171254,91,99,93.328050123,65.335063170
semantic-preserving,CodeMark,csn_js,test#1250,0,0.007959413342,0.005329444073,72,77,110.547407530,69.213559391
semantic-preserving,CodeMark,csn_js,test#1251,0,0.010779771022,0.007306643762,114,112,94.559394934,65.237890729
semantic-preserving,CodeMark,csn_js,test#1252,0,0.013742791489,0.010189166293,151,137,91.011864164,74.373476588
semantic-preserving,CodeMark,csn_js,test#1253,0,0.008905994706,0.005906488746,68,76,130.970510380,77.716957190
semantic-preserving,CodeMark,csn_js,test#1254,0,0.008690572344,0.006130541675,93,83,93.447014449,73.861947889
semantic-preserving,CodeMark,csn_js,test#1255,0,0.009100136347,0.006258458830,102,99,89.217023011,63.216755863
semantic-preserving,CodeMark,csn_js,test#1256,0,0.005452658981,0.003440000117,50,45,109.053179622,76.444447041
semantic-preserving,CodeMark,csn_js,test#1257,0,0.018895372748,0.015053586103,285,289,66.299553503,52.088533228
semantic-preserving,CodeMark,csn_js,test#1258,0,0.021150170825,0.015261609107,278,260,76.079751171,58.698496566
semantic-preserving,CodeMark,csn_js,test#1259,0,0.012239438482,0.009474480525,145,142,84.409920563,66.721693836
semantic-preserving,CodeMark,csn_js,test#1260,0,0.010890138336,0.007484855130,126,111,86.429669330,67.431127300
semantic-preserving,CodeMark,csn_js,test#1261,0,0.008719774894,0.005613788962,100,90,87.197748944,62.375432915
semantic-preserving,CodeMark,csn_js,test#1262,0,0.015009041876,0.011805584654,192,176,78.172093102,67.077185535
semantic-preserving,CodeMark,csn_js,test#1263,0,0.014112227596,0.009989153594,177,160,79.730099414,62.432209961
semantic-preserving,CodeMark,csn_js,test#1264,0,0.011276536621,0.009491151199,121,124,93.194517530,76.541541925
semantic-preserving,CodeMark,csn_js,test#1265,0,0.038385357708,0.027613197453,514,485,74.679684256,56.934427739
semantic-preserving,CodeMark,csn_js,test#1266,0,0.007395765744,0.004835139029,72,66,102.718968669,73.259682253
semantic-preserving,CodeMark,csn_js,test#1267,0,0.009489644319,0.007008342072,95,117,99.890992830,59.900359593
semantic-preserving,CodeMark,csn_js,test#1268,0,0.023028226569,0.019754156470,281,305,81.950984232,64.767726132
semantic-preserving,CodeMark,csn_js,test#1269,0,0.011924505234,0.007906829007,117,101,101.918848152,78.285435713
semantic-preserving,CodeMark,csn_js,test#1270,0,0.007238337770,0.004734762013,56,53,129.256031609,89.335132320
semantic-preserving,CodeMark,csn_js,test#1271,0,0.017054895870,0.011886320077,203,180,84.014265371,66.035111538
semantic-preserving,CodeMark,csn_js,test#1272,0,0.015080636367,0.012236514129,191,170,78.956211347,71.979494875
semantic-preserving,CodeMark,csn_js,test#1273,0,0.006378693506,0.004412404262,73,66,87.379363098,66.854610023
semantic-preserving,CodeMark,csn_js,test#1274,0,0.010590013117,0.007684122771,113,117,93.716930235,65.676263000
semantic-preserving,CodeMark,csn_js,test#1275,0,0.029676300474,0.022392949089,404,381,73.456189291,58.774144592
semantic-preserving,CodeMark,csn_js,test#1276,0,0.013261642307,0.009073773399,159,138,83.406555390,65.751981152
semantic-preserving,CodeMark,csn_js,test#1277,0,0.018062249757,0.013107730076,243,233,74.330245915,56.256352256
semantic-preserving,CodeMark,csn_js,test#1278,0,0.039115505293,0.027403189801,534,472,73.250009912,58.057605510
semantic-preserving,CodeMark,csn_js,test#1279,0,0.006773454137,0.004582726397,60,64,112.890902286,71.605099947
semantic-preserving,CodeMark,csn_js,test#1280,0,0.007288263179,0.006008000113,72,80,101.225877491,75.100001413
semantic-preserving,CodeMark,csn_js,test#1281,0,0.006955837831,0.004363063723,64,59,108.684966108,73.950232591
semantic-preserving,CodeMark,csn_js,test#1282,0,0.007976474240,0.006612949073,71,76,112.344707612,87.012487807
semantic-preserving,CodeMark,csn_js,test#1283,0,0.015130982734,0.011072225869,187,185,80.914346173,59.849869561
semantic-preserving,CodeMark,csn_js,test#1284,0,0.008573048748,0.005935875699,92,85,93.185312479,69.833831752
semantic-preserving,CodeMark,csn_js,test#1285,0,0.036969590932,0.026891339570,537,500,68.844675851,53.782679141
semantic-preserving,CodeMark,csn_js,test#1286,0,0.008146993816,0.005661470816,100,85,81.469938159,66.605539006
semantic-preserving,CodeMark,csn_js,test#1287,0,0.023594588973,0.017382163554,328,290,71.934722478,59.938495015
semantic-preserving,CodeMark,csn_js,test#1288,0,0.011490649544,0.008243318647,138,132,83.265576404,62.449383691
semantic-preserving,CodeMark,csn_js,test#1289,0,0.008038965985,0.005070210434,80,61,100.487074815,83.118203844
semantic-preserving,CodeMark,csn_js,test#1290,0,0.014469102025,0.009236592799,194,151,74.583000129,61.169488738
semantic-preserving,CodeMark,csn_js,test#1291,0,0.030011488125,0.025086808018,391,398,76.755724104,63.032180951
semantic-preserving,CodeMark,csn_js,test#1292,0,0.017219349742,0.013355535455,207,194,83.185264454,68.842966263
semantic-preserving,CodeMark,csn_js,test#1293,0,0.009878177196,0.007471014746,103,106,95.904632969,70.481271184
semantic-preserving,CodeMark,csn_js,test#1294,0,0.009577754885,0.006942314096,102,98,93.899557696,70.839939753
semantic-preserving,CodeMark,csn_js,test#1295,0,0.006945772097,0.005556726828,64,79,108.527689008,70.338314281
semantic-preserving,CodeMark,csn_js,test#1296,0,0.009595772251,0.006258542649,103,96,93.162837393,65.193152598
semantic-preserving,CodeMark,csn_js,test#1297,0,0.012064523995,0.009289851412,127,128,94.996251929,72.576964158
semantic-preserving,CodeMark,csn_js,test#1298,0,0.008826955222,0.006617399864,86,83,102.639014205,79.727709204
semantic-preserving,CodeMark,csn_js,test#1299,0,0.005226573907,0.003530999646,41,40,127.477412362,88.274991140
semantic-preserving,CodeMark,csn_js,test#1300,0,0.021933576092,0.015106435865,295,257,74.351105397,58.779906090
semantic-preserving,CodeMark,csn_js,test#1301,0,0.005625892431,0.003408250399,34,33,165.467424428,103.280315119
semantic-preserving,CodeMark,csn_js,test#1302,0,0.014213783666,0.010860191658,155,148,91.701830106,73.379673366
semantic-preserving,CodeMark,csn_js,test#1303,0,0.016963637434,0.011395599693,200,164,84.818187170,69.485363982
semantic-preserving,CodeMark,csn_js,test#1304,0,0.013148396276,0.010585026816,164,156,80.173148024,67.852735997
semantic-preserving,CodeMark,csn_js,test#1305,0,0.007160357200,0.004932181910,64,72,111.880581244,68.502526523
semantic-preserving,CodeMark,csn_js,test#1306,0,0.008979734033,0.006721332669,96,100,93.538896181,67.213326693
semantic-preserving,CodeMark,csn_js,test#1307,0,0.008494554088,0.005832185037,94,88,90.367596676,66.274829971
semantic-preserving,CodeMark,csn_js,test#1308,0,0.010146784596,0.006638747640,115,119,88.232909532,55.787795294
semantic-preserving,CodeMark,csn_js,test#1309,0,0.004094542004,0.002825231291,29,34,141.191103592,83.095037981
semantic-preserving,CodeMark,csn_js,test#1310,0,0.014012275264,0.009822224267,169,169,82.912871383,58.119670218
semantic-preserving,CodeMark,csn_js,test#1311,0,0.007700918242,0.006060664542,83,87,92.782147498,69.662810828
semantic-preserving,CodeMark,csn_js,test#1312,0,0.006165473722,0.003723653033,76,66,81.124654236,56.418985354
semantic-preserving,CodeMark,csn_js,test#1313,0,0.022020021453,0.014747926034,264,226,83.409172172,65.256309885
semantic-preserving,CodeMark,csn_js,test#1314,0,0.004723471589,0.002981713973,33,31,143.135502709,96.184321709
semantic-preserving,CodeMark,csn_js,test#1315,0,0.029779964127,0.020385544747,339,306,87.846501849,66.619427278
semantic-preserving,CodeMark,csn_js,test#1316,0,0.008818983100,0.005987593904,94,85,93.818969153,70.442281225
semantic-preserving,CodeMark,csn_js,test#1317,0,0.006601014175,0.004071565345,61,52,108.213347123,78.299333556
semantic-preserving,CodeMark,csn_js,test#1318,0,0.025020059198,0.017350340262,311,268,80.450351119,64.740075605
semantic-preserving,CodeMark,csn_js,test#1319,0,0.023356640711,0.015692456625,296,260,78.907569971,60.355602405
semantic-preserving,CodeMark,csn_js,test#1320,0,0.006490511820,0.004381508566,61,55,106.401833110,79.663792117
semantic-preserving,CodeMark,csn_js,test#1321,0,0.006883553229,0.004734372720,71,63,96.951453933,75.148773335
semantic-preserving,CodeMark,csn_js,test#1322,0,0.005166384391,0.003581209108,41,37,126.009375402,96.789435358
semantic-preserving,CodeMark,csn_js,test#1323,0,0.005858790129,0.003947414458,49,53,119.567145498,74.479518072
semantic-preserving,CodeMark,csn_js,test#1324,0,0.007646192797,0.005608488806,78,86,98.028112776,65.214986112
semantic-preserving,CodeMark,csn_js,test#1325,0,0.012372230180,0.008546625264,136,123,90.972280732,69.484758244
semantic-preserving,CodeMark,csn_js,test#1326,0,0.009244234301,0.005902696401,91,82,101.584992320,71.984102450
semantic-preserving,CodeMark,csn_js,test#1327,0,0.006868257187,0.004542247392,63,61,109.019955354,74.463072004
semantic-preserving,CodeMark,csn_js,test#1328,0,0.028890925460,0.020443588495,371,332,77.873114446,61.577073781
semantic-preserving,CodeMark,csn_js,test#1329,0,0.005153822713,0.003373424523,49,46,105.180055359,73.335315708
semantic-preserving,CodeMark,csn_js,test#1330,0,0.011429608800,0.008042085916,124,117,92.174264512,68.735777058
semantic-preserving,CodeMark,csn_js,test#1331,0,0.005740039051,0.003838509321,37,41,155.136190556,93.622178566
semantic-preserving,CodeMark,csn_js,test#1332,0,0.005259208381,0.004117518663,43,56,122.307171655,73.527118989
semantic-preserving,CodeMark,csn_js,test#1333,0,0.007310358807,0.004588743672,65,61,112.467058576,75.225306095
semantic-preserving,CodeMark,csn_js,test#1334,0,0.014384168200,0.011055947281,155,150,92.801085163,73.706315209
semantic-preserving,CodeMark,csn_js,test#1335,0,0.012970102020,0.010021141730,156,147,83.141679613,68.171032179
semantic-preserving,CodeMark,csn_js,test#1336,0,0.009590111673,0.006575944833,102,96,94.020702675,68.499425349
semantic-preserving,CodeMark,csn_js,test#1337,0,0.008043817244,0.005234121345,76,70,105.839700585,74.773162071
semantic-preserving,CodeMark,csn_js,test#1338,0,0.029322469607,0.023570253514,371,359,79.036306218,65.655302267
semantic-preserving,CodeMark,csn_js,test#1339,0,0.004823604599,0.003135780804,41,38,117.648892650,82.520547470
semantic-preserving,CodeMark,csn_js,test#1340,0,0.008738680743,0.006724640727,98,100,89.170211660,67.246407270
semantic-preserving,CodeMark,csn_js,test#1341,0,0.010372317396,0.009477214888,118,137,87.900994882,69.176751005
semantic-preserving,CodeMark,csn_js,test#1342,0,0.018146330491,0.015323720872,232,239,78.216941770,64.115986914
semantic-preserving,CodeMark,csn_js,test#1343,0,0.005157277919,0.003525045700,52,50,99.178421526,70.500914007
semantic-preserving,CodeMark,csn_js,test#1344,0,0.004321540706,0.002896945924,43,39,100.500946648,74.280664707
semantic-preserving,CodeMark,csn_js,test#1345,0,0.017838561907,0.012205922976,224,193,79.636437087,63.243124229
semantic-preserving,CodeMark,csn_js,test#1346,0,0.004815654829,0.003066814505,36,35,133.768189698,87.623271559
semantic-preserving,CodeMark,csn_js,test#1347,0,0.008926232345,0.005780242383,86,76,103.793399365,76.055820835
semantic-preserving,CodeMark,csn_js,test#1348,0,0.009530005045,0.007135599852,92,99,103.587011361,72.076766178
semantic-preserving,CodeMark,csn_js,test#1349,0,0.006751021370,0.005409699865,79,76,85.455966713,71.180261377
semantic-preserving,CodeMark,csn_js,test#1350,0,0.003932901658,0.002449005842,34,31,115.673578180,79.000188458
semantic-preserving,CodeMark,csn_js,test#1351,0,0.008243704215,0.006346521899,91,82,90.590156205,77.396608526
semantic-preserving,CodeMark,csn_js,test#1352,0,0.008220420219,0.005393374711,79,70,104.055952139,77.048210161
semantic-preserving,CodeMark,csn_js,test#1353,0,0.010477354750,0.008414180949,111,109,94.390583334,77.194320636
semantic-preserving,CodeMark,csn_js,test#1354,0,0.007131073624,0.005061021075,69,81,103.348893100,62.481741662
semantic-preserving,CodeMark,csn_js,test#1355,0,0.006215942092,0.004228285514,53,51,117.281926269,82.907559094
semantic-preserving,CodeMark,csn_js,test#1356,0,0.024398537353,0.022670831531,310,323,78.704959202,70.188332914
semantic-preserving,CodeMark,csn_js,test#1357,0,0.010142735206,0.006902978756,105,93,96.597478148,74.225578016
semantic-preserving,CodeMark,csn_js,test#1358,0,0.007410761900,0.005013649352,98,92,75.620019390,54.496188608
semantic-preserving,CodeMark,csn_js,test#1359,0,0.010198234580,0.007486029528,131,123,77.849118935,60.862028684
semantic-preserving,CodeMark,csn_js,test#1360,0,0.010379724205,0.007397744805,124,117,83.707453262,63.228588074
semantic-preserving,CodeMark,csn_js,test#1361,0,0.008856742643,0.005769361742,125,115,70.853941143,50.168362973
semantic-preserving,CodeMark,csn_js,test#1362,0,0.005670499988,0.003844937310,68,66,83.389705704,58.256625903
semantic-preserving,CodeMark,csn_js,test#1363,0,0.009772902355,0.009231749922,126,126,77.562717100,73.267856524
semantic-preserving,CodeMark,csn_js,test#1364,0,0.004968977533,0.003684268333,44,57,112.931307575,64.636286544
semantic-preserving,CodeMark,csn_js,test#1365,0,0.010266133584,0.007897310890,114,107,90.053803369,73.806643834
semantic-preserving,CodeMark,csn_js,test#1366,0,0.014509946108,0.010297327302,153,139,94.836249071,74.081491384
semantic-preserving,CodeMark,csn_js,test#1367,0,0.035837172531,0.028280043043,456,432,78.590290637,65.463062600
semantic-preserving,CodeMark,csn_js,test#1368,0,0.010693484917,0.007782150991,139,142,76.931546168,54.803880220
semantic-preserving,CodeMark,csn_js,test#1369,0,0.021978957579,0.016074849293,278,255,79.060998484,63.038624677
semantic-preserving,CodeMark,csn_js,test#1370,0,0.008744852617,0.005859361030,91,80,96.097281510,73.242012877
semantic-preserving,CodeMark,csn_js,test#1371,0,0.030429117382,0.021601414308,387,328,78.628210288,65.857970451
semantic-preserving,CodeMark,csn_js,test#1372,0,0.021665764041,0.015656397678,314,279,68.999248539,56.116120710
semantic-preserving,CodeMark,csn_js,test#1373,0,0.032569720410,0.023415058851,465,398,70.042409483,58.831806159
semantic-preserving,CodeMark,csn_js,test#1374,0,0.013483703136,0.010103591718,210,184,64.208110174,54.910824553
semantic-preserving,CodeMark,csn_js,test#1375,0,0.010080358014,0.006510183215,131,115,76.949297813,56.610288827
semantic-preserving,CodeMark,csn_js,test#1376,0,0.013296170160,0.011160907336,160,152,83.101063501,73.427021945
semantic-preserving,CodeMark,csn_js,test#1377,0,0.005398472771,0.003582300618,51,43,105.852407275,83.309316704
semantic-preserving,CodeMark,csn_js,test#1378,0,0.032775889151,0.023483072408,447,377,73.324136803,62.289316731
semantic-preserving,CodeMark,csn_js,test#1379,0,0.009305443615,0.006294240244,99,85,93.994379947,74.049885220
semantic-preserving,CodeMark,csn_js,test#1380,0,0.006367155351,0.004217616282,72,57,88.432713205,73.993268112
semantic-preserving,CodeMark,csn_js,test#1381,0,0.006962457672,0.004715470597,80,70,87.030720897,67.363865674
semantic-preserving,CodeMark,csn_js,test#1382,0,0.023629762232,0.016846136190,313,269,75.494448027,62.625041599
semantic-preserving,CodeMark,csn_js,test#1383,0,0.018625586294,0.013702300377,218,203,85.438469237,67.499016636
semantic-preserving,CodeMark,csn_js,test#1384,0,0.007114348933,0.004852443002,81,81,87.831468310,59.906703730
semantic-preserving,CodeMark,csn_js,test#1385,0,0.027646197937,0.023151414469,349,373,79.215466869,62.068135305
semantic-preserving,CodeMark,csn_js,test#1386,0,0.016159996390,0.012145531364,156,169,103.589720451,71.867049490
semantic-preserving,CodeMark,csn_js,test#1387,0,0.013183912262,0.008905016817,138,124,95.535596104,71.814651751
semantic-preserving,CodeMark,csn_js,test#1388,0,0.018269077875,0.012586255558,187,222,97.695603608,56.694844855
semantic-preserving,CodeMark,csn_js,test#1389,0,0.007224293426,0.004809927195,62,57,116.520861705,84.384687637
semantic-preserving,CodeMark,csn_js,test#1390,0,0.024881991558,0.016730719246,264,265,94.249968022,63.134789607
semantic-preserving,CodeMark,csn_js,test#1391,0,0.007340895943,0.005409668200,74,73,99.201296532,74.105043832
semantic-preserving,CodeMark,csn_js,test#1392,0,0.011095225811,0.008096518926,132,130,84.054740992,62.280914818
semantic-preserving,CodeMark,csn_js,test#1393,0,0.003790034913,0.002296157181,27,26,140.371663427,88.313737741
semantic-preserving,CodeMark,csn_js,test#1394,0,0.008001876995,0.005248853937,84,76,95.260440416,69.063867589
semantic-preserving,CodeMark,csn_js,test#1395,0,0.012426631525,0.008499628864,148,132,83.963726521,64.391127759
semantic-preserving,CodeMark,csn_js,test#1396,0,0.010224915110,0.006904077716,110,107,92.953773723,64.524090805
semantic-preserving,CodeMark,csn_js,test#1397,0,0.005090453662,0.003319442272,42,50,121.201277666,66.388845444
semantic-preserving,CodeMark,csn_js,test#1398,0,0.005092345178,0.004066842608,38,51,134.009083635,79.742011925
semantic-preserving,CodeMark,csn_js,test#1399,0,0.007404618897,0.005149527453,90,89,82.273543295,57.859859021
semantic-preserving,CodeMark,csn_js,test#1400,0,0.005066522397,0.003244239837,51,44,99.343576414,73.732723567
semantic-preserving,CodeMark,csn_js,test#1401,0,0.015507552773,0.010901144706,183,163,84.740725534,66.878188379
semantic-preserving,CodeMark,csn_js,test#1402,0,0.009910836816,0.006462040357,104,108,95.296507845,59.833707012
semantic-preserving,CodeMark,csn_js,test#1403,0,0.010794621892,0.008478802629,109,108,99.033228369,78.507431748
semantic-preserving,CodeMark,csn_js,test#1404,0,0.018141791224,0.012680025771,216,198,83.989774187,64.040534198
semantic-preserving,CodeMark,csn_js,test#1405,0,0.005880708806,0.003812788986,48,47,122.514766796,81.123169908
semantic-preserving,CodeMark,csn_js,test#1406,0,0.006669047289,0.004899517633,61,63,109.328644075,77.770121159
semantic-preserving,CodeMark,csn_js,test#1407,0,0.012079074979,0.009815725498,129,132,93.636240146,74.361556802
semantic-preserving,CodeMark,csn_js,test#1408,0,0.015114756301,0.012255207635,175,178,86.370036006,68.849481098
semantic-preserving,CodeMark,csn_js,test#1409,0,0.007178315893,0.005795878358,75,85,95.710878571,68.186804214
semantic-preserving,CodeMark,csn_js,test#1410,0,0.013153014705,0.009546271525,146,141,90.089141812,67.704053371
semantic-preserving,CodeMark,csn_js,test#1411,0,0.014399190433,0.012014800683,172,184,83.716223450,65.297829797
semantic-preserving,CodeMark,csn_js,test#1412,0,0.005651231855,0.004446742125,52,62,108.677535676,71.721647175
semantic-preserving,CodeMark,csn_js,test#1413,0,0.020593439229,0.014274372719,251,228,82.045574617,62.606897891
semantic-preserving,CodeMark,csn_js,test#1414,0,0.007638323121,0.005213284865,74,69,103.220582713,75.554853116
semantic-preserving,CodeMark,csn_js,test#1415,0,0.008388036862,0.006536230445,77,81,108.935543663,80.694203024
semantic-preserving,CodeMark,csn_js,test#1416,0,0.017278022133,0.011691701598,204,183,84.696186926,63.889079773
semantic-preserving,CodeMark,csn_js,test#1417,0,0.004394115880,0.002628800459,29,33,151.521237246,79.660619976
semantic-preserving,CodeMark,csn_js,test#1418,0,0.004969025962,0.002985433675,43,41,115.558743304,72.815455496
semantic-preserving,CodeMark,csn_js,test#1419,0,0.005729954690,0.004198800772,49,57,116.937850811,73.663171446
semantic-preserving,CodeMark,csn_js,test#1420,0,0.011846305802,0.008590290323,147,145,80.587114302,59.243381537
semantic-preserving,CodeMark,csn_js,test#1421,0,0.014705677517,0.010109861381,174,179,84.515388027,56.479672522
semantic-preserving,CodeMark,csn_js,test#1422,0,0.015348096378,0.011664298363,204,188,75.235766560,62.044140229
semantic-preserving,CodeMark,csn_js,test#1423,0,0.028458249755,0.021530129015,516,448,55.151646812,48.058323695
semantic-preserving,CodeMark,csn_js,test#1424,0,0.013524523936,0.009289116599,128,116,105.660343252,80.078591368
semantic-preserving,CodeMark,csn_js,test#1425,0,0.039855477400,0.027012929320,570,568,69.921890176,47.557974156
semantic-preserving,CodeMark,csn_js,test#1426,0,0.008483343758,0.005624552257,80,70,106.041796971,80.350746534
semantic-preserving,CodeMark,csn_js,test#1427,0,0.013820367865,0.009771195240,148,140,93.380863954,69.794251717
semantic-preserving,CodeMark,csn_js,test#1428,0,0.005789512768,0.003742599860,54,51,107.213199415,73.384310977
semantic-preserving,CodeMark,csn_js,test#1429,0,0.006610346958,0.005150379613,59,68,112.039778950,75.740876662
semantic-preserving,CodeMark,csn_js,test#1430,0,0.008329179138,0.005418420769,82,78,101.575355341,69.466932939
semantic-preserving,CodeMark,csn_js,test#1431,0,0.007570853457,0.005347765051,77,74,98.322772167,72.267095281
semantic-preserving,CodeMark,csn_js,test#1432,0,0.007901245728,0.005595021881,65,76,121.557626587,73.618708963
semantic-preserving,CodeMark,csn_js,test#1433,0,0.005033374764,0.003367017955,40,44,125.834369101,76.523135332
semantic-preserving,CodeMark,csn_js,test#1434,0,0.007444328628,0.005075313151,72,72,103.393453173,70.490460429
semantic-preserving,CodeMark,csn_js,test#1435,0,0.008954493329,0.005925985985,85,75,105.346980340,79.013146460
semantic-preserving,CodeMark,csn_js,test#1436,0,0.009874585085,0.006574658677,100,87,98.745850846,75.570789391
semantic-preserving,CodeMark,csn_js,test#1437,0,0.004856456071,0.003122740425,36,35,134.901557532,89.221155005
semantic-preserving,CodeMark,csn_js,test#1438,0,0.008549555205,0.005858280696,84,83,101.780419105,70.581695132
semantic-preserving,CodeMark,csn_js,test#1439,0,0.018058361486,0.014526478946,217,217,83.218255694,66.942299291
semantic-preserving,CodeMark,csn_js,test#1440,0,0.006275576539,0.004335969687,59,60,106.365704057,72.266161442
semantic-preserving,CodeMark,csn_js,test#1441,0,0.011884606443,0.010109650902,113,139,105.173508348,72.731301456
semantic-preserving,CodeMark,csn_js,test#1442,0,0.005605786107,0.003648143262,57,62,98.347124693,58.841020350
semantic-preserving,CodeMark,csn_js,test#1443,0,0.007644280791,0.005165145732,84,78,91.003342753,66.219817083
semantic-preserving,CodeMark,csn_js,test#1444,0,0.011640958488,0.007791786455,135,133,86.229322133,58.584860561
semantic-preserving,CodeMark,csn_js,test#1445,0,0.008495805785,0.006147325039,90,100,94.397842056,61.473250389
semantic-preserving,CodeMark,csn_js,test#1446,0,0.005919075571,0.003832108341,61,58,97.034025754,66.070833468
semantic-preserving,CodeMark,csn_js,test#1447,0,0.005495008081,0.003471517935,46,49,119.456697417,70.847304804
semantic-preserving,CodeMark,csn_js,test#1448,0,0.016567416489,0.011752182618,237,214,69.904710925,54.916741205
semantic-preserving,CodeMark,csn_js,test#1449,0,0.024956254289,0.016683558002,380,302,65.674353391,55.243569543
semantic-preserving,CodeMark,csn_js,test#1450,0,0.020949533209,0.014567632228,283,279,74.026619114,52.213735585
semantic-preserving,CodeMark,csn_js,test#1451,0,0.012775355950,0.009839340113,174,183,73.421585920,53.766885864
semantic-preserving,CodeMark,csn_js,test#1452,0,0.005910652690,0.004105229862,56,61,105.547369458,67.298850197
semantic-preserving,CodeMark,csn_js,test#1453,0,0.006423452869,0.004101649858,55,54,116.790052165,75.956478853
semantic-preserving,CodeMark,csn_js,test#1454,0,0.008023519069,0.006309233606,93,110,86.274398591,57.356669144
semantic-preserving,CodeMark,csn_js,test#1455,0,0.007283010520,0.004594390281,68,68,107.103095883,67.564562949
semantic-preserving,CodeMark,csn_js,test#1456,0,0.031826025806,0.022729331627,368,335,86.483765778,67.848751127
semantic-preserving,CodeMark,csn_js,test#1457,0,0.016394462436,0.011680718511,228,205,71.905537002,56.979114689
semantic-preserving,CodeMark,csn_js,test#1458,0,0.022898796014,0.016159070656,283,273,80.914473549,59.190735003
semantic-preserving,CodeMark,csn_js,test#1459,0,0.017868911847,0.012855768204,202,195,88.459959641,65.927016429
semantic-preserving,CodeMark,csn_js,test#1460,0,0.018780188635,0.013743600808,220,220,85.364493795,62.470912764
semantic-preserving,CodeMark,csn_js,test#1461,0,0.018070365302,0.015447883867,229,245,78.909892150,63.052587211
semantic-preserving,CodeMark,csn_js,test#1462,0,0.011912431568,0.009424920194,143,158,83.303717258,59.651393632
semantic-preserving,CodeMark,csn_js,test#1463,0,0.028929403052,0.022002602927,344,339,84.097101895,64.904433414
semantic-preserving,CodeMark,csn_js,test#1464,0,0.024174624123,0.018249507062,296,318,81.671027441,57.388386988
semantic-preserving,CodeMark,csn_js,test#1465,0,0.008961834013,0.005710092373,115,107,77.928991421,53.365349282
semantic-preserving,CodeMark,csn_js,test#1466,0,0.006449201144,0.004365839995,69,75,93.466683250,58.211199939
semantic-preserving,CodeMark,csn_js,test#1467,0,0.009179464541,0.006898126565,84,98,109.279339778,70.389046581
semantic-preserving,CodeMark,csn_js,test#1468,0,0.011154900305,0.007793331519,157,132,71.050320414,59.040390294
semantic-preserving,CodeMark,csn_js,test#1469,0,0.006783304736,0.004644816741,66,68,102.777344485,68.306128549
semantic-preserving,CodeMark,csn_js,test#1470,0,0.010217225179,0.006765374914,112,98,91.225224813,69.034437896
semantic-preserving,CodeMark,csn_js,test#1471,0,0.005672441795,0.003567275591,54,50,105.045218435,71.345511824
semantic-preserving,CodeMark,csn_js,test#1472,0,0.007294650190,0.004869117402,74,68,98.576353913,71.604667670
semantic-preserving,CodeMark,csn_js,test#1473,0,0.008049539290,0.005214747041,91,74,88.456475718,70.469554614
semantic-preserving,CodeMark,csn_js,test#1474,0,0.011310081929,0.009526574053,117,116,96.667366914,82.125638387
semantic-preserving,CodeMark,csn_js,test#1475,0,0.011101173237,0.007287669927,132,111,84.099797250,65.654684026
semantic-preserving,CodeMark,csn_js,test#1476,0,0.017974893562,0.012979757041,222,201,80.967989020,64.575905675
semantic-preserving,CodeMark,csn_js,test#1477,0,0.029142168351,0.020949804224,394,350,73.964894291,59.856583497
semantic-preserving,CodeMark,csn_js,test#1478,0,0.007847883739,0.004653072916,78,71,100.613894084,65.536238253
semantic-preserving,CodeMark,csn_js,test#1479,0,0.016711810604,0.011214841157,209,190,79.960816286,59.025479775
semantic-preserving,CodeMark,csn_js,test#1480,0,0.014603317715,0.012976340950,158,159,92.426061489,81.612207230
semantic-preserving,CodeMark,csn_js,test#1481,0,0.015088644810,0.009963179007,167,145,90.351166527,68.711579360
semantic-preserving,CodeMark,csn_js,test#1482,0,0.016432502307,0.013164199889,200,213,82.162511535,61.803755346
semantic-preserving,CodeMark,csn_js,test#1483,0,0.011026783846,0.007544035092,120,111,91.889865386,67.964280108
semantic-preserving,CodeMark,csn_js,test#1484,0,0.023226931691,0.016340280883,308,279,75.412115880,58.567314993
semantic-preserving,CodeMark,csn_js,test#1485,0,0.006753860973,0.005769117735,70,77,96.483728183,74.923606952
semantic-preserving,CodeMark,csn_js,test#1486,0,0.005982585251,0.003797781654,50,49,119.651705027,77.505748035
semantic-preserving,CodeMark,csn_js,test#1487,0,0.006589514203,0.004538876005,75,72,87.860189378,63.039944507
semantic-preserving,CodeMark,csn_js,test#1488,0,0.009048612788,0.006212361157,126,119,71.814387209,52.204715605
semantic-preserving,CodeMark,csn_js,test#1489,0,0.042063903995,0.027406144887,729,675,57.700828525,40.601696129
semantic-preserving,CodeMark,csn_js,test#1490,0,0.008874255233,0.005928690545,90,86,98.602835917,68.938262154
semantic-preserving,CodeMark,csn_js,test#1491,0,0.005472069606,0.003542525694,45,42,121.601546804,84.345849852
semantic-preserving,CodeMark,csn_js,test#1492,0,0.005655126646,0.003701326437,55,48,102.820484476,77.110967444
semantic-preserving,CodeMark,csn_js,test#1493,0,0.030378849246,0.022229666822,378,350,80.367326047,63.513333776
semantic-preserving,CodeMark,csn_js,test#1494,0,0.016322088428,0.011086494662,206,171,79.233438970,64.833302116
semantic-preserving,CodeMark,csn_js,test#1495,0,0.007166882046,0.004965133034,62,63,115.594871703,78.811635455
semantic-preserving,CodeMark,csn_js,test#1496,0,0.014079960994,0.009991358966,166,160,84.819042135,62.445993535
semantic-preserving,CodeMark,csn_js,test#1497,0,0.009474433959,0.006361678243,93,85,101.875633963,74.843273443
semantic-preserving,CodeMark,csn_js,test#1498,0,0.005737877451,0.003880509175,43,43,133.439010486,90.244399427
semantic-preserving,CodeMark,csn_js,test#1499,0,0.027894330211,0.022065822966,317,314,87.994732527,70.273321549
semantic-preserving,CodeMark,csn_js,test#1500,0,0.012597274967,0.009415127337,133,132,94.716353132,71.326722250
semantic-preserving,CodeMark,csn_js,test#1501,0,0.012639757246,0.009038941935,146,138,86.573679766,65.499579237
semantic-preserving,CodeMark,csn_js,test#1502,0,0.011930706911,0.008682462387,131,126,91.074098556,68.908431641
semantic-preserving,CodeMark,csn_js,test#1503,0,0.008206261322,0.006466291845,89,98,92.205183392,65.982569845
semantic-preserving,CodeMark,csn_js,test#1504,0,0.015918462537,0.010638679378,183,178,86.986134083,59.767861673
semantic-preserving,CodeMark,csn_js,test#1505,0,0.013635698706,0.009675709531,163,146,83.654593288,66.271983087
semantic-preserving,CodeMark,csn_js,test#1506,0,0.007813509554,0.005409323610,75,75,104.180127382,72.124314805
semantic-preserving,CodeMark,csn_js,test#1507,0,0.004599261098,0.002586083487,26,31,176.894657600,83.422047957
semantic-preserving,CodeMark,csn_js,test#1508,0,0.007801203988,0.005366387777,86,76,90.711674285,70.610365487
semantic-preserving,CodeMark,csn_js,test#1509,0,0.017341181636,0.013346550986,214,202,81.033559046,66.072034585
semantic-preserving,CodeMark,csn_js,test#1510,0,0.007552131079,0.005222804844,75,78,100.695081055,66.959036466
semantic-preserving,CodeMark,csn_js,test#1511,0,0.015234297141,0.011904013343,156,180,97.655750907,66.133407462
semantic-preserving,CodeMark,csn_js,test#1512,0,0.006994324736,0.004597510211,64,58,109.286324005,79.267417434
semantic-preserving,CodeMark,csn_js,test#1513,0,0.007799517363,0.004988516681,75,64,103.993564844,77.945573139
semantic-preserving,CodeMark,csn_js,test#1514,0,0.006752351299,0.004549183883,84,75,80.385134511,60.655785104
semantic-preserving,CodeMark,csn_js,test#1515,0,0.006366249174,0.004514629021,62,64,102.681438288,70.541078458
semantic-preserving,CodeMark,csn_js,test#1516,0,0.010619635694,0.007306234911,108,98,98.329960127,74.553417460
semantic-preserving,CodeMark,csn_js,test#1517,0,0.008604480885,0.005983448587,113,102,76.145848540,58.661260660
semantic-preserving,CodeMark,csn_js,test#1518,0,0.008862978779,0.007427803241,142,139,62.415343513,53.437433386
semantic-preserving,CodeMark,csn_js,test#1519,0,0.013646596111,0.009435789660,172,149,79.340675066,63.327447380
semantic-preserving,CodeMark,csn_js,test#1520,0,0.009984249249,0.007785051130,113,100,88.356188045,77.850511298
semantic-preserving,CodeMark,csn_js,test#1521,0,0.004125540145,0.002668805420,27,30,152.797783139,88.960180680
semantic-preserving,CodeMark,csn_js,test#1522,0,0.006613462232,0.004300137982,66,61,100.203973213,70.494065275
semantic-preserving,CodeMark,csn_js,test#1523,0,0.008327830583,0.005522307009,79,75,105.415576998,73.630760113
semantic-preserving,CodeMark,csn_js,test#1524,0,0.006865693256,0.005347741768,64,77,107.276457129,69.451191789
semantic-preserving,CodeMark,csn_js,test#1525,0,0.018163689412,0.019079316407,225,272,80.727508499,70.144545616
semantic-preserving,CodeMark,csn_js,test#1526,0,0.005743058398,0.004252271727,60,67,95.717639973,63.466742190
semantic-preserving,CodeMark,csn_js,test#1527,0,0.005157355219,0.003336973488,41,40,125.789151686,83.424337208
semantic-preserving,CodeMark,csn_js,test#1528,0,0.005150861107,0.003204369918,40,39,128.771527670,82.163331218
semantic-preserving,CodeMark,csn_js,test#1529,0,0.004509150982,0.003301186487,31,34,145.456483287,97.093720208
semantic-preserving,CodeMark,csn_js,test#1530,0,0.027188707143,0.019093127921,383,333,70.988791496,57.336720484
semantic-preserving,CodeMark,csn_js,test#1531,0,0.007006632164,0.005023463629,73,83,95.981262522,60.523658183
semantic-preserving,CodeMark,csn_js,test#1532,0,0.024812926538,0.020676092245,304,287,81.621468876,72.042133257
semantic-preserving,CodeMark,csn_js,test#1533,0,0.005021733232,0.003328541294,46,45,109.168113736,73.967584305
semantic-preserving,CodeMark,csn_js,test#1534,0,0.007129749283,0.004693876952,70,67,101.853561188,70.057864954
semantic-preserving,CodeMark,csn_js,test#1535,0,0.014039370231,0.010169054382,179,161,78.432235929,63.161828457
semantic-preserving,CodeMark,csn_js,test#1536,0,0.018970564008,0.014315607026,270,253,70.261348177,56.583426981
semantic-preserving,CodeMark,csn_js,test#1537,0,0.024039935321,0.018228604458,336,307,71.547426549,59.376561753
semantic-preserving,CodeMark,csn_js,test#1538,0,0.012612394989,0.008486783132,145,129,86.982034404,65.789016527
semantic-preserving,CodeMark,csn_js,test#1539,0,0.012375907041,0.008681734093,142,138,87.154274938,62.911116613
semantic-preserving,CodeMark,csn_js,test#1540,0,0.007922586054,0.005812195130,81,82,97.809704366,70.880428411
semantic-preserving,CodeMark,csn_js,test#1541,0,0.014761049300,0.011486540549,187,179,78.936092516,64.170617589
semantic-preserving,CodeMark,csn_js,test#1542,0,0.006016306579,0.003861140460,63,57,95.496929827,67.739306312
semantic-preserving,CodeMark,csn_js,test#1543,0,0.004594969563,0.002928754315,38,33,120.920251663,88.750130751
semantic-preserving,CodeMark,csn_js,test#1544,0,0.005794717930,0.003669369034,46,45,125.972128919,81.541534099
semantic-preserving,CodeMark,csn_js,test#1545,0,0.020339332521,0.014259678312,232,220,87.669536728,64.816719598
semantic-preserving,CodeMark,csn_js,test#1546,0,0.005606918596,0.003925459459,48,47,116.810804078,83.520414030
semantic-preserving,CodeMark,csn_js,test#1547,0,0.006034396589,0.004388649017,49,55,123.150950792,79.793618484
semantic-preserving,CodeMark,csn_js,test#1548,0,0.005980744958,0.004024201073,45,44,132.905443509,91.459115290
semantic-preserving,CodeMark,csn_js,test#1549,0,0.023180658929,0.016486741602,268,244,86.494996004,67.568613125
semantic-preserving,CodeMark,csn_js,test#1550,0,0.006370911375,0.004056809470,54,47,117.979840272,86.315095108
semantic-preserving,CodeMark,csn_js,test#1551,0,0.009208762087,0.006034928374,90,76,102.319578744,79.406952289
semantic-preserving,CodeMark,csn_js,test#1552,0,0.006226316094,0.004013992846,69,67,90.236465136,59.910340985
semantic-preserving,CodeMark,csn_js,test#1553,0,0.016562976874,0.013220408931,170,176,97.429275732,75.115959837
semantic-preserving,CodeMark,csn_js,test#1554,0,0.006363260560,0.004229499958,48,50,132.567928328,84.589999169
semantic-preserving,CodeMark,csn_js,test#1555,0,0.012883190066,0.008428666741,160,131,80.519937910,64.340967486
semantic-preserving,CodeMark,csn_js,test#1556,0,0.004641637206,0.002875725739,35,35,132.618205888,82.163592534
semantic-preserving,CodeMark,csn_js,test#1557,0,0.006250164472,0.004449285567,91,86,68.683126061,51.735878684
semantic-preserving,CodeMark,csn_js,test#1558,0,0.008548361249,0.006000430323,107,101,79.891226629,59.410201220
semantic-preserving,CodeMark,csn_js,test#1559,0,0.011048382148,0.007832471281,140,124,78.917015344,63.165090978
semantic-preserving,CodeMark,csn_js,test#1560,0,0.005545369349,0.003536870703,52,49,106.641718258,72.181034757
semantic-preserving,CodeMark,csn_js,test#1561,0,0.007482494228,0.005242695101,79,79,94.715116805,66.363229122
semantic-preserving,CodeMark,csn_js,test#1562,0,0.007011231966,0.005048316903,80,74,87.640399579,68.220498695
semantic-preserving,CodeMark,csn_js,test#1563,0,0.005662927404,0.003824342974,55,52,102.962316437,73.545057183
semantic-preserving,CodeMark,csn_js,test#1564,0,0.008173178881,0.005604192615,95,86,86.033461910,65.165030402
semantic-preserving,CodeMark,csn_js,test#1565,0,0.008341131732,0.005533994175,98,87,85.113589101,63.609128454
semantic-preserving,CodeMark,csn_js,test#1566,0,0.009873926640,0.006455648690,121,110,81.602699500,58.687715368
semantic-preserving,CodeMark,csn_js,test#1567,0,0.006624848582,0.004667548463,64,64,103.513259091,72.930444730
semantic-preserving,CodeMark,csn_js,test#1568,0,0.009426276200,0.008361513726,114,118,82.686633329,70.860285817
semantic-preserving,CodeMark,csn_js,test#1569,0,0.007391748019,0.005086854100,73,66,101.256822172,77.073546973
semantic-preserving,CodeMark,csn_js,test#1570,0,0.006302987225,0.004118802026,63,58,100.047416275,71.013828033
semantic-preserving,CodeMark,csn_js,test#1571,0,0.017704427242,0.013390099630,228,215,77.650996677,62.279533162
semantic-preserving,CodeMark,csn_js,test#1572,0,0.008274149150,0.005693722516,91,80,90.924715930,71.171531454
semantic-preserving,CodeMark,csn_js,test#1573,0,0.006222500466,0.004068041220,59,54,105.466109590,75.334096672
semantic-preserving,CodeMark,csn_js,test#1574,0,0.005272323266,0.003465179354,50,44,105.446465313,78.754076226
semantic-preserving,CodeMark,csn_js,test#1575,0,0.006027460098,0.003929722123,61,56,98.810821283,70.173609337
semantic-preserving,CodeMark,csn_js,test#1576,0,0.029863229021,0.027063834481,356,359,83.885474779,75.386725574
semantic-preserving,CodeMark,csn_js,test#1577,0,0.009874755517,0.006736547686,106,98,93.158070912,68.740282512
semantic-preserving,CodeMark,csn_js,test#1578,0,0.008991725743,0.006398170255,101,94,89.026987553,68.065641012
semantic-preserving,CodeMark,csn_js,test#1579,0,0.007095174864,0.004804869182,74,67,95.880741405,71.714465409
semantic-preserving,CodeMark,csn_js,test#1580,0,0.018081949092,0.018108765595,219,242,82.565977591,74.829609895
semantic-preserving,CodeMark,csn_js,test#1581,0,0.005908184685,0.003912313841,60,56,98.469744747,69.862747166
semantic-preserving,CodeMark,csn_js,test#1582,0,0.017098500393,0.016209288500,214,220,79.899534548,73.678584092
semantic-preserving,CodeMark,csn_js,test#1583,0,0.007385446690,0.005397117697,85,77,86.887608118,70.092437620
semantic-preserving,CodeMark,csn_js,test#1584,0,0.012250648811,0.008393302560,137,123,89.420794244,68.238232194
semantic-preserving,CodeMark,csn_js,test#1585,0,0.013839469291,0.009869179688,166,153,83.370296935,64.504442408
semantic-preserving,CodeMark,csn_js,test#1586,0,0.006111541763,0.004124619067,59,57,103.585453609,72.361738013
semantic-preserving,CodeMark,csn_js,test#1587,0,0.008414760232,0.005896725692,97,84,86.750105484,70.199115379
semantic-preserving,CodeMark,csn_js,test#1588,0,0.006642622873,0.004391982220,64,58,103.790982394,75.723831381
semantic-preserving,CodeMark,csn_js,test#1589,0,0.007202492096,0.005002304912,65,68,110.807570700,73.563307524
semantic-preserving,CodeMark,csn_js,test#1590,0,0.006619302556,0.004776665941,63,60,105.068294538,79.611099015
semantic-preserving,CodeMark,csn_js,test#1591,0,0.005070744082,0.003974644467,42,47,120.732001960,84.566903558
semantic-preserving,CodeMark,csn_js,test#1592,0,0.008690590039,0.006575825624,101,89,86.045445930,73.885681170
semantic-preserving,CodeMark,csn_js,test#1593,0,0.005949899554,0.004296742380,52,52,114.421145274,82.629661147
semantic-preserving,CodeMark,csn_js,test#1594,0,0.025334823877,0.019305521622,375,314,67.559530338,61.482552937
semantic-preserving,CodeMark,csn_js,test#1595,0,0.004985018633,0.003076591529,43,39,115.930665891,78.886962281
semantic-preserving,CodeMark,csn_js,test#1596,0,0.008608588949,0.006132595241,84,79,102.483201772,77.627787862
semantic-preserving,CodeMark,csn_js,test#1597,0,0.010465181433,0.006780424155,106,93,98.728126723,72.907786616
semantic-preserving,CodeMark,csn_js,test#1598,0,0.004862160422,0.003071440384,42,40,115.765724331,76.786009595
semantic-preserving,CodeMark,csn_js,test#1599,0,0.016270483844,0.011274909601,205,178,79.368213873,63.342188768
semantic-preserving,CodeMark,csn_js,test#1600,0,0.006232433952,0.003938579932,57,53,109.340946533,74.312828903
semantic-preserving,CodeMark,csn_js,test#1601,0,0.008051033132,0.005500814877,86,79,93.616664323,69.630568069
semantic-preserving,CodeMark,csn_js,test#1602,0,0.006020052359,0.003732417710,54,52,111.482451083,71.777263656
semantic-preserving,CodeMark,csn_js,test#1603,0,0.004514069296,0.002867648378,34,34,132.766744012,84.342599353
semantic-preserving,CodeMark,csn_js,test#1604,0,0.014357254840,0.009824987501,169,169,84.954170653,58.136020715
semantic-preserving,CodeMark,csn_js,test#1605,0,0.015659567900,0.010100848041,203,184,77.140728571,54.895913269
semantic-preserving,CodeMark,csn_js,test#1606,0,0.005341597833,0.003451254219,53,50,100.784864769,69.025084376
semantic-preserving,CodeMark,csn_js,test#1607,0,0.005007958971,0.003203425556,49,47,102.203244305,68.157990562
semantic-preserving,CodeMark,csn_js,test#1608,0,0.007270576432,0.004994461313,67,67,108.516066154,74.544198700
semantic-preserving,CodeMark,csn_js,test#1609,0,0.011393034831,0.008978840895,132,140,86.310869929,64.134577821
semantic-preserving,CodeMark,csn_js,test#1610,0,0.005011566915,0.003177274019,64,58,78.305733041,54.780586526
semantic-preserving,CodeMark,csn_js,test#1611,0,0.007289382629,0.004855519161,75,71,97.191768388,68.387593812
semantic-preserving,CodeMark,csn_js,test#1612,0,0.004968589172,0.003360018134,43,49,115.548585390,68.571798655
semantic-preserving,CodeMark,csn_js,test#1613,0,0.018265227787,0.013104280457,227,209,80.463558534,62.699906492
semantic-preserving,CodeMark,csn_js,test#1614,0,0.005572998896,0.003414348699,55,47,101.327252659,72.645717003
semantic-preserving,CodeMark,csn_js,test#1615,0,0.010086718947,0.007098212838,157,151,64.246617495,47.008032041
semantic-preserving,CodeMark,csn_js,test#1616,0,0.011506388895,0.007884639315,128,115,89.893663244,68.562081003
semantic-preserving,CodeMark,csn_js,test#1617,0,0.007665012032,0.005175553262,62,66,123.629226319,78.417473670
semantic-preserving,CodeMark,csn_js,test#1618,0,0.029826971702,0.021618143655,351,334,84.977127357,64.724981004
semantic-preserving,CodeMark,csn_js,test#1619,0,0.004799152724,0.002901226282,38,39,126.293492749,74.390417490
semantic-preserving,CodeMark,csn_js,test#1620,0,0.005583607592,0.003604531288,49,51,113.951175341,70.677084081
semantic-preserving,CodeMark,csn_js,test#1621,0,0.005499325693,0.003419281915,49,50,112.231136585,68.385638297
semantic-preserving,CodeMark,csn_js,test#1622,0,0.005390734412,0.004090852104,56,59,96.263114496,69.336476341
semantic-preserving,CodeMark,csn_js,test#1623,0,0.005071409047,0.003386245109,54,46,93.914982345,73.614024112
semantic-preserving,CodeMark,csn_js,test#1624,0,0.005982383154,0.004339253530,60,54,99.706385906,80.356546850
semantic-preserving,CodeMark,csn_js,test#1625,0,0.007198058069,0.005125363357,85,89,84.683036103,57.588352330
semantic-preserving,CodeMark,csn_js,test#1626,0,0.004037286155,0.002316031605,24,24,168.220256455,96.501316875
semantic-preserving,CodeMark,csn_js,test#1627,0,0.006505277939,0.004428292625,59,59,110.258948121,75.055807197
semantic-preserving,CodeMark,csn_js,test#1628,0,0.006090587005,0.003850951791,52,46,117.126673173,83.716343278
semantic-preserving,CodeMark,csn_js,test#1629,0,0.024543114007,0.018127440475,301,286,81.538584739,63.382659003
semantic-preserving,CodeMark,csn_js,test#1630,0,0.010030069388,0.006411940791,107,102,93.738966247,62.862164615
semantic-preserving,CodeMark,csn_js,test#1631,0,0.010982145555,0.008126503788,128,120,85.798012151,67.720864899
semantic-preserving,CodeMark,csn_js,test#1632,0,0.006820737384,0.004419840872,60,69,113.678956404,64.055664816
semantic-preserving,CodeMark,csn_js,test#1633,0,0.008330038749,0.005695406348,85,81,98.000455867,70.313658611
semantic-preserving,CodeMark,csn_js,test#1634,0,0.005794496275,0.004642862827,58,65,99.905108198,71.428658871
semantic-preserving,CodeMark,csn_js,test#1635,0,0.006127770990,0.003577386029,54,45,113.477240558,79.497467313
semantic-preserving,CodeMark,csn_js,test#1636,0,0.011619913392,0.007825272158,124,115,93.708978966,68.045844850
semantic-preserving,CodeMark,csn_js,test#1637,0,0.006044275127,0.003929971717,53,52,114.042926931,75.576379179
semantic-preserving,CodeMark,csn_js,test#1638,0,0.008447895758,0.005767812021,89,91,94.920177055,63.382549682
semantic-preserving,CodeMark,csn_js,test#1639,0,0.010315528139,0.006987881847,104,94,99.187770572,74.339168582
semantic-preserving,CodeMark,csn_js,test#1640,0,0.007931974716,0.005717015825,88,92,90.136076324,62.141476361
semantic-preserving,CodeMark,csn_js,test#1641,0,0.004362009466,0.002702771686,28,33,155.786052346,81.902172304
semantic-preserving,CodeMark,csn_js,test#1642,0,0.005162745714,0.003676110879,42,39,122.922517004,94.259253297
semantic-preserving,CodeMark,csn_js,test#1643,0,0.018536435440,0.013313950971,252,222,73.557283493,59.972752121
semantic-preserving,CodeMark,csn_js,test#1644,0,0.011069824919,0.009588216431,149,152,74.294126974,63.080371259
semantic-preserving,CodeMark,csn_js,test#1645,0,0.004866543226,0.003159612417,39,36,124.783159640,87.767011589
semantic-preserving,CodeMark,csn_js,test#1646,0,0.009708466940,0.007482502609,109,103,89.068504033,72.645656403
semantic-preserving,CodeMark,csn_js,test#1647,0,0.005101407878,0.003560766578,41,48,124.424582393,74.182637036
semantic-preserving,CodeMark,csn_js,test#1648,0,0.008798377588,0.006037649699,86,81,102.306716144,74.538885167
semantic-preserving,CodeMark,csn_js,test#1649,0,0.014520850033,0.010262061842,158,155,91.904114130,66.206850592
semantic-preserving,CodeMark,csn_js,test#1650,0,0.005748359486,0.003997880034,46,48,124.964336662,83.289167378
semantic-preserving,CodeMark,csn_js,test#1651,0,0.009231061675,0.006119061261,97,85,95.165584275,71.988956017
semantic-preserving,CodeMark,csn_js,test#1652,0,0.007523797452,0.006042758003,77,86,97.711655227,70.264627940
semantic-preserving,CodeMark,csn_js,test#1653,0,0.008596876636,0.007072231732,87,106,98.814673979,66.719167286
semantic-preserving,CodeMark,csn_js,test#1654,0,0.010078795254,0.006821613759,132,121,76.354509502,56.376973213
semantic-preserving,CodeMark,csn_js,test#1655,0,0.009069452062,0.006006222218,93,92,97.520989917,65.285024112
semantic-preserving,CodeMark,csn_js,test#1656,0,0.005821497180,0.003874467686,57,55,102.131529466,70.444867015
semantic-preserving,CodeMark,csn_js,test#1657,0,0.010257293470,0.007348971441,132,121,77.706768714,60.735301168
semantic-preserving,CodeMark,csn_js,test#1658,0,0.004316220060,0.003185391426,40,42,107.905501500,75.842653002
semantic-preserving,CodeMark,csn_js,test#1659,0,0.015074773692,0.010465584695,172,163,87.644033091,64.206041076
semantic-preserving,CodeMark,csn_js,test#1660,0,0.010644722730,0.007339490578,111,98,95.898402972,74.892760996
semantic-preserving,CodeMark,csn_js,test#1661,0,0.015169180930,0.010411306284,231,222,65.667449912,46.897776056
semantic-preserving,CodeMark,csn_js,test#1662,0,0.005279269069,0.003439064138,43,41,122.773699289,83.879613113
semantic-preserving,CodeMark,csn_js,test#1663,0,0.004864586517,0.003039819188,34,37,143.076074036,82.157275363
semantic-preserving,CodeMark,csn_js,test#1664,0,0.013795707375,0.011028761044,153,165,90.168022058,66.840976025
semantic-preserving,CodeMark,csn_js,test#1665,0,0.008578019217,0.005703769624,105,89,81.695421111,64.087299149
semantic-preserving,CodeMark,csn_js,test#1666,0,0.015454350971,0.012215632014,184,195,83.991037884,62.644266738
semantic-preserving,CodeMark,csn_js,test#1667,0,0.006529130973,0.004244796932,64,62,102.017671452,68.464466641
semantic-preserving,CodeMark,csn_js,test#1668,0,0.008361908607,0.005622289144,77,73,108.596215678,77.017659500
semantic-preserving,CodeMark,csn_js,test#1669,0,0.008716306649,0.006646608934,91,94,95.783589551,70.708605679
semantic-preserving,CodeMark,csn_js,test#1670,0,0.012682945468,0.010664329864,153,164,82.895068415,65.026401610
semantic-preserving,CodeMark,csn_js,test#1671,0,0.005787139758,0.003698048182,49,47,118.104893030,78.681876209
semantic-preserving,CodeMark,csn_js,test#1672,0,0.008335534483,0.007041892968,91,102,91.599280035,69.038166354
semantic-preserving,CodeMark,csn_js,test#1673,0,0.007241624407,0.004863671027,66,63,109.721581931,77.201127415
semantic-preserving,CodeMark,csn_js,test#1674,0,0.008319713175,0.005559174344,82,90,101.459916772,61.768603822
semantic-preserving,CodeMark,csn_js,test#1675,0,0.011719446629,0.009634277783,137,146,85.543406053,65.988203995
semantic-preserving,CodeMark,csn_js,test#1676,0,0.015266089700,0.009923683479,183,162,83.421255192,61.257305429
semantic-preserving,CodeMark,csn_js,test#1677,0,0.004868243821,0.003501350991,37,45,131.574157323,77.807799810
semantic-preserving,CodeMark,csn_js,test#1678,0,0.017083011568,0.012173126452,238,199,71.777359528,61.171489707
semantic-preserving,CodeMark,csn_js,test#1679,0,0.013523339294,0.009531308897,176,155,76.837155079,61.492315463
semantic-preserving,CodeMark,csn_js,test#1680,0,0.054251303896,0.027170329355,1471,1261,36.880560093,21.546652938
semantic-preserving,CodeMark,csn_js,test#1681,0,0.007994051091,0.005669412203,89,92,89.820798779,61.624045686
semantic-preserving,CodeMark,csn_js,test#1682,0,0.006313346326,0.004148158245,59,58,107.005869938,71.519969738
semantic-preserving,CodeMark,csn_js,test#1683,0,0.014894611202,0.010635663755,146,134,102.017884946,79.370625039
semantic-preserving,CodeMark,csn_js,test#1684,0,0.014373348095,0.010438057594,213,194,67.480507486,53.804420588
semantic-preserving,CodeMark,csn_js,test#1685,0,0.008216344751,0.006675833836,98,104,83.840252565,64.190709963
semantic-preserving,CodeMark,csn_js,test#1686,0,0.019291786477,0.013283950277,240,213,80.382443654,62.365963740
semantic-preserving,CodeMark,csn_js,test#1687,0,0.011478707194,0.008235220797,149,150,77.038303318,54.901471982
semantic-preserving,CodeMark,csn_js,test#1688,0,0.005275334232,0.003775715828,46,50,114.681178947,75.514316559
semantic-preserving,CodeMark,csn_js,test#1689,0,0.012521372177,0.008883815259,206,188,60.783360081,47.254336483
semantic-preserving,CodeMark,csn_js,test#1690,0,0.018863742240,0.013008220121,219,211,86.135809314,61.650332328
semantic-preserving,CodeMark,csn_js,test#1691,0,0.016539000906,0.012060740963,225,197,73.506670694,61.222035343
semantic-preserving,CodeMark,csn_js,test#1692,0,0.004417437129,0.002793882973,28,31,157.765611740,90.125257209
semantic-preserving,CodeMark,csn_js,test#1693,0,0.008154188283,0.006400092505,86,89,94.816142823,71.911151741
semantic-preserving,CodeMark,csn_js,test#1694,0,0.008338234387,0.006039449014,90,78,92.647048748,77.428833510
semantic-preserving,CodeMark,csn_js,test#1695,0,0.008533713408,0.005590339191,87,80,98.088659860,69.879239891
semantic-preserving,CodeMark,csn_js,test#1696,0,0.006174983457,0.004464622587,52,51,118.749681860,87.541619352
semantic-preserving,CodeMark,csn_js,test#1697,0,0.009031326510,0.006707950495,85,84,106.250900118,79.856553514
semantic-preserving,CodeMark,csn_js,test#1698,0,0.008050334640,0.006534877233,111,99,72.525537296,66.008860941
semantic-preserving,CodeMark,csn_js,test#1699,0,0.004267644137,0.002835522406,31,33,137.665939908,85.924921388
semantic-preserving,CodeMark,csn_js,test#1700,0,0.021103793755,0.018589864485,279,294,75.640837832,63.230831582
semantic-preserving,CodeMark,csn_js,test#1701,0,0.034885794856,0.026239592582,452,382,77.180962070,68.690032937
semantic-preserving,CodeMark,csn_js,test#1702,0,0.004009101540,0.002584007569,21,30,190.909597136,86.133585622
semantic-preserving,CodeMark,csn_js,test#1703,0,0.010601470247,0.007929358631,113,131,93.818320769,60.529455201
semantic-preserving,CodeMark,csn_js,test#1704,0,0.004614604637,0.003374827094,33,43,139.836504152,78.484351032
semantic-preserving,CodeMark,csn_js,test#1705,0,0.005067213438,0.002993714996,38,35,133.347722065,85.534714162
semantic-preserving,CodeMark,csn_js,test#1706,0,0.006354823709,0.004120694473,58,53,109.565926009,77.748952328
semantic-preserving,CodeMark,csn_js,test#1707,0,0.008450631052,0.005950190127,83,80,101.814831955,74.377376586
semantic-preserving,CodeMark,csn_js,test#1708,0,0.006725327112,0.004602802917,81,83,83.028729775,55.455456836
semantic-preserving,CodeMark,csn_js,test#1709,0,0.021670280024,0.019413978793,261,312,83.027892814,62.224291002
semantic-preserving,CodeMark,csn_js,test#1710,0,0.021687664092,0.018529620022,273,275,79.441993009,67.380436442
semantic-preserving,CodeMark,csn_js,test#1711,0,0.006297203712,0.004172222689,59,59,106.732266308,70.715638793
semantic-preserving,CodeMark,csn_js,test#1712,0,0.005300682969,0.003427655436,55,46,96.376053989,74.514248611
semantic-preserving,CodeMark,csn_js,test#1713,0,0.008893895894,0.005999363959,76,87,117.024945977,68.958206423
semantic-preserving,CodeMark,csn_js,test#1714,0,0.004047885537,0.002453865483,28,27,144.567340612,90.883906793
semantic-preserving,CodeMark,csn_js,test#1715,0,0.008711395785,0.005743454210,79,83,110.270832724,69.198243500
semantic-preserving,CodeMark,csn_js,test#1716,0,0.005541476421,0.003433422185,39,35,142.089139001,98.097776728
semantic-preserving,CodeMark,csn_js,test#1717,0,0.007029048167,0.005407877266,59,61,119.136409613,88.653725679
semantic-preserving,CodeMark,csn_js,test#1718,0,0.019006144255,0.013632799499,253,242,75.123099824,56.333882226
semantic-preserving,CodeMark,csn_js,test#1719,0,0.009991832078,0.006883009337,104,102,96.075308438,67.480483695
semantic-preserving,CodeMark,csn_js,test#1720,0,0.004835583270,0.003156707622,37,39,130.691439719,80.941221080
semantic-preserving,CodeMark,csn_js,test#1721,0,0.009731648490,0.007874430157,102,101,95.408318528,77.964655022
semantic-preserving,CodeMark,csn_js,test#1722,0,0.004652684554,0.002986338921,33,31,140.990441044,96.333513577
semantic-preserving,CodeMark,csn_js,test#1723,0,0.018126360141,0.012714589946,207,194,87.566957202,65.539123433
semantic-preserving,CodeMark,csn_js,test#1724,0,0.005278466269,0.003595596179,43,40,122.755029520,89.889904484
semantic-preserving,CodeMark,csn_js,test#1725,0,0.006885393523,0.004853394814,60,72,114.756558711,67.408261303
semantic-preserving,CodeMark,csn_js,test#1726,0,0.013564031571,0.009432530031,180,165,75.355730951,57.166848670
semantic-preserving,CodeMark,csn_js,test#1727,0,0.013892733492,0.009378905408,152,144,91.399562447,65.131287556
semantic-preserving,CodeMark,csn_js,test#1728,0,0.005981055088,0.003553599119,51,51,117.275589967,69.678414102
semantic-preserving,CodeMark,csn_js,test#1729,0,0.004799811170,0.003304474987,38,41,126.310820250,80.596950905
semantic-preserving,CodeMark,csn_js,test#1730,0,0.004287419841,0.002717311494,35,33,122.497709734,82.342772547
semantic-preserving,CodeMark,csn_js,test#1731,0,0.019122336991,0.014022001065,235,223,81.371646771,62.878928544
semantic-preserving,CodeMark,csn_js,test#1732,0,0.004520004615,0.003243627958,35,37,129.142989005,87.665620486
semantic-preserving,CodeMark,csn_js,test#1733,0,0.017898175865,0.011967243627,190,180,94.200925607,66.484686815
semantic-preserving,CodeMark,csn_js,test#1734,0,0.024584886618,0.019861785695,325,328,75.645804978,60.554224680
semantic-preserving,CodeMark,csn_js,test#1735,0,0.010052838363,0.007148263045,138,126,72.846654803,56.732246386
semantic-preserving,CodeMark,csn_js,test#1736,0,0.011223106645,0.009005327709,140,145,80.165047465,62.105708338
semantic-preserving,CodeMark,csn_js,test#1737,0,0.006622851826,0.004962525330,65,66,101.890028096,75.189777735
semantic-preserving,CodeMark,csn_js,test#1738,0,0.008096905425,0.006156235933,88,100,92.010288923,61.562359333
semantic-preserving,CodeMark,csn_js,test#1739,0,0.004005297087,0.002545827068,27,29,148.344336560,87.787140289
semantic-preserving,CodeMark,csn_js,test#1740,0,0.005251999944,0.003405976109,42,39,125.047617725,87.332720749
semantic-preserving,CodeMark,csn_js,test#1741,0,0.005873531103,0.003836853430,39,40,150.603361619,95.921335742
semantic-preserving,CodeMark,csn_js,test#1742,0,0.004378952086,0.002873748541,36,35,121.637557944,82.107101168
semantic-preserving,CodeMark,csn_js,test#1743,0,0.005769163370,0.003875121474,57,52,101.213392458,74.521566813
semantic-preserving,CodeMark,csn_js,test#1744,0,0.015873824246,0.011664804071,200,180,79.369121231,64.804467062
semantic-preserving,CodeMark,csn_js,test#1745,0,0.013891931623,0.009783315472,179,167,77.608556554,58.582727379
semantic-preserving,CodeMark,csn_js,test#1746,0,0.007511015050,0.005519649014,91,83,82.538626924,66.501795348
semantic-preserving,CodeMark,csn_js,test#1747,0,0.022106370889,0.016245091334,295,275,74.936850470,59.073059396
semantic-preserving,CodeMark,csn_js,test#1748,0,0.007331722416,0.004796464927,75,68,97.756298880,70.536248934
semantic-preserving,CodeMark,csn_js,test#1749,0,0.005106534809,0.003288600594,51,49,100.128133507,67.114297833
semantic-preserving,CodeMark,csn_js,test#1750,0,0.008847761899,0.005883387290,103,96,85.900600963,61.285284270
semantic-preserving,CodeMark,csn_js,test#1751,0,0.029767945409,0.021325633861,438,403,67.963345682,52.917205611
semantic-preserving,CodeMark,csn_js,test#1752,0,0.033543013036,0.024526293389,537,496,62.463711427,49.448172156
semantic-preserving,CodeMark,csn_js,test#1753,0,0.016152541153,0.011188442819,182,191,88.750226116,58.578234654
semantic-preserving,CodeMark,csn_js,test#1754,0,0.006769927219,0.004765777849,67,80,101.043689829,59.572223108
semantic-preserving,CodeMark,csn_js,test#1755,0,0.009189041331,0.006178514101,96,92,95.719180536,67.157761963
semantic-preserving,CodeMark,csn_js,test#1756,0,0.004396388307,0.002912130207,35,33,125.611094492,88.246369904
semantic-preserving,CodeMark,csn_js,test#1757,0,0.036264362745,0.025342175737,408,379,88.883242022,66.865899042
semantic-preserving,CodeMark,csn_js,test#1758,0,0.007358107716,0.004706431180,70,65,105.115824512,72.406633542
semantic-preserving,CodeMark,csn_js,test#1759,0,0.005220425315,0.003715287894,56,51,93.221880629,72.848782236
semantic-preserving,CodeMark,csn_js,test#1760,0,0.004802507348,0.003449852578,48,49,100.052236424,70.405154660
semantic-preserving,CodeMark,csn_js,test#1761,0,0.007194560952,0.004986325279,69,68,104.268999311,73.328312925
semantic-preserving,CodeMark,csn_js,test#1762,0,0.026230623946,0.019486351870,352,318,74.518818027,61.277836069
semantic-preserving,CodeMark,csn_js,test#1763,0,0.008087955415,0.005546558648,68,75,118.940520812,73.954115311
semantic-preserving,CodeMark,csn_js,test#1764,0,0.009304559790,0.007057385519,79,89,117.779237843,79.296466507
semantic-preserving,CodeMark,csn_js,test#1765,0,0.006842891686,0.005179010332,52,65,131.594070878,79.677082025
semantic-preserving,CodeMark,csn_js,test#1766,0,0.012858184054,0.009809849784,123,146,104.538081744,67.190751944
semantic-preserving,CodeMark,csn_js,test#1767,0,0.014291418716,0.010231451131,145,129,98.561508388,79.313574662
semantic-preserving,CodeMark,csn_js,test#1768,0,0.042243754491,0.027337631211,538,483,78.519989761,56.599650540
semantic-preserving,CodeMark,csn_js,test#1769,0,0.005631221458,0.003606862389,40,41,140.780536458,87.972253379
semantic-preserving,CodeMark,csn_js,test#1770,0,0.005626697093,0.003551081754,46,48,122.319502027,73.980869881
semantic-preserving,CodeMark,csn_js,test#1771,0,0.005859449506,0.003869906999,43,48,136.266267577,80.623062483
semantic-preserving,CodeMark,csn_js,test#1772,0,0.008969874121,0.005758786574,76,80,118.024659490,71.984832175
semantic-preserving,CodeMark,csn_js,test#1773,0,0.013951258734,0.009528428316,171,158,81.586308385,60.306508330
semantic-preserving,CodeMark,csn_js,test#1774,0,0.030714035034,0.024998488836,413,448,74.368123569,55.800198295
semantic-preserving,CodeMark,csn_js,test#1775,0,0.034762254916,0.026570422575,534,574,65.097855648,46.289934799
semantic-preserving,CodeMark,csn_js,test#1776,0,0.007090004161,0.005454619415,80,81,88.625052013,67.340980433
semantic-preserving,CodeMark,csn_js,test#1777,0,0.013374604285,0.010010183789,188,184,71.141512153,54.403172765
semantic-preserving,CodeMark,csn_js,test#1778,0,0.006041158922,0.004441053607,61,64,99.035392164,69.391462603
semantic-preserving,CodeMark,csn_js,test#1779,0,0.023890268989,0.016143045388,305,275,78.328750783,58.701983230
semantic-preserving,CodeMark,csn_js,test#1780,0,0.009333347902,0.006249752827,110,99,84.848617288,63.128816434
semantic-preserving,CodeMark,csn_js,test#1781,0,0.015712436289,0.011534622870,208,191,75.540559080,60.390695656
semantic-preserving,CodeMark,csn_js,test#1782,0,0.011094694957,0.007849261165,148,141,74.964155116,55.668518898
semantic-preserving,CodeMark,csn_js,test#1783,0,0.006359159946,0.004408029839,51,42,124.689410715,104.953091414
semantic-preserving,CodeMark,csn_js,test#1784,0,0.010579851456,0.007020317018,98,79,107.957667918,88.864772380
semantic-preserving,CodeMark,csn_js,test#1785,0,0.007175331004,0.004455079325,65,60,110.389707753,74.251322076
semantic-preserving,CodeMark,csn_js,test#1786,0,0.005840525031,0.003732154146,52,49,112.317789059,76.166411140
semantic-preserving,CodeMark,csn_js,test#1787,0,0.014079121873,0.009527652524,160,144,87.994511705,66.164253642
semantic-preserving,CodeMark,csn_js,test#1788,0,0.013559540734,0.009866468608,183,162,74.095851004,60.904127212
semantic-preserving,CodeMark,csn_js,test#1789,0,0.013515301049,0.010760889389,153,155,88.335300972,69.425092830
semantic-preserving,CodeMark,csn_js,test#1790,0,0.010154604912,0.007248642854,118,111,86.055973829,65.303088778
semantic-preserving,CodeMark,csn_js,test#1791,0,0.012664218433,0.009486576542,146,151,86.741222145,62.825010214
semantic-preserving,CodeMark,csn_js,test#1792,0,0.006744870916,0.004562500864,78,73,86.472704051,62.500011839
semantic-preserving,CodeMark,csn_js,test#1793,0,0.020224877633,0.016560922377,248,257,81.551925940,64.439386680
semantic-preserving,CodeMark,csn_js,test#1794,0,0.024826733395,0.017293256707,279,269,88.984707511,64.287199656
semantic-preserving,CodeMark,csn_js,test#1795,0,0.006713308394,0.004075468518,60,52,111.888473233,78.374394574
semantic-preserving,CodeMark,csn_js,test#1796,0,0.009112837724,0.006540673785,98,95,92.988140045,68.849197736
semantic-preserving,CodeMark,csn_js,test#1797,0,0.011383040808,0.008599231951,129,118,88.240626420,72.874847042
semantic-preserving,CodeMark,csn_js,test#1798,0,0.009638727643,0.005380854011,81,72,118.996637563,74.734083480
semantic-preserving,CodeMark,csn_js,test#1799,0,0.007744017057,0.005141156726,74,63,104.648879150,81.605662311
semantic-preserving,CodeMark,csn_js,test#1800,0,0.005468451418,0.003435412422,46,47,118.879378652,73.093881315
semantic-preserving,CodeMark,csn_js,test#1801,0,0.021051987074,0.014587571844,241,212,87.352643462,68.809301153
semantic-preserving,CodeMark,csn_js,test#1802,0,0.009001469240,0.006224669516,93,88,96.789991824,70.734880865
semantic-preserving,CodeMark,csn_js,test#1803,0,0.005570627749,0.003412341699,41,35,135.868969487,97.495477114
semantic-preserving,CodeMark,csn_js,test#1804,0,0.009474777617,0.007957204245,98,103,96.681404251,77.254410146
semantic-preserving,CodeMark,csn_js,test#1805,0,0.009370823391,0.006868758239,90,96,104.120259898,71.549564988
semantic-preserving,CodeMark,csn_js,test#1806,0,0.021796685643,0.015248129144,282,243,77.293211502,62.749502651
semantic-preserving,CodeMark,csn_js,test#1807,0,0.008496431634,0.005849398673,95,87,89.436122461,67.234467501
semantic-preserving,CodeMark,csn_js,test#1808,0,0.004670681432,0.002835153602,41,39,113.919059314,72.696246207
semantic-preserving,CodeMark,csn_js,test#1809,0,0.006748108193,0.004637419246,66,63,102.244063535,73.609829304
semantic-preserving,CodeMark,csn_js,test#1810,0,0.007935244590,0.005355374888,78,76,101.733905001,70.465459047
semantic-preserving,CodeMark,csn_js,test#1811,0,0.005501481704,0.003815856762,47,54,117.052802222,70.664014115
semantic-preserving,CodeMark,csn_js,test#1812,0,0.005333367735,0.003905528225,47,54,113.475909258,72.324596759
semantic-preserving,CodeMark,csn_js,test#1813,0,0.005751792341,0.003777534701,51,49,112.780241990,77.092544917
semantic-preserving,CodeMark,csn_js,test#1814,0,0.007681678049,0.005298801698,77,81,99.762052588,65.417304911
semantic-preserving,CodeMark,csn_js,test#1815,0,0.007113931701,0.005091808736,66,70,107.786843948,72.740124805
semantic-preserving,CodeMark,csn_js,test#1816,0,0.005600248463,0.003676845692,50,51,112.004969269,72.095013571
semantic-preserving,CodeMark,csn_js,test#1817,0,0.007677278481,0.005613583140,85,84,90.320923311,66.828370715
semantic-preserving,CodeMark,csn_js,test#1818,0,0.005605491810,0.004156864248,47,52,119.265783182,79.939697081
semantic-preserving,CodeMark,csn_js,test#1819,0,0.005952957086,0.003952655010,51,56,116.724648750,70.583125177
semantic-preserving,CodeMark,csn_js,test#1820,0,0.005775051191,0.004045799375,53,52,108.963230027,77.803834127
semantic-preserving,CodeMark,csn_js,test#1821,0,0.017139370553,0.012002271600,187,187,91.654387985,64.183270589
semantic-preserving,CodeMark,csn_js,test#1822,0,0.008795158938,0.007155490108,86,91,102.269289972,78.631759427
semantic-preserving,CodeMark,csn_js,test#1823,0,0.008659745567,0.006547076628,82,96,105.606653251,68.198714871
semantic-preserving,CodeMark,csn_js,test#1824,0,0.007116100751,0.005163746886,59,61,120.611877133,84.651588294
semantic-preserving,CodeMark,csn_js,test#1825,0,0.006331070326,0.004586819559,50,56,126.621406525,81.907492131
semantic-preserving,CodeMark,csn_js,test#1826,0,0.006414506584,0.004283927381,51,53,125.774638910,80.828818510
semantic-preserving,CodeMark,csn_js,test#1827,0,0.006651840173,0.004580971785,55,56,120.942548595,81.803067587
semantic-preserving,CodeMark,csn_js,test#1828,0,0.008640796877,0.005852510221,85,78,101.656433852,75.032182324
semantic-preserving,CodeMark,csn_js,test#1829,0,0.007242823951,0.006001907401,64,79,113.169124234,75.973511402
semantic-preserving,CodeMark,csn_js,test#1830,0,0.006540921517,0.004201274365,53,55,123.413613523,76.386806640
semantic-preserving,CodeMark,csn_js,test#1831,0,0.008015005849,0.005743919872,71,77,112.887406328,74.596361971
semantic-preserving,CodeMark,csn_js,test#1832,0,0.007742875256,0.005212469026,71,62,109.054581065,84.072081072
semantic-preserving,CodeMark,csn_js,test#1833,0,0.008232430555,0.005417120643,77,72,106.914682532,75.237786708
semantic-preserving,CodeMark,csn_js,test#1834,0,0.013996266760,0.009450170211,138,128,101.422222898,73.829454777
semantic-preserving,CodeMark,csn_js,test#1835,0,0.014163482003,0.009195063263,134,129,105.697626887,71.279560180
semantic-preserving,CodeMark,csn_js,test#1836,0,0.006330334581,0.004418049939,55,55,115.096992390,80.328180709
semantic-preserving,CodeMark,csn_js,test#1837,0,0.006002320908,0.004442495294,53,59,113.251337887,75.296530405
semantic-preserving,CodeMark,csn_js,test#1838,0,0.006993414834,0.005533217452,81,83,86.338454742,66.665270512
semantic-preserving,CodeMark,csn_js,test#1839,0,0.004894154146,0.003247752786,41,40,119.369613325,81.193819642
semantic-preserving,CodeMark,csn_js,test#1840,0,0.037032783031,0.029008113779,543,478,68.200337075,60.686430500
semantic-preserving,CodeMark,csn_js,test#1841,0,0.012892438099,0.008987220004,149,135,86.526430193,66.572000031
semantic-preserving,CodeMark,csn_js,test#1842,0,0.006551451981,0.004598909058,67,61,97.782865389,75.391951765
semantic-preserving,CodeMark,csn_js,test#1843,0,0.008193640038,0.006314557977,87,82,94.179770556,77.006804598
semantic-preserving,CodeMark,csn_js,test#1844,0,0.013820489869,0.009522758424,151,138,91.526422970,69.005495828
semantic-preserving,CodeMark,csn_js,test#1845,0,0.006254461594,0.004048344679,50,47,125.089231879,86.134993174
semantic-preserving,CodeMark,csn_js,test#1846,0,0.008672993630,0.005501371808,86,80,100.848763142,68.767147604
semantic-preserving,CodeMark,csn_js,test#1847,0,0.019320123829,0.013561660424,226,208,85.487273579,65.200290499
semantic-preserving,CodeMark,csn_js,test#1848,0,0.005968733691,0.004105843604,54,55,110.532105383,74.651701884
semantic-preserving,CodeMark,csn_js,test#1849,0,0.006374509074,0.004133027047,53,56,120.273756109,73.804054409
semantic-preserving,CodeMark,csn_js,test#1850,0,0.008094719611,0.006257550791,88,86,91.985450126,72.762218499
semantic-preserving,CodeMark,csn_js,test#1851,0,0.021774342284,0.016148341820,267,251,81.551843759,64.336023186
semantic-preserving,CodeMark,csn_js,test#1852,0,0.008982381783,0.007900102995,96,109,93.566476911,72.478009132
semantic-preserving,CodeMark,csn_js,test#1853,0,0.025780989788,0.019272006117,316,312,81.585410723,61.769250374
semantic-preserving,CodeMark,csn_js,test#1854,0,0.005890090019,0.004049043171,51,51,115.491961147,79.393003355
semantic-preserving,CodeMark,csn_js,test#1855,0,0.005437440239,0.003990016878,48,52,113.280004977,76.731093801
semantic-preserving,CodeMark,csn_js,test#1856,0,0.007060349919,0.004952786490,69,66,102.323911868,75.042219550
semantic-preserving,CodeMark,csn_js,test#1857,0,0.009153066203,0.006368981674,113,103,81.000585867,61.834773537
semantic-preserving,CodeMark,csn_js,test#1858,0,0.012728203088,0.009290225804,146,129,87.179473206,72.017254293
semantic-preserving,CodeMark,csn_js,test#1859,0,0.016916474327,0.013160507195,170,159,99.508672514,82.770485501
semantic-preserving,CodeMark,csn_js,test#1860,0,0.005336227827,0.003437394276,38,41,140.427048073,83.838884787
semantic-preserving,CodeMark,csn_js,test#1861,0,0.014573149383,0.011013346724,182,157,80.072249358,70.148705250
semantic-preserving,CodeMark,csn_js,test#1862,0,0.007019250654,0.004626588896,66,57,106.352282632,81.168226244
semantic-preserving,CodeMark,csn_js,test#1863,0,0.005652694963,0.003317844123,42,37,134.587975308,89.671462774
semantic-preserving,CodeMark,csn_js,test#1864,0,0.006067005917,0.003936734051,60,53,101.116765290,74.278000953
semantic-preserving,CodeMark,csn_js,test#1865,0,0.011594504118,0.007950040512,132,123,87.837152409,64.634475706
semantic-preserving,CodeMark,csn_js,test#1866,0,0.005144251511,0.003586518578,41,46,125.469549037,77.967795179
semantic-preserving,CodeMark,csn_js,test#1867,0,0.011331383139,0.008228342049,120,120,94.428192824,68.569517074
semantic-preserving,CodeMark,csn_js,test#1868,0,0.008292838931,0.005957278423,81,73,102.380727544,81.606553740
semantic-preserving,CodeMark,csn_js,test#1869,0,0.005536037497,0.003762451932,42,51,131.810416601,73.773567291
semantic-preserving,CodeMark,csn_js,test#1870,0,0.008090504445,0.005359245464,82,74,98.664688355,72.422236003
semantic-preserving,CodeMark,csn_js,test#1871,0,0.006450926885,0.004200854339,53,56,121.715601604,75.015256048
semantic-preserving,CodeMark,csn_js,test#1872,0,0.004764941521,0.002909537405,37,32,128.782203270,90.923043899
semantic-preserving,CodeMark,csn_js,test#1873,0,0.008126892149,0.005443562753,76,70,106.932791440,77.765182193
semantic-preserving,CodeMark,csn_js,test#1874,0,0.005204767920,0.004365334287,39,55,133.455587694,79.369714314
semantic-preserving,CodeMark,csn_js,test#1875,0,0.033027920872,0.024693155661,403,387,81.955138640,63.806603776
semantic-preserving,CodeMark,csn_js,test#1876,0,0.004571612924,0.003143050708,34,38,134.459203657,82.711860734
semantic-preserving,CodeMark,csn_js,test#1877,0,0.008044603281,0.005192585289,82,73,98.104918058,71.131305335
semantic-preserving,CodeMark,csn_js,test#1878,0,0.008218826726,0.005593148991,80,81,102.735334076,69.051222117
semantic-preserving,CodeMark,csn_js,test#1879,0,0.016274810769,0.010901274160,212,181,76.767975324,60.228034031
semantic-preserving,CodeMark,csn_js,test#1880,0,0.016390974633,0.011802234687,169,152,96.988015582,77.646280835
semantic-preserving,CodeMark,csn_js,test#1881,0,0.034848285839,0.024880594574,422,387,82.578876396,64.290942051
semantic-preserving,CodeMark,csn_js,test#1882,0,0.009794245474,0.007121177390,109,95,89.855463065,74.959762002
semantic-preserving,CodeMark,csn_js,test#1883,0,0.021385716274,0.015125831589,237,213,90.235089765,71.013293846
semantic-preserving,CodeMark,csn_js,test#1884,0,0.018584951758,0.013065773062,194,186,95.798720404,70.246091733
semantic-preserving,CodeMark,csn_js,test#1885,0,0.011697851121,0.009587028995,109,125,107.319735059,76.696231961
semantic-preserving,CodeMark,csn_js,test#1886,0,0.032000427134,0.023367800750,360,320,88.890075373,73.024377343
semantic-preserving,CodeMark,csn_js,test#1887,0,0.023794645444,0.016631340608,280,245,84.980876584,67.883022890
semantic-preserving,CodeMark,csn_js,test#1888,0,0.006288724020,0.003786882386,44,60,142.925545912,63.114706427
semantic-preserving,CodeMark,csn_js,test#1889,0,0.004285792820,0.002974944189,32,37,133.931025630,80.403897005
semantic-preserving,CodeMark,csn_js,test#1890,0,0.007691638544,0.004918814637,69,67,111.473022380,73.415143832
semantic-preserving,CodeMark,csn_js,test#1891,0,0.006032291800,0.003528646193,52,47,116.005611534,75.077578584
semantic-preserving,CodeMark,csn_js,test#1892,0,0.005723240785,0.003810483962,63,57,90.845091830,66.850595830
semantic-preserving,CodeMark,csn_js,test#1893,0,0.005623118952,0.003714831546,46,46,122.241716346,80.757207521
semantic-preserving,CodeMark,csn_js,test#1894,0,0.015754937194,0.011090085842,186,166,84.703963410,66.807746034
semantic-preserving,CodeMark,csn_js,test#1895,0,0.005223191343,0.003426592797,59,49,88.528666835,69.930465246
semantic-preserving,CodeMark,csn_js,test#1896,0,0.007195980288,0.004700348713,86,74,83.674189396,63.518225845
semantic-preserving,CodeMark,csn_js,test#1897,0,0.016347081400,0.013830158859,209,225,78.215700481,61.467372709
semantic-preserving,CodeMark,csn_js,test#1898,0,0.007210795768,0.005012752488,74,79,97.443186049,63.452563142
semantic-preserving,CodeMark,csn_js,test#1899,0,0.010998992249,0.007431882434,121,116,90.900762391,64.067952014
semantic-preserving,CodeMark,csn_js,test#1900,0,0.023041809909,0.017591853626,369,312,62.443929293,56.384146237
semantic-preserving,CodeMark,csn_js,test#1901,0,0.019494546577,0.014899807051,213,221,91.523692851,67.419941406
semantic-preserving,CodeMark,csn_js,test#1902,0,0.016272964887,0.011894295923,174,184,93.522786709,64.642912627
semantic-preserving,CodeMark,csn_js,test#1903,0,0.011796948500,0.008115091361,133,124,88.698860902,65.444285170
semantic-preserving,CodeMark,csn_js,test#1904,0,0.006443139166,0.004374139942,59,60,109.205748570,72.902332370
semantic-preserving,CodeMark,csn_js,test#1905,0,0.012625312433,0.008896213956,133,127,94.927161148,70.048928789
semantic-preserving,CodeMark,csn_js,test#1906,0,0.008448455483,0.005345339887,82,77,103.029944911,69.419998530
semantic-preserving,CodeMark,csn_js,test#1907,0,0.020524412394,0.016012709588,221,236,92.870644315,67.850464355
semantic-preserving,CodeMark,csn_js,test#1908,0,0.007897672243,0.005278044380,81,80,97.502126462,65.975554753
semantic-preserving,CodeMark,csn_js,test#1909,0,0.019530541264,0.014181753621,228,227,85.660268700,62.474685553
semantic-preserving,CodeMark,csn_js,test#1910,0,0.006999844685,0.005024617538,66,69,106.058252806,72.820544027
semantic-preserving,CodeMark,csn_js,test#1911,0,0.013075920753,0.009172838181,144,135,90.805005230,67.946949491
semantic-preserving,CodeMark,csn_js,test#1912,0,0.006489613093,0.004374667071,56,60,115.885948097,72.911117847
semantic-preserving,CodeMark,csn_js,test#1913,0,0.005383839831,0.003494092263,42,42,128.186662637,83.192672935
semantic-preserving,CodeMark,csn_js,test#1914,0,0.005633521825,0.003434297629,43,40,131.012135467,85.857440718
semantic-preserving,CodeMark,csn_js,test#1915,0,0.008628336713,0.005598304793,88,76,98.049280826,73.661905174
semantic-preserving,CodeMark,csn_js,test#1916,0,0.005221817642,0.003386955708,51,45,102.388581225,75.265682406
semantic-preserving,CodeMark,csn_js,test#1917,0,0.006560498849,0.004457673989,106,105,61.891498571,42.454037993
semantic-preserving,CodeMark,csn_js,test#1918,0,0.007891077548,0.005894416943,91,80,86.715137893,73.680211790
semantic-preserving,CodeMark,csn_js,test#1919,0,0.034874455072,0.026334281079,509,451,68.515628825,58.390867139
semantic-preserving,CodeMark,csn_js,test#1920,0,0.018470945768,0.012842522003,252,223,73.297403842,57.589784766
semantic-preserving,CodeMark,csn_js,test#1921,0,0.008869735524,0.005736033432,90,85,98.552616934,67.482746261
semantic-preserving,CodeMark,csn_js,test#1922,0,0.007806915790,0.006130798720,88,92,88.714952157,66.639116520
semantic-preserving,CodeMark,csn_js,test#1923,0,0.011637571268,0.010152116418,145,151,80.259112192,67.232559059
semantic-preserving,CodeMark,csn_js,test#1924,0,0.018641158938,0.014004882425,245,234,76.086363014,59.849924893
semantic-preserving,CodeMark,csn_js,test#1925,0,0.010353357531,0.007304386236,132,130,78.434526751,56.187586429
semantic-preserving,CodeMark,csn_js,test#1926,0,0.005803282373,0.003824131563,59,61,98.360718181,62.690681366
semantic-preserving,CodeMark,csn_js,test#1927,0,0.008115901612,0.005699115805,97,91,83.669088781,62.627646212
semantic-preserving,CodeMark,csn_js,test#1928,0,0.008170985617,0.007166239433,92,106,88.815061052,67.606032387
semantic-preserving,CodeMark,csn_js,test#1929,0,0.015576741658,0.013008916751,196,198,79.473171725,65.701599750
semantic-preserving,CodeMark,csn_js,test#1930,0,0.015415756032,0.010728535242,209,195,73.759598239,55.018129448
semantic-preserving,CodeMark,csn_js,test#1931,0,0.011440178379,0.008013036102,171,157,66.901627950,51.038446510
semantic-preserving,CodeMark,csn_js,test#1932,0,0.014301249757,0.009923383594,204,191,70.104165477,51.954887924
semantic-preserving,CodeMark,csn_js,test#1933,0,0.005589690059,0.003952336498,64,63,87.338907178,62.735499962
semantic-preserving,CodeMark,csn_js,test#1934,0,0.003987382166,0.002646366134,24,26,166.140923587,101.783312857
semantic-preserving,CodeMark,csn_js,test#1935,0,0.004449116997,0.002841440029,34,33,130.856382277,86.104243316
semantic-preserving,CodeMark,csn_js,test#1936,0,0.010023359209,0.008010229096,107,113,93.676254293,70.886983149
semantic-preserving,CodeMark,csn_js,test#1937,0,0.010697430931,0.007991018705,120,121,89.145257759,66.041476901
semantic-preserving,CodeMark,csn_js,test#1938,0,0.005167979747,0.003388442099,50,45,103.359594941,75.298713313
semantic-preserving,CodeMark,csn_js,test#1939,0,0.010231462307,0.006987341680,112,107,91.352342029,65.302258688
semantic-preserving,CodeMark,csn_js,test#1940,0,0.004374057055,0.002689642832,26,24,168.232963635,112.068451320
semantic-preserving,CodeMark,csn_js,test#1941,0,0.006925707683,0.004680759273,57,60,121.503643561,78.012654558
semantic-preserving,CodeMark,csn_js,test#1942,0,0.004044628702,0.002604292706,30,32,134.820956737,81.384147052
semantic-preserving,CodeMark,csn_js,test#1943,0,0.005431564525,0.003533286974,42,44,129.322964875,80.301976678
semantic-preserving,CodeMark,csn_js,test#1944,0,0.006157655269,0.004250467755,46,51,133.862071063,83.342504998
semantic-preserving,CodeMark,csn_js,test#1945,0,0.008284998126,0.006078716367,71,87,116.690114455,69.870303075
semantic-preserving,CodeMark,csn_js,test#1946,0,0.006889209151,0.005336218514,59,67,116.766256801,79.645052441
semantic-preserving,CodeMark,csn_js,test#1947,0,0.007256815210,0.004866966046,72,63,100.789100139,77.253429308
semantic-preserving,CodeMark,csn_js,test#1948,0,0.009042942896,0.006263704039,105,102,86.123265681,61.408863129
semantic-preserving,CodeMark,csn_js,test#1949,0,0.006993120536,0.005017764866,62,70,112.792266713,71.682355234
semantic-preserving,CodeMark,csn_js,test#1950,0,0.005925178528,0.004715139978,59,69,100.426754709,68.335361995
semantic-preserving,CodeMark,csn_js,test#1951,0,0.005243889987,0.003542358987,47,50,111.572127393,70.847179741
semantic-preserving,CodeMark,csn_js,test#1952,0,0.006492787972,0.004082127474,64,57,101.449812064,71.616271478
semantic-preserving,CodeMark,csn_js,test#1953,0,0.007496763021,0.005727268755,72,95,104.121708622,60.287039531
semantic-preserving,CodeMark,csn_js,test#1954,0,0.020622872747,0.014532727189,295,264,69.908043212,55.048209051
semantic-preserving,CodeMark,csn_js,test#1955,0,0.010186075233,0.007350772619,153,142,66.575655117,51.766004361
semantic-preserving,CodeMark,csn_js,test#1956,0,0.010994566604,0.008256756701,113,114,97.297049597,72.427690356
semantic-preserving,CodeMark,csn_js,test#1957,0,0.007372038439,0.004911134951,80,75,92.150480486,65.481799344
semantic-preserving,CodeMark,csn_js,test#1958,0,0.011839387007,0.009263584390,138,137,85.792659471,67.617404309
semantic-preserving,CodeMark,csn_js,test#1959,0,0.014424598776,0.009962503798,176,157,81.957947590,63.455438206
semantic-preserving,CodeMark,csn_js,test#1960,0,0.014957169071,0.010116210207,170,154,87.983347476,65.689676671
semantic-preserving,CodeMark,csn_js,test#1961,0,0.006165418774,0.003879461437,57,57,108.165241647,68.060726973
semantic-preserving,CodeMark,csn_js,test#1962,0,0.007774887607,0.007073123008,82,91,94.815702518,77.726626462
semantic-preserving,CodeMark,csn_js,test#1963,0,0.012735559605,0.009217247367,146,135,87.229860309,68.275906422
semantic-preserving,CodeMark,csn_js,test#1964,0,0.004391564056,0.002730892971,39,36,112.604206571,75.858138088
semantic-preserving,CodeMark,csn_js,test#1965,0,0.011175356805,0.008014739491,147,138,76.022835410,58.077822399
semantic-preserving,CodeMark,csn_js,test#1966,0,0.020131848752,0.013686400838,254,240,79.259247057,57.026670159
semantic-preserving,CodeMark,csn_js,test#1967,0,0.019108010456,0.014070790261,250,218,76.432041824,64.544909454
semantic-preserving,CodeMark,csn_js,test#1968,0,0.010325930081,0.007656306028,105,102,98.342191251,75.061823808
semantic-preserving,CodeMark,csn_js,test#1969,0,0.014628546312,0.009934209287,154,136,94.990560470,73.045656523
semantic-preserving,CodeMark,csn_js,test#1970,0,0.005694131367,0.003450264223,43,35,132.421659696,98.578977798
semantic-preserving,CodeMark,csn_js,test#1971,0,0.034423878416,0.024818596430,436,389,78.953849579,63.801019101
semantic-preserving,CodeMark,csn_js,test#1972,0,0.007486672141,0.005110786296,74,66,101.171245144,77.436156006
semantic-preserving,CodeMark,csn_js,test#1973,0,0.010091446340,0.006790352985,85,95,118.722898119,71.477399845
semantic-preserving,CodeMark,csn_js,test#1974,0,0.006518677808,0.004497833550,63,66,103.471076323,68.148993181
semantic-preserving,CodeMark,csn_js,test#1975,0,0.012775523588,0.009511850774,161,147,79.351078187,64.706467852
semantic-preserving,CodeMark,csn_js,test#1976,0,0.005483144894,0.004345583729,46,53,119.198802049,81.992145839
semantic-preserving,CodeMark,csn_js,test#1977,0,0.004666346125,0.003260633908,37,39,126.117462846,83.605997646
semantic-preserving,CodeMark,csn_js,test#1978,0,0.007873907685,0.005482111126,101,91,77.959482032,60.242979409
semantic-preserving,CodeMark,csn_js,test#1979,0,0.005267624743,0.003477608785,59,60,89.281775310,57.960146417
semantic-preserving,CodeMark,csn_js,test#1980,0,0.015994852409,0.011966451071,193,178,82.874882947,67.227253209
semantic-preserving,CodeMark,csn_js,test#1981,0,0.009233655408,0.007270231843,87,92,106.133970207,79.024259163
semantic-preserving,CodeMark,csn_js,test#1982,0,0.010824719444,0.007612766698,145,120,74.653237544,63.439722483
semantic-preserving,CodeMark,csn_js,test#1983,0,0.012154266238,0.009282714687,154,142,78.923806742,65.371230192
semantic-preserving,CodeMark,csn_js,test#1984,0,0.005778131075,0.003932574764,50,49,115.562621504,80.256627835
semantic-preserving,CodeMark,csn_js,test#1985,0,0.007398302667,0.004907294177,67,63,110.422427863,77.893558357
semantic-preserving,CodeMark,csn_js,test#1986,0,0.004833082668,0.003081677482,35,33,138.088076242,93.384166107
semantic-preserving,CodeMark,csn_js,test#1987,0,0.004639554769,0.002917833626,42,36,110.465589733,81.050934063
semantic-preserving,CodeMark,csn_js,test#1988,0,0.012205582112,0.008672214113,132,119,92.466531152,72.875748850
semantic-preserving,CodeMark,csn_js,test#1989,0,0.032964389771,0.022064662538,354,317,93.119745116,69.604613686
semantic-preserving,CodeMark,csn_js,test#1990,0,0.006706563756,0.004506814294,59,52,113.670572133,86.669505645
semantic-preserving,CodeMark,csn_js,test#1991,0,0.012455917895,0.007719289511,125,111,99.647343159,69.543148752
semantic-preserving,CodeMark,csn_js,test#1992,0,0.007644237950,0.006012381986,75,73,101.923172673,82.361397066
semantic-preserving,CodeMark,csn_js,test#1993,0,0.013297695667,0.009860403836,166,155,80.106600401,63.615508618
semantic-preserving,CodeMark,csn_js,test#1994,0,0.006253940985,0.004431183450,57,56,109.718262888,79.128275891
semantic-preserving,CodeMark,csn_js,test#1995,0,0.006879935972,0.004846925847,76,66,90.525473321,73.438270413
semantic-preserving,CodeMark,csn_js,test#1996,0,0.006829740480,0.004432749003,70,62,97.567721137,71.495951664
semantic-preserving,CodeMark,csn_js,test#1997,0,0.005645571277,0.003647054546,50,47,112.911425531,77.596905225
semantic-preserving,CodeMark,csn_js,test#1998,0,0.010227092542,0.007122551091,106,104,96.482005111,68.486068183
semantic-preserving,CodeMark,csn_js,test#1999,0,0.007017193362,0.004459561780,82,69,85.575528806,64.631330146
semantic-preserving,CodeMark,csn_js,test#2000,0,0.009711638093,0.006624949165,120,104,80.930317442,63.701434276
semantic-preserving,CodeMark,csn_js,test#2001,0,0.011155404150,0.008053255267,150,137,74.369361003,58.782885164
semantic-preserving,CodeMark,csn_js,test#2002,0,0.007294366136,0.005785871297,96,90,75.982980585,64.287458857
semantic-preserving,CodeMark,csn_js,test#2003,0,0.013348020613,0.011724602431,204,189,65.431473594,62.034933498
semantic-preserving,CodeMark,csn_js,test#2004,0,0.015332076699,0.014215905219,174,197,88.115383325,72.161955428
semantic-preserving,CodeMark,csn_js,test#2005,0,0.010058339685,0.007525554858,105,96,95.793711288,78.391196439
semantic-preserving,CodeMark,csn_js,test#2006,0,0.013009758666,0.010991402902,171,150,76.080460036,73.276019345
semantic-preserving,CodeMark,csn_js,test#2007,0,0.009418642148,0.007957944646,108,105,87.209649522,75.789949014
semantic-preserving,CodeMark,csn_js,test#2008,0,0.009782094508,0.006848568097,103,97,94.971791344,70.603794812
semantic-preserving,CodeMark,csn_js,test#2009,0,0.014321675524,0.010453399271,172,156,83.265555373,67.008969684
semantic-preserving,CodeMark,csn_js,test#2010,0,0.010088208131,0.006776527502,102,97,98.904001289,69.861108264
semantic-preserving,CodeMark,csn_js,test#2011,0,0.009781186469,0.006679872982,87,82,112.427430677,81.461865637
semantic-preserving,CodeMark,csn_js,test#2012,0,0.009512566961,0.006721246056,115,104,82.717973577,64.627365926
semantic-preserving,CodeMark,csn_js,test#2013,0,0.007187490351,0.004848851822,76,68,94.572241467,71.306644446
semantic-preserving,CodeMark,csn_js,test#2014,0,0.023332163692,0.021533578634,312,318,74.782575934,67.715656083
semantic-preserving,CodeMark,csn_js,test#2015,0,0.008393638767,0.006188565865,102,94,82.290576150,65.835807076
semantic-preserving,CodeMark,csn_js,test#2016,0,0.020220374689,0.015187308192,269,236,75.168679139,64.353000815
semantic-preserving,CodeMark,csn_js,test#2017,0,0.004858705215,0.003151386976,43,44,112.993144539,71.622431278
semantic-preserving,CodeMark,csn_js,test#2018,0,0.016113475896,0.011814272031,227,200,70.984475315,59.071360156
semantic-preserving,CodeMark,csn_js,test#2019,0,0.016995296814,0.012179698795,245,218,69.368558423,55.870177959
semantic-preserving,CodeMark,csn_js,test#2020,0,0.007676569745,0.004732795060,94,83,81.665635585,57.021627225
semantic-preserving,CodeMark,csn_js,test#2021,0,0.015917615034,0.013382767327,246,234,64.705752169,57.191313364
semantic-preserving,CodeMark,csn_js,test#2022,0,0.016323335469,0.016957120039,242,254,67.451799458,66.760315112
semantic-preserving,CodeMark,csn_js,test#2023,0,0.013297970407,0.011103109457,170,176,78.223355334,63.085849185
semantic-preserving,CodeMark,csn_js,test#2024,0,0.025484379381,0.019172585569,356,312,71.585335340,61.450594773
semantic-preserving,CodeMark,csn_js,test#2025,0,0.005754161626,0.003717546351,58,49,99.209683209,75.868292883
semantic-preserving,CodeMark,csn_js,test#2026,0,0.006846890785,0.004628811032,72,66,95.095705344,70.133500478
semantic-preserving,CodeMark,csn_js,test#2027,0,0.009967966937,0.008872379549,118,117,84.474296072,75.832303836
semantic-preserving,CodeMark,csn_js,test#2028,0,0.014978469349,0.011360302567,184,162,81.404724725,70.125324491
semantic-preserving,CodeMark,csn_js,test#2029,0,0.013321837410,0.010055930354,169,156,78.827440298,64.461092011
semantic-preserving,CodeMark,csn_js,test#2030,0,0.008122562431,0.005829267204,93,81,87.339380976,71.966261775
semantic-preserving,CodeMark,csn_js,test#2031,0,0.013712923974,0.013937471434,184,188,74.526760727,74.135486354
semantic-preserving,CodeMark,csn_js,test#2032,0,0.003826652654,0.002512635663,29,28,131.953539776,89.736987970
semantic-preserving,CodeMark,csn_js,test#2033,0,0.012554697692,0.008999004960,147,138,85.406106751,65.210180870
semantic-preserving,CodeMark,csn_js,test#2034,0,0.007574159652,0.005108567886,90,82,84.157329467,62.299608367
semantic-preserving,CodeMark,csn_js,test#2035,0,0.012628074735,0.011064712889,204,229,61.902327134,48.317523535
semantic-preserving,CodeMark,csn_js,test#2036,0,0.004702467471,0.003587400541,35,46,134.356213467,77.986968276
semantic-preserving,CodeMark,csn_js,test#2037,0,0.007557795383,0.006275693886,92,87,82.149949816,72.134412483
semantic-preserving,CodeMark,csn_js,test#2038,0,0.007298069075,0.004893739708,80,77,91.225863434,63.555061140
semantic-preserving,CodeMark,csn_js,test#2039,0,0.007594284602,0.005909454077,86,81,88.305634901,72.956223179
semantic-preserving,CodeMark,csn_js,test#2040,0,0.012553222477,0.009477767162,148,141,84.819070793,67.218206823
semantic-preserving,CodeMark,csn_js,test#2041,0,0.006286225282,0.005031104200,66,63,95.245837601,79.858796819
semantic-preserving,CodeMark,csn_js,test#2042,0,0.004481999204,0.002869633026,43,38,104.232539618,75.516658590
semantic-preserving,CodeMark,csn_js,test#2043,0,0.007719633169,0.005609879270,84,91,91.900394875,61.647024947
semantic-preserving,CodeMark,csn_js,test#2044,0,0.013645925559,0.009311930276,168,156,81.225747376,59.691860746
semantic-preserving,CodeMark,csn_js,test#2045,0,0.038562889211,0.026959175244,418,379,92.255715816,71.132388507
semantic-preserving,CodeMark,csn_js,test#2046,0,0.017571567558,0.012700970285,222,207,79.151205215,61.357344370
semantic-preserving,CodeMark,csn_js,test#2047,0,0.017001580447,0.011015045457,173,169,98.275031485,65.177783767
semantic-preserving,CodeMark,csn_js,test#2048,0,0.016124459915,0.011250679381,195,190,82.689538025,59.214102006
semantic-preserving,CodeMark,csn_js,test#2049,0,0.012804172002,0.010700406507,156,167,82.078025652,64.074290459
semantic-preserving,CodeMark,csn_js,test#2050,0,0.012061400339,0.010183798149,161,174,74.915530056,58.527575570
semantic-preserving,CodeMark,csn_js,test#2051,0,0.009382275864,0.006642812863,104,102,90.214191005,65.125616304
semantic-preserving,CodeMark,csn_js,test#2052,0,0.007800527848,0.006537226960,83,91,93.982263233,71.837658902
semantic-preserving,CodeMark,csn_js,test#2053,0,0.011397414841,0.007791857235,165,141,69.075241459,55.261398831
semantic-preserving,CodeMark,csn_js,test#2054,0,0.031152308919,0.021314543672,380,357,81.979760312,59.704604123
semantic-preserving,CodeMark,csn_js,test#2055,0,0.006726254709,0.005254261196,88,89,76.434712603,59.036642648
semantic-preserving,CodeMark,csn_js,test#2056,0,0.006640993990,0.004497418180,60,62,110.683233167,72.539002905
semantic-preserving,CodeMark,csn_js,test#2057,0,0.008998773061,0.007049453445,109,104,82.557551016,67.783206200
semantic-preserving,CodeMark,csn_js,test#2058,0,0.005745562725,0.004514886066,54,61,106.399309718,74.014525677
semantic-preserving,CodeMark,csn_js,test#2059,0,0.006092690863,0.004468914121,54,56,112.827608569,79.802037882
semantic-preserving,CodeMark,csn_js,test#2060,0,0.008066802286,0.005564969964,78,76,103.420542123,73.223289004
semantic-preserving,CodeMark,csn_js,test#2061,0,0.004291799851,0.002665491775,26,32,165.069225029,83.296617959
semantic-preserving,CodeMark,csn_js,test#2062,0,0.004796030000,0.003512739204,30,44,159.867666662,79.834981906
semantic-preserving,CodeMark,csn_js,test#2063,0,0.004275809042,0.002784522250,29,33,147.441691109,84.379462130
semantic-preserving,CodeMark,csn_js,test#2064,0,0.012986693531,0.008888548240,155,158,83.785119557,56.256634431
semantic-preserving,CodeMark,csn_js,test#2065,0,0.010272966698,0.007193067111,107,108,96.009034559,66.602473251
semantic-preserving,CodeMark,csn_js,test#2066,0,0.006202571094,0.004035453312,55,54,112.774019892,74.730616891
semantic-preserving,CodeMark,csn_js,test#2067,0,0.005300274119,0.004072045907,41,51,129.274978507,79.844037400
semantic-preserving,CodeMark,csn_js,test#2068,0,0.013233819045,0.008580159396,132,126,100.256204887,68.096503142
semantic-preserving,CodeMark,csn_js,test#2069,0,0.031171242706,0.022249974310,380,375,82.029586070,59.333264828
semantic-preserving,CodeMark,csn_js,test#2070,0,0.031388479285,0.021556196734,378,342,83.038304987,63.029815013
semantic-preserving,CodeMark,csn_js,test#2071,0,0.016328914091,0.011282498017,207,189,78.883642952,59.695756703
semantic-preserving,CodeMark,csn_js,test#2072,0,0.017722096294,0.012566160411,221,208,80.190480969,60.414232743
semantic-preserving,CodeMark,csn_js,test#2073,0,0.008079643361,0.006304119714,78,93,103.585171298,67.786233480
semantic-preserving,CodeMark,csn_js,test#2074,0,0.009165692143,0.006145645864,96,90,95.475959824,68.284954048
semantic-preserving,CodeMark,csn_js,test#2075,0,0.012649840675,0.008817430586,143,138,88.460424303,63.894424533
semantic-preserving,CodeMark,csn_js,test#2076,0,0.014547651634,0.010169148445,166,159,87.636455624,63.956908460
semantic-preserving,CodeMark,csn_js,test#2077,0,0.014228636399,0.010195239447,170,150,83.697861170,67.968262980
semantic-preserving,CodeMark,csn_js,test#2078,0,0.005888230167,0.003539978527,52,46,113.235195526,76.956054925
semantic-preserving,CodeMark,csn_js,test#2079,0,0.008605920710,0.005977914669,133,133,64.706170749,44.946726832
semantic-preserving,CodeMark,csn_js,test#2080,0,0.018371546641,0.014497727156,310,289,59.263053681,50.165145867
semantic-preserving,CodeMark,csn_js,test#2081,0,0.012845563702,0.008907924406,148,133,86.794349340,66.976875235
semantic-preserving,CodeMark,csn_js,test#2082,0,0.026919653639,0.018279198557,309,286,87.118620192,63.913281668
semantic-preserving,CodeMark,csn_js,test#2083,0,0.008264484815,0.005956173874,90,94,91.827609059,63.363551856
semantic-preserving,CodeMark,csn_js,test#2084,0,0.018866545521,0.013362139463,223,215,84.603343142,62.149485876
semantic-preserving,CodeMark,csn_js,test#2085,0,0.016730304807,0.011680886149,197,172,84.925405114,67.912128776
semantic-preserving,CodeMark,csn_js,test#2086,0,0.012069178745,0.009437956847,156,172,77.366530418,54.871842135
semantic-preserving,CodeMark,csn_js,test#2087,0,0.011159703135,0.007684127428,129,118,86.509326632,65.119723963
semantic-preserving,CodeMark,csn_js,test#2088,0,0.009957089089,0.006671546027,117,109,85.103325546,61.206844285
semantic-preserving,CodeMark,csn_js,test#2089,0,0.009341104887,0.006256910972,97,92,96.300050386,68.009901873
semantic-preserving,CodeMark,csn_js,test#2090,0,0.007193077356,0.004903925583,74,66,97.203748049,74.301902769
semantic-preserving,CodeMark,csn_js,test#2091,0,0.009975089692,0.006960278377,102,90,97.794996976,77.336426410
semantic-preserving,CodeMark,csn_js,test#2092,0,0.007356466725,0.004880505614,68,66,108.183334198,73.947054757
semantic-preserving,CodeMark,csn_js,test#2093,0,0.005951791070,0.004366517067,49,53,121.465123886,82.387114471
semantic-preserving,CodeMark,csn_js,test#2094,0,0.005215139128,0.003378995694,42,44,124.169979244,76.795356687
semantic-preserving,CodeMark,csn_js,test#2095,0,0.005472634919,0.003638609312,48,49,114.013227479,74.257332908
semantic-preserving,CodeMark,csn_js,test#2096,0,0.011880077422,0.008924707770,152,143,78.158404090,62.410543849
semantic-preserving,CodeMark,csn_js,test#2097,0,0.019629673101,0.013930508867,215,221,91.300805121,63.033976773
semantic-preserving,CodeMark,csn_js,test#2098,0,0.013485577889,0.009418066591,137,132,98.434875101,71.348989326
semantic-preserving,CodeMark,csn_js,test#2099,0,0.005692999810,0.003721093759,48,43,118.604162708,86.537064161
semantic-preserving,CodeMark,csn_js,test#2100,0,0.005554866977,0.004344263114,44,55,126.246976751,78.986602073
semantic-preserving,CodeMark,csn_js,test#2101,0,0.006051328965,0.004038027488,55,56,110.024162991,72.107633709
semantic-preserving,CodeMark,csn_js,test#2102,0,0.010393473320,0.007472120225,108,103,96.235864071,72.544856558
semantic-preserving,CodeMark,csn_js,test#2103,0,0.010434716940,0.008895219304,120,127,86.955974499,70.041096879
semantic-preserving,CodeMark,csn_js,test#2104,0,0.016203924082,0.010649361648,170,166,95.317200484,64.152781010
semantic-preserving,CodeMark,csn_js,test#2105,0,0.011119027622,0.007512816228,121,124,91.892790265,60.587227645
semantic-preserving,CodeMark,csn_js,test#2106,0,0.011542724445,0.009065528400,129,135,89.478484073,67.152062224
semantic-preserving,CodeMark,csn_js,test#2107,0,0.011542524211,0.008998362347,162,149,71.250149451,60.391693607
semantic-preserving,CodeMark,csn_js,test#2108,0,0.008814653382,0.006922354922,98,107,89.945442670,64.694905810
semantic-preserving,CodeMark,csn_js,test#2109,0,0.008621043526,0.006047179922,106,96,81.330599298,62.991457526
semantic-preserving,CodeMark,csn_js,test#2110,0,0.010829480365,0.007499453612,155,134,69.867615258,55.966071729
semantic-preserving,CodeMark,csn_js,test#2111,0,0.008464261889,0.005508388393,99,90,85.497594843,61.204315474
semantic-preserving,CodeMark,csn_js,test#2112,0,0.007778695785,0.005308030173,81,78,96.033281290,68.051668887
semantic-preserving,CodeMark,csn_js,test#2113,0,0.006566476077,0.004735388793,84,68,78.172334248,69.638070486
semantic-preserving,CodeMark,csn_js,test#2114,0,0.006057625636,0.004369379953,64,58,94.650400570,75.334137113
semantic-preserving,CodeMark,csn_js,test#2115,0,0.008808145300,0.005992654711,116,98,75.932287065,61.149537867
semantic-preserving,CodeMark,csn_js,test#2116,0,0.008405551314,0.005483608693,96,75,87.557826191,73.114782572
semantic-preserving,CodeMark,csn_js,test#2117,0,0.008690612391,0.005605684593,111,88,78.293805321,63.700961288
semantic-preserving,CodeMark,csn_js,test#2118,0,0.006073791534,0.004796648398,71,68,85.546359630,70.538947030
semantic-preserving,CodeMark,csn_js,test#2119,0,0.007697533816,0.006544891745,83,90,92.741371278,72.721019387
semantic-preserving,CodeMark,csn_js,test#2120,0,0.008679220453,0.006012264639,113,99,76.807260645,60.729945850
semantic-preserving,CodeMark,csn_js,test#2121,0,0.005053117871,0.003003257327,40,33,126.327946782,91.007797781
semantic-preserving,CodeMark,csn_js,test#2122,0,0.023732969537,0.017892541364,362,320,65.560689330,55.914191762
semantic-preserving,CodeMark,csn_js,test#2123,0,0.007906678133,0.005274314433,85,65,93.019742738,81.143298974
semantic-preserving,CodeMark,csn_js,test#2124,0,0.004653835669,0.002701204270,39,37,119.329119722,73.005520814
semantic-preserving,CodeMark,csn_js,test#2125,0,0.005591338500,0.003565905616,56,48,99.845330364,74.289700327
semantic-preserving,CodeMark,csn_js,test#2126,0,0.019713760354,0.013968800195,272,225,72.477060124,62.083556420
semantic-preserving,CodeMark,csn_js,test#2127,0,0.011379146017,0.007600986399,134,117,84.919000128,64.965695716
semantic-preserving,CodeMark,csn_js,test#2128,0,0.037700340152,0.026633457281,522,462,72.222873854,57.648175932
semantic-preserving,CodeMark,csn_js,test#2129,0,0.032965934835,0.023322090507,490,414,67.277418031,56.333551948
semantic-preserving,CodeMark,csn_js,test#2130,0,0.004212793894,0.002726634033,34,34,123.905702768,80.195118618
semantic-preserving,CodeMark,csn_js,test#2131,0,0.007056344301,0.004668361507,85,69,83.015815300,67.657413150
semantic-preserving,CodeMark,csn_js,test#2132,0,0.022637232207,0.018104942515,297,291,76.219637060,62.216297304
semantic-preserving,CodeMark,csn_js,test#2133,0,0.006094639190,0.004297306761,62,60,98.300632089,71.621779352
semantic-preserving,CodeMark,csn_js,test#2134,0,0.005908897147,0.004128862172,65,67,90.906109947,61.624808543
semantic-preserving,CodeMark,csn_js,test#2135,0,0.016039860435,0.012678327039,269,264,59.627733958,48.023966056
semantic-preserving,CodeMark,csn_js,test#2136,0,0.024110260420,0.019464501180,315,330,76.540509268,58.983336908
semantic-preserving,CodeMark,csn_js,test#2137,0,0.007387070917,0.004989088513,82,75,90.086230690,66.521180173
semantic-preserving,CodeMark,csn_js,test#2138,0,0.004170459695,0.002814043313,31,35,134.530957908,80.401237522
semantic-preserving,CodeMark,csn_js,test#2139,0,0.016276729293,0.012152693234,173,190,94.085140423,63.961543339
semantic-preserving,CodeMark,csn_js,test#2140,0,0.006736713462,0.004609979689,61,55,110.437925600,83.817812529
semantic-preserving,CodeMark,csn_js,test#2141,0,0.010634561069,0.007348730229,108,93,98.468158049,79.018604611
semantic-preserving,CodeMark,csn_js,test#2142,0,0.008877628483,0.006107074209,92,86,96.495961770,71.012490797
semantic-preserving,CodeMark,csn_js,test#2143,0,0.018097762950,0.012565243989,221,200,81.890330089,62.826219946
semantic-preserving,CodeMark,csn_js,test#2144,0,0.005910263397,0.004547133110,60,66,98.504389947,68.895956219
semantic-preserving,CodeMark,csn_js,test#2145,0,0.006633209996,0.004163912497,73,58,90.865890355,71.791594784
semantic-preserving,CodeMark,csn_js,test#2146,0,0.012861847878,0.010905093513,182,177,70.669493832,61.610697816
semantic-preserving,CodeMark,csn_js,test#2147,0,0.025900617242,0.017451979220,351,297,73.790932313,58.760872794
semantic-preserving,CodeMark,csn_js,test#2148,0,0.013536508195,0.009324640967,154,141,87.899403864,66.132205439
semantic-preserving,CodeMark,csn_js,test#2149,0,0.009008828551,0.005865688436,98,91,91.926821945,64.458114678
semantic-preserving,CodeMark,csn_js,test#2150,0,0.005207140930,0.003362637013,44,41,118.344112045,82.015536907
semantic-preserving,CodeMark,csn_js,test#2151,0,0.013835160993,0.010317749344,159,153,87.013591151,67.436270221
semantic-preserving,CodeMark,csn_js,test#2152,0,0.007267372683,0.004890663549,67,64,108.468248995,76.416617958
semantic-preserving,CodeMark,csn_js,test#2153,0,0.013297513127,0.011229990982,184,206,72.269093083,54.514519328
semantic-preserving,CodeMark,csn_js,test#2154,0,0.011666828766,0.008577307686,123,115,94.852266394,74.585284228
semantic-preserving,CodeMark,csn_js,test#2155,0,0.019139639102,0.013756917790,228,232,83.945785535,59.297059438
semantic-preserving,CodeMark,csn_js,test#2156,0,0.011212926358,0.007670214400,116,98,96.663158258,78.267493874
semantic-preserving,CodeMark,csn_js,test#2157,0,0.022175002843,0.019908918999,257,268,86.284057755,74.287011191
semantic-preserving,CodeMark,csn_js,test#2158,0,0.011615733616,0.008114993572,116,113,100.135634621,71.814102409
semantic-preserving,CodeMark,csn_js,test#2159,0,0.024814106524,0.017190858722,312,258,79.532392705,66.631235356
semantic-preserving,CodeMark,csn_js,test#2160,0,0.014567011036,0.010141119361,185,172,78.740600194,58.959996284
semantic-preserving,CodeMark,csn_js,test#2161,0,0.009006042033,0.006011386402,113,101,79.699487022,59.518677247
semantic-preserving,CodeMark,csn_js,test#2162,0,0.027121213265,0.021109780297,345,352,78.612212362,59.970966752
semantic-preserving,CodeMark,csn_js,test#2163,0,0.007587414235,0.005329922773,78,70,97.274541473,76.141753899
semantic-preserving,CodeMark,csn_js,test#2164,0,0.006847065873,0.004620074295,71,64,96.437547513,72.188660852
semantic-preserving,CodeMark,csn_js,test#2165,0,0.036436227150,0.025599896908,597,549,61.032206282,46.630049012
semantic-preserving,CodeMark,csn_js,test#2166,0,0.004950789735,0.003360536881,36,38,137.521937076,88.435181073
semantic-preserving,CodeMark,csn_js,test#2167,0,0.005755892023,0.003993419930,48,49,119.914417155,81.498365925
semantic-preserving,CodeMark,csn_js,test#2168,0,0.008013412356,0.006706147455,94,94,85.249067621,71.341994199
semantic-preserving,CodeMark,csn_js,test#2169,0,0.015369190834,0.011340416037,207,196,74.247298717,57.859265493
semantic-preserving,CodeMark,csn_js,test#2170,0,0.012178979814,0.008083048277,150,131,81.193198760,61.702658600
semantic-preserving,CodeMark,csn_js,test#2171,0,0.007291079499,0.005289726891,72,76,101.264993039,69.601669613
semantic-preserving,CodeMark,csn_js,test#2172,0,0.008212360553,0.006162980571,93,87,88.304952188,70.838857142
semantic-preserving,CodeMark,csn_js,test#2173,0,0.005014987662,0.003464655951,43,41,116.627620057,84.503803675
semantic-preserving,CodeMark,csn_js,test#2174,0,0.005550839007,0.003590658307,41,41,135.386317241,87.577031880
semantic-preserving,CodeMark,csn_js,test#2175,0,0.011790041812,0.008196613751,123,105,95.853998470,78.062988108
semantic-preserving,CodeMark,csn_js,test#2176,0,0.006743901409,0.004568425007,83,66,81.251824207,69.218560715
semantic-preserving,CodeMark,csn_js,test#2177,0,0.006843565963,0.004478346556,83,68,82.452601966,65.858037594
semantic-preserving,CodeMark,csn_js,test#2178,0,0.007930265740,0.005246515386,105,87,75.526340377,60.304774550
semantic-preserving,CodeMark,csn_js,test#2179,0,0.007822175510,0.005505112931,108,87,72.427551021,63.277160128
semantic-preserving,CodeMark,csn_js,test#2180,0,0.004551649094,0.002884701826,44,45,103.446570310,64.104485015
semantic-preserving,CodeMark,csn_js,test#2181,0,0.006899743341,0.004407534376,76,68,90.786096591,64.816681997
semantic-preserving,CodeMark,csn_js,test#2182,0,0.004720916040,0.003093498759,44,45,107.293546369,68.744416866
semantic-preserving,CodeMark,csn_js,test#2183,0,0.006919113919,0.004558088258,77,74,89.858622326,61.595787269
semantic-preserving,CodeMark,csn_js,test#2184,0,0.011119288392,0.008255647495,156,147,71.277489695,56.160867316
semantic-preserving,CodeMark,csn_js,test#2185,0,0.009173047729,0.006946465001,107,99,85.729418027,70.166313136
semantic-preserving,CodeMark,csn_js,test#2186,0,0.014494011179,0.010728875175,212,193,68.367977258,55.590026814
semantic-preserving,CodeMark,csn_js,test#2187,0,0.011258616112,0.009666211903,120,139,93.821800935,69.541092828
semantic-preserving,CodeMark,csn_js,test#2188,0,0.012889150530,0.008821025491,141,127,91.412415107,69.456893628
semantic-preserving,CodeMark,csn_js,test#2189,0,0.008168196306,0.005369311199,83,73,98.412003682,73.552208200
semantic-preserving,CodeMark,csn_js,test#2190,0,0.006483938545,0.004497636110,71,66,91.323078098,68.146001660
semantic-preserving,CodeMark,csn_js,test#2191,0,0.006469401531,0.004266442731,71,65,91.118331421,65.637580477
semantic-preserving,CodeMark,csn_js,test#2192,0,0.007786922157,0.005730890669,87,93,89.504852377,61.622480311
semantic-preserving,CodeMark,csn_js,test#2193,0,0.005863660946,0.003966579214,59,63,99.384083839,62.961574821
semantic-preserving,CodeMark,csn_js,test#2194,0,0.023424921557,0.017607051879,286,273,81.905320130,64.494695528
semantic-preserving,CodeMark,csn_js,test#2195,0,0.008216177113,0.005715368316,90,102,91.290856815,56.033022702
semantic-preserving,CodeMark,csn_js,test#2196,0,0.006901244633,0.004899597727,58,62,118.986976429,79.025769786
semantic-preserving,CodeMark,csn_js,test#2197,0,0.015281375498,0.010561957024,179,162,85.370812836,65.197265580
semantic-preserving,CodeMark,csn_js,test#2198,0,0.006952380762,0.004384944215,62,52,112.135173573,84.325850296
semantic-preserving,CodeMark,csn_js,test#2199,0,0.012372560799,0.009247981943,177,171,69.901473441,54.081765750
semantic-preserving,CodeMark,csn_js,test#2200,0,0.007899733260,0.005269966088,78,77,101.278631542,68.441118029
semantic-preserving,CodeMark,csn_js,test#2201,0,0.012904194184,0.009094552137,167,151,77.270623854,60.228822099
semantic-preserving,CodeMark,csn_js,test#2202,0,0.010938772000,0.007870248519,138,129,79.266463771,61.009678441
semantic-preserving,CodeMark,csn_js,test#2203,0,0.014561411925,0.010215980932,170,161,85.655364263,63.453297715
semantic-preserving,CodeMark,csn_js,test#2204,0,0.009702222422,0.007346671075,133,116,72.949040765,63.333371333
semantic-preserving,CodeMark,csn_js,test#2205,0,0.010537317023,0.007107574493,105,102,100.355400216,69.682102870
semantic-preserving,CodeMark,csn_js,test#2206,0,0.012889049016,0.008765739389,141,128,91.411695149,68.482338975
semantic-preserving,CodeMark,csn_js,test#2207,0,0.005688175559,0.003938415088,43,45,132.283152536,87.520335284
semantic-preserving,CodeMark,csn_js,test#2208,0,0.016321139410,0.011097026058,215,192,75.912276326,57.797010716
semantic-preserving,CodeMark,csn_js,test#2209,0,0.013885603286,0.010230518878,160,159,86.785020540,64.342886022
semantic-preserving,CodeMark,csn_js,test#2210,0,0.027164479718,0.021962991916,326,325,83.326624901,67.578436664
semantic-preserving,CodeMark,csn_js,test#2211,0,0.017390741035,0.012616864406,246,225,70.694069249,56.074952914
semantic-preserving,CodeMark,csn_js,test#2212,0,0.009912787937,0.006895681843,113,108,87.723787050,63.848905955
semantic-preserving,CodeMark,csn_js,test#2213,0,0.004615497775,0.003062513657,26,31,177.519145207,98.790763126
semantic-preserving,CodeMark,csn_js,test#2214,0,0.018770855851,0.016637038440,235,247,79.875982347,67.356430929
semantic-preserving,CodeMark,csn_js,test#2215,0,0.007413148880,0.004642478190,91,78,81.463174506,59.518951158
semantic-preserving,CodeMark,csn_js,test#2216,0,0.010684832931,0.007551478222,118,115,90.549431615,65.665028018
semantic-preserving,CodeMark,csn_js,test#2217,0,0.012855738401,0.008825412951,180,176,71.420768897,50.144391769
semantic-preserving,CodeMark,csn_js,test#2218,0,0.005678160116,0.003556685522,55,52,103.239274838,68.397798504
semantic-preserving,CodeMark,csn_js,test#2219,0,0.004559638910,0.003528716043,26,33,175.370727308,106.930789171
semantic-preserving,CodeMark,csn_js,test#2220,0,0.014143940993,0.011319083162,144,168,98.221812449,67.375495010
semantic-preserving,CodeMark,csn_js,test#2221,0,0.003879987635,0.002523752861,27,28,143.703245730,90.134030740
semantic-preserving,CodeMark,csn_js,test#2222,0,0.012898932211,0.008668035269,157,150,82.158803892,57.786901792
semantic-preserving,CodeMark,csn_js,test#2223,0,0.010136719793,0.008434215561,102,122,99.379605815,69.132914431
semantic-preserving,CodeMark,csn_js,test#2224,0,0.004653810523,0.003497573547,43,47,108.228151708,74.416458448
semantic-preserving,CodeMark,csn_js,test#2225,0,0.004999070428,0.003476868384,38,43,131.554484956,80.857404269
semantic-preserving,CodeMark,csn_js,test#2226,0,0.018577020615,0.013439005241,235,216,79.051151555,62.217616856
semantic-preserving,CodeMark,csn_js,test#2227,0,0.013160197064,0.010439983569,171,160,76.960216750,65.249897307
semantic-preserving,CodeMark,csn_js,test#2228,0,0.008304079995,0.006296417676,107,98,77.608224248,64.249159958
semantic-preserving,CodeMark,csn_js,test#2229,0,0.015429642051,0.010884257033,200,194,77.148210257,56.104417698
semantic-preserving,CodeMark,csn_js,test#2230,0,0.024161502719,0.024463329464,309,348,78.192565433,70.296923748
semantic-preserving,CodeMark,csn_js,test#2231,0,0.012086228468,0.008238576353,128,109,94.423659903,75.583269290
semantic-preserving,CodeMark,csn_js,test#2232,0,0.008959718049,0.007254993543,100,103,89.597180486,70.436830515
semantic-preserving,CodeMark,csn_js,test#2233,0,0.010880632326,0.008268129081,148,137,73.517785987,60.351307157
semantic-preserving,CodeMark,csn_js,test#2234,0,0.005546836182,0.003770840354,41,39,135.288687377,96.688214212
semantic-preserving,CodeMark,csn_js,test#2235,0,0.013135435991,0.009469771758,165,161,79.608702976,58.818458122
semantic-preserving,CodeMark,csn_js,test#2236,0,0.006403166801,0.004133814014,61,51,104.969947553,81.055176755
semantic-preserving,CodeMark,csn_js,test#2237,0,0.005322823301,0.003640282899,49,46,108.629046958,79.136584764
semantic-preserving,CodeMark,csn_js,test#2238,0,0.006346274167,0.004268582910,63,58,100.734510592,73.596257074
semantic-preserving,CodeMark,csn_js,test#2239,0,0.005834859796,0.003961204551,50,52,116.697195917,76.177010599
semantic-preserving,CodeMark,csn_js,test#2240,0,0.006065791473,0.004007972777,74,62,81.970155038,64.644722208
semantic-preserving,CodeMark,csn_js,test#2241,0,0.005230371840,0.004385738634,38,54,137.641364218,81.217382103
semantic-preserving,CodeMark,csn_js,test#2242,0,0.019067175686,0.014282552525,248,219,76.883772929,65.217134819
semantic-preserving,CodeMark,csn_js,test#2243,0,0.004922909662,0.003320548683,38,40,129.550254267,83.013717085
semantic-preserving,CodeMark,csn_js,test#2244,0,0.005393157713,0.004048957489,48,59,112.357452357,68.626398126
semantic-preserving,CodeMark,csn_js,test#2245,0,0.005015994422,0.003165846691,42,39,119.428438622,81.175556168
semantic-preserving,CodeMark,csn_js,test#2246,0,0.005086900666,0.003629214130,42,43,121.116682532,84.400328613
semantic-preserving,CodeMark,csn_js,test#2247,0,0.008231355809,0.005551186390,86,82,95.713439636,67.697395003
semantic-preserving,CodeMark,csn_js,test#2248,0,0.011179379188,0.008273823187,138,133,81.009994112,62.209196893
semantic-preserving,CodeMark,csn_js,test#2249,0,0.005210180767,0.003307790495,42,40,124.051923021,82.694762386
semantic-preserving,CodeMark,csn_js,test#2250,0,0.007236441597,0.004998433404,58,63,124.766234437,79.340212757
semantic-preserving,CodeMark,csn_js,test#2251,0,0.005698013119,0.003562404774,46,48,123.869850422,74.216766128
semantic-preserving,CodeMark,csn_js,test#2252,0,0.004715842195,0.003444443457,42,40,112.281957020,86.111086421
semantic-preserving,CodeMark,csn_js,test#2253,0,0.005328332074,0.003379018046,51,43,104.477099490,78.581815022
semantic-preserving,CodeMark,csn_js,test#2254,0,0.005028776824,0.003368750215,39,38,128.942995499,88.651321436
semantic-preserving,CodeMark,csn_js,test#2255,0,0.018440765329,0.013484448195,221,199,83.442377053,67.761046204
semantic-preserving,CodeMark,csn_js,test#2256,0,0.010400353931,0.007207557559,108,100,96.299573434,72.075575590
semantic-preserving,CodeMark,csn_js,test#2257,0,0.006053263322,0.004225476645,66,58,91.716110932,72.853045602
semantic-preserving,CodeMark,csn_js,test#2258,0,0.015138627961,0.010970558971,180,160,84.103488674,68.565993570
semantic-preserving,CodeMark,csn_js,test#2259,0,0.006060570478,0.004666706547,54,55,112.232786638,84.849209948
semantic-preserving,CodeMark,csn_js,test#2260,0,0.004070286639,0.002811410464,35,35,116.293903972,80.326013267
semantic-preserving,CodeMark,csn_js,test#2261,0,0.008551026694,0.005968755111,91,79,93.967326313,75.553862166
semantic-preserving,CodeMark,csn_js,test#2262,0,0.008306216449,0.006790644489,89,90,93.328274703,75.451605436
semantic-preserving,CodeMark,csn_js,test#2263,0,0.006244826131,0.003979657777,58,53,107.669416044,75.087882578
semantic-preserving,CodeMark,csn_js,test#2264,0,0.006875237450,0.005428516306,68,74,101.106433088,73.358328459
semantic-preserving,CodeMark,csn_js,test#2265,0,0.013255834579,0.008706451394,149,125,88.965332748,69.651611149
semantic-preserving,CodeMark,csn_js,test#2266,0,0.016034279950,0.011654316448,214,196,74.926541822,59.460798202
semantic-preserving,CodeMark,csn_js,test#2267,0,0.005460655317,0.003519015387,44,45,124.105802653,78.200341927
semantic-preserving,CodeMark,csn_js,test#2268,0,0.005303504877,0.003682743758,42,52,126.273925638,70.821995345
semantic-preserving,CodeMark,csn_js,test#2269,0,0.004740630277,0.003796495497,39,51,121.554622474,74.441088181
semantic-preserving,CodeMark,csn_js,test#2270,0,0.005786311813,0.003969055600,38,52,152.271363492,76.327992317
semantic-preserving,CodeMark,csn_js,test#2271,0,0.005954708904,0.004012584686,49,48,121.524671511,83.595514297
semantic-preserving,CodeMark,csn_js,test#2272,0,0.004706427455,0.002892253920,42,46,112.057796546,62.875085227
semantic-preserving,CodeMark,csn_js,test#2273,0,0.004761433229,0.003176823258,50,39,95.228664577,81.457006626
semantic-preserving,CodeMark,csn_js,test#2274,0,0.005290452391,0.003479203209,42,39,125.963152165,89.210338700
semantic-preserving,CodeMark,csn_js,test#2275,0,0.005118464120,0.003261975013,39,38,131.242669737,85.841447703
semantic-preserving,CodeMark,csn_js,test#2276,0,0.005232994445,0.003522668034,41,43,127.634010846,81.922512415
semantic-preserving,CodeMark,csn_js,test#2277,0,0.007274375297,0.004558120854,68,66,106.976107311,69.062437185
semantic-preserving,CodeMark,csn_js,test#2278,0,0.007087992504,0.004748155363,60,58,118.133208404,81.864747636
semantic-preserving,CodeMark,csn_js,test#2279,0,0.005866869353,0.004330454394,60,50,97.781155879,86.609087884
semantic-preserving,CodeMark,csn_js,test#2280,0,0.007224589586,0.004507100210,55,56,131.356174296,80.483932314
semantic-preserving,CodeMark,csn_js,test#2281,0,0.005279608071,0.004041110165,34,38,155.282590319,106.345004353
semantic-preserving,CodeMark,csn_js,test#2282,0,0.006135727279,0.004027566873,48,44,127.827651644,91.535610739
semantic-preserving,CodeMark,csn_js,test#2283,0,0.010153479874,0.005942796357,94,92,108.015743342,64.595612576
semantic-preserving,CodeMark,csn_js,test#2284,0,0.004169203341,0.002437153831,23,22,181.269710479,110.779719597
semantic-preserving,CodeMark,csn_js,test#2285,0,0.007849785499,0.005630532280,79,81,99.364373409,69.512744193
semantic-preserving,CodeMark,csn_js,test#2286,0,0.004667239264,0.003081071191,35,38,133.349693247,81.080820804
semantic-preserving,CodeMark,csn_js,test#2287,0,0.010910310782,0.009203828871,114,119,95.704480548,77.343099758
semantic-preserving,CodeMark,csn_js,test#2288,0,0.007221920416,0.005612106994,57,68,126.700358171,82.530985203
semantic-preserving,CodeMark,csn_js,test#2289,0,0.008369935676,0.005673553795,94,88,89.041868898,64.472202212
semantic-preserving,CodeMark,csn_js,test#2290,0,0.024971872568,0.018930614926,256,252,97.546377219,75.121487801
semantic-preserving,CodeMark,csn_js,test#2291,0,0.019414464012,0.013245052658,217,203,89.467576091,65.246564818
semantic-preserving,CodeMark,csn_js,test#2292,0,0.004803028889,0.003175245598,32,32,150.094652781,99.226424936
semantic-preserving,CodeMark,csn_js,test#2293,0,0.004563454539,0.002830662765,31,35,147.208210922,80.876078989
semantic-preserving,CodeMark,csn_js,test#2294,0,0.005261005834,0.003501449712,36,39,146.139050937,89.780761836
semantic-preserving,CodeMark,csn_js,test#2295,0,0.007790065371,0.004792197607,59,54,132.035006280,88.744400138
semantic-preserving,CodeMark,csn_js,test#2296,0,0.012792911381,0.008582056500,139,128,92.035333673,67.047316406
semantic-preserving,CodeMark,csn_js,test#2297,0,0.008715938777,0.006346966140,93,92,93.719771793,68.988762391
semantic-preserving,CodeMark,csn_js,test#2298,0,0.005287949927,0.003335048445,45,49,117.509998381,68.062213154
semantic-preserving,CodeMark,csn_js,test#2299,0,0.007300327532,0.004990841262,72,69,101.393437944,72.331032783
semantic-preserving,CodeMark,csn_js,test#2300,0,0.009454213083,0.006302943453,86,88,109.932710265,71.624357423
semantic-preserving,CodeMark,csn_js,test#2301,0,0.006768774241,0.004553131759,60,56,112.812904020,81.305924271
semantic-preserving,CodeMark,csn_js,test#2302,0,0.005785269663,0.003678948618,58,52,99.746028668,70.749011894
semantic-preserving,CodeMark,csn_js,test#2303,0,0.015287233517,0.012821449898,194,190,78.800172766,67.481315254
semantic-preserving,CodeMark,csn_js,test#2304,0,0.012483595870,0.008553298190,151,123,82.672820334,69.539009677
semantic-preserving,CodeMark,csn_js,test#2305,0,0.005316641182,0.003387975506,42,39,126.586694803,86.871166833
semantic-preserving,CodeMark,csn_js,test#2306,0,0.004416587763,0.003423900343,41,52,107.721652745,65.844237375
semantic-preserving,CodeMark,csn_js,test#2307,0,0.004496408626,0.002748878673,34,31,132.247312542,88.673505572
semantic-preserving,CodeMark,csn_js,test#2308,0,0.006250144914,0.003830608912,58,55,107.761119203,69.647434760
semantic-preserving,CodeMark,csn_js,test#2309,0,0.004174583592,0.002392352559,31,29,134.663986823,82.494915816
semantic-preserving,CodeMark,csn_js,test#2310,0,0.012399679050,0.008355605416,150,132,82.664526999,63.300041030
semantic-preserving,CodeMark,csn_js,test#2311,0,0.014968477190,0.010194059461,170,167,88.049865821,61.042272224
semantic-preserving,CodeMark,csn_js,test#2312,0,0.028566901572,0.020042378455,361,346,79.132691335,57.925949293
semantic-preserving,CodeMark,csn_js,test#2313,0,0.008443667553,0.005690294318,81,76,104.242809301,74.872293657
semantic-preserving,CodeMark,csn_js,test#2314,0,0.009797521867,0.006714737974,97,97,101.005380071,69.224102826
semantic-preserving,CodeMark,csn_js,test#2315,0,0.010430020280,0.007782110944,110,122,94.818366183,63.787794626
semantic-preserving,CodeMark,csn_js,test#2316,0,0.009498856030,0.006650377065,95,87,99.987958215,76.441115689
semantic-preserving,CodeMark,csn_js,test#2317,0,0.015141459182,0.010418925434,168,168,90.127733226,62.017413300
semantic-preserving,CodeMark,csn_js,test#2318,0,0.014113105834,0.009499299340,160,147,88.206911460,64.621083945
semantic-preserving,CodeMark,csn_js,test#2319,0,0.008436644450,0.006613181904,89,96,94.793757863,68.887311500
semantic-preserving,CodeMark,csn_js,test#2320,0,0.005970668048,0.004188525490,53,58,112.654114107,72.215956732
semantic-preserving,CodeMark,csn_js,test#2321,0,0.008815393783,0.006170573644,71,72,124.160475819,85.702411727
semantic-preserving,CodeMark,csn_js,test#2322,0,0.020569638349,0.017294591293,235,248,87.530375954,69.736255213
semantic-preserving,CodeMark,csn_js,test#2323,0,0.007120438851,0.004597448744,60,56,118.673980857,82.097298998
semantic-preserving,CodeMark,csn_js,test#2324,0,0.009708513506,0.006186475046,97,86,100.087768101,71.935756349
semantic-preserving,CodeMark,csn_js,test#2325,0,0.028657624498,0.019075466320,338,312,84.785871296,61.139315128
semantic-preserving,CodeMark,csn_js,test#2326,0,0.010814048350,0.008316769265,128,122,84.484752733,68.170239874
semantic-preserving,CodeMark,csn_js,test#2327,0,0.007329653017,0.004996176809,72,70,101.800736350,71.373954415
semantic-preserving,CodeMark,csn_js,test#2328,0,0.006167236716,0.004234942608,62,62,99.471559928,68.305525929
semantic-preserving,CodeMark,csn_js,test#2329,0,0.010916942731,0.007113206200,123,106,88.755631956,67.105718871
semantic-preserving,CodeMark,csn_js,test#2330,0,0.028187193908,0.020151429810,359,325,78.515860467,62.004399414
semantic-preserving,CodeMark,csn_js,test#2331,0,0.012854455039,0.008606870659,172,147,74.735203715,58.550140535
semantic-preserving,CodeMark,csn_js,test#2332,0,0.013235133141,0.011219495907,174,198,76.063983571,56.664120745
semantic-preserving,CodeMark,csn_js,test#2333,0,0.015269563533,0.010362019762,175,154,87.254648762,67.285842613
semantic-preserving,CodeMark,csn_js,test#2334,0,0.005255583674,0.003241259605,47,40,111.820929228,81.031490117
semantic-preserving,CodeMark,csn_js,test#2335,0,0.024692720734,0.019958121702,343,352,71.990439457,56.699209381
semantic-preserving,CodeMark,csn_js,test#2336,0,0.013799319044,0.010557479225,154,160,89.605967817,65.984245157
semantic-preserving,CodeMark,csn_js,test#2337,0,0.004936182871,0.003199686296,40,42,123.404571787,76.183007054
semantic-preserving,CodeMark,csn_js,test#2338,0,0.011786187068,0.008330867626,125,110,94.289496541,75.735160234
semantic-preserving,CodeMark,csn_js,test#2339,0,0.009699795395,0.006414117292,99,91,97.977731264,70.484805402
semantic-preserving,CodeMark,csn_js,test#2340,0,0.007306821644,0.005244826898,68,68,107.453259475,77.129807323
semantic-preserving,CodeMark,csn_js,test#2341,0,0.011160608381,0.008035355248,122,119,91.480396566,67.523993677
semantic-preserving,CodeMark,csn_js,test#2342,0,0.005671573803,0.003620907664,39,40,145.424969303,90.522691607
semantic-preserving,CodeMark,csn_js,test#2343,0,0.005624241196,0.003687613644,43,41,130.796306875,89.941796188
semantic-preserving,CodeMark,csn_js,test#2344,0,0.005743102171,0.003779703751,42,42,136.740527870,89.992946457
semantic-preserving,CodeMark,csn_js,test#2345,0,0.005812025629,0.003398099914,38,41,152.948042868,82.880485712
semantic-preserving,CodeMark,csn_js,test#2346,0,0.004474307410,0.002929677255,33,35,135.585073043,83.705064441
semantic-preserving,CodeMark,csn_js,test#2347,0,0.007028426044,0.004466827959,66,64,106.491303692,69.794186857
semantic-preserving,CodeMark,csn_js,test#2348,0,0.034536052495,0.026282091625,437,444,79.029868410,59.193900056
semantic-preserving,CodeMark,csn_js,test#2349,0,0.015798271634,0.011893311515,180,172,87.768175743,69.147159974
semantic-preserving,CodeMark,csn_js,test#2350,0,0.009165098891,0.006254077889,88,86,104.148851030,72.721835919
semantic-preserving,CodeMark,csn_js,test#2351,0,0.023637068458,0.016537385993,267,232,88.528346284,71.281836175
semantic-preserving,CodeMark,csn_js,test#2352,0,0.008055794984,0.005157918669,76,73,105.997302422,70.656420127
semantic-preserving,CodeMark,csn_js,test#2353,0,0.005303010345,0.004550105892,41,51,129.341715720,89.217762591
semantic-preserving,CodeMark,csn_js,test#2354,0,0.016627468169,0.011453669518,203,186,81.908710191,61.578868378
semantic-preserving,CodeMark,csn_js,test#2355,0,0.015477786772,0.010424526408,178,157,86.953858269,66.398257378
semantic-preserving,CodeMark,csn_js,test#2356,0,0.004332540557,0.002634595148,33,31,131.289107781,84.986940267
semantic-preserving,CodeMark,csn_js,test#2357,0,0.011790450662,0.008221907541,152,141,77.568754358,58.311401001
semantic-preserving,CodeMark,csn_js,test#2358,0,0.005752118304,0.003862110898,47,63,122.385495838,61.303347586
semantic-preserving,CodeMark,csn_js,test#2359,0,0.009616984054,0.006290532649,108,96,89.046148652,65.526381756
semantic-preserving,CodeMark,csn_js,test#2360,0,0.017156696878,0.011998646893,248,213,69.180229348,56.331675552
semantic-preserving,CodeMark,csn_js,test#2361,0,0.007220961154,0.004827277735,85,79,84.952484159,61.104781454
semantic-preserving,CodeMark,csn_js,test#2362,0,0.005145856179,0.003763270564,45,49,114.352359540,76.801440089
semantic-preserving,CodeMark,csn_js,test#2363,0,0.013931378722,0.010857533664,172,154,80.996387920,70.503465347
semantic-preserving,CodeMark,csn_js,test#2364,0,0.007807108574,0.005283802748,78,67,100.091135559,78.862727578
semantic-preserving,CodeMark,csn_js,test#2365,0,0.026170092635,0.018355748616,332,298,78.825580225,61.596471866
semantic-preserving,CodeMark,csn_js,test#2366,0,0.006530632265,0.004294997081,65,62,100.471265614,69.274146470
semantic-preserving,CodeMark,csn_js,test#2367,0,0.007329183631,0.005036734976,76,71,96.436626719,70.939929238
semantic-preserving,CodeMark,csn_js,test#2368,0,0.006716705859,0.004368299618,53,55,126.730299221,79.423629425
semantic-preserving,CodeMark,csn_js,test#2369,0,0.006216158159,0.004446676001,51,57,121.885454100,78.011859666
semantic-preserving,CodeMark,csn_js,test#2370,0,0.009708823636,0.008055737242,119,111,81.586753245,72.574209388
semantic-preserving,CodeMark,csn_js,test#2371,0,0.010850023478,0.008543640375,125,128,86.800187826,66.747190431
semantic-preserving,CodeMark,csn_js,test#2372,0,0.005839995109,0.004247350618,52,58,112.307598241,73.230183073
semantic-preserving,CodeMark,csn_js,test#2373,0,0.007682832889,0.006009231322,77,87,99.777050510,69.071624385
semantic-preserving,CodeMark,csn_js,test#2374,0,0.007124993019,0.004794774577,75,63,94.999906917,76.107532969
semantic-preserving,CodeMark,csn_js,test#2375,0,0.006221858785,0.004422965460,58,49,107.273427320,90.264601215
semantic-preserving,CodeMark,csn_js,test#2376,0,0.010788918473,0.006949895993,111,113,97.197463719,61.503504362
semantic-preserving,CodeMark,csn_js,test#2377,0,0.009328938089,0.006251761690,97,93,96.174619477,67.223243976
semantic-preserving,CodeMark,csn_js,test#2378,0,0.006724002771,0.004974222742,62,70,108.451657598,71.060324886
semantic-preserving,CodeMark,csn_js,test#2379,0,0.009770559147,0.008101894520,127,124,76.933536591,65.337859034
semantic-preserving,CodeMark,csn_js,test#2380,0,0.005905414000,0.004021511413,43,46,137.335209306,87.424161156
semantic-preserving,CodeMark,csn_js,test#2381,0,0.008780339733,0.006101137027,84,80,104.527853962,76.264212839
semantic-preserving,CodeMark,csn_js,test#2382,0,0.005974008702,0.004101367667,52,56,114.884782726,73.238708345
semantic-preserving,CodeMark,csn_js,test#2383,0,0.008053421974,0.005831960589,75,74,107.378959656,78.810278226
semantic-preserving,CodeMark,csn_js,test#2384,0,0.004799987189,0.002993379720,33,34,145.454157257,88.040579987
semantic-preserving,CodeMark,csn_js,test#2385,0,0.009231694043,0.006374137476,96,97,96.163479611,65.712757485
semantic-preserving,CodeMark,csn_js,test#2386,0,0.005930656567,0.004296799190,55,56,107.830119404,76.728556970
semantic-preserving,CodeMark,csn_js,test#2387,0,0.011556047946,0.009140061215,138,145,83.739477871,63.034904928
semantic-preserving,CodeMark,csn_js,test#2388,0,0.004243100993,0.002898725681,31,33,136.874225591,87.840172152
semantic-preserving,CodeMark,csn_js,test#2389,0,0.007569110952,0.005479955114,71,79,106.607196512,69.366520436
semantic-preserving,CodeMark,csn_js,test#2390,0,0.005690116435,0.003870585002,43,46,132.328289193,84.143152218
semantic-preserving,CodeMark,csn_js,test#2391,0,0.005162852816,0.003260489553,41,46,125.923239422,70.880207679
semantic-preserving,CodeMark,csn_js,test#2392,0,0.016038866714,0.011273749173,185,174,86.696576831,64.791661912
semantic-preserving,CodeMark,csn_js,test#2393,0,0.005206895061,0.004003450274,47,52,110.785001294,76.989428355
semantic-preserving,CodeMark,csn_js,test#2394,0,0.005634501576,0.003764180467,44,45,128.056854010,83.648454812
semantic-preserving,CodeMark,csn_js,test#2395,0,0.009019748308,0.006534853019,93,87,96.986540944,75.113253090
semantic-preserving,CodeMark,csn_js,test#2396,0,0.011578709818,0.008078537881,156,140,74.222498836,57.703842010
semantic-preserving,CodeMark,csn_js,test#2397,0,0.005825604312,0.003795273602,41,42,142.087910052,90.363657191
semantic-preserving,CodeMark,csn_js,test#2398,0,0.006496344693,0.004637818784,58,49,112.005942983,94.649362929
semantic-preserving,CodeMark,csn_js,test#2399,0,0.032169940881,0.023672028445,387,360,83.126462226,65.755634569
semantic-preserving,CodeMark,csn_js,test#2400,0,0.009037380107,0.005370083265,88,76,102.697501213,70.658990329
semantic-preserving,CodeMark,csn_js,test#2401,0,0.026346090250,0.018693868071,322,293,81.820156055,63.801597511
semantic-preserving,CodeMark,csn_js,test#2402,0,0.004355663434,0.002883194946,31,32,140.505272054,90.099842055
semantic-preserving,CodeMark,csn_js,test#2403,0,0.006278047338,0.004064125940,54,51,116.260135891,79.688743926
semantic-preserving,CodeMark,csn_js,test#2404,0,0.012690679170,0.009114823304,172,152,73.783018431,59.965942790
semantic-preserving,CodeMark,csn_js,test#2405,0,0.013314017095,0.009829679504,166,145,80.204922257,67.790893131
semantic-preserving,CodeMark,csn_js,test#2406,0,0.004562387243,0.002821037546,35,31,130.353921226,91.001211155
semantic-preserving,CodeMark,csn_js,test#2407,0,0.014527447522,0.010157154873,192,180,75.663789175,56.428638183
semantic-preserving,CodeMark,csn_js,test#2408,0,0.007198317908,0.004860241897,80,75,89.978973847,64.803225299
semantic-preserving,CodeMark,csn_js,test#2409,0,0.011127428152,0.008557062596,158,153,70.426760454,55.928513700
semantic-preserving,CodeMark,csn_js,test#2410,0,0.004575113766,0.002861912362,37,33,123.651723403,86.724617039
semantic-preserving,CodeMark,csn_js,test#2411,0,0.005158181302,0.003865183331,48,54,107.462110464,71.577469094
semantic-preserving,CodeMark,csn_js,test#2412,0,0.010519295931,0.007651475258,134,117,78.502208439,65.397224429
semantic-preserving,CodeMark,csn_js,test#2413,0,0.009618226439,0.006887626834,111,101,86.650688637,68.194325091
semantic-preserving,CodeMark,csn_js,test#2414,0,0.035961370915,0.027202032506,515,463,69.827904690,58.751690079
semantic-preserving,CodeMark,csn_js,test#2415,0,0.006544926204,0.004531956278,69,56,94.854002953,80.927790675
semantic-preserving,CodeMark,csn_js,test#2416,0,0.004934110679,0.003315384500,43,44,114.746759971,75.349647721
semantic-preserving,CodeMark,csn_js,test#2417,0,0.008658367209,0.006015909836,93,87,93.100722679,69.148388916
semantic-preserving,CodeMark,csn_js,test#2418,0,0.017208955251,0.013440825976,206,192,83.538617722,70.004301961
semantic-preserving,CodeMark,csn_js,test#2419,0,0.016584735364,0.011931022629,190,179,87.288080862,66.653757705
semantic-preserving,CodeMark,csn_js,test#2420,0,0.006966991350,0.004510443658,67,56,103.984945523,80.543636744
semantic-preserving,CodeMark,csn_js,test#2421,0,0.008307605051,0.005910090171,100,93,83.076050505,63.549356675
semantic-preserving,CodeMark,csn_js,test#2422,0,0.025734036230,0.018702741712,351,326,73.316342534,57.370373351
semantic-preserving,CodeMark,csn_js,test#2423,0,0.008749477565,0.006022686139,99,90,88.378561266,66.918734875
semantic-preserving,CodeMark,csn_js,test#2424,0,0.010201654397,0.006780764088,116,111,87.945296525,61.087964757
semantic-preserving,CodeMark,csn_js,test#2425,0,0.005956627429,0.004111155868,67,55,88.904886993,74.748288501
semantic-preserving,CodeMark,csn_js,test#2426,0,0.034156972542,0.025320130400,533,463,64.084376252,54.687106696
semantic-preserving,CodeMark,csn_js,test#2427,0,0.006643860601,0.004735942930,60,68,110.731010015,69.646219559
semantic-preserving,CodeMark,csn_js,test#2428,0,0.008341574110,0.005689554848,82,93,101.726513538,61.178009116
semantic-preserving,CodeMark,csn_js,test#2429,0,0.011381156743,0.007728146389,122,115,93.288170021,67.201272949
semantic-preserving,CodeMark,csn_js,test#2430,0,0.006873945706,0.004369464703,55,52,124.980831011,84.028167364
semantic-preserving,CodeMark,csn_js,test#2431,0,0.015989668667,0.013036761433,182,195,87.855322348,66.855186835
semantic-preserving,CodeMark,csn_js,test#2432,0,0.004797138274,0.003014355898,34,39,141.092302168,77.291176869
semantic-preserving,CodeMark,csn_js,test#2433,0,0.005098992027,0.003859732300,41,46,124.365659203,83.907223914
semantic-preserving,CodeMark,csn_js,test#2434,0,0.018532456830,0.015520318411,207,222,89.528776957,69.911344195
semantic-preserving,CodeMark,csn_js,test#2435,0,0.028578391299,0.020708730444,320,288,89.307472808,71.905314043
semantic-preserving,CodeMark,csn_js,test#2436,0,0.006646046415,0.004233022220,59,56,112.644854491,75.589682508
semantic-preserving,CodeMark,csn_js,test#2437,0,0.006057471968,0.003828779794,52,60,116.489845543,63.812996571
semantic-preserving,CodeMark,csn_js,test#2438,0,0.013191253878,0.010082989931,132,139,99.933741501,72.539495907
semantic-preserving,CodeMark,csn_js,test#2439,0,0.007474926300,0.005644582212,76,83,98.354293426,68.007014602
semantic-preserving,CodeMark,csn_js,test#2440,0,0.006874045357,0.005244455300,64,69,107.406958705,76.006598555
semantic-preserving,CodeMark,csn_js,test#2441,0,0.005100550130,0.003621588461,41,45,124.403661708,80.479743580
semantic-preserving,CodeMark,csn_js,test#2442,0,0.005227982067,0.003293033689,37,42,141.296812610,78.405564030
semantic-preserving,CodeMark,csn_js,test#2443,0,0.011526838876,0.008424710482,123,117,93.714137206,72.006072499
semantic-preserving,CodeMark,csn_js,test#2444,0,0.006328716874,0.004229943268,61,58,103.749456953,72.930056345
semantic-preserving,CodeMark,csn_js,test#2445,0,0.016825446859,0.011573397554,197,179,85.408359690,64.655852260
semantic-preserving,CodeMark,csn_js,test#2446,0,0.014886487275,0.010901763104,171,155,87.055481142,70.333955509
semantic-preserving,CodeMark,csn_js,test#2447,0,0.007121302187,0.005277190357,78,74,91.298745993,71.313383209
semantic-preserving,CodeMark,csn_js,test#2448,0,0.013499557972,0.011296958663,145,173,93.100399807,65.300339090
semantic-preserving,CodeMark,csn_js,test#2449,0,0.017432538792,0.014237363823,179,199,97.388484874,71.544541823
semantic-preserving,CodeMark,csn_js,test#2450,0,0.011105343699,0.009018531069,129,139,86.087935655,64.881518483
semantic-preserving,CodeMark,csn_js,test#2451,0,0.004464159720,0.002878183499,38,37,117.477887359,77.788743216
semantic-preserving,CodeMark,csn_js,test#2452,0,0.005669869483,0.004067405127,53,56,106.978669481,72.632234411
semantic-preserving,CodeMark,csn_js,test#2453,0,0.006827893667,0.004795452580,60,61,113.798227782,78.613976719
semantic-preserving,CodeMark,csn_js,test#2454,0,0.007497414015,0.004865800962,67,67,111.901701720,72.623894953
semantic-preserving,CodeMark,csn_js,test#2455,0,0.012507541105,0.009283449501,138,147,90.634355834,63.152717693
semantic-preserving,CodeMark,csn_js,test#2456,0,0.017213307321,0.015155103989,223,226,77.189718929,67.057982252
semantic-preserving,CodeMark,csn_js,test#2457,0,0.005783738568,0.003765161149,37,38,156.317258606,99.083188137
semantic-preserving,CodeMark,csn_js,test#2458,0,0.042782314122,0.027653418481,792,715,54.018073386,38.676109764
semantic-preserving,CodeMark,csn_js,test#2459,0,0.007305175997,0.004878170788,75,67,97.402346631,72.808519228
semantic-preserving,CodeMark,csn_js,test#2460,0,0.011785928160,0.008298688568,138,113,85.405276521,73.439721842
semantic-preserving,CodeMark,csn_js,test#2461,0,0.017665977590,0.011494022794,180,156,98.144319943,73.679633295
semantic-preserving,CodeMark,csn_js,test#2462,0,0.036660519429,0.026665290818,502,456,73.028923164,58.476514951
semantic-preserving,CodeMark,csn_js,test#2463,0,0.009836935438,0.006820257753,107,104,91.933976058,65.579401472
semantic-preserving,CodeMark,csn_js,test#2464,0,0.009803362191,0.006699201651,107,104,91.620207390,64.415400490
semantic-preserving,CodeMark,csn_js,test#2465,0,0.015268003568,0.011616117321,186,177,82.086040688,65.627781474
semantic-preserving,CodeMark,csn_js,test#2466,0,0.009096477181,0.006715460680,118,119,77.088789667,56.432442693
semantic-preserving,CodeMark,csn_js,test#2467,0,0.005008446053,0.003188068047,43,41,116.475489597,77.757757248
semantic-preserving,CodeMark,csn_js,test#2468,0,0.005162291229,0.003280957229,43,44,120.053284390,74.567209760
semantic-preserving,CodeMark,csn_js,test#2469,0,0.028753818013,0.021603735164,324,318,88.746351891,67.936274100
semantic-preserving,CodeMark,csn_js,test#2470,0,0.015096830204,0.010425320826,154,141,98.031364962,73.938445578
semantic-preserving,CodeMark,csn_js,test#2471,0,0.006701660343,0.005019513890,63,66,106.375560992,76.053240760
semantic-preserving,CodeMark,csn_js,test#2472,0,0.008203770965,0.005780735053,88,89,93.224670061,64.952079249
semantic-preserving,CodeMark,csn_js,test#2473,0,0.036093772389,0.027445468120,444,468,81.292280155,58.644162650
semantic-preserving,CodeMark,csn_js,test#2474,0,0.014958632179,0.010956456885,188,171,79.567192439,64.072847279
semantic-preserving,CodeMark,csn_js,test#2475,0,0.008033988066,0.007075716741,93,101,86.386968452,70.056601400
semantic-preserving,CodeMark,csn_js,test#2476,0,0.004787178710,0.003561084159,45,48,106.381749113,74.189253307
semantic-preserving,CodeMark,csn_js,test#2477,0,0.012273084372,0.010177795775,139,147,88.295571024,69.236705954
semantic-preserving,CodeMark,csn_js,test#2478,0,0.022881970741,0.015609865077,293,256,78.095463279,60.976035456
semantic-preserving,CodeMark,csn_js,test#2479,0,0.008129190654,0.005672057159,93,84,87.410652189,67.524489991
semantic-preserving,CodeMark,csn_js,test#2480,0,0.009716919623,0.006528430618,93,92,104.483006702,70.961202373
semantic-preserving,CodeMark,csn_js,test#2481,0,0.009666793048,0.006995574571,97,96,99.657660293,72.870568450
semantic-preserving,CodeMark,csn_js,test#2482,0,0.007044613361,0.005031063221,75,77,93.928178151,65.338483395
semantic-preserving,CodeMark,csn_js,test#2483,0,0.007436289452,0.005082401447,82,80,90.686456732,63.530018087
semantic-preserving,CodeMark,csn_js,test#2484,0,0.024686267599,0.017796113156,333,308,74.132935734,57.779588168
semantic-preserving,CodeMark,csn_js,test#2485,0,0.009270403534,0.006657763384,105,101,88.289557468,65.918449349
semantic-preserving,CodeMark,csn_js,test#2486,0,0.036414787173,0.029111690819,448,455,81.283007083,63.981738064
semantic-preserving,CodeMark,csn_js,test#2487,0,0.009360712022,0.006597838365,91,95,102.864967270,69.450930153
semantic-preserving,CodeMark,csn_js,test#2488,0,0.017310307361,0.013470403850,208,223,83.222631544,60.405398431
semantic-preserving,CodeMark,csn_js,test#2489,0,0.015783198178,0.011637528427,198,206,79.713122110,56.492856441
semantic-preserving,CodeMark,csn_js,test#2490,0,0.012737403624,0.008554845117,146,141,87.242490574,60.672660404
semantic-preserving,CodeMark,csn_js,test#2491,0,0.010203071870,0.007830272429,121,132,84.322908016,59.320245672
semantic-preserving,CodeMark,csn_js,test#2492,0,0.022215010598,0.016019535251,282,258,78.776633327,62.091221903
semantic-preserving,CodeMark,csn_js,test#2493,0,0.028636842966,0.022700414993,338,356,84.724387474,63.765210654
semantic-preserving,CodeMark,csn_js,test#2494,0,0.008563862182,0.006493701600,92,89,93.085458502,72.962939321
semantic-preserving,CodeMark,csn_js,test#2495,0,0.005333147943,0.003509283066,42,39,126.979712929,89.981617072
semantic-preserving,CodeMark,csn_js,test#2496,0,0.006927963346,0.004573517479,67,65,103.402438004,70.361807369
semantic-preserving,CodeMark,csn_js,test#2497,0,0.008979413658,0.006732798181,90,101,99.771262871,66.661368133
semantic-preserving,CodeMark,csn_js,test#2498,0,0.013440935872,0.009784303606,176,160,76.368953821,61.151897535
semantic-preserving,CodeMark,csn_js,test#2499,0,0.008395873941,0.007003094070,117,117,71.759606337,59.855504869
semantic-preserving,CodeMark,csn_js,test#2500,0,0.007418290712,0.004740381613,63,60,117.750646221,79.006360223
semantic-preserving,CodeMark,csn_js,test#2501,0,0.008903634734,0.006211325526,94,83,94.719518452,74.835247304
semantic-preserving,CodeMark,csn_js,test#2502,0,0.009246070869,0.005915413611,93,80,99.420116874,73.942670133
semantic-preserving,CodeMark,csn_js,test#2503,0,0.005128134973,0.003127142787,41,40,125.076462765,78.178569674
semantic-preserving,CodeMark,csn_js,test#2504,0,0.004344347864,0.002791444771,33,33,131.646904981,84.589235485
semantic-preserving,CodeMark,csn_js,test#2505,0,0.006386787631,0.004034579732,57,57,112.048905800,70.782100553
semantic-preserving,CodeMark,csn_js,test#2506,0,0.007143186405,0.004548458382,62,56,115.212683956,81.222471116
semantic-preserving,CodeMark,csn_js,test#2507,0,0.005911464803,0.004036507569,48,51,123.155516728,79.147207240
semantic-preserving,CodeMark,csn_js,test#2508,0,0.007187463343,0.004667422734,61,57,117.827267920,81.884609372
semantic-preserving,CodeMark,csn_js,test#2509,0,0.013220030814,0.008752818219,137,123,96.496575288,71.161123735
semantic-preserving,CodeMark,csn_js,test#2510,0,0.019327125512,0.012535373680,204,179,94.740811334,70.030020560
semantic-preserving,CodeMark,csn_js,test#2511,0,0.005045012571,0.003623619676,43,49,117.325873742,73.951421952
semantic-preserving,CodeMark,csn_js,test#2512,0,0.021746031940,0.017895703204,307,286,70.833980261,62.572388825
semantic-preserving,CodeMark,csn_js,test#2513,0,0.007051518187,0.005199722946,86,72,81.994397522,72.218374246
semantic-preserving,CodeMark,csn_js,test#2514,0,0.014475738630,0.010140075348,197,169,73.480906750,60.000445848
semantic-preserving,CodeMark,csn_js,test#2515,0,0.005696220323,0.004075553268,53,58,107.475855159,70.268159796
semantic-preserving,CodeMark,csn_js,test#2516,0,0.005597135052,0.003448234871,48,47,116.606980252,73.366699384
semantic-preserving,CodeMark,csn_js,test#2517,0,0.011734080501,0.008432663977,145,135,80.924693110,62.464177608
semantic-preserving,CodeMark,csn_js,test#2518,0,0.008143998682,0.005501063541,94,91,86.638283856,60.451247699
semantic-preserving,CodeMark,csn_js,test#2519,0,0.006708189845,0.004595836625,64,64,104.815466329,71.809947258
semantic-preserving,CodeMark,csn_js,test#2520,0,0.016396116465,0.011467278935,181,174,90.586278814,65.903901925
semantic-preserving,CodeMark,csn_js,test#2521,0,0.013066926971,0.008731798269,118,118,110.736669246,73.998290414
semantic-preserving,CodeMark,csn_js,test#2522,0,0.007142244838,0.005086383782,53,65,134.759336569,78.252058190
semantic-preserving,CodeMark,csn_js,test#2523,0,0.007396190427,0.005116087385,65,69,113.787545035,74.146193979
semantic-preserving,CodeMark,csn_js,test#2524,0,0.031435445882,0.023410850205,363,333,86.599024469,70.302853467
semantic-preserving,CodeMark,csn_js,test#2525,0,0.006264458410,0.004485167563,55,55,113.899243826,81.548501145
semantic-preserving,CodeMark,csn_js,test#2526,0,0.006673731841,0.004660302773,66,61,101.117149108,76.398406117
semantic-preserving,CodeMark,csn_js,test#2527,0,0.006042692810,0.004729590379,48,59,125.889433548,80.162548792
semantic-preserving,CodeMark,csn_js,test#2528,0,0.004800003022,0.002984990366,32,37,150.000094436,80.675415292
semantic-preserving,CodeMark,csn_js,test#2529,0,0.004399259575,0.002685829997,29,26,151.698606025,103.301153733
semantic-preserving,CodeMark,csn_js,test#2530,0,0.017489117570,0.012460586615,218,197,80.225309955,63.251708705
semantic-preserving,CodeMark,csn_js,test#2531,0,0.006317820400,0.004655931145,77,79,82.049615584,58.935837278
semantic-preserving,CodeMark,csn_js,test#2532,0,0.008176082745,0.006350201555,91,102,89.847063134,62.256877986
semantic-preserving,CodeMark,csn_js,test#2533,0,0.006354507059,0.004099953920,58,52,109.560466532,78.845267686
semantic-preserving,CodeMark,csn_js,test#2534,0,0.005021337420,0.003362986259,46,39,109.159509125,86.230416902
semantic-preserving,CodeMark,csn_js,test#2535,0,0.005968072452,0.004121111706,52,58,114.770624070,71.053650102
semantic-preserving,CodeMark,csn_js,test#2536,0,0.006948965602,0.004736646079,60,65,115.816093360,72.871478131
semantic-preserving,CodeMark,csn_js,test#2537,0,0.014317873865,0.010499461554,263,286,54.440585039,36.711404035
semantic-preserving,CodeMark,csn_js,test#2538,0,0.006683451124,0.004525506869,48,53,139.238565074,85.386922056
semantic-preserving,CodeMark,csn_js,test#2539,0,0.007788697258,0.005930770189,70,81,111.267103681,73.219385044
semantic-preserving,CodeMark,csn_js,test#2540,0,0.025742503814,0.018981168047,297,281,86.675097018,67.548640735
semantic-preserving,CodeMark,csn_js,test#2541,0,0.011583302170,0.008273432031,125,112,92.666417360,73.869928851
semantic-preserving,CodeMark,csn_js,test#2542,0,0.016482601874,0.012918551452,191,197,86.296344888,65.576403312
semantic-preserving,CodeMark,csn_js,test#2543,0,0.008376226760,0.005623533390,88,83,95.184395005,67.753414343
semantic-preserving,CodeMark,csn_js,test#2544,0,0.010412676260,0.007741283625,132,122,78.883911060,63.453144470
semantic-preserving,CodeMark,csn_js,test#2545,0,0.009265606292,0.006488936953,122,114,75.947592554,56.920499590
semantic-preserving,CodeMark,csn_js,test#2546,0,0.012326770462,0.008202349767,128,109,96.302894235,75.250915294
semantic-preserving,CodeMark,csn_js,test#2547,0,0.005177322775,0.003294015303,47,48,110.155803726,68.625318818
semantic-preserving,CodeMark,csn_js,test#2548,0,0.011075994931,0.008801376447,119,142,93.075587657,61.981524275
semantic-preserving,CodeMark,csn_js,test#2549,0,0.014533394948,0.011806651950,158,185,91.983512327,63.819740270
semantic-preserving,CodeMark,csn_js,test#2550,0,0.017917400226,0.012712901458,233,198,76.898713416,64.206573021
semantic-preserving,CodeMark,csn_js,test#2551,0,0.007626480423,0.005344377831,66,68,115.552733681,78.593791627
semantic-preserving,CodeMark,csn_js,test#2552,0,0.004686116241,0.002867675386,30,26,156.203874697,110.295207168
semantic-preserving,CodeMark,csn_js,test#2553,0,0.004988444969,0.003192290664,41,41,121.669389489,77.860747896
semantic-preserving,CodeMark,csn_js,test#2554,0,0.004606618546,0.002894189209,43,38,107.130663859,76.162873914
semantic-preserving,CodeMark,csn_js,test#2555,0,0.006538477726,0.004535332322,69,64,94.760546758,70.864567533
semantic-preserving,CodeMark,csn_js,test#2556,0,0.016230403446,0.013377875090,226,210,71.815944450,63.704167094
semantic-preserving,CodeMark,csn_js,test#2557,0,0.012072259560,0.008939699270,144,147,83.835135835,60.814280747
semantic-preserving,CodeMark,csn_js,test#2558,0,0.006577006541,0.004305314273,78,75,84.320596682,57.404190302
semantic-preserving,CodeMark,csn_js,test#2559,0,0.018006851897,0.013083864935,247,205,72.902234399,63.823731389
semantic-preserving,CodeMark,csn_js,test#2560,0,0.005482576787,0.003779828548,46,46,119.186451902,82.170185835
semantic-preserving,CodeMark,csn_js,test#2561,0,0.008807788603,0.006322486326,95,90,92.713564242,70.249848068
semantic-preserving,CodeMark,csn_js,test#2562,0,0.006640379317,0.004848717712,68,67,97.652637016,72.368921073
semantic-preserving,CodeMark,csn_js,test#2563,0,0.005638494156,0.003677919507,55,50,102.518075569,73.558390141
semantic-preserving,CodeMark,csn_js,test#2564,0,0.018306912854,0.013227445073,237,214,77.244358035,61.810490997
semantic-preserving,CodeMark,csn_js,test#2565,0,0.006822172552,0.005346014164,81,88,84.224352498,60.750160959
semantic-preserving,CodeMark,csn_js,test#2566,0,0.005315855145,0.003603753634,42,44,126.567979654,81.903491677
semantic-preserving,CodeMark,csn_js,test#2567,0,0.007761767134,0.006131138653,74,75,104.888745055,81.748515368
semantic-preserving,CodeMark,csn_js,test#2568,0,0.012036195956,0.008503389545,130,127,92.586122740,66.955823187
semantic-preserving,CodeMark,csn_js,test#2569,0,0.011361846700,0.007704964839,101,103,112.493531686,74.805483873
semantic-preserving,CodeMark,csn_js,test#2570,0,0.005008995533,0.003644777462,47,48,106.574373042,75.932863789
semantic-preserving,CodeMark,csn_js,test#2571,0,0.021243348718,0.015722684562,235,256,90.397228586,61.416736571
semantic-preserving,CodeMark,csn_js,test#2572,0,0.004477427341,0.002797951922,31,37,144.433140034,75.620322211
semantic-preserving,CodeMark,csn_js,test#2573,0,0.004818778485,0.003243567422,40,40,120.469462126,81.089185551
semantic-preserving,CodeMark,csn_js,test#2574,0,0.006125194952,0.003831707872,60,54,102.086582532,70.957553194
semantic-preserving,CodeMark,csn_js,test#2575,0,0.008808634244,0.006369571202,84,97,104.864693380,65.665682490
semantic-preserving,CodeMark,csn_js,test#2576,0,0.007628628053,0.005308799446,72,75,105.953167400,70.783992608
semantic-preserving,CodeMark,csn_js,test#2577,0,0.014582567848,0.011948311701,151,171,96.573297008,69.873167845
semantic-preserving,CodeMark,csn_js,test#2578,0,0.016380001791,0.011451328173,185,185,88.540550221,61.899071207
semantic-preserving,CodeMark,csn_js,test#2579,0,0.009483320639,0.006383813918,97,81,97.766192150,78.812517502
semantic-preserving,CodeMark,csn_js,test#2580,0,0.004731181078,0.003067039885,42,44,112.647168516,69.705451923
semantic-preserving,CodeMark,csn_js,test#2581,0,0.039383328520,0.026890212670,495,457,79.562279838,58.840727943
semantic-preserving,CodeMark,csn_js,test#2582,0,0.005385505036,0.003319064155,53,47,101.613302557,70.618386281
semantic-preserving,CodeMark,csn_js,test#2583,0,0.005322749726,0.003660116345,47,47,113.249994180,77.874815844
semantic-preserving,CodeMark,csn_js,test#2584,0,0.003815741278,0.002510885708,23,21,165.901794706,119.565986097
semantic-preserving,CodeMark,csn_js,test#2585,0,0.012493495829,0.008704932407,130,123,96.103814072,70.771808183
semantic-preserving,CodeMark,csn_js,test#2586,0,0.006842162460,0.005021774210,59,64,115.968855256,78.465222032
semantic-preserving,CodeMark,csn_js,test#2587,0,0.006096855737,0.004058802500,59,53,103.336537920,76.581179252
semantic-preserving,CodeMark,csn_js,test#2588,0,0.006373977289,0.004385112785,61,61,104.491430961,71.887094833
semantic-preserving,CodeMark,csn_js,test#2589,0,0.007777858526,0.005822102539,75,85,103.704780340,68.495323991
semantic-preserving,CodeMark,csn_js,test#2590,0,0.013511804864,0.009041542187,148,134,91.295978810,67.474195428
semantic-preserving,CodeMark,csn_js,test#2591,0,0.005143848248,0.003216632642,54,44,95.256449034,73.105287315
semantic-preserving,CodeMark,csn_js,test#2592,0,0.014012590051,0.011824682355,153,157,91.585555887,75.316448121
semantic-preserving,CodeMark,csn_js,test#2593,0,0.016400908120,0.013150288723,154,164,106.499403376,80.184687338
semantic-preserving,CodeMark,csn_js,test#2594,0,0.009329765104,0.006431171671,98,96,95.201684732,66.991371568
semantic-preserving,CodeMark,csn_js,test#2595,0,0.007515193895,0.005336691625,65,75,115.618367608,71.155888339
semantic-preserving,CodeMark,csn_js,test#2596,0,0.016919918358,0.011530081742,180,161,93.999546435,71.615414544
semantic-preserving,CodeMark,csn_js,test#2597,0,0.004129631445,0.002352690324,29,28,142.401084304,84.024654435
semantic-preserving,CodeMark,csn_js,test#2598,0,0.005556771532,0.003663625568,39,41,142.481321326,89.356721174
semantic-preserving,CodeMark,csn_js,test#2599,0,0.005625286140,0.004493230954,45,56,125.006358657,80.236267032
semantic-preserving,CodeMark,csn_js,test#2600,0,0.005048545077,0.004332914948,38,52,132.856449406,83.325287470
semantic-preserving,CodeMark,csn_js,test#2601,0,0.014133862220,0.009948071092,191,170,73.999278637,58.518065249
semantic-preserving,CodeMark,csn_js,test#2602,0,0.014302168041,0.010298875161,216,195,66.213740933,52.814744413
semantic-preserving,CodeMark,csn_js,test#2603,0,0.012095329352,0.008480791003,175,157,69.116167724,54.017777086
semantic-preserving,CodeMark,csn_js,test#2604,0,0.004777362570,0.002924113534,44,39,108.576422049,74.977270113
semantic-preserving,CodeMark,csn_js,test#2605,0,0.005244087428,0.003277531825,38,41,138.002300733,79.939800610
semantic-preserving,CodeMark,csn_js,test#2606,0,0.006698929705,0.004948793910,73,72,91.766160339,68.733248756
semantic-preserving,CodeMark,csn_js,test#2607,0,0.006642205641,0.004295674153,77,88,86.262410918,48.814479008
semantic-preserving,CodeMark,csn_js,test#2608,0,0.012940499932,0.011118316092,162,179,79.879629207,62.113497718
semantic-preserving,CodeMark,csn_js,test#2609,0,0.015066605993,0.010103628039,176,157,85.605715867,64.354318722
semantic-preserving,CodeMark,csn_js,test#2610,0,0.005308704451,0.003752396442,43,54,123.458243040,69.488823000
semantic-preserving,CodeMark,csn_js,test#2611,0,0.005760187283,0.004226864316,66,69,87.275564896,61.258903124
semantic-preserving,CodeMark,csn_js,test#2612,0,0.004502729513,0.002988068387,45,44,100.060655839,67.910645157
semantic-preserving,CodeMark,csn_js,test#2613,0,0.031327148899,0.023661298677,449,411,69.770932961,57.570069775
semantic-preserving,CodeMark,csn_js,test#2614,0,0.014504101127,0.009894967079,179,160,81.028497918,61.843544245
semantic-preserving,CodeMark,csn_js,test#2615,0,0.014516136609,0.009840355255,190,173,76.400718995,56.880666212
semantic-preserving,CodeMark,csn_js,test#2616,0,0.005955905654,0.003748063929,45,42,132.353458967,89.239617366
semantic-preserving,CodeMark,csn_js,test#2617,0,0.004673630930,0.003166770563,41,41,113.990998304,77.238306403
semantic-preserving,CodeMark,csn_js,test#2618,0,0.004952248186,0.003069583327,38,34,130.322320681,90.281862546
semantic-preserving,CodeMark,csn_js,test#2619,0,0.004902515560,0.004039001651,38,43,129.013567379,93.930270956
semantic-preserving,CodeMark,csn_js,test#2620,0,0.005015398376,0.003100833856,48,47,104.487466160,65.975188416
semantic-preserving,CodeMark,csn_js,test#2621,0,0.005686965771,0.003929837607,50,54,113.739315420,72.774770497
semantic-preserving,CodeMark,csn_js,test#2622,0,0.022241858765,0.015462371521,273,256,81.472010130,60.399888753
semantic-preserving,CodeMark,csn_js,test#2623,0,0.019213445485,0.015967761166,268,281,71.691960764,56.824772834
semantic-preserving,CodeMark,csn_js,test#2624,0,0.030036341399,0.022793993354,428,450,70.178367755,50.653318564
semantic-preserving,CodeMark,csn_js,test#2625,0,0.005565972999,0.003401393071,46,40,120.999413016,85.034826770
semantic-preserving,CodeMark,csn_js,test#2626,0,0.013427829370,0.009341392666,183,158,73.376116775,59.122738393
semantic-preserving,CodeMark,csn_js,test#2627,0,0.006322592497,0.004320862703,74,69,85.440439147,62.621198595
semantic-preserving,CodeMark,csn_js,test#2628,0,0.028957131319,0.025087306276,386,361,75.018474919,69.493923202
semantic-preserving,CodeMark,csn_js,test#2629,0,0.006263319403,0.004403094761,67,69,93.482379148,63.812967552
semantic-preserving,CodeMark,csn_js,test#2630,0,0.008258489892,0.005681566894,75,73,110.113198558,77.829683480
semantic-preserving,CodeMark,csn_js,test#2631,0,0.011265779845,0.008029758930,125,111,90.126238763,72.340170542
semantic-preserving,CodeMark,csn_js,test#2632,0,0.008684614673,0.005033900961,76,64,114.271245701,78.654702520
semantic-preserving,CodeMark,csn_js,test#2633,0,0.005547764711,0.003601866774,42,40,132.089635978,90.046669357
semantic-preserving,CodeMark,csn_js,test#2634,0,0.004784450866,0.003090434708,34,33,140.719143126,93.649536597
semantic-preserving,CodeMark,csn_js,test#2635,0,0.004991267808,0.003346330486,34,36,146.801994347,92.953624618
semantic-preserving,CodeMark,csn_js,test#2636,0,0.010071496479,0.006637333892,106,98,95.014117728,67.727896860
semantic-preserving,CodeMark,csn_js,test#2637,0,0.007496217266,0.004824521951,69,64,108.640829938,75.383155490
semantic-preserving,CodeMark,csn_js,test#2638,0,0.010503787547,0.008146962151,100,108,105.037875473,75.434834731
semantic-preserving,CodeMark,csn_js,test#2639,0,0.008872184902,0.006135883741,78,76,113.745960288,80.735312383
semantic-preserving,CodeMark,csn_js,test#2640,0,0.010007712990,0.006362221204,106,90,94.412386699,70.691346708
semantic-preserving,CodeMark,csn_js,test#2641,0,0.008790907450,0.007758419961,100,116,87.909074500,66.882930696
semantic-preserving,CodeMark,csn_js,test#2642,0,0.011364045553,0.009736161679,126,143,90.190837722,68.085046706
semantic-preserving,CodeMark,csn_js,test#2643,0,0.011527980678,0.008007031865,145,142,79.503315019,56.387548348
semantic-preserving,CodeMark,csn_js,test#2644,0,0.005651175044,0.004182853736,58,61,97.434052491,68.571372721
semantic-preserving,CodeMark,csn_js,test#2645,0,0.003723374568,0.002415533178,26,25,143.206714151,96.621327102
semantic-preserving,CodeMark,csn_js,test#2646,0,0.008749633096,0.005550319329,103,98,84.947894137,56.635911519
semantic-preserving,CodeMark,csn_js,test#2647,0,0.006198536605,0.004033910111,56,53,110.688153654,76.111511521
semantic-preserving,CodeMark,csn_js,test#2648,0,0.006362246349,0.004426252097,58,51,109.693902577,86.789256802
semantic-preserving,CodeMark,csn_js,test#2649,0,0.008670653217,0.006794779561,90,91,96.340591295,74.667907269
semantic-preserving,CodeMark,csn_js,test#2650,0,0.004576679319,0.003454310820,43,44,106.434402771,78.507064080
semantic-preserving,CodeMark,csn_js,test#2651,0,0.012450917624,0.008504753001,148,133,84.127821783,63.945511286
semantic-preserving,CodeMark,csn_js,test#2652,0,0.007656742819,0.005307724699,80,83,95.709285233,63.948490354
semantic-preserving,CodeMark,csn_js,test#2653,0,0.009940274060,0.006774608977,107,97,92.899757568,69.841329661
semantic-preserving,CodeMark,csn_js,test#2654,0,0.024024933577,0.017724663019,305,266,78.770274022,66.634071501
semantic-preserving,CodeMark,csn_js,test#2655,0,0.010609620251,0.007436785847,103,98,103.006021852,75.885569867
semantic-preserving,CodeMark,csn_js,test#2656,0,0.005730892532,0.003433350474,45,41,127.353167368,83.740255455
semantic-preserving,CodeMark,csn_js,test#2657,0,0.010817575268,0.007206160575,114,98,94.891011127,73.532250767
semantic-preserving,CodeMark,csn_js,test#2658,0,0.019696561620,0.013427478261,229,194,86.011186112,69.213805471
semantic-preserving,CodeMark,csn_js,test#2659,0,0.007888390683,0.005303272046,93,80,84.821405190,66.290900577
semantic-preserving,CodeMark,csn_js,test#2660,0,0.005223338492,0.003356331028,45,47,116.074188716,71.411298469
semantic-preserving,CodeMark,csn_js,test#2661,0,0.010398286395,0.007176232524,96,94,108.315483279,76.342899194
semantic-preserving,CodeMark,csn_js,test#2662,0,0.026171983220,0.017046441324,404,376,64.782136682,45.336280117
semantic-preserving,CodeMark,csn_js,test#2663,0,0.005095693283,0.003323704936,46,49,110.775940930,67.830712972
semantic-preserving,CodeMark,csn_js,test#2664,0,0.034194167703,0.026706046425,535,547,63.914332156,48.822753976
semantic-preserving,CodeMark,csn_js,test#2665,0,0.010461988859,0.006968804635,106,115,98.698008103,60.598301175
semantic-preserving,CodeMark,csn_js,test#2666,0,0.021307524294,0.014993251301,255,238,83.558918799,62.996854207
semantic-preserving,CodeMark,csn_js,test#2667,0,0.007497584447,0.004494948313,74,71,101.318708747,63.309131164
semantic-preserving,CodeMark,csn_js,test#2668,0,0.014607150108,0.010276552290,195,183,74.908462090,56.156023441
semantic-preserving,CodeMark,csn_js,test#2669,0,0.008980355226,0.005888684653,99,88,90.710658843,66.916871054
semantic-preserving,CodeMark,csn_js,test#2670,0,0.008519452997,0.005606104620,107,103,79.621056043,54.428200192
semantic-preserving,CodeMark,csn_js,test#2671,0,0.009657495655,0.007283346727,106,99,91.108449577,73.569158864
semantic-preserving,CodeMark,csn_js,test#2672,0,0.023631958291,0.016719981097,285,274,82.919151898,61.021828820
semantic-preserving,CodeMark,csn_js,test#2673,0,0.011281462386,0.007477675565,127,116,88.830412490,64.462720384
semantic-preserving,CodeMark,csn_js,test#2674,0,0.010867588222,0.007819158025,124,115,87.641840500,67.992678479
semantic-preserving,CodeMark,csn_js,test#2675,0,0.007266309112,0.004832187667,63,59,115.338239878,81.901485890
semantic-preserving,CodeMark,csn_js,test#2676,0,0.005239833146,0.003209439106,45,52,116.440736585,61.719982813
semantic-preserving,CodeMark,csn_js,test#2677,0,0.011264685541,0.007754650898,112,134,100.577549477,57.870529092
semantic-preserving,CodeMark,csn_js,test#2678,0,0.012260624208,0.008285957389,138,125,88.845102953,66.287659109
semantic-preserving,CodeMark,csn_js,test#2679,0,0.005531526171,0.003967409953,47,53,117.692046184,74.856791575
semantic-preserving,CodeMark,csn_js,test#2680,0,0.033405934460,0.023972040974,432,396,77.328551992,60.535457004
semantic-preserving,CodeMark,csn_js,test#2681,0,0.016248404048,0.014168294147,217,217,74.877438011,65.291678095
semantic-preserving,CodeMark,csn_js,test#2682,0,0.012890319340,0.009536399506,152,151,84.804732500,63.154963616
semantic-preserving,CodeMark,csn_js,test#2683,0,0.026130553335,0.018512120470,301,276,86.812469551,67.072900255
semantic-preserving,CodeMark,csn_js,test#2684,0,0.027148108929,0.019207735546,346,319,78.462742571,60.212337135
semantic-preserving,CodeMark,csn_js,test#2685,0,0.005045886151,0.003176543862,38,36,132.786477671,88.237329490
semantic-preserving,CodeMark,csn_js,test#2686,0,0.015351857990,0.011765295640,175,164,87.724902800,71.739607559
semantic-preserving,CodeMark,csn_js,test#2687,0,0.008248110302,0.005513923243,80,76,103.101378772,72.551621614
semantic-preserving,CodeMark,csn_js,test#2688,0,0.015803805552,0.013715622947,184,186,85.890247568,73.739908315
semantic-preserving,CodeMark,csn_js,test#2689,0,0.006625071168,0.004567605443,60,62,110.417852799,73.671055537
semantic-preserving,CodeMark,csn_js,test#2690,0,0.012240868062,0.008780808188,149,139,82.153476925,63.171281928
semantic-preserving,CodeMark,csn_js,test#2691,0,0.005794766359,0.003771896474,48,40,120.724299146,94.297411852
semantic-preserving,CodeMark,csn_js,test#2692,0,0.007728530094,0.005261061713,74,67,104.439595865,78.523309151
semantic-preserving,CodeMark,csn_js,test#2693,0,0.016398773529,0.011358615011,189,165,86.765997506,68.840090976
semantic-preserving,CodeMark,csn_js,test#2694,0,0.008655865677,0.005624565296,84,77,103.046019961,73.046302544
semantic-preserving,CodeMark,csn_js,test#2695,0,0.007043479010,0.005404528230,71,73,99.203929725,74.034633294
semantic-preserving,CodeMark,csn_js,test#2696,0,0.006360155530,0.004298147745,52,52,122.310683274,82.656687412
semantic-preserving,CodeMark,csn_js,test#2697,0,0.007856585085,0.005461023189,76,72,103.376119545,75.847544293
semantic-preserving,CodeMark,csn_js,test#2698,0,0.011493282393,0.007767645642,166,151,69.236640919,51.441361869
semantic-preserving,CodeMark,csn_js,test#2699,0,0.007910165004,0.005506729707,88,92,89.888238687,59.855757686
semantic-preserving,CodeMark,csn_js,test#2700,0,0.005106307566,0.003484250978,54,46,94.561251225,75.744586470
semantic-preserving,CodeMark,csn_js,test#2701,0,0.005475791171,0.003423810005,46,43,119.038938504,79.623488493
semantic-preserving,CodeMark,csn_js,test#2702,0,0.016799040139,0.014234569855,212,216,79.240755371,65.900786366
semantic-preserving,CodeMark,csn_js,test#2703,0,0.008533504792,0.006286017597,89,87,95.882076310,72.253075824
semantic-preserving,CodeMark,csn_js,test#2704,0,0.017822197638,0.012763764709,205,181,86.937549456,70.518037068
semantic-preserving,CodeMark,csn_js,test#2705,0,0.007968167774,0.005621389486,89,80,89.529974993,70.267368574
semantic-preserving,CodeMark,csn_js,test#2706,0,0.005461107008,0.003616433591,48,47,113.773062670,76.945395546
semantic-preserving,CodeMark,csn_js,test#2707,0,0.005538259633,0.003899678588,45,53,123.072436286,73.578841281
semantic-preserving,CodeMark,csn_js,test#2708,0,0.033874252811,0.027135470882,461,440,73.479941022,61.671524732
semantic-preserving,CodeMark,csn_js,test#2709,0,0.009616046213,0.008477544412,101,122,95.208378343,69.488068951
semantic-preserving,CodeMark,csn_js,test#2710,0,0.014985309914,0.010623511858,161,142,93.076459092,74.813463791
semantic-preserving,CodeMark,csn_js,test#2711,0,0.013237055391,0.009596187621,124,110,106.750446702,87.238069285
semantic-preserving,CodeMark,csn_js,test#2712,0,0.007207540795,0.004732077941,62,56,116.250657987,84.501391809
semantic-preserving,CodeMark,csn_js,test#2713,0,0.006286972202,0.004593998194,55,60,114.308585497,76.566636562
semantic-preserving,CodeMark,csn_js,test#2714,0,0.010416114703,0.006496068090,97,87,107.382625802,74.667449313
semantic-preserving,CodeMark,csn_js,test#2715,0,0.016099487431,0.011056388728,158,151,101.895490072,73.221117406
semantic-preserving,CodeMark,csn_js,test#2716,0,0.009042148478,0.006344458088,110,91,82.201349803,69.719319651
semantic-preserving,CodeMark,csn_js,test#2717,0,0.009632896632,0.008030876517,111,117,86.782852540,68.639970233
semantic-preserving,CodeMark,csn_js,test#2718,0,0.010099867359,0.008829855360,118,125,85.592096261,70.638842881
semantic-preserving,CodeMark,csn_js,test#2719,0,0.004623123445,0.003338648006,31,34,149.133014342,98.195529598
semantic-preserving,CodeMark,csn_js,test#2720,0,0.005884638987,0.004276941530,49,52,120.094673214,82.248875585
semantic-preserving,CodeMark,csn_js,test#2721,0,0.006714611314,0.004473353736,74,65,90.737990733,68.820826709
semantic-preserving,CodeMark,csn_js,test#2722,0,0.007493374869,0.005201218650,67,69,111.841415959,75.379980431
semantic-preserving,CodeMark,csn_js,test#2723,0,0.007717255503,0.005665159784,72,66,107.184104207,85.835754307
semantic-preserving,CodeMark,csn_js,test#2724,0,0.009134518914,0.006041362882,113,95,80.836450566,63.593293491
semantic-preserving,CodeMark,csn_js,test#2725,0,0.008714303374,0.006140356883,95,90,91.729509203,68.226187593
semantic-preserving,CodeMark,csn_js,test#2726,0,0.009997551329,0.007249465212,112,105,89.263851156,69.042525831
semantic-preserving,CodeMark,csn_js,test#2727,0,0.023587944917,0.016448188573,327,283,72.134388127,58.120807679
semantic-preserving,CodeMark,csn_js,test#2728,0,0.005452365614,0.004264211282,43,48,126.799200337,88.837735044
semantic-preserving,CodeMark,csn_js,test#2729,0,0.007001955993,0.004682723433,63,64,111.142158627,73.167553637
semantic-preserving,CodeMark,csn_js,test#2730,0,0.010294199921,0.007419803180,139,120,74.058992239,61.831693165
semantic-preserving,CodeMark,csn_js,test#2731,0,0.008300593123,0.006251153536,69,85,120.298451056,73.542982778
semantic-preserving,CodeMark,csn_js,test#2732,0,0.005477110855,0.003477500752,40,39,136.927771382,89.166685939
semantic-preserving,CodeMark,csn_js,test#2733,0,0.012819186784,0.009201603010,125,133,102.553494275,69.184985040
semantic-preserving,CodeMark,csn_js,test#2734,0,0.006267364137,0.004145755433,60,53,104.456068948,78.221800614
semantic-preserving,CodeMark,csn_js,test#2735,0,0.011412584223,0.007453013211,129,106,88.469645138,70.311445391
semantic-preserving,CodeMark,csn_js,test#2736,0,0.006908597425,0.004416711628,63,60,109.660276581,73.611860474
semantic-preserving,CodeMark,csn_js,test#2737,0,0.010803056881,0.009352714755,105,121,102.886256008,77.295163261
semantic-preserving,CodeMark,csn_js,test#2738,0,0.009089374915,0.006677547470,86,84,105.690405986,79.494612735
semantic-preserving,CodeMark,csn_js,test#2739,0,0.005315552466,0.003527183086,50,52,106.311049312,67.830443955
semantic-preserving,CodeMark,csn_js,test#2740,0,0.005584008060,0.004046874121,50,55,111.680161208,73.579529470
semantic-preserving,CodeMark,csn_js,test#2741,0,0.005137124099,0.003346783109,42,44,122.312478544,76.063252477
semantic-preserving,CodeMark,csn_js,test#2742,0,0.012058381923,0.007980064489,147,132,82.029808997,60.455034007
semantic-preserving,CodeMark,csn_js,test#2743,0,0.007819560356,0.005112766288,81,74,96.537782178,69.091436327
semantic-preserving,CodeMark,csn_js,test#2744,0,0.007847507484,0.005216837861,74,65,106.047398436,80.259044010
semantic-preserving,CodeMark,csn_js,test#2745,0,0.009735464118,0.007931080647,106,108,91.844001117,73.435931915
semantic-preserving,CodeMark,csn_js,test#2746,0,0.007658742368,0.004816883244,82,72,93.399297173,66.901156161
semantic-preserving,CodeMark,csn_js,test#2747,0,0.021240734495,0.015200736001,283,241,75.055598923,63.073593366
semantic-preserving,CodeMark,csn_js,test#2748,0,0.010138801299,0.007431334816,140,124,72.420009279,59.930119483
semantic-preserving,CodeMark,csn_js,test#2749,0,0.008199248463,0.005534511060,106,82,77.351400594,67.494037311
semantic-preserving,CodeMark,csn_js,test#2750,0,0.006246200763,0.003533124924,69,54,90.524648735,65.428239328
semantic-preserving,CodeMark,csn_js,test#2751,0,0.013392744586,0.011380430311,138,145,97.048873811,78.485726283
semantic-preserving,CodeMark,csn_js,test#2752,0,0.010585879907,0.008688193746,113,125,93.680353159,69.505549967
semantic-preserving,CodeMark,csn_js,test#2753,0,0.005077512935,0.003807734698,34,42,149.338615730,90.660349954
semantic-preserving,CodeMark,csn_js,test#2754,0,0.010936447419,0.007489915006,122,110,89.643011633,68.090136417
semantic-preserving,CodeMark,csn_js,test#2755,0,0.016476693563,0.011278077960,209,192,78.835854369,58.739989375
semantic-preserving,CodeMark,csn_js,test#2756,0,0.008983331732,0.005789231509,100,88,89.833317325,65.786721693
semantic-preserving,CodeMark,csn_js,test#2757,0,0.011681218632,0.009742439725,127,139,91.978099461,70.089494421
semantic-preserving,CodeMark,csn_js,test#2758,0,0.004781133495,0.003279360943,35,33,136.603814151,99.374574016
semantic-preserving,CodeMark,csn_js,test#2759,0,0.007115124725,0.004933750257,72,71,98.821176733,69.489440238
semantic-preserving,CodeMark,csn_js,test#2760,0,0.008817733265,0.006011042744,81,74,108.860904512,81.230307350
semantic-preserving,CodeMark,csn_js,test#2761,0,0.007070479915,0.004791666754,58,65,121.904826113,73.717950055
semantic-preserving,CodeMark,csn_js,test#2762,0,0.010622543283,0.007870865986,115,129,92.369941590,61.014465006
semantic-preserving,CodeMark,csn_js,test#2763,0,0.021330947988,0.015500064008,261,253,81.727770068,61.265075130
semantic-preserving,CodeMark,csn_js,test#2764,0,0.005332529545,0.003653096035,63,59,84.643326108,61.916881951
semantic-preserving,CodeMark,csn_js,test#2765,0,0.006949020550,0.004631554708,84,79,82.726435115,58.627274783
semantic-preserving,CodeMark,csn_js,test#2766,0,0.013567194343,0.010132153518,164,152,82.726794772,66.658904727
semantic-preserving,CodeMark,csn_js,test#2767,0,0.004701515660,0.003192830831,39,37,120.551683582,86.292725157
semantic-preserving,CodeMark,csn_js,test#2768,0,0.038800524548,0.026848926209,450,413,86.223387884,65.009506559
semantic-preserving,CodeMark,csn_js,test#2769,0,0.016475144774,0.013394846581,212,222,77.712947046,60.337146761
semantic-preserving,CodeMark,csn_js,test#2770,0,0.015592263080,0.010427925736,194,165,80.372490104,63.199549913
semantic-preserving,CodeMark,csn_js,test#2771,0,0.015197488479,0.010644620284,168,147,90.461240948,72.412382887
semantic-preserving,CodeMark,csn_js,test#2772,0,0.004531566985,0.003125258721,33,31,137.320211665,100.814797465
semantic-preserving,CodeMark,csn_js,test#2773,0,0.008155425079,0.005482426845,66,56,123.567046654,97.900479367
semantic-preserving,CodeMark,csn_js,test#2774,0,0.008851918392,0.005330944434,86,81,102.929283627,65.814128812
semantic-preserving,CodeMark,csn_js,test#2775,0,0.009708262980,0.006535136141,101,92,96.121415643,71.034088488
semantic-preserving,CodeMark,csn_js,test#2776,0,0.011961133219,0.008411292918,116,120,103.113217408,70.094107650
semantic-preserving,CodeMark,csn_js,test#2777,0,0.008903660811,0.005988367833,79,80,112.704567234,74.854597915
semantic-preserving,CodeMark,csn_js,test#2778,0,0.012105593458,0.008558755741,120,116,100.879945482,73.782377073
semantic-preserving,CodeMark,csn_js,test#2779,0,0.005654346198,0.003513063304,41,39,137.910882874,90.078546260
semantic-preserving,CodeMark,csn_js,test#2780,0,0.015018390492,0.010060182773,210,182,71.516145198,55.275729520
semantic-preserving,CodeMark,csn_js,test#2781,0,0.004899283871,0.003153168596,46,51,106.506171110,61.826835222
semantic-preserving,CodeMark,csn_js,test#2782,0,0.019431157969,0.013816772960,271,228,71.701689922,60.599881404
semantic-preserving,CodeMark,csn_js,test#2783,0,0.006753866561,0.004507309757,76,64,88.866665273,70.426714956
semantic-preserving,CodeMark,csn_js,test#2784,0,0.005728162825,0.003605134785,45,42,127.292507225,85.836542504
semantic-preserving,CodeMark,csn_js,test#2785,0,0.022410254925,0.016995034181,343,297,65.336020191,57.222337308
semantic-preserving,CodeMark,csn_js,test#2786,0,0.017280506901,0.012611744925,225,190,76.802252895,66.377604870
semantic-preserving,CodeMark,csn_js,test#2787,0,0.008084993809,0.005534133874,106,93,76.273526504,59.506815848
semantic-preserving,CodeMark,csn_js,test#2788,0,0.004442195408,0.002847308293,47,39,94.514795916,73.007904948
semantic-preserving,CodeMark,csn_js,test#2789,0,0.008026736788,0.005387301557,92,75,87.247139005,71.830687424
semantic-preserving,CodeMark,csn_js,test#2790,0,0.005018539727,0.003747970797,46,51,109.098689712,73.489623473
semantic-preserving,CodeMark,csn_js,test#2791,0,0.006537061185,0.004246635363,56,58,116.733235440,73.217851078
semantic-preserving,CodeMark,csn_js,test#2792,0,0.007546746172,0.006106177345,75,84,100.623282293,72.692587440
semantic-preserving,CodeMark,csn_js,test#2793,0,0.011246656999,0.007819700055,142,135,79.201809852,57.923704110
semantic-preserving,CodeMark,csn_js,test#2794,0,0.007927815430,0.005496939644,70,74,113.254506141,74.282968165
semantic-preserving,CodeMark,csn_js,test#2795,0,0.039676373824,0.028447871096,534,475,74.300325514,59.890254940
semantic-preserving,CodeMark,csn_js,test#2796,0,0.010719930753,0.007283451967,117,106,91.623339770,68.711811009
semantic-preserving,CodeMark,csn_js,test#2797,0,0.009807775728,0.007370586507,99,102,99.068441701,72.260652030
semantic-preserving,CodeMark,csn_js,test#2798,0,0.008497997187,0.005447824486,94,94,90.404225394,57.955579634
semantic-preserving,CodeMark,csn_js,test#2799,0,0.005355782807,0.003671552986,42,46,127.518638259,79.816369259
semantic-preserving,CodeMark,csn_js,test#2800,0,0.006309489720,0.004480264150,62,59,101.765963219,75.936680502
semantic-preserving,CodeMark,csn_js,test#2801,0,0.006316783838,0.004305666313,63,64,100.266410127,67.276036134
semantic-preserving,CodeMark,csn_js,test#2802,0,0.006389349699,0.004097609781,57,55,112.093854369,74.501996013
semantic-preserving,CodeMark,csn_js,test#2803,0,0.007257825695,0.005449540913,73,71,99.422269794,76.754097368
semantic-preserving,CodeMark,csn_js,test#2804,0,0.005664671771,0.003260314465,46,44,123.145038505,74.098056013
semantic-preserving,CodeMark,csn_js,test#2805,0,0.010104746558,0.006748542190,95,94,106.365753240,71.793002017
semantic-preserving,CodeMark,csn_js,test#2806,0,0.011558348313,0.007696286775,123,124,93.970311488,62.066828832
semantic-preserving,CodeMark,csn_js,test#2807,0,0.008773652837,0.006619342603,99,91,88.622755926,72.740028602
semantic-preserving,CodeMark,csn_js,test#2808,0,0.009513769299,0.006668254733,95,96,100.144939987,69.460986803
semantic-preserving,CodeMark,csn_js,test#2809,0,0.007923107594,0.005500334315,79,73,100.292501193,75.347045411
semantic-preserving,CodeMark,csn_js,test#2810,0,0.005192515440,0.003398351371,48,47,108.177405006,72.305348325
semantic-preserving,CodeMark,csn_js,test#2811,0,0.007054947317,0.006207021885,67,73,105.297721144,85.027697050
semantic-preserving,CodeMark,csn_js,test#2812,0,0.009232212789,0.006808447652,88,75,104.911508970,90.779302021
semantic-preserving,CodeMark,csn_js,test#2813,0,0.009914461523,0.006482262164,104,94,95.331360801,68.960235791
semantic-preserving,CodeMark,csn_js,test#2814,0,0.007790480740,0.005616986193,86,77,90.586985353,72.947872633
semantic-preserving,CodeMark,csn_js,test#2815,0,0.009305753745,0.006919937208,99,106,93.997512577,65.282426493
semantic-preserving,CodeMark,csn_js,test#2816,0,0.007614392787,0.004758567549,70,68,108.777039817,69.978934548
semantic-preserving,CodeMark,csn_js,test#2817,0,0.008993094787,0.006689200178,106,92,84.840516859,72.708697585
semantic-preserving,CodeMark,csn_js,test#2818,0,0.006358977407,0.004864898510,54,60,117.758840874,81.081641838
semantic-preserving,CodeMark,csn_js,test#2819,0,0.015289659612,0.011958792806,178,170,85.896964112,70.345840033
semantic-preserving,CodeMark,csn_js,test#2820,0,0.007780233398,0.005433151498,80,77,97.252917476,70.560409071
semantic-preserving,CodeMark,csn_js,test#2821,0,0.010747593828,0.006822784431,116,107,92.651670927,63.764340479
semantic-preserving,CodeMark,csn_js,test#2822,0,0.016504210420,0.011555018835,220,203,75.019138273,56.921275048
semantic-preserving,CodeMark,csn_js,test#2823,0,0.007389252074,0.004796378314,78,73,94.734000950,65.703812527
semantic-preserving,CodeMark,csn_js,test#2824,0,0.006014781073,0.003968685865,55,60,109.359655868,66.144764423
semantic-preserving,CodeMark,csn_js,test#2825,0,0.011792900041,0.009647165425,144,170,81.895139172,56.748031912
semantic-preserving,CodeMark,csn_js,test#2826,0,0.004926343448,0.002985120751,42,34,117.293891630,87.797669146
semantic-preserving,CodeMark,csn_js,test#2827,0,0.006063256413,0.003970191814,65,57,93.280867888,69.652487965
semantic-preserving,CodeMark,csn_js,test#2828,0,0.008824242279,0.005638204515,96,84,91.919190406,67.121482321
semantic-preserving,CodeMark,csn_js,test#2829,0,0.005500427447,0.003796139732,59,54,93.227583852,70.298883926
semantic-preserving,CodeMark,csn_js,test#2830,0,0.008331780322,0.005896249786,88,83,94.679321840,71.039154048
semantic-preserving,CodeMark,csn_js,test#2831,0,0.007659855299,0.005515769124,88,79,87.043810212,69.819862330
semantic-preserving,CodeMark,csn_js,test#2832,0,0.004900236614,0.003261256963,40,40,122.505915351,81.531424075
semantic-preserving,CodeMark,csn_js,test#2833,0,0.006074131466,0.004422650672,81,70,74.989277364,63.180723893
semantic-preserving,CodeMark,csn_js,test#2834,0,0.007751825266,0.005323110148,82,79,94.534454458,67.381141118
semantic-preserving,CodeMark,csn_js,test#2835,0,0.004390993156,0.003170756623,37,48,118.675490690,66.057429649
semantic-preserving,CodeMark,csn_js,test#2836,0,0.004759598523,0.003257019445,57,49,83.501728480,66.469784598
semantic-preserving,CodeMark,csn_js,test#2837,0,0.005621511489,0.003883183934,58,51,96.922611882,76.140861447
semantic-preserving,CodeMark,csn_js,test#2838,0,0.005313576199,0.003318044357,51,45,104.187768610,73.734319044
semantic-preserving,CodeMark,csn_js,test#2839,0,0.009066502564,0.006944604218,97,101,93.469098594,68.758457604
semantic-preserving,CodeMark,csn_js,test#2840,0,0.012532596476,0.009450047277,170,157,73.721155743,60.191383929
semantic-preserving,CodeMark,csn_js,test#2841,0,0.004995238036,0.003268158995,48,50,104.067459082,65.363179892
semantic-preserving,CodeMark,csn_js,test#2842,0,0.008612873964,0.006785635836,87,95,98.998551310,71.427745647
semantic-preserving,CodeMark,csn_js,test#2843,0,0.007047029212,0.005047391169,69,69,102.130858147,73.150596649
semantic-preserving,CodeMark,csn_js,test#2844,0,0.006850077771,0.004542164505,67,64,102.239966726,70.971320383
semantic-preserving,CodeMark,csn_js,test#2845,0,0.006419462152,0.004876132123,52,52,123.451195227,93.771771599
semantic-preserving,CodeMark,csn_js,test#2846,0,0.006261578761,0.003807500005,46,42,136.121277414,90.654762018
semantic-preserving,CodeMark,csn_js,test#2847,0,0.009249648079,0.006114592776,90,86,102.773867548,71.099915997
semantic-preserving,CodeMark,csn_js,test#2848,0,0.012438948266,0.009651664644,184,173,67.602979708,55.789969043
semantic-preserving,CodeMark,csn_js,test#2849,0,0.009262963198,0.006728549488,97,91,95.494465960,73.940104263
semantic-preserving,CodeMark,csn_js,test#2850,0,0.006923263893,0.005092419684,77,68,89.912518085,74.888524764
semantic-preserving,CodeMark,csn_js,test#2851,0,0.011935367249,0.008281398565,127,122,93.979269677,67.880316103
semantic-preserving,CodeMark,csn_js,test#2852,0,0.006747840904,0.004419111647,71,67,95.040012728,65.956890249
semantic-preserving,CodeMark,csn_js,test#2853,0,0.006935780868,0.004682957195,50,54,138.715617359,86.721429532
semantic-preserving,CodeMark,csn_js,test#2854,0,0.006686495617,0.003973540850,58,57,115.284407190,69.711242982
semantic-preserving,CodeMark,csn_js,test#2855,0,0.020563773811,0.015846703202,284,278,72.407654264,57.002529502
semantic-preserving,CodeMark,csn_js,test#2856,0,0.011551086791,0.008271438070,158,134,73.108144246,61.727149773
semantic-preserving,CodeMark,csn_js,test#2857,0,0.016182245687,0.011534038931,170,158,95.189680510,73.000246400
semantic-preserving,CodeMark,csn_js,test#2858,0,0.028592278250,0.022795330733,352,333,81.228063209,68.454446646
semantic-preserving,CodeMark,csn_js,test#2859,0,0.011427772231,0.008496615104,144,134,79.359529385,63.407575406
semantic-preserving,CodeMark,csn_js,test#2860,0,0.006034475751,0.004018155858,51,48,118.323053946,83.711580373
semantic-preserving,CodeMark,csn_js,test#2861,0,0.006292505190,0.004406371154,65,61,96.807772150,72.235592687
semantic-preserving,CodeMark,csn_js,test#2862,0,0.007309838198,0.005003826693,74,73,98.781597272,68.545571133
semantic-preserving,CodeMark,csn_js,test#2863,0,0.012566591613,0.010312823579,161,169,78.053364056,61.022624726
semantic-preserving,CodeMark,csn_js,test#2864,0,0.010110002942,0.007273112424,124,118,81.532281793,61.636545964
semantic-preserving,CodeMark,csn_js,test#2865,0,0.020729717799,0.015651641414,392,351,52.881933160,44.591570979
semantic-preserving,CodeMark,csn_js,test#2866,0,0.018186849542,0.013723765500,293,252,62.071158846,54.459386904
semantic-preserving,CodeMark,csn_js,test#2867,0,0.037625096738,0.026837022044,481,441,78.222654342,60.854925269
semantic-preserving,CodeMark,csn_js,test#2868,0,0.026484972797,0.020674402826,391,366,67.736503318,56.487439414
semantic-preserving,CodeMark,csn_js,test#2869,0,0.004768354818,0.003301361576,43,44,110.891972517,75.030944903
semantic-preserving,CodeMark,csn_js,test#2870,0,0.005907865241,0.003708260134,60,54,98.464420686,68.671483960
semantic-preserving,CodeMark,csn_js,test#2871,0,0.004639301449,0.002791752107,38,37,122.086880238,75.452759661
semantic-preserving,CodeMark,csn_js,test#2872,0,0.023428628221,0.022358778864,368,416,63.664750601,53.747064577
semantic-preserving,CodeMark,csn_js,test#2873,0,0.011502102017,0.007309372537,137,126,83.956949032,58.010893150
semantic-preserving,CodeMark,csn_js,test#2874,0,0.005596755072,0.003651515581,53,45,105.599152311,81.144790683
semantic-preserving,CodeMark,csn_js,test#2875,0,0.005470918491,0.003695278428,52,54,105.209970990,68.431082009
semantic-preserving,CodeMark,csn_js,test#2876,0,0.004357226193,0.002641739324,29,31,150.249179067,85.217397540
semantic-preserving,CodeMark,csn_js,test#2877,0,0.004865759984,0.003314391710,33,32,147.447272232,103.574740933
semantic-preserving,CodeMark,csn_js,test#2878,0,0.009741360322,0.006211127155,103,94,94.576313802,66.075820793
semantic-preserving,CodeMark,csn_js,test#2879,0,0.009822741151,0.006603771821,106,93,92.667369348,71.008299147
semantic-preserving,CodeMark,csn_js,test#2880,0,0.007518916391,0.004973773845,78,70,96.396363985,71.053912065
semantic-preserving,CodeMark,csn_js,test#2881,0,0.020112395287,0.014662305824,215,207,93.546024589,70.832395287
semantic-preserving,CodeMark,csn_js,test#2882,0,0.006846916862,0.004601117224,59,55,116.049438336,83.656676791
semantic-preserving,CodeMark,csn_js,test#2883,0,0.010997116566,0.007599060424,112,105,98.188540765,72.372004035
semantic-preserving,CodeMark,csn_js,test#2884,0,0.006995946169,0.004348299466,70,63,99.942088127,69.020626446
semantic-preserving,CodeMark,csn_js,test#2885,0,0.007514336146,0.005914829671,71,85,105.835720372,69.586231428
semantic-preserving,CodeMark,csn_js,test#2886,0,0.006285282783,0.004326319322,65,61,96.696658203,70.923267574
semantic-preserving,CodeMark,csn_js,test#2887,0,0.007237342186,0.005729611032,64,72,113.083471661,79.577930996
semantic-preserving,CodeMark,csn_js,test#2888,0,0.007914244197,0.004897393286,66,69,119.912790868,70.976714293
semantic-preserving,CodeMark,csn_js,test#2889,0,0.005789579824,0.003715566359,52,49,111.338073531,75.827884887
semantic-preserving,CodeMark,csn_js,test#2890,0,0.005414388143,0.003851744346,49,47,110.497717194,81.952007369
semantic-preserving,CodeMark,csn_js,test#2891,0,0.007686603814,0.005412510596,77,68,99.826023563,79.595744062
semantic-preserving,CodeMark,csn_js,test#2892,0,0.006045654416,0.003777402453,57,55,106.064112563,68.680044602
semantic-preserving,CodeMark,csn_js,test#2893,0,0.005097712390,0.003326520324,47,43,108.461965747,77.360937762
semantic-preserving,CodeMark,csn_js,test#2894,0,0.005184188485,0.003378781490,50,46,103.683769703,73.451771522
semantic-preserving,CodeMark,csn_js,test#2895,0,0.005622911267,0.003741489723,57,54,98.647566087,69.286846728
semantic-preserving,CodeMark,csn_js,test#2896,0,0.014510914683,0.013592399657,171,184,84.859150195,73.871737265
semantic-preserving,CodeMark,csn_js,test#2897,0,0.006281189620,0.004195968620,56,51,112.164100366,82.273894519
semantic-preserving,CodeMark,csn_js,test#2898,0,0.038201317191,0.026211961173,545,491,70.094159984,53.384849639
semantic-preserving,CodeMark,csn_js,test#2899,0,0.009513034485,0.007143675350,130,122,73.177188348,58.554715981
semantic-preserving,CodeMark,csn_js,test#2900,0,0.006882369518,0.004512825049,58,55,118.661543419,82.051364536
semantic-preserving,CodeMark,csn_js,test#2901,0,0.004356051795,0.002521734685,36,31,121.001438755,81.346280152
semantic-preserving,CodeMark,csn_js,test#2902,0,0.014299680479,0.011720321141,159,160,89.935097351,73.252007132
semantic-preserving,CodeMark,csn_js,test#2903,0,0.015360319987,0.011946933344,225,222,68.268088831,53.815015063
semantic-preserving,CodeMark,csn_js,test#2904,0,0.014237697236,0.010759798810,171,168,83.261387346,64.046421487
semantic-preserving,CodeMark,csn_js,test#2905,0,0.017432919703,0.012256689370,212,192,82.230753318,63.836923800
semantic-preserving,CodeMark,csn_js,test#2906,0,0.014268090017,0.009658040479,155,140,92.052193659,68.986003420
semantic-preserving,CodeMark,csn_js,test#2907,0,0.008468728513,0.005656844936,75,74,112.916380167,76.443850491
semantic-preserving,CodeMark,csn_js,test#2908,0,0.016306351870,0.013389742933,205,194,79.543179855,69.019293470
semantic-preserving,CodeMark,csn_js,test#2909,0,0.004320984706,0.002750193700,36,32,120.027352952,85.943553131
semantic-preserving,CodeMark,csn_js,test#2910,0,0.025105668232,0.021208242513,318,307,78.948642239,69.082223170
semantic-preserving,CodeMark,csn_js,test#2911,0,0.019471326843,0.014254127629,238,216,81.812297659,65.991331616
semantic-preserving,CodeMark,csn_js,test#2912,0,0.011071818881,0.007859484293,106,122,104.451121516,64.422002398
semantic-preserving,CodeMark,csn_js,test#2913,0,0.006813000888,0.005471979268,57,65,119.526331362,84.184296429
semantic-preserving,CodeMark,csn_js,test#2914,0,0.004906049930,0.003037929535,39,37,125.796152040,82.106203646
semantic-preserving,CodeMark,csn_js,test#2915,0,0.004717869684,0.003223212436,42,44,112.330230574,73.254828087
semantic-preserving,CodeMark,csn_js,test#2916,0,0.006220914423,0.004173602909,62,61,100.337329411,68.419719817
semantic-preserving,CodeMark,csn_js,test#2917,0,0.004552667961,0.003470288590,35,47,130.076227444,73.835927438
semantic-preserving,CodeMark,csn_js,test#2918,0,0.007821608335,0.005705791526,74,73,105.697409929,78.161527747
semantic-preserving,CodeMark,csn_js,test#2919,0,0.007811005227,0.005938304588,80,90,97.637565341,65.981162091
semantic-preserving,CodeMark,csn_js,test#2920,0,0.005126346834,0.003474643454,39,46,131.444790615,75.535727260
semantic-preserving,CodeMark,csn_js,test#2921,0,0.009046375751,0.005850672722,128,108,70.674810559,54.172895573
semantic-preserving,CodeMark,csn_js,test#2922,0,0.008436256088,0.005950951017,87,83,96.968460785,71.698205029
semantic-preserving,CodeMark,csn_js,test#2923,0,0.035031149164,0.027774214745,550,563,63.692998480,49.332530630
semantic-preserving,CodeMark,csn_js,test#2924,0,0.019787942991,0.014082889073,247,224,80.113129517,62.870040503
semantic-preserving,CodeMark,csn_js,test#2925,0,0.012768933550,0.010386777110,133,147,96.007019169,70.658347690
semantic-preserving,CodeMark,csn_js,test#2926,0,0.011370099150,0.007847765461,111,113,102.433325672,69.449251864
semantic-preserving,CodeMark,csn_js,test#2927,0,0.022262815386,0.016014656052,271,237,82.150610281,67.572388405
semantic-preserving,CodeMark,csn_js,test#2928,0,0.004477703013,0.003123150207,27,33,165.840852316,94.640915367
semantic-preserving,CodeMark,csn_js,test#2929,0,0.013907390647,0.009620401077,159,155,87.467865702,62.067103722
semantic-preserving,CodeMark,csn_js,test#2930,0,0.005227804184,0.003324883059,41,36,127.507419121,92.357862741
semantic-preserving,CodeMark,csn_js,test#2931,0,0.009657440707,0.007244698703,118,114,81.842717857,63.549988625
semantic-preserving,CodeMark,csn_js,test#2932,0,0.005438095890,0.003792900592,52,50,104.578767115,75.858011842
semantic-preserving,CodeMark,csn_js,test#2933,0,0.020701451227,0.014466842636,247,237,83.811543429,61.041530112
semantic-preserving,CodeMark,csn_js,test#2934,0,0.006355874240,0.004527471960,63,65,100.886892705,69.653414763
semantic-preserving,CodeMark,csn_js,test#2935,0,0.005270103924,0.003667565994,60,43,87.835065400,85.292232418
semantic-preserving,CodeMark,csn_js,test#2936,0,0.010504689068,0.006971768104,94,83,111.752011357,83.997206067
semantic-preserving,CodeMark,csn_js,test#2937,0,0.011469258927,0.007752044126,148,148,77.494992749,52.378676530
semantic-preserving,CodeMark,csn_js,test#2938,0,0.006056340411,0.003947879188,53,54,114.270573798,73.108873847
semantic-preserving,CodeMark,csn_js,test#2939,0,0.019312703982,0.013898953795,259,228,74.566424641,60.960323664
semantic-preserving,CodeMark,csn_js,test#2940,0,0.004393979907,0.002956260927,32,35,137.311872095,84.464597915
semantic-preserving,CodeMark,csn_js,test#2941,0,0.008090354502,0.006100519560,94,92,86.067601087,66.309995220
semantic-preserving,CodeMark,csn_js,test#2942,0,0.004869967699,0.003136391751,43,42,113.255062769,74.675994083
semantic-preserving,CodeMark,csn_js,test#2943,0,0.021168410778,0.015461180359,228,215,92.843906921,71.912466787
semantic-preserving,CodeMark,csn_js,test#2944,0,0.007446015254,0.005002587102,68,64,109.500224319,78.165423474
semantic-preserving,CodeMark,csn_js,test#2945,0,0.005602334626,0.004443321377,52,56,107.737204347,79.345024590
semantic-preserving,CodeMark,csn_js,test#2946,0,0.005535913631,0.003687633201,45,45,123.020302918,81.947404477
semantic-preserving,CodeMark,csn_js,test#2947,0,0.021887353621,0.020272392780,253,278,86.511279136,72.922276186
semantic-preserving,CodeMark,csn_js,test#2948,0,0.037882625125,0.027469892986,482,487,78.594657936,56.406351101
semantic-preserving,CodeMark,csn_js,test#2949,0,0.005466971546,0.003509346396,54,47,101.240213822,74.666944590
semantic-preserving,CodeMark,csn_js,test#2950,0,0.011434811167,0.007976180874,154,143,74.252020568,55.777488628
semantic-preserving,CodeMark,csn_js,test#2951,0,0.010893082246,0.006814801134,125,107,87.144657969,63.689730226
semantic-preserving,CodeMark,csn_js,test#2952,0,0.007146822289,0.004561281763,72,78,99.261420675,58.477971321
semantic-preserving,CodeMark,csn_js,test#2953,0,0.011260202155,0.007632425055,110,109,102.365474132,70.022248210
semantic-preserving,CodeMark,csn_js,test#2954,0,0.007757210173,0.005465065129,79,71,98.192533832,76.972748297
semantic-preserving,CodeMark,csn_js,test#2955,0,0.010698121041,0.007610341534,127,124,84.237173552,61.373722049
semantic-preserving,CodeMark,csn_js,test#2956,0,0.015225367621,0.010460041463,196,173,77.680447044,60.462667418
semantic-preserving,CodeMark,csn_js,test#2957,0,0.011577751487,0.008534206077,135,126,85.761122130,67.731794266
semantic-preserving,CodeMark,csn_js,test#2958,0,0.012590521947,0.010551584885,146,163,86.236451689,64.733649598
semantic-preserving,CodeMark,csn_js,test#2959,0,0.006613936275,0.004292652011,64,67,103.342754301,64.069432999
semantic-preserving,CodeMark,csn_js,test#2960,0,0.007755065337,0.006125099957,80,76,96.938316710,80.593420487
semantic-preserving,CodeMark,csn_js,test#2961,0,0.009377975017,0.006773788482,95,109,98.715526493,62.144848458
semantic-preserving,CodeMark,csn_js,test#2962,0,0.014853131957,0.010276536457,188,161,79.006021050,63.829418989
semantic-preserving,CodeMark,csn_js,test#2963,0,0.005222469568,0.003568334505,47,47,111.116373793,75.922010744
semantic-preserving,CodeMark,csn_js,test#2964,0,0.016386269592,0.011519799940,198,168,82.758937332,68.570237740
semantic-preserving,CodeMark,csn_js,test#2965,0,0.009389853105,0.006460813805,106,111,88.583519858,58.205529779
semantic-preserving,CodeMark,csn_js,test#2966,0,0.022524649277,0.014627441764,278,241,81.023918264,60.694779103
semantic-preserving,CodeMark,csn_js,test#2967,0,0.008510409854,0.005951536819,72,76,118.200136866,78.309694991
semantic-preserving,CodeMark,csn_js,test#2968,0,0.007411193103,0.005102778785,69,72,107.408595690,70.871927568
semantic-preserving,CodeMark,csn_js,test#2969,0,0.008279255591,0.005283104256,95,81,87.150058856,65.223509331
semantic-preserving,CodeMark,csn_js,test#2970,0,0.025354319252,0.018142074347,360,314,70.428664589,57.777306836
semantic-preserving,CodeMark,csn_js,test#2971,0,0.004268797114,0.002924878150,28,32,152.457039803,91.402442195
semantic-preserving,CodeMark,csn_js,test#2972,0,0.008177655749,0.006599584594,73,86,112.022681493,76.739355748
semantic-preserving,CodeMark,csn_js,test#2973,0,0.004165864550,0.002616474405,33,31,126.238319684,84.402400159
semantic-preserving,CodeMark,csn_js,test#2974,0,0.007280402817,0.004914871417,64,59,113.756294013,83.302905373
semantic-preserving,CodeMark,csn_js,test#2975,0,0.006075555459,0.005102082156,57,72,106.588692257,70.862252162
semantic-preserving,CodeMark,csn_js,test#2976,0,0.005837205797,0.003724538721,54,48,108.096403656,77.594556691
semantic-preserving,CodeMark,csn_js,test#2977,0,0.009595605545,0.007117904723,93,103,103.178554245,69.105871094
semantic-preserving,CodeMark,csn_js,test#2978,0,0.015184721909,0.011299987324,166,154,91.474228370,73.376541062
semantic-preserving,CodeMark,csn_js,test#2979,0,0.008456730284,0.005811422132,81,82,104.404077578,70.871001609
semantic-preserving,CodeMark,csn_js,test#2980,0,0.009205043316,0.006199806929,98,97,93.929013427,63.915535347
semantic-preserving,CodeMark,csn_js,test#2981,0,0.006096343510,0.004564118572,59,51,103.327856099,89.492521011
semantic-preserving,CodeMark,csn_js,test#2982,0,0.005212866701,0.003225150518,45,46,115.841482249,70.111967785
semantic-preserving,CodeMark,csn_js,test#2983,0,0.036605937406,0.026156739332,531,453,68.937735229,57.741146428
semantic-preserving,CodeMark,csn_js,test#2984,0,0.030233866535,0.023938041180,415,375,72.852690446,63.834776481
semantic-preserving,CodeMark,csn_js,test#2985,0,0.005306861363,0.003282409161,44,41,120.610485531,80.058760032
semantic-preserving,CodeMark,csn_js,test#2986,0,0.006851765327,0.004422239959,58,62,118.133884951,71.326450955
semantic-preserving,CodeMark,csn_js,test#2987,0,0.004706208594,0.002908940427,35,41,134.463102690,70.949766512
semantic-preserving,CodeMark,csn_js,test#2988,0,0.005324872211,0.003355057910,43,37,123.834237456,90.677240813
semantic-preserving,CodeMark,csn_js,test#2989,0,0.004993146285,0.003482964821,44,42,113.480597396,82.927733837
semantic-preserving,CodeMark,csn_js,test#2990,0,0.005345230922,0.003991432488,47,47,113.728317492,84.924095489
semantic-preserving,CodeMark,csn_js,test#2991,0,0.006109382957,0.003940761089,49,45,124.681284841,87.572468652
semantic-preserving,CodeMark,csn_js,test#2992,0,0.007724620402,0.005440093577,76,87,101.639742130,62.529811229
semantic-preserving,CodeMark,csn_js,test#2993,0,0.030941627920,0.020691099577,374,330,82.731625454,62.700301747
semantic-preserving,CodeMark,csn_js,test#2994,0,0.004546095617,0.003087063320,30,34,151.536520571,90.795979999
semantic-preserving,CodeMark,csn_js,test#2995,0,0.007484869100,0.005253133364,69,73,108.476363770,71.960731014
semantic-preserving,CodeMark,csn_js,test#2996,0,0.006894353777,0.004407644272,70,64,98.490768245,68.869441748
semantic-preserving,CodeMark,csn_js,test#2997,0,0.007233732380,0.005181008019,78,69,92.740158718,75.087072733
semantic-preserving,CodeMark,csn_js,test#2998,0,0.006529019214,0.005110617727,56,70,116.589628825,73.008824672
semantic-preserving,CodeMark,csn_js,test#2999,0,0.006877631880,0.004589669406,66,65,104.206543642,70.610298560
semantic-preserving,CodeMark,csn_js,test#3000,0,0.006387323141,0.003991844133,46,48,138.854850893,83.163419428
semantic-preserving,CodeMark,csn_js,test#3001,0,0.011491850950,0.008081921376,149,146,77.126516442,55.355625865
semantic-preserving,CodeMark,csn_js,test#3002,0,0.023324357346,0.020238032565,319,340,73.117107667,59.523625190
semantic-preserving,CodeMark,csn_js,test#3003,0,0.008134341799,0.005343950354,74,68,109.923537821,78.587505199
semantic-preserving,CodeMark,csn_js,test#3004,0,0.019459848292,0.013175618835,244,217,79.753476607,60.717137488
semantic-preserving,CodeMark,csn_js,test#3005,0,0.009626976214,0.006746125408,100,100,96.269762143,67.461254075
semantic-preserving,CodeMark,csn_js,test#3006,0,0.024549248628,0.020035573281,336,316,73.063239965,63.403712916
semantic-preserving,CodeMark,csn_js,test#3007,0,0.020286086015,0.016296197660,285,271,71.179249177,60.133570702
semantic-preserving,CodeMark,csn_js,test#3008,0,0.006445808336,0.005213784054,69,80,93.417512118,65.172300674
semantic-preserving,CodeMark,csn_js,test#3009,0,0.013558357023,0.009404614568,155,137,87.473271114,68.646821662
semantic-preserving,CodeMark,csn_js,test#3010,0,0.035473463126,0.026416899636,523,495,67.826889341,53.367474013
semantic-preserving,CodeMark,csn_js,test#3011,0,0.022102646530,0.019930076785,322,305,68.641759409,65.344514050
semantic-preserving,CodeMark,csn_js,test#3012,0,0.012304830365,0.007891163230,136,114,90.476693859,69.220730087
semantic-preserving,CodeMark,csn_js,test#3013,0,0.011661337689,0.008889180608,130,123,89.702597604,72.269761041
semantic-preserving,CodeMark,csn_js,test#3014,0,0.006729330868,0.004138376564,65,61,103.528167193,67.842238751
semantic-preserving,CodeMark,csn_js,test#3015,0,0.012556877919,0.009015285410,171,154,73.432034611,58.540814351
semantic-preserving,CodeMark,csn_js,test#3016,0,0.009984785691,0.007263320498,122,116,81.842505663,62.614831881
semantic-preserving,CodeMark,csn_js,test#3017,0,0.006698154844,0.004754110239,79,69,84.786770182,68.900148398
semantic-preserving,CodeMark,csn_js,test#3018,0,0.014420676045,0.009638742544,174,162,82.877448535,59.498410764
semantic-preserving,CodeMark,csn_js,test#3019,0,0.011540436186,0.007981454954,138,123,83.626349173,64.889877671
semantic-preserving,CodeMark,csn_js,test#3020,0,0.012136021629,0.008773153648,134,121,90.567325589,72.505402048
semantic-preserving,CodeMark,csn_js,test#3021,0,0.008244536817,0.005422369577,85,76,96.994550789,71.346968118
semantic-preserving,CodeMark,csn_js,test#3022,0,0.005652596243,0.003565667197,49,44,115.359106994,81.037890843
semantic-preserving,CodeMark,csn_js,test#3023,0,0.006754085422,0.004586858675,56,53,120.608668242,86.544503300
semantic-preserving,CodeMark,csn_js,test#3024,0,0.009738340043,0.006502809003,108,101,90.169815209,64.384247554
semantic-preserving,CodeMark,csn_js,test#3025,0,0.006592939608,0.004001542926,62,54,106.337735610,74.102646775
semantic-preserving,CodeMark,csn_js,test#3026,0,0.006606554613,0.004349030554,53,56,124.651973821,77.661259898
semantic-preserving,CodeMark,csn_js,test#3027,0,0.010919714347,0.008718139492,178,191,61.346709812,45.644709382
semantic-preserving,CodeMark,csn_js,test#3028,0,0.004165580496,0.002696732059,29,29,143.640706765,92.990760659
semantic-preserving,CodeMark,csn_js,test#3029,0,0.010413710028,0.007302733138,111,97,93.817207459,75.285908641
semantic-preserving,CodeMark,csn_js,test#3030,0,0.005884212442,0.003895429894,43,43,136.842149808,90.591392891
semantic-preserving,CodeMark,csn_js,test#3031,0,0.006991305389,0.004444699734,73,67,95.771306692,66.338802007
semantic-preserving,CodeMark,csn_js,test#3032,0,0.042124347761,0.027223397046,860,704,48.981799722,38.669598077
semantic-preserving,CodeMark,csn_js,test#3033,0,0.005426957272,0.003610436805,46,50,117.977332000,72.208736092
semantic-preserving,CodeMark,csn_js,test#3034,0,0.015381000936,0.010976666585,191,176,80.528800712,62.367423776
semantic-preserving,CodeMark,csn_js,test#3035,0,0.019349530339,0.013667296618,244,214,79.301353849,63.865872048
semantic-preserving,CodeMark,csn_js,test#3036,0,0.004823663272,0.003267784603,44,44,109.628710726,74.267831885
semantic-preserving,CodeMark,csn_js,test#3037,0,0.009369237348,0.007641477510,88,80,106.468606232,95.518468879
semantic-preserving,CodeMark,csn_js,test#3038,0,0.030856090598,0.026988807134,397,392,77.723150120,68.848997792
semantic-preserving,CodeMark,csn_js,test#3039,0,0.005028845742,0.003166747279,41,38,122.654774204,83.335454723
semantic-preserving,CodeMark,csn_js,test#3040,0,0.005298081785,0.003698579967,46,44,115.175690988,84.058635614
semantic-preserving,CodeMark,csn_js,test#3041,0,0.017211289145,0.011736041866,201,183,85.628304204,64.131376318
semantic-preserving,CodeMark,csn_js,test#3042,0,0.014369143173,0.010224376805,146,135,98.418788857,75.736124482
semantic-preserving,CodeMark,csn_js,test#3043,0,0.009767235257,0.006390617229,85,84,114.908650079,76.078776536
semantic-preserving,CodeMark,csn_js,test#3044,0,0.005184994079,0.003176046535,48,42,108.020709983,75.620155604
semantic-preserving,CodeMark,csn_js,test#3045,0,0.005840864964,0.003787082620,52,47,112.324326227,80.576225957
semantic-preserving,CodeMark,csn_js,test#3046,0,0.010525551625,0.008075358346,121,135,86.988029955,59.817469230
semantic-preserving,CodeMark,csn_js,test#3047,0,0.008781113662,0.005586142652,77,74,114.040437167,75.488414213
semantic-preserving,CodeMark,csn_js,test#3048,0,0.005885560997,0.004125600681,44,48,133.762749928,85.950014181
semantic-preserving,CodeMark,csn_js,test#3049,0,0.013669289649,0.009848549962,144,149,94.925622559,66.097650752
semantic-preserving,CodeMark,csn_js,test#3050,0,0.012619737536,0.009057302028,134,142,94.177145789,63.783817098
semantic-preserving,CodeMark,csn_js,test#3051,0,0.006086107343,0.004418154247,57,55,106.773813043,80.330077220
semantic-preserving,CodeMark,csn_js,test#3052,0,0.010133917443,0.007537563331,108,114,93.832568921,66.118976591
semantic-preserving,CodeMark,csn_js,test#3053,0,0.004407951608,0.003002176993,30,34,146.931720277,88.299323312
semantic-preserving,CodeMark,csn_js,test#3054,0,0.012514016591,0.008131811395,141,128,88.751890716,63.529776526
semantic-preserving,CodeMark,csn_js,test#3055,0,0.007907922380,0.006832920946,71,80,111.379188446,85.411511827
semantic-preserving,CodeMark,csn_js,test#3056,0,0.005348102190,0.003665298223,59,50,90.645799824,73.305964470
semantic-preserving,CodeMark,csn_js,test#3057,0,0.007941692136,0.005319426768,67,67,118.532718451,79.394429366
semantic-preserving,CodeMark,csn_js,test#3058,0,0.004308868200,0.003255113028,35,42,123.110519988,77.502691143
semantic-preserving,CodeMark,csn_js,test#3059,0,0.006637766957,0.004373303615,71,61,93.489675455,71.693501878
semantic-preserving,CodeMark,csn_js,test#3060,0,0.011983349919,0.007943499833,130,117,92.179614764,67.893160969
semantic-preserving,CodeMark,csn_js,test#3061,0,0.004496106878,0.002549186349,30,30,149.870229264,84.972878297
semantic-preserving,CodeMark,csn_js,test#3062,0,0.008711651899,0.006981575862,84,99,103.710141654,70.520968299
semantic-preserving,CodeMark,csn_js,test#3063,0,0.005484606139,0.003819196485,45,49,121.880136430,77.942785408
semantic-preserving,CodeMark,csn_js,test#3064,0,0.006892638281,0.004536642693,62,64,111.171585177,70.885042078
semantic-preserving,CodeMark,csn_js,test#3065,0,0.004733684473,0.002862222493,35,30,135.248127793,95.407416423
semantic-preserving,CodeMark,csn_js,test#3066,0,0.020405911840,0.016230262816,209,211,97.635941821,76.920676853
semantic-preserving,CodeMark,csn_js,test#3067,0,0.013015761971,0.009860656224,164,150,79.364402265,65.737708161
semantic-preserving,CodeMark,csn_js,test#3068,0,0.006038805470,0.004184818827,53,45,113.939725847,92.995973925
semantic-preserving,CodeMark,csn_js,test#3069,0,0.007511626929,0.005134170875,72,67,104.328151792,76.629416044
semantic-preserving,CodeMark,csn_js,test#3070,0,0.005410531536,0.003437438048,43,50,125.826314785,68.748760968
semantic-preserving,CodeMark,csn_js,test#3071,0,0.004786119796,0.002835363150,41,39,116.734629179,72.701619222
semantic-preserving,CodeMark,csn_js,test#3072,0,0.006822885014,0.004929611459,67,62,101.834104688,79.509862248
semantic-preserving,CodeMark,csn_js,test#3073,0,0.006069129333,0.004010342062,66,58,91.956505044,69.143828647
semantic-preserving,CodeMark,csn_js,test#3074,0,0.008941088803,0.005947186612,98,92,91.235600032,64.643332735
semantic-preserving,CodeMark,csn_js,test#3075,0,0.016960199922,0.011732817627,193,166,87.876683535,70.679624262
semantic-preserving,CodeMark,csn_js,test#3076,0,0.007218320854,0.004955522716,88,85,82.026373341,58.300267248
semantic-preserving,CodeMark,csn_js,test#3077,0,0.011384789832,0.007761968300,129,148,88.254184744,52.445731755
semantic-preserving,CodeMark,csn_js,test#3078,0,0.007523906417,0.005079071037,85,89,88.516546085,57.068213904
semantic-preserving,CodeMark,csn_js,test#3079,0,0.010805443861,0.008795309812,127,131,85.082235123,67.139769556
semantic-preserving,CodeMark,csn_js,test#3080,0,0.005579721183,0.003590632230,47,46,118.717471970,78.057222392
semantic-preserving,CodeMark,csn_js,test#3081,0,0.018533556722,0.015634623356,237,256,78.200661275,61.072747485
semantic-preserving,CodeMark,csn_js,test#3082,0,0.030089922249,0.022879520431,358,335,84.050062149,68.297075914
semantic-preserving,CodeMark,csn_js,test#3083,0,0.007149116136,0.005162882619,66,73,108.319941457,70.724419433
semantic-preserving,CodeMark,csn_js,test#3084,0,0.011306672357,0.007880710065,141,125,80.189165653,63.045680523
semantic-preserving,CodeMark,csn_js,test#3085,0,0.005012394860,0.003233443014,39,42,128.522945138,76.986738436
semantic-preserving,CodeMark,csn_js,test#3086,0,0.004713775590,0.003794620745,40,40,117.844389752,94.865518622
semantic-preserving,CodeMark,csn_js,test#3087,0,0.007255755365,0.004466355778,69,62,105.155874854,72.037996424
semantic-preserving,CodeMark,csn_js,test#3088,0,0.005295924842,0.003311955370,50,43,105.918496847,77.022217907
semantic-preserving,CodeMark,csn_js,test#3089,0,0.013008710928,0.009051667526,129,123,100.842720374,73.590792897
semantic-preserving,CodeMark,csn_js,test#3090,0,0.024914898910,0.017514081672,293,282,85.033784674,62.106672595
semantic-preserving,CodeMark,csn_js,test#3091,0,0.004765360616,0.003255072050,40,40,119.134015404,81.376801245
semantic-preserving,CodeMark,csn_js,test#3092,0,0.015057395212,0.012915938161,212,189,71.025449115,68.338297150
semantic-preserving,CodeMark,csn_js,test#3093,0,0.007876602001,0.005286366679,89,76,88.501146084,69.557456300
semantic-preserving,CodeMark,csn_js,test#3094,0,0.011781697161,0.007632937282,125,140,94.253577292,54.520980588
semantic-preserving,CodeMark,csn_js,test#3095,0,0.007375003770,0.005476376973,87,86,84.770158276,63.678802013
semantic-preserving,CodeMark,csn_js,test#3096,0,0.007674493827,0.005125482567,77,73,99.668750999,70.212089954
semantic-preserving,CodeMark,csn_js,test#3097,0,0.020304519683,0.014922066592,264,244,76.911059406,61.156010622
semantic-preserving,CodeMark,csn_js,test#3098,0,0.009141497314,0.005916689523,102,95,89.622522686,62.280942343
semantic-preserving,CodeMark,csn_js,test#3099,0,0.012499138713,0.008912109770,170,148,73.524345370,60.216957905
semantic-preserving,CodeMark,csn_js,test#3100,0,0.004713182338,0.003045966849,41,37,114.955666770,82.323428344
semantic-preserving,CodeMark,csn_js,test#3101,0,0.007245415822,0.004671837203,69,69,105.006026401,67.707785554
semantic-preserving,CodeMark,csn_js,test#3102,0,0.004505726509,0.002835850231,31,35,145.346016413,81.024292324
semantic-preserving,CodeMark,csn_js,test#3103,0,0.004779715091,0.003304003738,35,45,136.563288314,73.422305286
semantic-preserving,CodeMark,csn_js,test#3104,0,0.007320175879,0.005623188801,65,71,112.618090442,79.199842269
semantic-preserving,CodeMark,csn_js,test#3105,0,0.010207370855,0.007351882756,97,101,105.230627370,72.790918374
semantic-preserving,CodeMark,csn_js,test#3106,0,0.011069104075,0.007131446153,110,97,100.628218868,73.520063432
semantic-preserving,CodeMark,csn_js,test#3107,0,0.013703346252,0.009856681339,149,148,91.968766795,66.599198239
semantic-preserving,CodeMark,csn_js,test#3108,0,0.007280403748,0.005070347339,79,76,92.157009470,66.715096565
semantic-preserving,CodeMark,csn_js,test#3109,0,0.007271125913,0.004953492433,80,80,90.889073908,61.918655410
semantic-preserving,CodeMark,csn_js,test#3110,0,0.008476542309,0.005960968323,82,79,103.372467182,75.455295229
semantic-preserving,CodeMark,csn_js,test#3111,0,0.005880482495,0.003790193237,42,40,140.011487972,94.754830934
semantic-preserving,CodeMark,csn_js,test#3112,0,0.012997332960,0.010562107898,134,130,96.995022092,81.246983833
semantic-preserving,CodeMark,csn_js,test#3113,0,0.018649464473,0.015098125674,203,219,91.869283119,68.941213123
semantic-preserving,CodeMark,csn_js,test#3114,0,0.004615359940,0.002890897915,39,39,118.342562555,74.125587558
semantic-preserving,CodeMark,csn_js,test#3115,0,0.008516378701,0.006517592818,88,94,96.777030690,69.336093804
semantic-preserving,CodeMark,csn_js,test#3116,0,0.006752664223,0.005038818344,54,59,125.049337469,85.403700754
semantic-preserving,CodeMark,csn_js,test#3117,0,0.005724371411,0.004443318583,46,53,124.442856759,83.836199681
semantic-preserving,CodeMark,csn_js,test#3118,0,0.006361952983,0.003734518774,52,54,122.345249670,69.157755071
semantic-preserving,CodeMark,csn_js,test#3119,0,0.007781494409,0.005323396064,100,87,77.814944088,61.188460510
semantic-preserving,CodeMark,csn_js,test#3120,0,0.016316995025,0.014510538429,216,235,75.541643633,61.746972038
semantic-preserving,CodeMark,csn_js,test#3121,0,0.008934214711,0.005776003003,80,70,111.677683890,82.514328616
semantic-preserving,CodeMark,csn_js,test#3122,0,0.009728930891,0.007103377953,113,121,86.096733545,58.705602919
semantic-preserving,CodeMark,csn_js,test#3123,0,0.012748072855,0.010460285470,167,173,76.335765600,60.464077861
semantic-preserving,CodeMark,csn_js,test#3124,0,0.004444219172,0.003039965406,38,42,116.953136105,72.380128716
semantic-preserving,CodeMark,csn_js,test#3125,0,0.010706409812,0.007260776125,121,113,88.482725719,64.254655973
semantic-preserving,CodeMark,csn_js,test#3126,0,0.016709920950,0.011422607116,216,193,77.360745140,59.184492831
semantic-preserving,CodeMark,csn_js,test#3127,0,0.004763437435,0.002818993293,38,37,125.353616711,76.189007912
semantic-preserving,CodeMark,csn_js,test#3128,0,0.005945264362,0.003857042640,56,50,106.165435032,77.140852809
semantic-preserving,CodeMark,csn_js,test#3129,0,0.013428364880,0.008974910714,139,120,96.606941585,74.790922614
semantic-preserving,CodeMark,csn_js,test#3130,0,0.009761050344,0.006876949221,106,103,92.085380599,66.766497290
semantic-preserving,CodeMark,csn_js,test#3131,0,0.007530203089,0.004878784530,77,70,97.794845313,69.696921855
semantic-preserving,CodeMark,csn_js,test#3132,0,0.015117883682,0.012633401901,185,181,81.718290174,69.797800555
semantic-preserving,CodeMark,csn_js,test#3133,0,0.015736571513,0.014237766154,171,165,92.026733995,86.289491843
semantic-preserving,CodeMark,csn_js,test#3134,0,0.007490250282,0.005428211764,49,54,152.862250653,100.522440065
semantic-preserving,CodeMark,csn_js,test#3135,0,0.005219217390,0.003179227933,37,33,141.059929455,96.340240403
semantic-preserving,CodeMark,csn_js,test#3136,0,0.014496251941,0.010776574723,159,164,91.171395854,65.710821484
semantic-preserving,CodeMark,csn_js,test#3137,0,0.008443854749,0.006088071503,95,94,88.882681571,64.766718114
semantic-preserving,CodeMark,csn_js,test#3138,0,0.010804981925,0.008157356642,127,128,85.078597831,63.729348767
semantic-preserving,CodeMark,csn_js,test#3139,0,0.017313936725,0.013604079373,203,188,85.290328696,72.362124325
semantic-preserving,CodeMark,csn_js,test#3140,0,0.011026339605,0.007488026284,98,88,112.513669443,85.091207769
semantic-preserving,CodeMark,csn_js,test#3141,0,0.009123585187,0.006776493974,91,98,100.259177878,69.147897694
semantic-preserving,CodeMark,csn_js,test#3142,0,0.005721401423,0.003671629354,44,40,130.031850528,91.790733859
semantic-preserving,CodeMark,csn_js,test#3143,0,0.005298887379,0.003240196966,37,34,143.213172418,95.299910754
semantic-preserving,CodeMark,csn_js,test#3144,0,0.007433340885,0.004828610457,77,67,96.536894607,72.068812798
semantic-preserving,CodeMark,csn_js,test#3145,0,0.010293363594,0.006709231064,93,87,110.681328963,77.117598434
semantic-preserving,CodeMark,csn_js,test#3146,0,0.008053374477,0.005853815004,104,91,77.436293045,64.327637409
semantic-preserving,CodeMark,csn_js,test#3147,0,0.009167378768,0.007332041860,94,96,97.525306046,76.375436038
semantic-preserving,CodeMark,csn_js,test#3148,0,0.034879449755,0.028915824369,469,478,74.369828902,60.493356420
semantic-preserving,CodeMark,csn_js,test#3149,0,0.004628930241,0.002807211131,30,32,154.297674696,87.725347839
semantic-preserving,SrcMarker,csn_js,test#0,0,0.005350921303,0.003111451864,51,50,104.920025550,62.229037285
semantic-preserving,SrcMarker,csn_js,test#1,0,0.008135790937,0.005280976184,97,85,83.874133368,62.129131573
semantic-preserving,SrcMarker,csn_js,test#2,0,0.006628861651,0.003700895235,65,63,101.982486936,58.744368809
semantic-preserving,SrcMarker,csn_js,test#3,0,0.006151379086,0.003693386912,70,62,87.876844087,59.570756651
semantic-preserving,SrcMarker,csn_js,test#4,0,0.013013148680,0.008676196449,130,147,100.101143695,59.021744548
semantic-preserving,SrcMarker,csn_js,test#5,0,0.006343029439,0.005236955360,66,91,96.106506658,57.548959995
semantic-preserving,SrcMarker,csn_js,test#6,0,0.018606534228,0.014120316133,276,258,67.414979086,54.729907492
semantic-preserving,SrcMarker,csn_js,test#7,0,0.014143715613,0.010483491234,204,185,69.331939277,56.667520186
semantic-preserving,SrcMarker,csn_js,test#8,0,0.014930672012,0.010444165207,232,199,64.356344880,52.483242248
semantic-preserving,SrcMarker,csn_js,test#9,0,0.030683877878,0.020269814879,645,595,47.571903687,34.066915763
semantic-preserving,SrcMarker,csn_js,test#10,0,0.012898422778,0.009534921497,163,179,79.131428084,53.267717861
semantic-preserving,SrcMarker,csn_js,test#11,0,0.033832293004,0.022362107411,584,638,57.932008568,35.050325096
semantic-preserving,SrcMarker,csn_js,test#12,0,0.008947771043,0.005444976501,101,96,88.591792501,56.718505220
semantic-preserving,SrcMarker,csn_js,test#13,0,0.027561216615,0.020750694908,433,450,63.651770474,46.112655352
semantic-preserving,SrcMarker,csn_js,test#14,0,0.008688507602,0.004796318710,109,104,79.711078914,46.118449133
semantic-preserving,SrcMarker,csn_js,test#15,0,0.021581673063,0.008924492635,207,198,104.259290161,45.073195125
semantic-preserving,SrcMarker,csn_js,test#16,0,0.006291812286,0.004328901879,69,80,91.185685301,54.111273494
semantic-preserving,SrcMarker,csn_js,test#17,0,0.005155385472,0.003089454956,55,50,93.734281307,61.789099127
semantic-preserving,SrcMarker,csn_js,test#18,0,0.006907790899,0.004812164232,71,76,97.292829567,63.317950423
semantic-preserving,SrcMarker,csn_js,test#19,0,0.006510470062,0.003879047930,70,65,93.006715178,59.677660465
semantic-preserving,SrcMarker,csn_js,test#20,0,0.006363903172,0.004244803451,66,83,96.422775338,51.142210253
semantic-preserving,SrcMarker,csn_js,test#21,0,0.009949667379,0.007837533019,103,127,96.598712420,61.712858421
semantic-preserving,SrcMarker,csn_js,test#22,0,0.006286783144,0.005592155270,89,115,70.638012853,48.627437133
semantic-preserving,SrcMarker,csn_js,test#23,0,0.006221905351,0.004700005986,66,76,94.271293192,61.842184024
semantic-preserving,SrcMarker,csn_js,test#24,0,0.006968643516,0.005054394715,70,77,99.552050233,65.641489799
semantic-preserving,SrcMarker,csn_js,test#25,0,0.037652366795,0.021398163401,457,567,82.390299332,37.739265257
semantic-preserving,SrcMarker,csn_js,test#26,0,0.025434352458,0.021665591747,332,407,76.609495354,53.232412154
semantic-preserving,SrcMarker,csn_js,test#27,0,0.005922272801,0.003729942255,68,72,87.092247079,51.804753538
semantic-preserving,SrcMarker,csn_js,test#28,0,0.009529052302,0.005848470144,112,105,85.080824127,55.699715657
semantic-preserving,SrcMarker,csn_js,test#29,0,0.017006872222,0.011530144140,231,223,73.622823471,51.704682243
semantic-preserving,SrcMarker,csn_js,test#30,0,0.004101975821,0.002104694024,27,29,151.925030406,72.575655991
semantic-preserving,SrcMarker,csn_js,test#31,0,0.006343354471,0.004494628869,81,93,78.313018161,48.329342677
semantic-preserving,SrcMarker,csn_js,test#32,0,0.013243090361,0.008064778522,154,138,85.994093256,58.440424070
semantic-preserving,SrcMarker,csn_js,test#33,0,0.009447679855,0.005699743517,113,105,83.607786327,54.283271588
semantic-preserving,SrcMarker,csn_js,test#34,0,0.012182225473,0.009240872227,146,154,83.439900502,60.005663809
semantic-preserving,SrcMarker,csn_js,test#35,0,0.005316307768,0.003397163004,39,48,136.315583801,70.774229243
semantic-preserving,SrcMarker,csn_js,test#36,0,0.005410475656,0.003238718025,52,54,104.047608777,59.976259729
semantic-preserving,SrcMarker,csn_js,test#37,0,0.009545366280,0.005561645143,101,89,94.508577028,62.490394862
semantic-preserving,SrcMarker,csn_js,test#38,0,0.016138892621,0.010731549934,245,223,65.873031105,48.123542303
semantic-preserving,SrcMarker,csn_js,test#39,0,0.004347919486,0.002244780771,35,31,124.226271042,72.412282949
semantic-preserving,SrcMarker,csn_js,test#40,0,0.004625706002,0.002849673852,31,37,149.216322649,77.018212225
semantic-preserving,SrcMarker,csn_js,test#41,0,0.005717598833,0.003373726271,67,62,85.337296017,54.414939856
semantic-preserving,SrcMarker,csn_js,test#42,0,0.009293735959,0.002731527202,41,40,226.676486796,68.288180046
semantic-preserving,SrcMarker,csn_js,test#43,0,0.017095590010,0.010921591893,217,208,78.781520785,52.507653331
semantic-preserving,SrcMarker,csn_js,test#44,0,0.007785717957,0.004525327124,78,74,99.816896881,61.153069239
semantic-preserving,SrcMarker,csn_js,test#45,0,0.026116440073,0.017832090147,319,424,81.869718096,42.056816384
semantic-preserving,SrcMarker,csn_js,test#46,0,0.006182210520,0.004160157405,81,77,76.323586666,54.028018245
semantic-preserving,SrcMarker,csn_js,test#47,0,0.009388646111,0.005659816787,151,149,62.176464311,37.985347561
semantic-preserving,SrcMarker,csn_js,test#48,0,0.009792077355,0.006312985905,148,146,66.162684832,43.239629483
semantic-preserving,SrcMarker,csn_js,test#49,0,0.006689857692,0.004428283311,82,79,81.583630384,56.054219132
semantic-preserving,SrcMarker,csn_js,test#50,0,0.012096717954,0.008266634308,139,163,87.026747868,50.715547901
semantic-preserving,SrcMarker,csn_js,test#51,0,0.012698824517,0.009443241172,183,207,69.392483702,45.619522568
semantic-preserving,SrcMarker,csn_js,test#52,0,0.032645592466,0.021923413500,460,418,70.968679274,52.448357656
semantic-preserving,SrcMarker,csn_js,test#53,0,0.011484418064,0.007522911765,135,144,85.069763440,52.242442810
semantic-preserving,SrcMarker,csn_js,test#54,0,0.008361864835,0.005059189163,93,94,89.912525108,53.821161310
semantic-preserving,SrcMarker,csn_js,test#55,0,0.004886002280,0.002955166623,48,49,101.791714163,60.309522918
semantic-preserving,SrcMarker,csn_js,test#56,0,0.010460310616,0.006451792084,127,115,82.364650517,56.102539858
semantic-preserving,SrcMarker,csn_js,test#57,0,0.005806988105,0.004286955111,53,66,109.565813305,64.953865314
semantic-preserving,SrcMarker,csn_js,test#58,0,0.016517179087,0.011648500338,230,240,71.813822117,48.535418076
semantic-preserving,SrcMarker,csn_js,test#59,0,0.006268044934,0.004248692654,77,78,81.403180957,54.470418642
semantic-preserving,SrcMarker,csn_js,test#60,0,0.018976635300,0.011997299269,257,274,73.839047858,43.785763755
semantic-preserving,SrcMarker,csn_js,test#61,0,0.018813095987,0.012913414277,269,281,69.937159802,45.955210951
semantic-preserving,SrcMarker,csn_js,test#62,0,0.008341649547,0.005165981129,98,92,85.118872931,56.151968791
semantic-preserving,SrcMarker,csn_js,test#63,0,0.022962914780,0.010721865110,249,233,92.220541284,46.016588455
semantic-preserving,SrcMarker,csn_js,test#64,0,0.022893860936,0.014651494101,370,355,61.875299827,41.271814368
semantic-preserving,SrcMarker,csn_js,test#65,0,0.015741187148,0.008200774901,195,179,80.724036655,45.814384920
semantic-preserving,SrcMarker,csn_js,test#66,0,0.008123747073,0.004856182262,103,93,78.871330807,52.217013573
semantic-preserving,SrcMarker,csn_js,test#67,0,0.005101298913,0.003278414719,51,55,100.025468889,59.607540342
semantic-preserving,SrcMarker,csn_js,test#68,0,0.026195504703,0.017326341942,457,442,57.320579218,39.199868647
semantic-preserving,SrcMarker,csn_js,test#69,0,0.012475054711,0.008600379340,155,174,80.484223943,49.427467473
semantic-preserving,SrcMarker,csn_js,test#70,0,0.029580221511,0.020426757634,458,430,64.585636488,47.504087520
semantic-preserving,SrcMarker,csn_js,test#71,0,0.017629973590,0.011057925411,230,239,76.652059089,46.267470337
semantic-preserving,SrcMarker,csn_js,test#72,0,0.008736507036,0.005255997181,101,105,86.500069661,50.057116009
semantic-preserving,SrcMarker,csn_js,test#73,0,0.010824248195,0.007188371383,160,161,67.651551217,44.648269457
semantic-preserving,SrcMarker,csn_js,test#74,0,0.017225758173,0.010641370900,257,239,67.026296391,44.524564435
semantic-preserving,SrcMarker,csn_js,test#75,0,0.012505652383,0.007985054515,161,145,77.674859522,55.069341485
semantic-preserving,SrcMarker,csn_js,test#76,0,0.007312255912,0.004497673362,89,80,82.160178781,56.220917031
semantic-preserving,SrcMarker,csn_js,test#77,0,0.009015860036,0.005921829492,109,113,82.714312257,52.405570724
semantic-preserving,SrcMarker,csn_js,test#78,0,0.034142410383,0.021663827822,512,533,66.684395279,40.645080341
semantic-preserving,SrcMarker,csn_js,test#79,0,0.033034726977,0.023896389641,467,487,70.738173399,49.068561891
semantic-preserving,SrcMarker,csn_js,test#80,0,0.011754046194,0.007727707736,170,180,69.141448202,42.931709646
semantic-preserving,SrcMarker,csn_js,test#81,0,0.008831190877,0.005614055321,120,113,73.593257306,49.681905492
semantic-preserving,SrcMarker,csn_js,test#82,0,0.015968784690,0.013126094826,269,283,59.363511858,46.381960514
semantic-preserving,SrcMarker,csn_js,test#83,0,0.004901026376,0.002814400010,35,36,140.029325017,78.177778050
semantic-preserving,SrcMarker,csn_js,test#84,0,0.004607283510,0.002592616715,37,32,124.521175953,81.019272329
semantic-preserving,SrcMarker,csn_js,test#85,0,0.030310208909,0.019505072385,517,469,58.627096536,41.588640480
semantic-preserving,SrcMarker,csn_js,test#86,0,0.003832389601,0.002339686267,35,33,109.496845731,70.899583851
semantic-preserving,SrcMarker,csn_js,test#87,0,0.006553088315,0.003933863714,67,67,97.807288281,58.714383796
semantic-preserving,SrcMarker,csn_js,test#88,0,0.004037656821,0.002424080856,35,37,115.361623466,65.515698815
semantic-preserving,SrcMarker,csn_js,test#89,0,0.006066876464,0.004426666535,63,77,96.299626406,57.489175785
semantic-preserving,SrcMarker,csn_js,test#90,0,0.006661687978,0.003849181347,74,68,90.022810508,56.605608038
semantic-preserving,SrcMarker,csn_js,test#91,0,0.016705101356,0.011105759069,201,212,83.109956995,52.385655987
semantic-preserving,SrcMarker,csn_js,test#92,0,0.025447184220,0.018359405920,320,395,79.522450687,46.479508658
semantic-preserving,SrcMarker,csn_js,test#93,0,0.004821094684,0.003314179368,44,48,109.570333734,69.045403507
semantic-preserving,SrcMarker,csn_js,test#94,0,0.009450319223,0.006489308551,110,106,85.911992937,61.219891990
semantic-preserving,SrcMarker,csn_js,test#95,0,0.012799216434,0.008012985811,199,164,64.317670524,48.859669577
semantic-preserving,SrcMarker,csn_js,test#96,0,0.014331098646,0.008700168692,213,204,67.282153267,42.647885743
semantic-preserving,SrcMarker,csn_js,test#97,0,0.016809773631,0.010990327224,206,209,81.600842871,52.585297723
semantic-preserving,SrcMarker,csn_js,test#98,0,0.015019346960,0.009767813608,175,168,85.824839771,58.141747667
semantic-preserving,SrcMarker,csn_js,test#99,0,0.017772014253,0.015423244797,239,245,74.359892271,62.952019578
semantic-preserving,SrcMarker,csn_js,test#100,0,0.004556980915,0.002717955969,38,38,119.920550404,71.525157086
semantic-preserving,SrcMarker,csn_js,test#101,0,0.018117462285,0.013448372483,230,237,78.771575152,56.744187693
semantic-preserving,SrcMarker,csn_js,test#102,0,0.010939682834,0.008281477727,126,138,86.822879634,60.010708167
semantic-preserving,SrcMarker,csn_js,test#103,0,0.007302923128,0.004413936287,70,75,104.327473257,58.852483829
semantic-preserving,SrcMarker,csn_js,test#104,0,0.004724609666,0.003301287070,40,46,118.115241639,71.767110216
semantic-preserving,SrcMarker,csn_js,test#105,0,0.003917419352,0.002635994926,29,33,135.083425919,79.878634124
semantic-preserving,SrcMarker,csn_js,test#106,0,0.007058331743,0.004205828533,74,68,95.382861390,61.850419597
semantic-preserving,SrcMarker,csn_js,test#107,0,0.004319169559,0.002554156817,50,43,86.383391172,59.398995756
semantic-preserving,SrcMarker,csn_js,test#108,0,0.005416840315,0.003855214454,48,51,112.850839893,75.592440279
semantic-preserving,SrcMarker,csn_js,test#109,0,0.008483146317,0.005061077885,75,66,113.108617564,76.682998263
semantic-preserving,SrcMarker,csn_js,test#110,0,0.007620860822,0.005676912144,82,95,92.937327104,59.756969935
semantic-preserving,SrcMarker,csn_js,test#111,0,0.017156667076,0.011994984932,250,239,68.626668304,50.188221474
semantic-preserving,SrcMarker,csn_js,test#112,0,0.005226850510,0.004228653386,60,85,87.114175161,49.748863367
semantic-preserving,SrcMarker,csn_js,test#113,0,0.004746977240,0.003267196938,45,47,105.488383108,69.514828476
semantic-preserving,SrcMarker,csn_js,test#114,0,0.005395581014,0.002970704809,41,40,131.599536938,74.267620221
semantic-preserving,SrcMarker,csn_js,test#115,0,0.004806040786,0.003078175709,55,62,87.382559749,49.647995301
semantic-preserving,SrcMarker,csn_js,test#116,0,0.005203273147,0.003120349720,39,38,133.417260188,82.114466319
semantic-preserving,SrcMarker,csn_js,test#117,0,0.012973044068,0.007506536320,174,147,74.557724527,51.064872924
semantic-preserving,SrcMarker,csn_js,test#118,0,0.004689307883,0.002819909714,31,34,151.267996238,82.938521005
semantic-preserving,SrcMarker,csn_js,test#119,0,0.012007024139,0.007683470845,119,132,100.899362514,58.208112464
semantic-preserving,SrcMarker,csn_js,test#120,0,0.018642317504,0.010904337279,253,253,73.685049422,43.100147350
semantic-preserving,SrcMarker,csn_js,test#121,0,0.012490080670,0.007094052620,182,182,68.626816866,38.978311100
semantic-preserving,SrcMarker,csn_js,test#122,0,0.010621099733,0.006364781410,157,151,67.650316770,42.150870262
semantic-preserving,SrcMarker,csn_js,test#123,0,0.011097590439,0.006616089493,167,157,66.452637359,42.140697408
semantic-preserving,SrcMarker,csn_js,test#124,0,0.014947495423,0.008957218379,210,205,71.178549635,43.693748189
semantic-preserving,SrcMarker,csn_js,test#125,0,0.019531662576,0.011287816800,256,245,76.295556937,46.072721633
semantic-preserving,SrcMarker,csn_js,test#126,0,0.007350523025,0.008218521252,91,104,80.774978294,79.024242810
semantic-preserving,SrcMarker,csn_js,test#127,0,0.005733964033,0.003283995204,74,79,77.486000452,41.569559540
semantic-preserving,SrcMarker,csn_js,test#128,0,0.010377435945,0.008669751696,124,140,83.688999556,61.926797831
semantic-preserving,SrcMarker,csn_js,test#129,0,0.010335480794,0.008506738581,126,146,82.027625352,58.265332745
semantic-preserving,SrcMarker,csn_js,test#130,0,0.015687813051,0.011473708786,200,178,78.439065255,64.459038124
semantic-preserving,SrcMarker,csn_js,test#131,0,0.010453933850,0.008020015433,133,142,78.601006390,56.478981926
semantic-preserving,SrcMarker,csn_js,test#132,0,0.009056741372,0.006619986147,119,120,76.107070351,55.166551222
semantic-preserving,SrcMarker,csn_js,test#133,0,0.008048965596,0.005791338161,83,88,96.975489104,65.810660916
semantic-preserving,SrcMarker,csn_js,test#134,0,0.007098402828,0.004530564882,95,82,74.720029768,55.250791242
semantic-preserving,SrcMarker,csn_js,test#135,0,0.006661793217,0.004177870229,99,92,67.290840576,45.411632923
semantic-preserving,SrcMarker,csn_js,test#136,0,0.024255824275,0.015472858213,417,393,58.167444305,39.371140491
semantic-preserving,SrcMarker,csn_js,test#137,0,0.011647491716,0.007141799666,150,152,77.649944772,46.985524118
semantic-preserving,SrcMarker,csn_js,test#138,0,0.030701312236,0.022025953978,518,505,59.268942541,43.615750452
semantic-preserving,SrcMarker,csn_js,test#139,0,0.007577903569,0.005073204637,80,85,94.723794609,59.684760430
semantic-preserving,SrcMarker,csn_js,test#140,0,0.021396900527,0.015425671823,265,261,80.743020857,59.102190894
semantic-preserving,SrcMarker,csn_js,test#141,0,0.025810023770,0.014784560539,314,279,82.197527929,52.991256412
semantic-preserving,SrcMarker,csn_js,test#142,0,0.004260736518,0.002178482711,31,30,137.443113471,72.616090377
semantic-preserving,SrcMarker,csn_js,test#143,0,0.005243395455,0.002951090224,79,66,66.372094369,44.713488244
semantic-preserving,SrcMarker,csn_js,test#144,0,0.009459488094,0.006389996037,108,115,87.587852721,55.565182929
semantic-preserving,SrcMarker,csn_js,test#145,0,0.011847005226,0.008224606514,177,169,66.932232914,48.666310734
semantic-preserving,SrcMarker,csn_js,test#146,0,0.009110409766,0.006052337587,115,124,79.220954491,48.809174088
semantic-preserving,SrcMarker,csn_js,test#147,0,0.006715054624,0.004093132913,66,65,101.743251875,62.971275586
semantic-preserving,SrcMarker,csn_js,test#148,0,0.032968504354,0.021771200001,547,478,60.271488765,45.546443517
semantic-preserving,SrcMarker,csn_js,test#149,0,0.027576959692,0.018026323058,446,386,61.831748188,46.700318802
semantic-preserving,SrcMarker,csn_js,test#150,0,0.004534548149,0.002571948804,43,38,105.454608105,67.682863262
semantic-preserving,SrcMarker,csn_js,test#151,0,0.007220405154,0.004967163317,88,88,82.050058567,56.445037692
semantic-preserving,SrcMarker,csn_js,test#152,0,0.013360082172,0.010921933688,168,189,79.524298642,57.788008932
semantic-preserving,SrcMarker,csn_js,test#153,0,0.009471117519,0.005629993975,118,107,80.263707787,52.616766123
semantic-preserving,SrcMarker,csn_js,test#154,0,0.037341138348,0.021518119611,510,516,73.217918329,41.701782192
semantic-preserving,SrcMarker,csn_js,test#155,0,0.005191708915,0.003635633737,75,75,69.222785532,48.475116491
semantic-preserving,SrcMarker,csn_js,test#156,0,0.011639041826,0.006747589447,138,129,84.340882798,52.306894935
semantic-preserving,SrcMarker,csn_js,test#157,0,0.004444576800,0.002379351296,29,27,153.261268961,88.124122057
semantic-preserving,SrcMarker,csn_js,test#158,0,0.008853517473,0.005848743953,109,114,81.224930943,51.304771516
semantic-preserving,SrcMarker,csn_js,test#159,0,0.019756272435,0.015630108304,264,285,74.834365285,54.842485278
semantic-preserving,SrcMarker,csn_js,test#160,0,0.034129287116,0.021431252360,430,488,79.370435154,43.916500738
semantic-preserving,SrcMarker,csn_js,test#161,0,0.018022235483,0.011240672320,202,195,89.218987539,57.644473437
semantic-preserving,SrcMarker,csn_js,test#162,0,0.028986034915,0.017603348009,394,373,73.568616535,47.193962491
semantic-preserving,SrcMarker,csn_js,test#163,0,0.008479146287,0.005482807755,102,96,83.128885165,57.112580786
semantic-preserving,SrcMarker,csn_js,test#164,0,0.008175229654,0.005892024375,78,91,104.810636586,64.747520610
semantic-preserving,SrcMarker,csn_js,test#165,0,0.006501763128,0.003888525069,70,70,92.882330396,55.550358125
semantic-preserving,SrcMarker,csn_js,test#166,0,0.005449084565,0.003083294258,50,48,108.981691301,64.235297032
semantic-preserving,SrcMarker,csn_js,test#167,0,0.033000333235,0.022724781185,426,452,77.465570973,50.276064569
semantic-preserving,SrcMarker,csn_js,test#168,0,0.024225823581,0.018655894324,322,358,75.235476960,52.111436660
semantic-preserving,SrcMarker,csn_js,test#169,0,0.007701292634,0.005684277974,91,96,84.629589385,59.211228897
semantic-preserving,SrcMarker,csn_js,test#170,0,0.012405733578,0.008536884561,165,165,75.186264109,51.738694310
semantic-preserving,SrcMarker,csn_js,test#171,0,0.012074455619,0.008232620545,149,143,81.036614892,57.570773040
semantic-preserving,SrcMarker,csn_js,test#172,0,0.006375189871,0.004524150863,80,94,79.689873382,48.129264503
semantic-preserving,SrcMarker,csn_js,test#173,0,0.011992580257,0.007542644627,135,128,88.833927832,58.926911152
semantic-preserving,SrcMarker,csn_js,test#174,0,0.006995165721,0.005394085310,67,83,104.405458516,64.988979643
semantic-preserving,SrcMarker,csn_js,test#175,0,0.006096897647,0.004079754464,78,81,78.165354446,50.367339066
semantic-preserving,SrcMarker,csn_js,test#176,0,0.014455993660,0.011092270724,206,219,70.174726504,50.649638011
semantic-preserving,SrcMarker,csn_js,test#177,0,0.005565511994,0.003376713954,59,52,94.330711764,64.936806806
semantic-preserving,SrcMarker,csn_js,test#178,0,0.006874817424,0.004117570817,79,77,87.023005361,53.474945681
semantic-preserving,SrcMarker,csn_js,test#179,0,0.008211283945,0.006261096336,94,112,87.354084516,55.902645857
semantic-preserving,SrcMarker,csn_js,test#180,0,0.005100985989,0.003543719649,60,70,85.016433150,50.624566419
semantic-preserving,SrcMarker,csn_js,test#181,0,0.009986191988,0.005803241394,110,101,90.783563527,57.457835589
semantic-preserving,SrcMarker,csn_js,test#182,0,0.007096722722,0.004522302188,92,92,77.138290457,49.155458565
semantic-preserving,SrcMarker,csn_js,test#183,0,0.007281500846,0.004957091995,83,89,87.728925857,55.697662860
semantic-preserving,SrcMarker,csn_js,test#184,0,0.004634493962,0.002884633839,51,47,90.872430626,61.375188067
semantic-preserving,SrcMarker,csn_js,test#185,0,0.009696458466,0.006364107132,115,110,84.317030142,57.855519381
semantic-preserving,SrcMarker,csn_js,test#186,0,0.015456844121,0.009044549428,171,164,90.390901294,55.149691634
semantic-preserving,SrcMarker,csn_js,test#187,0,0.008088939823,0.005904549733,90,100,89.877109147,59.045497328
semantic-preserving,SrcMarker,csn_js,test#188,0,0.006925491616,0.004993686453,74,82,93.587724542,60.898615274
semantic-preserving,SrcMarker,csn_js,test#189,0,0.009529215284,0.006517214701,112,112,85.082279319,58.189416969
semantic-preserving,SrcMarker,csn_js,test#190,0,0.006868031807,0.003759444691,67,56,102.507937422,67.132940915
semantic-preserving,SrcMarker,csn_js,test#191,0,0.007281523198,0.005492800847,71,84,102.556664759,65.390486270
semantic-preserving,SrcMarker,csn_js,test#192,0,0.005502740853,0.003010606393,54,55,101.902608380,54.738298059
semantic-preserving,SrcMarker,csn_js,test#193,0,0.004703218117,0.002762470394,41,49,114.712637009,56.376946824
semantic-preserving,SrcMarker,csn_js,test#194,0,0.020760321990,0.013080853969,273,263,76.045135493,49.737087334
semantic-preserving,SrcMarker,csn_js,test#195,0,0.009084167890,0.006208537146,105,114,86.515884669,54.460852162
semantic-preserving,SrcMarker,csn_js,test#196,0,0.013028128073,0.009424077347,165,167,78.958351955,56.431600880
semantic-preserving,SrcMarker,csn_js,test#197,0,0.014862341806,0.008593794890,182,182,81.661218716,47.218653240
semantic-preserving,SrcMarker,csn_js,test#198,0,0.005698942579,0.003193494864,75,62,75.985901058,51.507981674
semantic-preserving,SrcMarker,csn_js,test#199,0,0.010994714685,0.007077885792,136,130,80.843490329,54.445275320
semantic-preserving,SrcMarker,csn_js,test#200,0,0.013487666845,0.011060988531,187,206,72.126560670,53.694119080
semantic-preserving,SrcMarker,csn_js,test#201,0,0.007817075588,0.005813330412,86,93,90.896227765,62.508929160
semantic-preserving,SrcMarker,csn_js,test#202,0,0.017685400322,0.011234438047,203,218,87.120198631,51.534119481
semantic-preserving,SrcMarker,csn_js,test#203,0,0.018910084851,0.012105004862,260,229,72.731095581,52.860283240
semantic-preserving,SrcMarker,csn_js,test#204,0,0.010665483773,0.006507777609,138,127,77.286114295,51.242343377
semantic-preserving,SrcMarker,csn_js,test#205,0,0.016182119027,0.012580288574,213,231,75.972389797,54.460123697
semantic-preserving,SrcMarker,csn_js,test#206,0,0.005930963904,0.003566601314,68,66,87.220057407,54.039413843
semantic-preserving,SrcMarker,csn_js,test#207,0,0.008340770379,0.005748691969,80,85,104.259629734,67.631670219
semantic-preserving,SrcMarker,csn_js,test#208,0,0.009676105343,0.005796545185,123,116,78.667523112,49.970217113
semantic-preserving,SrcMarker,csn_js,test#209,0,0.006266216747,0.003546562046,64,63,97.909636679,56.294635648
semantic-preserving,SrcMarker,csn_js,test#210,0,0.003943850286,0.002048161812,33,33,119.510614737,62.065509458
semantic-preserving,SrcMarker,csn_js,test#211,0,0.006296250969,0.003598127514,65,65,96.865399526,55.355807910
semantic-preserving,SrcMarker,csn_js,test#212,0,0.007138845511,0.004343044013,78,74,91.523660395,58.689783957
semantic-preserving,SrcMarker,csn_js,test#213,0,0.014847380109,0.009792210534,174,171,85.329770742,57.264389089
semantic-preserving,SrcMarker,csn_js,test#214,0,0.020714446902,0.016444255598,332,335,62.392912356,49.087330143
semantic-preserving,SrcMarker,csn_js,test#215,0,0.013364233077,0.011332971975,202,215,66.159569686,52.711497559
semantic-preserving,SrcMarker,csn_js,test#216,0,0.009782694280,0.006451959722,165,152,59.289056243,42.447103433
semantic-preserving,SrcMarker,csn_js,test#217,0,0.005017790012,0.003609063104,47,56,106.761489618,64.447555425
semantic-preserving,SrcMarker,csn_js,test#218,0,0.010105059482,0.007462874986,110,129,91.864177111,57.851744079
semantic-preserving,SrcMarker,csn_js,test#219,0,0.015774967149,0.010466497391,252,265,62.599075988,39.496216572
semantic-preserving,SrcMarker,csn_js,test#220,0,0.007306601852,0.005226992071,72,87,101.480581280,60.080368628
semantic-preserving,SrcMarker,csn_js,test#221,0,0.011081214063,0.008231896907,131,141,84.589420327,58.382247568
semantic-preserving,SrcMarker,csn_js,test#222,0,0.019547404721,0.012504725717,279,279,70.062382514,44.819805437
semantic-preserving,SrcMarker,csn_js,test#223,0,0.006282598712,0.004633122124,84,89,74.792841804,52.057551953
semantic-preserving,SrcMarker,csn_js,test#224,0,0.007147127762,0.004703273997,106,101,67.425733608,46.567069274
semantic-preserving,SrcMarker,csn_js,test#225,0,0.007759487256,0.004510619678,102,98,76.073404475,46.026731404
semantic-preserving,SrcMarker,csn_js,test#226,0,0.007299909368,0.004349835217,131,123,55.724498994,35.364513959
semantic-preserving,SrcMarker,csn_js,test#227,0,0.004563913681,0.002848812379,53,51,86.111578879,55.859066254
semantic-preserving,SrcMarker,csn_js,test#228,0,0.006491537206,0.004849506542,66,73,98.356624331,66.431596467
semantic-preserving,SrcMarker,csn_js,test#229,0,0.006484399550,0.003301291727,79,72,82.081006958,45.851273980
semantic-preserving,SrcMarker,csn_js,test#230,0,0.005909687839,0.003334144130,71,68,83.235039992,49.031531329
semantic-preserving,SrcMarker,csn_js,test#231,0,0.007524090819,0.004526542500,106,104,70.981988859,43.524447112
semantic-preserving,SrcMarker,csn_js,test#232,0,0.006959128194,0.004491630010,102,97,68.226746996,46.305464024
semantic-preserving,SrcMarker,csn_js,test#233,0,0.007563527673,0.005087309517,131,131,57.736852469,38.834423794
semantic-preserving,SrcMarker,csn_js,test#234,0,0.005745251663,0.005274707451,62,63,92.665349404,83.725515103
semantic-preserving,SrcMarker,csn_js,test#235,0,0.008427244611,0.005524860695,150,148,56.181630741,37.330139831
semantic-preserving,SrcMarker,csn_js,test#236,0,0.006503134035,0.004074283876,82,81,79.306512617,50.299800932
semantic-preserving,SrcMarker,csn_js,test#237,0,0.005391648039,0.003318111412,70,66,77.023543417,50.274415337
semantic-preserving,SrcMarker,csn_js,test#238,0,0.005368231796,0.003329185769,68,70,78.944585231,47.559796699
semantic-preserving,SrcMarker,csn_js,test#239,0,0.005237349309,0.002847725525,87,64,60.199417345,44.495711336
semantic-preserving,SrcMarker,csn_js,test#240,0,0.005016523413,0.002747138031,45,46,111.478298075,59.720391975
semantic-preserving,SrcMarker,csn_js,test#241,0,0.010005760007,0.007215807214,99,109,101.068282895,66.200066187
semantic-preserving,SrcMarker,csn_js,test#242,0,0.008630069904,0.005166387185,114,112,75.702367579,46.128457013
semantic-preserving,SrcMarker,csn_js,test#243,0,0.010785243474,0.007357694209,124,136,86.977769951,54.100692710
semantic-preserving,SrcMarker,csn_js,test#244,0,0.006321827881,0.004374050535,80,81,79.022848513,54.000623892
semantic-preserving,SrcMarker,csn_js,test#245,0,0.004556369036,0.002942042425,48,41,94.924354926,71.757132324
semantic-preserving,SrcMarker,csn_js,test#246,0,0.010401310399,0.007131682709,146,134,71.241852049,53.221512753
semantic-preserving,SrcMarker,csn_js,test#247,0,0.009721582755,0.006634213030,146,134,66.586183256,49.509052465
semantic-preserving,SrcMarker,csn_js,test#248,0,0.006328185089,0.003617511131,89,80,71.103203246,45.218889136
semantic-preserving,SrcMarker,csn_js,test#249,0,0.006505139172,0.004767065868,67,80,97.091629434,59.588323347
semantic-preserving,SrcMarker,csn_js,test#250,0,0.036370534450,0.021859264001,532,537,68.365666259,40.706264434
semantic-preserving,SrcMarker,csn_js,test#251,0,0.019917557947,0.016392761841,287,330,69.399156611,49.675035883
semantic-preserving,SrcMarker,csn_js,test#252,0,0.009422947653,0.006458219141,136,148,69.286379799,43.636615816
semantic-preserving,SrcMarker,csn_js,test#253,0,0.007090513594,0.005062893964,85,89,83.417806994,56.886449038
semantic-preserving,SrcMarker,csn_js,test#254,0,0.016933336854,0.010205665603,270,249,62.716062422,40.986608849
semantic-preserving,SrcMarker,csn_js,test#255,0,0.005688104779,0.003915589303,58,69,98.070772044,56.747671055
semantic-preserving,SrcMarker,csn_js,test#256,0,0.005094218068,0.002696014009,48,41,106.129543080,65.756439254
semantic-preserving,SrcMarker,csn_js,test#257,0,0.005809302442,0.003132423386,58,51,100.160386927,61.420066392
semantic-preserving,SrcMarker,csn_js,test#258,0,0.023185189813,0.021871323697,399,394,58.108245146,55.510973851
semantic-preserving,SrcMarker,csn_js,test#259,0,0.004836347885,0.003519985825,51,49,94.830350695,71.836445405
semantic-preserving,SrcMarker,csn_js,test#260,0,0.008214900270,0.005498348735,102,100,80.538237942,54.983487353
semantic-preserving,SrcMarker,csn_js,test#261,0,0.005297328345,0.003050631844,62,57,85.440779766,53.519856904
semantic-preserving,SrcMarker,csn_js,test#262,0,0.004389638081,0.002613610588,46,43,95.426914809,60.781641582
semantic-preserving,SrcMarker,csn_js,test#263,0,0.018747095950,0.013502279297,262,274,71.553801336,49.278391593
semantic-preserving,SrcMarker,csn_js,test#264,0,0.006240958348,0.003674468026,65,71,96.014743814,51.753070783
semantic-preserving,SrcMarker,csn_js,test#265,0,0.016392365098,0.011778640561,226,222,72.532588929,53.056939463
semantic-preserving,SrcMarker,csn_js,test#266,0,0.005319590680,0.003583532758,65,56,81.839856620,63.991656394
semantic-preserving,SrcMarker,csn_js,test#267,0,0.008248971775,0.005751825869,91,81,90.648041485,71.010195915
semantic-preserving,SrcMarker,csn_js,test#268,0,0.019290221855,0.016757794656,269,303,71.710861915,55.306252990
semantic-preserving,SrcMarker,csn_js,test#269,0,0.005206067115,0.003271770664,56,53,92.965484198,61.731521954
semantic-preserving,SrcMarker,csn_js,test#270,0,0.035672010854,0.021581657231,565,625,63.136302396,34.530651569
semantic-preserving,SrcMarker,csn_js,test#271,0,0.017698504031,0.013812256977,281,282,62.984000109,48.979634670
semantic-preserving,SrcMarker,csn_js,test#272,0,0.004029314965,0.002800227143,38,45,106.034604342,62.227269842
semantic-preserving,SrcMarker,csn_js,test#273,0,0.010381569155,0.008093805052,161,170,64.481795991,47.610617955
semantic-preserving,SrcMarker,csn_js,test#274,0,0.005491779186,0.003173564561,64,59,85.809049779,53.789229843
semantic-preserving,SrcMarker,csn_js,test#275,0,0.009897793643,0.008186657913,130,147,76.136874178,55.691550429
semantic-preserving,SrcMarker,csn_js,test#276,0,0.011973451823,0.009026723914,170,164,70.432069547,55.040999475
semantic-preserving,SrcMarker,csn_js,test#277,0,0.005850544199,0.004289202392,73,79,80.144441087,54.293701166
semantic-preserving,SrcMarker,csn_js,test#278,0,0.005975898355,0.003442435525,65,66,91.936897773,52.158114021
semantic-preserving,SrcMarker,csn_js,test#279,0,0.004598332569,0.002545298077,41,42,112.154452903,60.602335171
semantic-preserving,SrcMarker,csn_js,test#280,0,0.013034654781,0.009572261944,165,169,78.997907765,56.640603221
semantic-preserving,SrcMarker,csn_js,test#281,0,0.009634452872,0.006234826520,127,121,75.861833638,51.527491902
semantic-preserving,SrcMarker,csn_js,test#282,0,0.004409820773,0.003442003392,42,52,104.995732684,66.192372917
semantic-preserving,SrcMarker,csn_js,test#283,0,0.018134961836,0.009919892997,223,199,81.322698816,49.848708525
semantic-preserving,SrcMarker,csn_js,test#284,0,0.004836566746,0.002528410405,38,35,127.278072269,72.240297283
semantic-preserving,SrcMarker,csn_js,test#285,0,0.005085621960,0.003517548554,37,45,137.449242175,78.167745637
semantic-preserving,SrcMarker,csn_js,test#286,0,0.005080298521,0.002885249443,54,50,94.079602234,57.704988867
semantic-preserving,SrcMarker,csn_js,test#287,0,0.006603441201,0.006502122618,73,105,90.458098646,61.924977317
semantic-preserving,SrcMarker,csn_js,test#288,0,0.004371039569,0.002725019120,40,44,109.275989234,61.932252720
semantic-preserving,SrcMarker,csn_js,test#289,0,0.006811539643,0.004972421564,92,99,74.038474375,50.226480446
semantic-preserving,SrcMarker,csn_js,test#290,0,0.009136389010,0.005581827834,136,128,67.179330953,43.608029955
semantic-preserving,SrcMarker,csn_js,test#291,0,0.008032893762,0.004753683694,112,96,71.722265732,49.517538476
semantic-preserving,SrcMarker,csn_js,test#292,0,0.011223129928,0.006848961115,133,121,84.384435550,56.602984421
semantic-preserving,SrcMarker,csn_js,test#293,0,0.006328280084,0.003809497692,68,65,93.062942409,58.607656795
semantic-preserving,SrcMarker,csn_js,test#294,0,0.014414379373,0.011766421609,242,232,59.563551129,50.717334520
semantic-preserving,SrcMarker,csn_js,test#295,0,0.007031222805,0.004617411643,77,78,91.314581888,59.197585170
semantic-preserving,SrcMarker,csn_js,test#296,0,0.009943353012,0.006288062781,146,135,68.105157618,46.578242823
semantic-preserving,SrcMarker,csn_js,test#297,0,0.009017645381,0.005841902457,151,139,59.719505837,42.028075231
semantic-preserving,SrcMarker,csn_js,test#298,0,0.004460468888,0.002906701528,67,63,66.574162512,46.138119485
semantic-preserving,SrcMarker,csn_js,test#299,0,0.006068669260,0.003407135606,72,68,84.287073049,50.104935380
semantic-preserving,SrcMarker,csn_js,test#300,0,0.015865263529,0.010697469115,244,231,65.021571841,46.309390109
semantic-preserving,SrcMarker,csn_js,test#301,0,0.018628306687,0.010927807540,242,222,76.976473913,49.224358287
semantic-preserving,SrcMarker,csn_js,test#302,0,0.016916749068,0.013232975267,254,257,66.601374282,51.490176136
semantic-preserving,SrcMarker,csn_js,test#303,0,0.022401690483,0.018410515040,359,357,62.400252042,51.570070141
semantic-preserving,SrcMarker,csn_js,test#304,0,0.005588904023,0.003532717004,82,81,68.157366136,43.613790178
semantic-preserving,SrcMarker,csn_js,test#305,0,0.010019058362,0.006207747385,168,151,59.637252153,41.110909834
semantic-preserving,SrcMarker,csn_js,test#306,0,0.006307370961,0.004377013072,68,63,92.755455305,69.476397974
semantic-preserving,SrcMarker,csn_js,test#307,0,0.011875022203,0.007219012827,139,139,85.431814408,51.935344077
semantic-preserving,SrcMarker,csn_js,test#308,0,0.008941190317,0.005567468703,134,121,66.725300875,46.012138040
semantic-preserving,SrcMarker,csn_js,test#309,0,0.005447783507,0.003052474931,54,45,100.884879767,67.832776242
semantic-preserving,SrcMarker,csn_js,test#310,0,0.007184009068,0.004549404606,83,84,86.554326117,54.159578646
semantic-preserving,SrcMarker,csn_js,test#311,0,0.008230900392,0.005818630569,86,101,95.708144092,57.610203650
semantic-preserving,SrcMarker,csn_js,test#312,0,0.023137040436,0.017785066739,311,301,74.395628412,59.086600461
semantic-preserving,SrcMarker,csn_js,test#313,0,0.021992713213,0.013295426033,243,234,90.504992646,56.818059972
semantic-preserving,SrcMarker,csn_js,test#314,0,0.020639523864,0.012614569627,271,244,76.160604663,51.699055847
semantic-preserving,SrcMarker,csn_js,test#315,0,0.011032358743,0.007387424819,121,141,91.176518539,52.393083824
semantic-preserving,SrcMarker,csn_js,test#316,0,0.006576529704,0.003996008076,63,62,104.389360381,64.451743158
semantic-preserving,SrcMarker,csn_js,test#317,0,0.005776260048,0.003408899531,66,63,87.519091639,54.109516361
semantic-preserving,SrcMarker,csn_js,test#318,0,0.004485604353,0.002511524595,42,41,106.800103649,61.256697447
semantic-preserving,SrcMarker,csn_js,test#319,0,0.032702426426,0.021734517068,479,490,68.272288990,44.356157281
semantic-preserving,SrcMarker,csn_js,test#320,0,0.009894328192,0.006286968477,132,127,74.957031757,49.503688796
semantic-preserving,SrcMarker,csn_js,test#321,0,0.023665268905,0.016783692874,370,369,63.960186231,45.484262531
semantic-preserving,SrcMarker,csn_js,test#322,0,0.008148380555,0.006248568185,134,142,60.808810114,44.004001301
semantic-preserving,SrcMarker,csn_js,test#323,0,0.006369830109,0.003509515896,77,72,82.725066353,48.743276339
semantic-preserving,SrcMarker,csn_js,test#324,0,0.009277613834,0.005806715228,117,108,79.295844731,53.765881738
semantic-preserving,SrcMarker,csn_js,test#325,0,0.015140554868,0.009649083018,258,226,58.684321193,42.695057603
semantic-preserving,SrcMarker,csn_js,test#326,0,0.014536432922,0.009333760478,220,204,66.074695099,45.753727831
semantic-preserving,SrcMarker,csn_js,test#327,0,0.006285641342,0.003720158711,60,61,104.760689040,60.986208378
semantic-preserving,SrcMarker,csn_js,test#328,0,0.005376484245,0.003320869058,58,67,92.698004225,49.565209826
semantic-preserving,SrcMarker,csn_js,test#329,0,0.008301896043,0.006982842460,139,123,59.725870814,56.771076913
semantic-preserving,SrcMarker,csn_js,test#330,0,0.007763875648,0.004511719570,107,89,72.559585499,50.693478310
semantic-preserving,SrcMarker,csn_js,test#331,0,0.009853439406,0.007908457890,199,189,49.514770882,41.843692540
semantic-preserving,SrcMarker,csn_js,test#332,0,0.019399743527,0.012760719284,310,348,62.579817830,36.668733576
semantic-preserving,SrcMarker,csn_js,test#333,0,0.003887710162,0.002350158058,32,33,121.490942547,71.216910852
semantic-preserving,SrcMarker,csn_js,test#334,0,0.018422446214,0.014838031493,476,536,38.702618096,27.682894577
semantic-preserving,SrcMarker,csn_js,test#335,0,0.007812193595,0.004565792158,84,74,93.002304701,61.699894030
semantic-preserving,SrcMarker,csn_js,test#336,0,0.016172774136,0.010940428823,230,232,70.316409287,47.157020790
semantic-preserving,SrcMarker,csn_js,test#337,0,0.010984187014,0.006602982990,185,161,59.373983862,41.012316711
semantic-preserving,SrcMarker,csn_js,test#338,0,0.021829336882,0.015437135473,343,353,63.642381579,43.731261963
semantic-preserving,SrcMarker,csn_js,test#339,0,0.004799044691,0.002718859352,59,60,81.339740526,45.314322536
semantic-preserving,SrcMarker,csn_js,test#340,0,0.008889436722,0.005726790987,133,114,66.837870089,50.235008658
semantic-preserving,SrcMarker,csn_js,test#341,0,0.004192961380,0.002442823723,34,35,123.322393526,69.794963513
semantic-preserving,SrcMarker,csn_js,test#342,0,0.004459711723,0.003394952044,39,47,114.351582642,72.233022210
semantic-preserving,SrcMarker,csn_js,test#343,0,0.027270766906,0.018274326809,408,417,66.840114967,43.823325680
semantic-preserving,SrcMarker,csn_js,test#344,0,0.018769607879,0.013992179185,295,285,63.625789421,49.095365562
semantic-preserving,SrcMarker,csn_js,test#345,0,0.006032710895,0.003577398136,71,59,84.967759084,60.633866716
semantic-preserving,SrcMarker,csn_js,test#346,0,0.011480871588,0.006988030858,168,152,68.338521357,45.973887226
semantic-preserving,SrcMarker,csn_js,test#347,0,0.010709044524,0.007785955444,134,154,79.918242713,50.558152234
semantic-preserving,SrcMarker,csn_js,test#348,0,0.016636395827,0.010218226351,260,242,63.986137796,42.224075830
semantic-preserving,SrcMarker,csn_js,test#349,0,0.006623380817,0.003805130720,80,72,82.792260218,52.849037780
semantic-preserving,SrcMarker,csn_js,test#350,0,0.007241188549,0.006590442732,82,99,88.307177421,66.570128606
semantic-preserving,SrcMarker,csn_js,test#351,0,0.015437087044,0.009735243395,214,199,72.135920767,48.920821080
semantic-preserving,SrcMarker,csn_js,test#352,0,0.006335011683,0.003991208039,76,72,83.355416887,55.433444989
semantic-preserving,SrcMarker,csn_js,test#353,0,0.009491723962,0.005787126720,164,136,57.876365623,42.552402353
semantic-preserving,SrcMarker,csn_js,test#354,0,0.012119346298,0.007631829008,175,169,69.253407419,45.158751529
semantic-preserving,SrcMarker,csn_js,test#355,0,0.005291733891,0.003731910139,71,79,74.531463250,47.239368852
semantic-preserving,SrcMarker,csn_js,test#356,0,0.011463345028,0.008598985150,160,172,71.645906428,49.994099712
semantic-preserving,SrcMarker,csn_js,test#357,0,0.013683293015,0.010786187835,190,215,72.017331657,50.168315512
semantic-preserving,SrcMarker,csn_js,test#358,0,0.005815044977,0.004106212407,61,72,95.328606177,57.030727880
semantic-preserving,SrcMarker,csn_js,test#359,0,0.011911428533,0.007884715684,168,146,70.901360318,54.004901944
semantic-preserving,SrcMarker,csn_js,test#360,0,0.033786712214,0.022256990895,552,500,61.207811983,44.513981789
semantic-preserving,SrcMarker,csn_js,test#361,0,0.008935999125,0.006981750950,135,157,66.192586113,44.469751275
semantic-preserving,SrcMarker,csn_js,test#362,0,0.028743552975,0.020063680597,669,575,42.964952131,34.893357559
semantic-preserving,SrcMarker,csn_js,test#363,0,0.016472290270,0.011734978296,242,244,68.067315165,48.094173344
semantic-preserving,SrcMarker,csn_js,test#364,0,0.014027417637,0.009200428613,196,193,71.568457334,47.670614573
semantic-preserving,SrcMarker,csn_js,test#365,0,0.008643974550,0.005793836899,120,110,72.033121251,52.671244537
semantic-preserving,SrcMarker,csn_js,test#366,0,0.011731306091,0.008783148602,158,166,74.248772728,52.910533745
semantic-preserving,SrcMarker,csn_js,test#367,0,0.005815235898,0.003512191586,59,59,98.563320303,59.528670952
semantic-preserving,SrcMarker,csn_js,test#368,0,0.005304101855,0.003474722616,50,56,106.082037091,62.048618150
semantic-preserving,SrcMarker,csn_js,test#369,0,0.008582940325,0.005196862854,105,99,81.742288811,52.493564182
semantic-preserving,SrcMarker,csn_js,test#370,0,0.005408905447,0.003163331188,61,59,88.670581091,53.615782852
semantic-preserving,SrcMarker,csn_js,test#371,0,0.018837696873,0.010746390559,255,229,73.873321069,46.927469689
semantic-preserving,SrcMarker,csn_js,test#372,0,0.004838885739,0.002922311425,48,50,100.810119572,58.446228504
semantic-preserving,SrcMarker,csn_js,test#373,0,0.026103737764,0.020307146944,501,508,52.103268990,39.974698709
semantic-preserving,SrcMarker,csn_js,test#374,0,0.010456407443,0.007061554119,158,154,66.179793941,45.854247526
semantic-preserving,SrcMarker,csn_js,test#375,0,0.007065542042,0.004261059687,94,94,75.165340875,45.330422197
semantic-preserving,SrcMarker,csn_js,test#376,0,0.008848141879,0.005920334719,116,110,76.277085162,53.821224719
semantic-preserving,SrcMarker,csn_js,test#377,0,0.007530973293,0.004897132516,105,93,71.723555170,52.657338881
semantic-preserving,SrcMarker,csn_js,test#378,0,0.005757477134,0.003350964747,75,65,76.766361793,51.553303806
semantic-preserving,SrcMarker,csn_js,test#379,0,0.004826857708,0.003442676738,56,57,86.193887650,60.397837507
semantic-preserving,SrcMarker,csn_js,test#380,0,0.005494040437,0.003036424518,72,61,76.306117181,49.777451109
semantic-preserving,SrcMarker,csn_js,test#381,0,0.006357124075,0.004261746071,151,143,42.100159439,29.802420079
semantic-preserving,SrcMarker,csn_js,test#382,0,0.015721185133,0.013596061617,233,261,67.472897566,52.092190104
semantic-preserving,SrcMarker,csn_js,test#383,0,0.012373519130,0.008940720931,197,183,62.809741777,48.856398528
semantic-preserving,SrcMarker,csn_js,test#384,0,0.012047776021,0.006607831456,167,151,72.142371384,43.760473217
semantic-preserving,SrcMarker,csn_js,test#385,0,0.009377093986,0.006289314479,117,117,80.146102442,53.754824604
semantic-preserving,SrcMarker,csn_js,test#386,0,0.007029848173,0.004290936515,79,76,88.985419915,56.459690983
semantic-preserving,SrcMarker,csn_js,test#387,0,0.018607886508,0.013081326149,309,305,60.219697437,42.889593932
semantic-preserving,SrcMarker,csn_js,test#388,0,0.018069717102,0.014920309186,307,326,58.859013361,45.767819589
semantic-preserving,SrcMarker,csn_js,test#389,0,0.010468048975,0.006615449674,175,164,59.817422714,40.338107771
semantic-preserving,SrcMarker,csn_js,test#390,0,0.009689845145,0.007214518264,125,130,77.518761158,55.496294338
semantic-preserving,SrcMarker,csn_js,test#391,0,0.013031239621,0.007727861404,242,204,53.848097609,37.881673551
semantic-preserving,SrcMarker,csn_js,test#392,0,0.008010431193,0.006110454910,131,136,61.148329716,44.929815511
semantic-preserving,SrcMarker,csn_js,test#393,0,0.015787198208,0.010425050743,252,231,62.647611938,45.130089796
semantic-preserving,SrcMarker,csn_js,test#394,0,0.030938370153,0.022504918277,516,510,59.958081692,44.127290740
semantic-preserving,SrcMarker,csn_js,test#395,0,0.005893159658,0.004647742026,63,73,93.542216789,63.667698980
semantic-preserving,SrcMarker,csn_js,test#396,0,0.009226061404,0.005525889806,131,122,70.427949647,45.294178741
semantic-preserving,SrcMarker,csn_js,test#397,0,0.016746379435,0.011377232149,285,251,58.759226088,45.327618124
semantic-preserving,SrcMarker,csn_js,test#398,0,0.005083200522,0.003305653110,49,53,103.738786159,62.370813399
semantic-preserving,SrcMarker,csn_js,test#399,0,0.005148199387,0.003760343418,50,59,102.963987738,63.734634195
semantic-preserving,SrcMarker,csn_js,test#400,0,0.010203417391,0.006810529158,111,117,91.922679194,58.209650919
semantic-preserving,SrcMarker,csn_js,test#401,0,0.012473052368,0.010032868013,200,206,62.365261838,48.703242781
semantic-preserving,SrcMarker,csn_js,test#402,0,0.004343274981,0.002748133615,49,53,88.638264914,51.851577635
semantic-preserving,SrcMarker,csn_js,test#403,0,0.004165461287,0.002533268183,43,47,96.871192719,53.899323053
semantic-preserving,SrcMarker,csn_js,test#404,0,0.007896320894,0.004998683929,99,94,79.760817115,53.177488611
semantic-preserving,SrcMarker,csn_js,test#405,0,0.930805616081,0.021878977306,42228,40635,22.042379845,0.538426906
semantic-preserving,SrcMarker,csn_js,test#406,0,0.012427219190,0.006514917128,182,167,68.281424119,39.011479807
semantic-preserving,SrcMarker,csn_js,test#407,0,0.007509735413,0.006055450067,92,102,81.627558836,59.367157519
semantic-preserving,SrcMarker,csn_js,test#408,0,0.033256202936,0.019990520552,590,555,56.366445655,36.018955949
semantic-preserving,SrcMarker,csn_js,test#409,0,0.004053966142,0.002394692972,37,38,109.566652493,63.018236113
semantic-preserving,SrcMarker,csn_js,test#410,0,0.009379086085,0.006523240358,143,142,65.588014578,45.938312378
semantic-preserving,SrcMarker,csn_js,test#411,0,0.026655286551,0.016427659430,440,374,60.580196706,43.924223074
semantic-preserving,SrcMarker,csn_js,test#412,0,0.011737686582,0.009205636568,195,178,60.193264523,51.717059373
semantic-preserving,SrcMarker,csn_js,test#413,0,0.014991978183,0.011523016728,177,181,84.700441714,63.663075848
semantic-preserving,SrcMarker,csn_js,test#414,0,0.005771417171,0.003191020340,74,60,77.992123929,53.183672329
semantic-preserving,SrcMarker,csn_js,test#415,0,0.005457089283,0.003182109445,63,60,86.620464803,53.035157422
semantic-preserving,SrcMarker,csn_js,test#416,0,0.033825741149,0.020668074489,530,486,63.822153112,42.526902240
semantic-preserving,SrcMarker,csn_js,test#417,0,0.006209798157,0.004492208362,74,83,83.916191314,54.122992309
semantic-preserving,SrcMarker,csn_js,test#418,0,0.006355256774,0.003622400574,77,77,82.535802254,47.044163304
semantic-preserving,SrcMarker,csn_js,test#419,0,0.004097897559,0.002751360647,33,40,124.178713921,68.784016185
semantic-preserving,SrcMarker,csn_js,test#420,0,0.035049895756,0.021406293847,622,602,56.350314720,35.558627652
semantic-preserving,SrcMarker,csn_js,test#421,0,0.009084022604,0.005908955820,118,121,76.983242406,48.834345619
semantic-preserving,SrcMarker,csn_js,test#422,0,0.015580481850,0.013829210773,216,256,72.131860415,54.020354582
semantic-preserving,SrcMarker,csn_js,test#423,0,0.006461377256,0.004063862376,73,72,88.512017200,56.442532999
semantic-preserving,SrcMarker,csn_js,test#424,0,0.013154992834,0.007763705216,192,168,68.515587676,46.212531050
semantic-preserving,SrcMarker,csn_js,test#425,0,0.006689596921,0.003985912539,83,79,80.597553268,50.454589102
semantic-preserving,SrcMarker,csn_js,test#426,0,0.004953881726,0.003281404264,46,48,107.693080993,68.362588839
semantic-preserving,SrcMarker,csn_js,test#427,0,0.009420124814,0.005459805951,146,142,64.521402835,38.449337680
semantic-preserving,SrcMarker,csn_js,test#428,0,0.008427521214,0.005865528248,92,102,91.603491455,57.505178904
semantic-preserving,SrcMarker,csn_js,test#429,0,0.017730686814,0.011158423498,216,216,82.086513026,51.659368048
semantic-preserving,SrcMarker,csn_js,test#430,0,0.015876790509,0.011351699941,211,219,75.245452648,51.834246305
semantic-preserving,SrcMarker,csn_js,test#431,0,0.009389936924,0.007683526725,115,134,81.651625426,57.339751676
semantic-preserving,SrcMarker,csn_js,test#432,0,0.010337902233,0.005939467810,126,117,82.046843119,50.764682138
semantic-preserving,SrcMarker,csn_js,test#433,0,0.005276021548,0.003231897019,53,57,99.547576370,56.699947699
semantic-preserving,SrcMarker,csn_js,test#434,0,0.018548669294,0.014054269530,264,257,70.260110960,54.685873657
semantic-preserving,SrcMarker,csn_js,test#435,0,0.011545413174,0.010213301517,180,199,64.141184299,51.323123201
semantic-preserving,SrcMarker,csn_js,test#436,0,0.006705570035,0.004299117252,107,82,62.668878829,52.428259174
semantic-preserving,SrcMarker,csn_js,test#437,0,0.010563510470,0.007279152982,119,133,88.768995547,54.730473548
semantic-preserving,SrcMarker,csn_js,test#438,0,0.008332828991,0.004930232652,126,113,66.133563422,43.630377447
semantic-preserving,SrcMarker,csn_js,test#439,0,0.004779669456,0.003449551761,47,57,101.695094812,60.518451950
semantic-preserving,SrcMarker,csn_js,test#440,0,0.004371487536,0.002422759309,49,44,89.214031337,55.062711578
semantic-preserving,SrcMarker,csn_js,test#441,0,0.024338225834,0.015886298381,518,402,46.984991958,39.518155176
semantic-preserving,SrcMarker,csn_js,test#442,0,0.009805380367,0.005812805146,153,126,64.087453377,46.133374174
semantic-preserving,SrcMarker,csn_js,test#443,0,0.017401255667,0.013353528455,291,293,59.798129441,45.575182440
semantic-preserving,SrcMarker,csn_js,test#444,0,0.007045991719,0.005250762217,87,100,80.988410561,52.507622167
semantic-preserving,SrcMarker,csn_js,test#445,0,0.008357109502,0.006324579939,106,111,78.840655679,56.978197651
semantic-preserving,SrcMarker,csn_js,test#446,0,0.009638632648,0.005811866373,99,105,97.359925734,55.351108313
semantic-preserving,SrcMarker,csn_js,test#447,0,0.004585398361,0.002290224656,35,33,131.011381745,69.400747166
semantic-preserving,SrcMarker,csn_js,test#448,0,0.032487029210,0.020653004758,534,548,60.837133352,37.687964887
semantic-preserving,SrcMarker,csn_js,test#449,0,0.008426325396,0.005094628781,101,97,83.428964314,52.521946197
semantic-preserving,SrcMarker,csn_js,test#450,0,0.004730789922,0.002728534862,44,41,107.517952777,66.549630790
semantic-preserving,SrcMarker,csn_js,test#451,0,0.004211826250,0.002543633804,31,34,135.865362902,74.812758933
semantic-preserving,SrcMarker,csn_js,test#452,0,0.004495571367,0.002669137903,36,40,124.876982429,66.728447564
semantic-preserving,SrcMarker,csn_js,test#453,0,0.005815546960,0.004044267349,88,87,66.085760905,46.485831597
semantic-preserving,SrcMarker,csn_js,test#454,0,0.008432497270,0.005384020507,96,80,87.838513233,67.300256342
semantic-preserving,SrcMarker,csn_js,test#455,0,0.017045137472,0.009098219685,192,176,88.776757669,51.694430030
semantic-preserving,SrcMarker,csn_js,test#456,0,0.005966029130,0.004105191678,53,63,112.566587357,65.161772664
semantic-preserving,SrcMarker,csn_js,test#457,0,0.016518608667,0.013908235356,221,236,74.744835597,58.933200662
semantic-preserving,SrcMarker,csn_js,test#458,0,0.007961296476,0.005818075500,79,94,100.775904765,61.894420217
semantic-preserving,SrcMarker,csn_js,test#459,0,0.017110353336,0.012817436829,238,238,71.892240906,53.854776593
semantic-preserving,SrcMarker,csn_js,test#460,0,0.007177384570,0.004920843057,77,75,93.212786627,65.611240764
semantic-preserving,SrcMarker,csn_js,test#461,0,0.004232374020,0.002370422706,33,31,128.253758179,76.465248581
semantic-preserving,SrcMarker,csn_js,test#462,0,0.004697896540,0.002723190002,37,39,126.970176761,69.825384670
semantic-preserving,SrcMarker,csn_js,test#463,0,0.007400351577,0.004341965541,78,73,94.876302263,59.478980017
semantic-preserving,SrcMarker,csn_js,test#464,0,0.008685893379,0.006174473092,77,85,112.803810119,72.640859905
semantic-preserving,SrcMarker,csn_js,test#465,0,0.005917846225,0.003862120211,50,49,118.356924504,78.818779819
semantic-preserving,SrcMarker,csn_js,test#466,0,0.006267817691,0.003911120817,55,49,113.960321654,79.818792185
semantic-preserving,SrcMarker,csn_js,test#467,0,0.009217633866,0.005585181527,119,100,77.459108116,55.851815268
semantic-preserving,SrcMarker,csn_js,test#468,0,0.004203299060,0.002487949096,35,34,120.094258870,73.174973402
semantic-preserving,SrcMarker,csn_js,test#469,0,0.007726753131,0.004690023139,79,77,97.807001653,60.909391417
semantic-preserving,SrcMarker,csn_js,test#470,0,0.014736978337,0.009503164329,220,218,66.986265169,43.592496920
semantic-preserving,SrcMarker,csn_js,test#471,0,0.030797979794,0.020166561939,527,459,58.440189363,43.935864790
semantic-preserving,SrcMarker,csn_js,test#472,0,0.012103066780,0.007199374959,143,142,84.636830627,50.699823654
semantic-preserving,SrcMarker,csn_js,test#473,0,0.018284644932,0.012539463118,206,191,88.760412289,65.651639360
semantic-preserving,SrcMarker,csn_js,test#474,0,0.004716829397,0.003095946275,50,55,94.336587936,56.289932267
semantic-preserving,SrcMarker,csn_js,test#475,0,0.005275729112,0.003311030567,48,51,109.911023173,64.922167974
semantic-preserving,SrcMarker,csn_js,test#476,0,0.010507012717,0.007769553922,147,147,71.476276989,52.854108314
semantic-preserving,SrcMarker,csn_js,test#477,0,0.007879683748,0.005910561420,117,121,67.347724341,48.847615042
semantic-preserving,SrcMarker,csn_js,test#478,0,0.024611415341,0.017375821248,349,343,70.519814732,50.658370985
semantic-preserving,SrcMarker,csn_js,test#479,0,0.015293533914,0.011078734882,219,210,69.833488191,52.755880391
semantic-preserving,SrcMarker,csn_js,test#480,0,0.008655843325,0.006044068374,83,87,104.287268975,69.472050273
semantic-preserving,SrcMarker,csn_js,test#481,0,0.007400013506,0.004660217091,104,99,71.153976023,47.072899914
semantic-preserving,SrcMarker,csn_js,test#482,0,0.013378032483,0.008137931116,179,161,74.737611638,50.546156000
semantic-preserving,SrcMarker,csn_js,test#483,0,0.007916731760,0.004949781112,107,104,73.988147289,47.594049157
semantic-preserving,SrcMarker,csn_js,test#484,0,0.021738524549,0.013624083251,301,279,72.221011790,48.831839608
semantic-preserving,SrcMarker,csn_js,test#485,0,0.014406735078,0.009496160783,173,169,83.275925303,56.190300490
semantic-preserving,SrcMarker,csn_js,test#486,0,0.005396868102,0.003221414052,52,57,103.785925043,56.516035999
semantic-preserving,SrcMarker,csn_js,test#487,0,0.010044581257,0.005855134688,137,116,73.318111364,50.475299037
semantic-preserving,SrcMarker,csn_js,test#488,0,0.004147348925,0.002861419693,59,65,70.294049584,44.021841425
semantic-preserving,SrcMarker,csn_js,test#489,0,0.005607564002,0.003430901095,75,65,74.767520030,52.783093773
semantic-preserving,SrcMarker,csn_js,test#490,0,0.020162480883,0.011858503334,254,244,79.379845997,48.600423501
semantic-preserving,SrcMarker,csn_js,test#491,0,0.007124525495,0.004384885542,98,91,72.699239744,48.185555408
semantic-preserving,SrcMarker,csn_js,test#492,0,0.004205814563,0.002329409122,38,36,110.679330598,64.705808957
semantic-preserving,SrcMarker,csn_js,test#493,0,0.016262040474,0.009860623628,243,227,66.921977257,43.438870607
semantic-preserving,SrcMarker,csn_js,test#494,0,0.012318044901,0.007947262377,196,180,62.847167862,44.151457647
semantic-preserving,SrcMarker,csn_js,test#495,0,0.005983737297,0.003400084563,68,64,87.996136726,53.126321291
semantic-preserving,SrcMarker,csn_js,test#496,0,0.006089839153,0.003548809327,82,78,74.266331134,45.497555477
semantic-preserving,SrcMarker,csn_js,test#497,0,0.007121027447,0.004420209676,107,103,66.551658386,42.914657049
semantic-preserving,SrcMarker,csn_js,test#498,0,0.004250256345,0.002496546134,39,45,108.980931915,55.478802986
semantic-preserving,SrcMarker,csn_js,test#499,0,0.008172258735,0.005930545740,111,105,73.623952565,56.481387998
semantic-preserving,SrcMarker,csn_js,test#500,0,0.007343181409,0.004679292440,79,70,92.951663404,66.847034863
semantic-preserving,SrcMarker,csn_js,test#501,0,0.011868586764,0.005865821615,119,115,99.736023225,51.007144477
semantic-preserving,SrcMarker,csn_js,test#502,0,0.004986503161,0.003058614209,68,59,73.330928845,51.840918802
semantic-preserving,SrcMarker,csn_js,test#503,0,0.003674634732,0.002250486054,29,32,126.711542493,70.327689173
semantic-preserving,SrcMarker,csn_js,test#504,0,0.004636639729,0.002631909214,50,46,92.732794583,57.215417695
semantic-preserving,SrcMarker,csn_js,test#505,0,0.006760185584,0.003880869597,75,68,90.135807792,57.071611723
semantic-preserving,SrcMarker,csn_js,test#506,0,0.006224614568,0.004251660779,60,73,103.743576134,58.241928481
semantic-preserving,SrcMarker,csn_js,test#507,0,0.012148215435,0.007425898686,149,133,81.531647218,55.833824707
semantic-preserving,SrcMarker,csn_js,test#508,0,0.005313856527,0.003196189180,56,64,94.890295129,49.940455938
semantic-preserving,SrcMarker,csn_js,test#509,0,0.005206782371,0.003014177084,44,43,118.335962973,70.097141488
semantic-preserving,SrcMarker,csn_js,test#510,0,0.009423391894,0.006881345995,125,133,75.387135148,51.739443570
semantic-preserving,SrcMarker,csn_js,test#511,0,0.007255424745,0.004272051156,70,72,103.648924934,59.334043827
semantic-preserving,SrcMarker,csn_js,test#512,0,0.005719259381,0.003584253602,45,49,127.094652918,73.148032688
semantic-preserving,SrcMarker,csn_js,test#513,0,0.005283399485,0.003531130031,53,58,99.686782737,60.881552254
semantic-preserving,SrcMarker,csn_js,test#514,0,0.007167776115,0.003943252377,73,66,98.188713907,59.746248140
semantic-preserving,SrcMarker,csn_js,test#515,0,0.008204420097,0.005054784939,102,89,80.435491149,56.795336390
semantic-preserving,SrcMarker,csn_js,test#516,0,0.003934199922,0.002351181582,39,41,100.876921071,57.345892235
semantic-preserving,SrcMarker,csn_js,test#517,0,0.004331523553,0.002830701880,41,47,105.646915916,60.227699578
semantic-preserving,SrcMarker,csn_js,test#518,0,0.022055444308,0.014440809377,312,299,70.690526627,48.297021326
semantic-preserving,SrcMarker,csn_js,test#519,0,0.007313996553,0.004739033058,90,91,81.266628371,52.077286355
semantic-preserving,SrcMarker,csn_js,test#520,0,0.007333617657,0.004494545050,87,82,84.294455832,54.811525000
semantic-preserving,SrcMarker,csn_js,test#521,0,0.005221177824,0.003920000046,61,66,85.593079079,59.393940098
semantic-preserving,SrcMarker,csn_js,test#522,0,0.009361947887,0.007003247738,112,118,83.588820416,59.349557101
semantic-preserving,SrcMarker,csn_js,test#523,0,0.012257413007,0.009042345919,169,184,72.529071049,49.143184341
semantic-preserving,SrcMarker,csn_js,test#524,0,0.006834817119,0.003889082931,78,67,87.625860499,58.046013895
semantic-preserving,SrcMarker,csn_js,test#525,0,0.011721383780,0.008135170676,192,179,61.048873855,45.447880870
semantic-preserving,SrcMarker,csn_js,test#526,0,0.005220856518,0.002978820354,49,47,106.548092195,63.379156463
semantic-preserving,SrcMarker,csn_js,test#527,0,0.005004302599,0.003036375158,40,40,125.107564963,75.909378938
semantic-preserving,SrcMarker,csn_js,test#528,0,0.007192467339,0.004043315537,71,72,101.302356892,56.157160240
semantic-preserving,SrcMarker,csn_js,test#529,0,0.026214201935,0.018857497722,371,390,70.658226239,48.352558261
semantic-preserving,SrcMarker,csn_js,test#530,0,0.008615099825,0.005976815708,94,102,91.649998138,58.596232431
semantic-preserving,SrcMarker,csn_js,test#531,0,0.013877038844,0.008882907219,189,189,73.423485947,46.999509096
semantic-preserving,SrcMarker,csn_js,test#532,0,0.013003593311,0.010830390267,143,175,90.934218956,61.887944383
semantic-preserving,SrcMarker,csn_js,test#533,0,0.014319420792,0.011657117866,174,210,82.295521794,55.510085076
semantic-preserving,SrcMarker,csn_js,test#534,0,0.026676853187,0.022048775107,326,428,81.830837998,51.515829688
semantic-preserving,SrcMarker,csn_js,test#535,0,0.004451370798,0.002521907911,34,36,130.922670531,70.052997520
semantic-preserving,SrcMarker,csn_js,test#536,0,0.028586586937,0.020964871161,492,446,58.102818978,47.006437580
semantic-preserving,SrcMarker,csn_js,test#537,0,0.007356110960,0.004030431621,74,75,99.406904868,53.739088277
semantic-preserving,SrcMarker,csn_js,test#538,0,0.010649048723,0.007199910469,118,117,90.246175621,61.537696319
semantic-preserving,SrcMarker,csn_js,test#539,0,0.022174883634,0.012930769473,283,253,78.356479272,51.109760764
semantic-preserving,SrcMarker,csn_js,test#540,0,0.006615740247,0.004399715923,77,82,85.918704507,53.655072229
semantic-preserving,SrcMarker,csn_js,test#541,0,0.022570325062,0.015160226263,310,285,72.807500199,53.193776362
semantic-preserving,SrcMarker,csn_js,test#542,0,0.020656625740,0.012416512705,273,234,75.665295752,53.062020108
semantic-preserving,SrcMarker,csn_js,test#543,0,0.007425369695,0.005035681650,86,79,86.341508079,63.742805697
semantic-preserving,SrcMarker,csn_js,test#544,0,0.007169657387,0.004850869998,80,73,89.620717335,66.450273950
semantic-preserving,SrcMarker,csn_js,test#545,0,0.004944401793,0.002463506535,47,40,105.200038153,61.587663367
semantic-preserving,SrcMarker,csn_js,test#546,0,0.007702694274,0.005257350393,100,99,77.026942745,53.104549421
semantic-preserving,SrcMarker,csn_js,test#547,0,0.009003766812,0.005897070281,102,109,88.272223651,54.101562213
semantic-preserving,SrcMarker,csn_js,test#548,0,0.016960808076,0.010075071827,217,198,78.160405880,50.884201144
semantic-preserving,SrcMarker,csn_js,test#549,0,0.006430529989,0.003771793097,65,64,98.931230605,58.934267145
semantic-preserving,SrcMarker,csn_js,test#550,0,0.004791088402,0.002535747364,48,46,99.814341714,55.124942699
semantic-preserving,SrcMarker,csn_js,test#551,0,0.009037341923,0.006748129614,113,110,79.976477190,61.346632852
semantic-preserving,SrcMarker,csn_js,test#552,0,0.008797470480,0.006202862598,115,129,76.499743306,48.084206186
semantic-preserving,SrcMarker,csn_js,test#553,0,0.019097598270,0.014880246483,257,248,74.309720893,60.000993882
semantic-preserving,SrcMarker,csn_js,test#554,0,0.008035247214,0.004576958716,85,77,94.532320166,59.441022285
semantic-preserving,SrcMarker,csn_js,test#555,0,0.010838892311,0.006623134017,133,131,81.495430909,50.558274939
semantic-preserving,SrcMarker,csn_js,test#556,0,0.010951779783,0.006648355164,144,142,76.054026269,46.819402561
semantic-preserving,SrcMarker,csn_js,test#557,0,0.007271105424,0.005005035549,86,94,84.547737483,53.245059036
semantic-preserving,SrcMarker,csn_js,test#558,0,0.006930435076,0.003869296052,81,72,85.560926869,53.740222938
semantic-preserving,SrcMarker,csn_js,test#559,0,0.010040598921,0.004921140149,101,100,99.411870510,49.211401492
semantic-preserving,SrcMarker,csn_js,test#560,0,0.008039730601,0.005307330750,82,84,98.045495134,63.182508928
semantic-preserving,SrcMarker,csn_js,test#561,0,0.021102282219,0.015685031191,282,270,74.830788009,58.092708113
semantic-preserving,SrcMarker,csn_js,test#562,0,0.013055864722,0.007763213478,177,159,73.761947579,48.825242000
semantic-preserving,SrcMarker,csn_js,test#563,0,0.022322559729,0.013800119981,264,254,84.555150489,54.331181028
semantic-preserving,SrcMarker,csn_js,test#564,0,0.005158159882,0.002992590889,47,53,109.748082592,56.463979044
semantic-preserving,SrcMarker,csn_js,test#565,0,0.009506801143,0.007240757346,119,143,79.889085238,50.634666756
semantic-preserving,SrcMarker,csn_js,test#566,0,0.015149184503,0.009044544771,190,170,79.732550014,53.203204537
semantic-preserving,SrcMarker,csn_js,test#567,0,0.009563350119,0.006203905679,124,116,77.123791280,53.481945511
semantic-preserving,SrcMarker,csn_js,test#568,0,0.018558270298,0.013108341955,245,244,75.748042032,53.722712929
semantic-preserving,SrcMarker,csn_js,test#569,0,0.011897674762,0.008508607745,176,173,67.600424782,49.182703729
semantic-preserving,SrcMarker,csn_js,test#570,0,0.034971505404,0.022157722153,458,471,76.356998698,47.043996078
semantic-preserving,SrcMarker,csn_js,test#571,0,0.008017154410,0.005068073049,83,93,96.592221813,54.495409131
semantic-preserving,SrcMarker,csn_js,test#572,0,0.004873707891,0.002750831656,50,45,97.474157810,61.129592359
semantic-preserving,SrcMarker,csn_js,test#573,0,0.005177403800,0.002979141660,52,48,99.565457696,62.065451251
semantic-preserving,SrcMarker,csn_js,test#574,0,0.006130441092,0.003643074073,70,61,87.577729885,59.722525785
semantic-preserving,SrcMarker,csn_js,test#575,0,0.004772217013,0.002709926106,48,49,99.421187770,55.304614409
semantic-preserving,SrcMarker,csn_js,test#576,0,0.004836125299,0.002825198695,40,39,120.903132483,72.440992181
semantic-preserving,SrcMarker,csn_js,test#577,0,0.010196715593,0.005691977218,120,102,84.972629944,55.803698214
semantic-preserving,SrcMarker,csn_js,test#578,0,0.008017722517,0.006505074911,70,89,114.538893104,73.090729335
semantic-preserving,SrcMarker,csn_js,test#579,0,0.025428025052,0.015307088383,438,364,58.054851717,42.052440611
semantic-preserving,SrcMarker,csn_js,test#580,0,0.018916935660,0.012060142122,301,269,62.846962325,44.833242090
semantic-preserving,SrcMarker,csn_js,test#581,0,0.015099107288,0.008696813136,199,188,75.874910994,46.259644342
semantic-preserving,SrcMarker,csn_js,test#582,0,0.004139896482,0.002718094736,28,37,147.853445794,73.462019901
semantic-preserving,SrcMarker,csn_js,test#583,0,0.006172421388,0.003625385463,61,62,101.187235874,58.473959084
semantic-preserving,SrcMarker,csn_js,test#584,0,0.004284162074,0.002303184941,29,40,147.729726701,57.579623535
semantic-preserving,SrcMarker,csn_js,test#585,0,0.022510316223,0.011720731854,243,219,92.635046185,53.519323536
semantic-preserving,SrcMarker,csn_js,test#586,0,0.019097478129,0.014394782484,243,269,78.590444975,53.512202541
semantic-preserving,SrcMarker,csn_js,test#587,0,0.006210803054,0.003445938230,58,52,107.082811281,66.268042876
semantic-preserving,SrcMarker,csn_js,test#588,0,0.008465190418,0.006707592867,112,118,75.582057304,56.844007350
semantic-preserving,SrcMarker,csn_js,test#589,0,0.012606203556,0.010519014671,164,197,76.867094854,53.396013561
semantic-preserving,SrcMarker,csn_js,test#590,0,0.004123057239,0.002386233769,32,34,128.845538711,70.183346158
semantic-preserving,SrcMarker,csn_js,test#591,0,0.005809917115,0.003272239119,60,55,96.831951911,59.495256706
semantic-preserving,SrcMarker,csn_js,test#592,0,0.004763957113,0.002842150629,41,44,116.194075928,64.594332467
semantic-preserving,SrcMarker,csn_js,test#593,0,0.006978889927,0.004624224268,84,85,83.082022944,54.402638446
semantic-preserving,SrcMarker,csn_js,test#594,0,0.004167496227,0.002597193234,33,37,126.287764446,70.194411721
semantic-preserving,SrcMarker,csn_js,test#595,0,0.017199891619,0.010744820349,217,203,79.262173361,52.930149502
semantic-preserving,SrcMarker,csn_js,test#596,0,0.008133322932,0.005020751618,80,85,101.666536648,59.067666092
semantic-preserving,SrcMarker,csn_js,test#597,0,0.020099851303,0.014678565785,296,309,67.904903050,47.503449143
semantic-preserving,SrcMarker,csn_js,test#598,0,0.003792816773,0.002455067821,37,34,102.508561434,72.207877084
semantic-preserving,SrcMarker,csn_js,test#599,0,0.004802786745,0.002512081526,38,37,126.389124872,67.894095303
semantic-preserving,SrcMarker,csn_js,test#600,0,0.006460535340,0.003683408722,63,66,102.548180000,55.809223065
semantic-preserving,SrcMarker,csn_js,test#601,0,0.004594220780,0.002423427068,36,37,127.617243884,65.498028857
semantic-preserving,SrcMarker,csn_js,test#602,0,0.020626042038,0.012883231975,271,272,76.110856230,47.364823438
semantic-preserving,SrcMarker,csn_js,test#603,0,0.006169244647,0.004598977044,81,93,76.163514161,49.451366067
semantic-preserving,SrcMarker,csn_js,test#604,0,0.004498635419,0.002417090349,41,37,109.722815091,65.326766186
semantic-preserving,SrcMarker,csn_js,test#605,0,0.010288898833,0.006534487940,121,110,85.032221761,59.404435822
semantic-preserving,SrcMarker,csn_js,test#606,0,0.006637784652,0.003642762080,56,53,118.531868793,68.731359997
semantic-preserving,SrcMarker,csn_js,test#607,0,0.010796413757,0.007447325625,145,143,74.458025910,52.079200172
semantic-preserving,SrcMarker,csn_js,test#608,0,0.006261396222,0.004244772717,99,105,63.246426483,40.426406832
semantic-preserving,SrcMarker,csn_js,test#609,0,0.014913734980,0.009605017491,216,206,69.045069352,46.626298498
semantic-preserving,SrcMarker,csn_js,test#610,0,0.006725112908,0.004579857923,70,79,96.073041537,57.972885102
semantic-preserving,SrcMarker,csn_js,test#611,0,0.007131640799,0.004830943421,83,91,85.923383125,53.087290335
semantic-preserving,SrcMarker,csn_js,test#612,0,0.004092019051,0.002627538517,41,40,99.805342715,65.688462928
semantic-preserving,SrcMarker,csn_js,test#613,0,0.005480477586,0.003076755442,57,51,96.148729586,60.328538073
semantic-preserving,SrcMarker,csn_js,test#614,0,0.006695299409,0.005055986345,80,77,83.691242617,65.662160322
semantic-preserving,SrcMarker,csn_js,test#615,0,0.005038081668,0.003093001433,39,38,129.181581239,81.394774545
semantic-preserving,SrcMarker,csn_js,test#616,0,0.006711601280,0.003903389908,48,49,139.825026660,79.661018538
semantic-preserving,SrcMarker,csn_js,test#617,0,0.010081009008,0.006126293913,116,119,86.905250069,51.481461450
semantic-preserving,SrcMarker,csn_js,test#618,0,0.012934036553,0.009162946604,150,154,86.226910353,59.499653274
semantic-preserving,SrcMarker,csn_js,test#619,0,0.025430554524,0.015835120343,325,308,78.247860074,51.412728385
semantic-preserving,SrcMarker,csn_js,test#620,0,0.005338891409,0.003073194996,51,47,104.684145281,65.387127564
semantic-preserving,SrcMarker,csn_js,test#621,0,0.008290526457,0.005479566753,79,89,104.943372875,61.568165763
semantic-preserving,SrcMarker,csn_js,test#622,0,0.008051158860,0.005283568986,94,91,85.650626174,58.061197646
semantic-preserving,SrcMarker,csn_js,test#623,0,0.009402840398,0.006995298900,118,111,79.685088121,63.020710808
semantic-preserving,SrcMarker,csn_js,test#624,0,0.009870377369,0.008157797158,136,151,72.576304185,54.025146740
semantic-preserving,SrcMarker,csn_js,test#625,0,0.006804161705,0.004224146716,80,71,85.052021313,59.495024173
semantic-preserving,SrcMarker,csn_js,test#626,0,0.007492898963,0.004998188466,76,73,98.590775834,68.468335148
semantic-preserving,SrcMarker,csn_js,test#627,0,0.003939990886,0.002215102315,30,28,131.333029519,79.110796962
semantic-preserving,SrcMarker,csn_js,test#628,0,0.006557668559,0.004125180654,88,75,74.518960901,55.002408723
semantic-preserving,SrcMarker,csn_js,test#629,0,0.015691305511,0.009637052193,197,187,79.651297009,51.535038467
semantic-preserving,SrcMarker,csn_js,test#630,0,0.007360062562,0.004384104162,106,82,69.434552471,53.464684908
semantic-preserving,SrcMarker,csn_js,test#631,0,0.003787539899,0.002286054194,26,34,145.674611513,67.236888058
semantic-preserving,SrcMarker,csn_js,test#632,0,0.008447240107,0.006733232178,98,119,86.196327620,56.581783007
semantic-preserving,SrcMarker,csn_js,test#633,0,0.024218193255,0.015309100039,386,353,62.741433304,43.368555352
semantic-preserving,SrcMarker,csn_js,test#634,0,0.007264320739,0.004586472176,97,88,74.889904522,52.119002000
semantic-preserving,SrcMarker,csn_js,test#635,0,0.022087364458,0.014212866314,285,296,77.499524412,48.016440249
semantic-preserving,SrcMarker,csn_js,test#636,0,0.014418751933,0.009277279489,170,170,84.816187839,54.572232287
semantic-preserving,SrcMarker,csn_js,test#637,0,0.010765392333,0.006710453890,113,119,95.268958701,56.390368826
semantic-preserving,SrcMarker,csn_js,test#638,0,0.006156429648,0.004336859100,69,79,89.223618093,54.896950627
semantic-preserving,SrcMarker,csn_js,test#639,0,0.010523174889,0.007881509140,131,144,80.329579308,54.732702362
semantic-preserving,SrcMarker,csn_js,test#640,0,0.006608578376,0.004459037445,64,73,103.259037132,61.082704733
semantic-preserving,SrcMarker,csn_js,test#641,0,0.006660505198,0.004364679568,70,71,95.150074256,61.474360106
semantic-preserving,SrcMarker,csn_js,test#642,0,0.006344029680,0.003568475135,52,51,122.000570767,69.970100680
semantic-preserving,SrcMarker,csn_js,test#643,0,0.004811050370,0.002905474976,34,39,141.501481480,74.499358351
semantic-preserving,SrcMarker,csn_js,test#644,0,0.006125019863,0.004050869495,59,64,103.813895987,63.294835854
semantic-preserving,SrcMarker,csn_js,test#645,0,0.007222697139,0.004341062158,80,81,90.283714235,53.593359980
semantic-preserving,SrcMarker,csn_js,test#646,0,0.035894813947,0.022671678104,570,575,62.973357802,39.429005397
semantic-preserving,SrcMarker,csn_js,test#647,0,0.004375470802,0.002256743610,35,35,125.013451491,64.478388854
semantic-preserving,SrcMarker,csn_js,test#648,0,0.007482332177,0.004189097323,83,72,90.148580451,58.181907257
semantic-preserving,SrcMarker,csn_js,test#649,0,0.010929027572,0.007320587523,137,140,79.773923885,52.289910881
semantic-preserving,SrcMarker,csn_js,test#650,0,0.015021678992,0.009560685605,198,182,75.867065614,52.531239587
semantic-preserving,SrcMarker,csn_js,test#651,0,0.004785513505,0.003160342574,42,45,113.940797746,70.229834980
semantic-preserving,SrcMarker,csn_js,test#652,0,0.005807915702,0.003553293645,60,60,96.798595041,59.221560756
semantic-preserving,SrcMarker,csn_js,test#653,0,0.007303687744,0.005889996886,112,132,65.211497713,44.621188532
semantic-preserving,SrcMarker,csn_js,test#654,0,0.008284771815,0.004441368394,88,82,94.145134261,54.163029190
semantic-preserving,SrcMarker,csn_js,test#655,0,0.010974748060,0.007329716347,141,132,77.835092625,55.528154145
semantic-preserving,SrcMarker,csn_js,test#656,0,0.012714822777,0.009045843966,162,182,78.486560349,49.702439375
semantic-preserving,SrcMarker,csn_js,test#657,0,0.013768184930,0.008384579793,207,181,66.512970677,46.323645263
semantic-preserving,SrcMarker,csn_js,test#658,0,0.011103518307,0.007358275354,156,139,71.176399405,52.937232762
semantic-preserving,SrcMarker,csn_js,test#659,0,0.005687710829,0.003588414751,72,64,78.995983737,56.068980484
semantic-preserving,SrcMarker,csn_js,test#660,0,0.025297814049,0.015166549012,338,334,74.845603695,45.408829377
semantic-preserving,SrcMarker,csn_js,test#661,0,0.020444235764,0.012500450015,238,231,85.900150271,54.114502230
semantic-preserving,SrcMarker,csn_js,test#662,0,0.021023771726,0.015772755258,299,291,70.313617811,54.201908102
semantic-preserving,SrcMarker,csn_js,test#663,0,0.010087746195,0.005961172283,133,119,75.847715756,50.093884729
semantic-preserving,SrcMarker,csn_js,test#664,0,0.003568719141,0.002085328102,28,27,127.454255042,77.234374152
semantic-preserving,SrcMarker,csn_js,test#665,0,0.007412948646,0.004707864486,87,77,85.206306272,61.141097217
semantic-preserving,SrcMarker,csn_js,test#666,0,0.006187512539,0.003488888964,63,52,98.214484751,67.094018540
semantic-preserving,SrcMarker,csn_js,test#667,0,0.015077618882,0.010370265692,196,179,76.926626949,57.934445209
semantic-preserving,SrcMarker,csn_js,test#668,0,0.006595794111,0.003738353029,53,52,124.448945500,71.891404402
semantic-preserving,SrcMarker,csn_js,test#669,0,0.011827140115,0.006981248967,155,143,76.304129775,48.819922849
semantic-preserving,SrcMarker,csn_js,test#670,0,0.008245769888,0.005315715447,111,98,74.286215209,54.241994358
semantic-preserving,SrcMarker,csn_js,test#671,0,0.008752458729,0.005357698537,102,90,85.808418910,59.529983749
semantic-preserving,SrcMarker,csn_js,test#672,0,0.006585923024,0.004419005476,59,65,111.625813958,67.984699630
semantic-preserving,SrcMarker,csn_js,test#673,0,0.006621186621,0.004432652146,76,78,87.120876599,56.828873662
semantic-preserving,SrcMarker,csn_js,test#674,0,0.007280047983,0.004253189079,87,74,83.678712447,57.475528101
semantic-preserving,SrcMarker,csn_js,test#675,0,0.008748488501,0.005827713758,113,108,77.420252219,53.960312572
semantic-preserving,SrcMarker,csn_js,test#676,0,0.005990023725,0.003720952198,63,62,95.079741662,60.015358031
semantic-preserving,SrcMarker,csn_js,test#677,0,0.009578749537,0.006194150075,174,168,55.050284698,36.869940925
semantic-preserving,SrcMarker,csn_js,test#678,0,0.014911790378,0.011095293798,188,188,79.318033928,59.017520200
semantic-preserving,SrcMarker,csn_js,test#679,0,0.005349647254,0.003030238673,48,41,111.450984453,73.908260319
semantic-preserving,SrcMarker,csn_js,test#680,0,0.005229017697,0.002971052192,52,49,100.558032640,60.633718207
semantic-preserving,SrcMarker,csn_js,test#681,0,0.005193407647,0.003106606193,44,45,118.031991984,69.035693175
semantic-preserving,SrcMarker,csn_js,test#682,0,0.006800855510,0.004643470980,82,80,82.937262316,58.043387253
semantic-preserving,SrcMarker,csn_js,test#683,0,0.004786587320,0.002850190736,48,47,99.720569172,60.642356093
semantic-preserving,SrcMarker,csn_js,test#684,0,0.023307396099,0.018751239404,336,361,69.367250295,51.942491424
semantic-preserving,SrcMarker,csn_js,test#685,0,0.008090254851,0.005086080171,103,99,78.546163599,51.374547184
semantic-preserving,SrcMarker,csn_js,test#686,0,0.003728887066,0.002257298678,30,30,124.296235542,75.243289272
semantic-preserving,SrcMarker,csn_js,test#687,0,0.005544167943,0.003183093853,54,47,102.669776728,67.725401134
semantic-preserving,SrcMarker,csn_js,test#688,0,0.009030722082,0.005602927878,95,87,95.060232439,64.401469868
semantic-preserving,SrcMarker,csn_js,test#689,0,0.023508783430,0.018144100904,342,371,68.739132836,48.905932357
semantic-preserving,SrcMarker,csn_js,test#690,0,0.007085345685,0.003802116029,63,49,112.465804531,77.594204673
semantic-preserving,SrcMarker,csn_js,test#691,0,0.026081355289,0.015677819028,363,312,71.849463605,50.249419963
semantic-preserving,SrcMarker,csn_js,test#692,0,0.016425902024,0.011556674726,306,246,53.679418379,46.978352546
semantic-preserving,SrcMarker,csn_js,test#693,0,0.015626486391,0.009591098875,209,175,74.767877468,54.806279285
semantic-preserving,SrcMarker,csn_js,test#694,0,0.012232845649,0.007453763857,170,144,71.957915583,51.762249010
semantic-preserving,SrcMarker,csn_js,test#695,0,0.023585818708,0.014965544455,317,289,74.403213590,51.783890847
semantic-preserving,SrcMarker,csn_js,test#696,0,0.011315678246,0.006896504201,143,115,79.130617107,59.969601748
semantic-preserving,SrcMarker,csn_js,test#697,0,0.009085350670,0.005223535001,109,97,83.351841008,53.850876302
semantic-preserving,SrcMarker,csn_js,test#698,0,0.005637481809,0.003535817377,62,50,90.927125946,70.716347545
semantic-preserving,SrcMarker,csn_js,test#699,0,0.006129497662,0.004132412374,65,68,94.299964034,60.770770206
semantic-preserving,SrcMarker,csn_js,test#700,0,0.014129493386,0.008827197365,205,171,68.924357978,51.621037225
semantic-preserving,SrcMarker,csn_js,test#701,0,0.006158802658,0.003839300014,70,67,87.982895119,57.302985285
semantic-preserving,SrcMarker,csn_js,test#702,0,0.011602911167,0.006650472060,169,160,68.656279094,41.565450374
semantic-preserving,SrcMarker,csn_js,test#703,0,0.012082291767,0.008181267418,170,187,71.072304512,43.750093144
semantic-preserving,SrcMarker,csn_js,test#704,0,0.011490186676,0.008590604179,167,201,68.803513032,42.739324272
semantic-preserving,SrcMarker,csn_js,test#705,0,0.011636435986,0.009168572724,164,202,70.953877961,45.388973881
semantic-preserving,SrcMarker,csn_js,test#706,0,0.010777029209,0.006536481902,131,129,82.267398541,50.670402341
semantic-preserving,SrcMarker,csn_js,test#707,0,0.036895081401,0.021566074342,665,664,55.481325415,32.479027623
semantic-preserving,SrcMarker,csn_js,test#708,0,0.009407070465,0.006300289184,91,97,103.374400719,64.951434885
semantic-preserving,SrcMarker,csn_js,test#709,0,0.012700249441,0.007511675358,164,151,77.440545372,49.746194423
semantic-preserving,SrcMarker,csn_js,test#710,0,0.015715300106,0.010964534245,161,170,97.610559662,64.497260267
semantic-preserving,SrcMarker,csn_js,test#711,0,0.008004173636,0.004888712429,85,86,94.166748664,56.845493355
semantic-preserving,SrcMarker,csn_js,test#712,0,0.015565682203,0.009422479197,202,230,77.057832686,40.967300858
semantic-preserving,SrcMarker,csn_js,test#713,0,0.009739540517,0.007069186307,116,141,83.961556184,50.136073103
semantic-preserving,SrcMarker,csn_js,test#714,0,0.019813361578,0.013133697212,279,262,71.015632895,50.128615312
semantic-preserving,SrcMarker,csn_js,test#715,0,0.019040090032,0.016922749579,287,303,66.341777115,55.850658676
semantic-preserving,SrcMarker,csn_js,test#716,0,0.029048096389,0.020937032066,419,390,69.327199018,53.684697606
semantic-preserving,SrcMarker,csn_js,test#717,0,0.004878013395,0.002812420949,44,42,110.863940790,66.962403556
semantic-preserving,SrcMarker,csn_js,test#718,0,0.010085880756,0.007953796536,141,152,71.531069194,52.327608788
semantic-preserving,SrcMarker,csn_js,test#719,0,0.003993588500,0.002262760885,28,33,142.628160704,68.568511668
semantic-preserving,SrcMarker,csn_js,test#720,0,0.006403748877,0.004272329621,60,63,106.729147956,67.814755889
semantic-preserving,SrcMarker,csn_js,test#721,0,0.005284361541,0.002937280573,45,42,117.430256473,69.935251737
semantic-preserving,SrcMarker,csn_js,test#722,0,0.010704571381,0.008261613548,150,149,71.363809208,55.447070791
semantic-preserving,SrcMarker,csn_js,test#723,0,0.006462424994,0.004207638092,58,62,111.421120578,67.865130522
semantic-preserving,SrcMarker,csn_js,test#724,0,0.006609118544,0.004422053695,65,69,101.678746824,64.087734706
semantic-preserving,SrcMarker,csn_js,test#725,0,0.011146232486,0.008170770481,140,152,79.615946327,53.755068955
semantic-preserving,SrcMarker,csn_js,test#726,0,0.010045653209,0.006790266372,118,121,85.132654314,56.117903903
semantic-preserving,SrcMarker,csn_js,test#727,0,0.017794019543,0.012389369309,244,251,72.926309601,49.360037087
semantic-preserving,SrcMarker,csn_js,test#728,0,0.010884657502,0.006449847482,135,126,80.627092609,51.189265731
semantic-preserving,SrcMarker,csn_js,test#729,0,0.009970357642,0.006491994485,108,120,92.318126311,54.099954044
semantic-preserving,SrcMarker,csn_js,test#730,0,0.004245548509,0.003006684594,31,38,136.953177712,79.123278786
semantic-preserving,SrcMarker,csn_js,test#731,0,0.004513970576,0.003053940833,34,43,132.763840477,71.021879828
semantic-preserving,SrcMarker,csn_js,test#732,0,0.004487887956,0.002283397131,40,37,112.197198905,61.713435964
semantic-preserving,SrcMarker,csn_js,test#733,0,0.005078974180,0.003765118308,48,57,105.811962082,66.054707164
semantic-preserving,SrcMarker,csn_js,test#734,0,0.005994413048,0.003129027784,49,45,122.334960164,69.533950753
semantic-preserving,SrcMarker,csn_js,test#735,0,0.005711382255,0.004657226615,46,63,124.160483803,73.924231979
semantic-preserving,SrcMarker,csn_js,test#736,0,0.010966518894,0.007232427597,116,122,94.538955981,59.282193418
semantic-preserving,SrcMarker,csn_js,test#737,0,0.004755537026,0.002939070575,42,44,113.227072039,66.797058521
semantic-preserving,SrcMarker,csn_js,test#738,0,0.006650877185,0.003509726375,67,58,99.266823659,60.512523713
semantic-preserving,SrcMarker,csn_js,test#739,0,0.005862988532,0.003241259605,53,53,110.622425124,61.155841598
semantic-preserving,SrcMarker,csn_js,test#740,0,0.012368438765,0.008847234771,135,142,91.618064929,62.304470216
semantic-preserving,SrcMarker,csn_js,test#741,0,0.005050254986,0.002943729982,47,49,107.452233738,60.076122077
semantic-preserving,SrcMarker,csn_js,test#742,0,0.005533421412,0.003138829954,63,57,87.832085907,55.067192175
semantic-preserving,SrcMarker,csn_js,test#743,0,0.004571410827,0.002538499422,39,50,117.215662239,50.769988447
semantic-preserving,SrcMarker,csn_js,test#744,0,0.004265269265,0.002224127762,42,49,101.554030109,45.390362490
semantic-preserving,SrcMarker,csn_js,test#745,0,0.006015078165,0.003817005083,66,60,91.137547949,63.616751383
semantic-preserving,SrcMarker,csn_js,test#746,0,0.006313570775,0.003699057736,76,68,83.073299672,54.397907875
semantic-preserving,SrcMarker,csn_js,test#747,0,0.013168200850,0.009167713113,174,180,75.679315233,50.931739517
semantic-preserving,SrcMarker,csn_js,test#748,0,0.029975619167,0.018466482870,414,402,72.404877215,45.936524553
semantic-preserving,SrcMarker,csn_js,test#749,0,0.023347780108,0.018074634485,307,329,76.051401005,54.938098738
semantic-preserving,SrcMarker,csn_js,test#750,0,0.025766742416,0.017639980651,410,379,62.845713209,46.543484568
semantic-preserving,SrcMarker,csn_js,test#751,0,0.028448013589,0.021643250249,436,456,65.247737589,47.463268091
semantic-preserving,SrcMarker,csn_js,test#752,0,0.008413635194,0.005113241263,98,89,85.853420350,57.452149019
semantic-preserving,SrcMarker,csn_js,test#753,0,0.012712462805,0.008506611921,174,169,73.060131064,50.334981780
semantic-preserving,SrcMarker,csn_js,test#754,0,0.016111869365,0.011909572408,235,244,68.561146234,48.809722982
semantic-preserving,SrcMarker,csn_js,test#755,0,0.017317348160,0.012018659152,299,278,57.917552374,43.232586878
semantic-preserving,SrcMarker,csn_js,test#756,0,0.006194178015,0.003535638563,54,64,114.707000278,55.244352552
semantic-preserving,SrcMarker,csn_js,test#757,0,0.005687528290,0.003413892351,83,73,68.524437227,46.765648645
semantic-preserving,SrcMarker,csn_js,test#758,0,0.021982138976,0.013608542271,323,299,68.056157822,45.513519301
semantic-preserving,SrcMarker,csn_js,test#759,0,0.008724408224,0.005096308887,85,77,102.640096756,66.185829701
semantic-preserving,SrcMarker,csn_js,test#760,0,0.019822756760,0.014948359691,382,335,51.892033403,44.621969226
semantic-preserving,SrcMarker,csn_js,test#761,0,0.005093419924,0.003041479737,57,51,89.358244287,59.636857580
semantic-preserving,SrcMarker,csn_js,test#762,0,0.012761605904,0.009121106938,173,175,73.766508113,52.120611072
semantic-preserving,SrcMarker,csn_js,test#763,0,0.004964168184,0.003070279956,55,61,90.257603336,50.332458293
semantic-preserving,SrcMarker,csn_js,test#764,0,0.006926090457,0.004821314476,93,94,74.474090931,51.290579536
semantic-preserving,SrcMarker,csn_js,test#765,0,0.018162464723,0.015784243122,279,324,65.098439867,48.716799758
semantic-preserving,SrcMarker,csn_js,test#766,0,0.015070171095,0.010026647709,157,194,95.988350926,51.683751079
semantic-preserving,SrcMarker,csn_js,test#767,0,0.010908606462,0.006827321835,159,141,68.607587812,48.420722233
semantic-preserving,SrcMarker,csn_js,test#768,0,0.005597658455,0.003371158615,49,50,114.237927661,67.423172295
semantic-preserving,SrcMarker,csn_js,test#769,0,0.018819802441,0.012228189036,252,236,74.681755717,51.814360323
semantic-preserving,SrcMarker,csn_js,test#770,0,0.009892892092,0.007811968215,119,130,83.133546996,60.092063191
semantic-preserving,SrcMarker,csn_js,test#771,0,0.004258566536,0.002975473180,49,51,86.909521143,58.342611381
semantic-preserving,SrcMarker,csn_js,test#772,0,0.007124452852,0.004434447736,107,91,66.583671511,48.730194896
semantic-preserving,SrcMarker,csn_js,test#773,0,0.006710561924,0.004064603709,70,70,95.865170338,58.065767267
semantic-preserving,SrcMarker,csn_js,test#774,0,0.008979012258,0.005723514594,116,97,77.405278089,59.005305094
semantic-preserving,SrcMarker,csn_js,test#775,0,0.012041942216,0.009313043207,141,163,85.403845507,57.135234398
semantic-preserving,SrcMarker,csn_js,test#776,0,0.013410614803,0.008046489209,168,147,79.825088116,54.738021830
semantic-preserving,SrcMarker,csn_js,test#777,0,0.005024150945,0.003130342811,47,46,106.896828622,68.050930681
semantic-preserving,SrcMarker,csn_js,test#778,0,0.008390096016,0.004796081223,104,100,80.674000156,47.960812226
semantic-preserving,SrcMarker,csn_js,test#779,0,0.028840001673,0.020864609629,430,445,67.069771331,46.886763211
semantic-preserving,SrcMarker,csn_js,test#780,0,0.008489527740,0.005443736911,122,104,69.586292947,52.343624143
semantic-preserving,SrcMarker,csn_js,test#781,0,0.004089709371,0.001923190430,37,30,110.532685712,64.106347660
semantic-preserving,SrcMarker,csn_js,test#782,0,0.006781126373,0.004538220353,85,83,79.777957324,54.677353656
semantic-preserving,SrcMarker,csn_js,test#783,0,0.007051955909,0.004998131655,90,87,78.355065650,57.449789140
semantic-preserving,SrcMarker,csn_js,test#784,0,0.008415371180,0.005487889051,103,105,81.702632811,52.265610014
semantic-preserving,SrcMarker,csn_js,test#785,0,0.009146669880,0.005685675889,94,90,97.304998719,63.174176547
semantic-preserving,SrcMarker,csn_js,test#786,0,0.007255629636,0.003920124844,67,63,108.292979647,62.224203869
semantic-preserving,SrcMarker,csn_js,test#787,0,0.007064845413,0.004473761655,76,76,92.958492276,58.865284939
semantic-preserving,SrcMarker,csn_js,test#788,0,0.012247068807,0.009774027392,166,174,73.777522937,56.172571220
semantic-preserving,SrcMarker,csn_js,test#789,0,0.013691049069,0.010147797875,163,191,83.994166069,53.129831807
semantic-preserving,SrcMarker,csn_js,test#790,0,0.023999075405,0.015441874042,398,357,60.299184435,43.254549138
semantic-preserving,SrcMarker,csn_js,test#791,0,0.014469001442,0.011418505572,250,232,57.876005769,49.217696430
semantic-preserving,SrcMarker,csn_js,test#792,0,0.007228917442,0.004694368690,60,70,120.481957371,67.062409861
semantic-preserving,SrcMarker,csn_js,test#793,0,0.011230498552,0.007157601416,155,158,72.454829370,45.301274786
semantic-preserving,SrcMarker,csn_js,test#794,0,0.009273368865,0.005365429446,111,96,83.543863651,55.889890064
semantic-preserving,SrcMarker,csn_js,test#795,0,0.010609467514,0.006872154772,120,122,88.412229282,56.329137478
semantic-preserving,SrcMarker,csn_js,test#796,0,0.026904790662,0.017630268820,358,346,75.153046543,50.954534161
semantic-preserving,SrcMarker,csn_js,test#797,0,0.012989437208,0.007887532935,175,148,74.225355472,53.294141450
semantic-preserving,SrcMarker,csn_js,test#798,0,0.012493726797,0.009982992895,165,200,75.719556348,49.914964475
semantic-preserving,SrcMarker,csn_js,test#799,0,0.009437775239,0.005521534942,105,99,89.883573708,55.773080223
semantic-preserving,SrcMarker,csn_js,test#800,0,0.007085708901,0.004297475331,81,82,87.477887670,52.408235738
semantic-preserving,SrcMarker,csn_js,test#801,0,0.029023513198,0.020009874366,378,389,76.781780947,51.439265723
semantic-preserving,SrcMarker,csn_js,test#802,0,0.009971911088,0.007613122463,123,144,81.072447867,52.868905995
semantic-preserving,SrcMarker,csn_js,test#803,0,0.021068637259,0.013187402859,290,272,72.650473308,48.483098748
semantic-preserving,SrcMarker,csn_js,test#804,0,0.025009771809,0.018756246194,320,332,78.155536903,56.494717453
semantic-preserving,SrcMarker,csn_js,test#805,0,0.014232776128,0.009106098674,142,158,100.230817801,57.633535913
semantic-preserving,SrcMarker,csn_js,test#806,0,0.005485145375,0.002982000820,49,49,111.941742350,60.857159599
semantic-preserving,SrcMarker,csn_js,test#807,0,0.008138868958,0.005009256303,74,85,109.984715645,58.932427098
semantic-preserving,SrcMarker,csn_js,test#808,0,0.005715881474,0.003213649616,61,54,93.702974989,59.512029919
semantic-preserving,SrcMarker,csn_js,test#809,0,0.004751762375,0.003509296104,49,54,96.974742352,64.986964895
semantic-preserving,SrcMarker,csn_js,test#810,0,0.004412179813,0.002551388927,43,43,102.608832856,59.334626205
semantic-preserving,SrcMarker,csn_js,test#811,0,0.010279837996,0.007053063251,135,145,76.146948117,48.641815525
semantic-preserving,SrcMarker,csn_js,test#812,0,0.007570754737,0.004413429648,80,86,94.634434208,51.318949392
semantic-preserving,SrcMarker,csn_js,test#813,0,0.013672574423,0.010142808780,163,192,83.880824683,52.827129063
semantic-preserving,SrcMarker,csn_js,test#814,0,0.009790899232,0.008080723695,103,128,95.057274097,63.130653871
semantic-preserving,SrcMarker,csn_js,test#815,0,0.012515556067,0.007987018675,136,138,92.026147553,57.876946917
semantic-preserving,SrcMarker,csn_js,test#816,0,0.010294048116,0.007703843527,116,130,88.741794100,59.260334820
semantic-preserving,SrcMarker,csn_js,test#817,0,0.005253165029,0.003575243056,47,57,111.769468702,62.723562383
semantic-preserving,SrcMarker,csn_js,test#818,0,0.007338676602,0.004900188185,80,96,91.733457521,51.043626930
semantic-preserving,SrcMarker,csn_js,test#819,0,0.011392613873,0.008488603868,139,155,81.961250884,54.765186243
semantic-preserving,SrcMarker,csn_js,test#820,0,0.008850147948,0.005264541134,105,104,84.287123311,50.620587829
semantic-preserving,SrcMarker,csn_js,test#821,0,0.006592820399,0.004273898900,78,83,84.523338442,51.492757826
semantic-preserving,SrcMarker,csn_js,test#822,0,0.010587872006,0.006394287571,116,105,91.274758672,60.897976870
semantic-preserving,SrcMarker,csn_js,test#823,0,0.011967496015,0.008860285394,139,166,86.097093634,53.375213216
semantic-preserving,SrcMarker,csn_js,test#824,0,0.008999806829,0.007328188978,103,137,87.376765328,53.490430497
semantic-preserving,SrcMarker,csn_js,test#825,0,0.009580978192,0.007162580267,111,127,86.315118850,56.398269816
semantic-preserving,SrcMarker,csn_js,test#826,0,0.007398984395,0.004488656297,85,91,87.046875235,49.325893377
semantic-preserving,SrcMarker,csn_js,test#827,0,0.017049220391,0.011157855392,226,230,75.439028277,48.512414746
semantic-preserving,SrcMarker,csn_js,test#828,0,0.008983875625,0.006829449907,103,130,87.222093445,52.534230053
semantic-preserving,SrcMarker,csn_js,test#829,0,0.016852426343,0.011272433214,213,212,79.119372501,53.171854782
semantic-preserving,SrcMarker,csn_js,test#830,0,0.009861916304,0.006218336523,117,110,84.289882937,56.530332023
semantic-preserving,SrcMarker,csn_js,test#831,0,0.005378161557,0.003622069024,49,59,109.758399123,61.391000399
semantic-preserving,SrcMarker,csn_js,test#832,0,0.007052185014,0.004967897199,70,78,100.745500198,63.690989732
semantic-preserving,SrcMarker,csn_js,test#833,0,0.008507969789,0.007321394049,96,114,88.624685304,64.222754813
semantic-preserving,SrcMarker,csn_js,test#834,0,0.012577156536,0.006371704862,122,115,103.091447019,55.406129231
semantic-preserving,SrcMarker,csn_js,test#835,0,0.005962030962,0.004409217276,72,69,82.805985585,63.901699648
semantic-preserving,SrcMarker,csn_js,test#836,0,0.007825978100,0.005517012440,83,97,94.288892775,56.876416904
semantic-preserving,SrcMarker,csn_js,test#837,0,0.021034303121,0.012926047668,253,236,83.139538029,54.771388423
semantic-preserving,SrcMarker,csn_js,test#838,0,0.031172792427,0.021036596969,410,411,76.031201042,51.183934231
semantic-preserving,SrcMarker,csn_js,test#839,0,0.037104252726,0.021402169019,551,531,67.339841608,40.305403049
semantic-preserving,SrcMarker,csn_js,test#840,0,0.015314273536,0.011191063561,183,222,83.684554843,50.410196219
semantic-preserving,SrcMarker,csn_js,test#841,0,0.006211512722,0.003400810994,62,67,100.185689066,50.758373048
semantic-preserving,SrcMarker,csn_js,test#842,0,0.005608829670,0.003491058946,45,53,124.640659326,65.869036710
semantic-preserving,SrcMarker,csn_js,test#843,0,0.006775928661,0.004621044733,66,88,102.665585776,52.511871962
semantic-preserving,SrcMarker,csn_js,test#844,0,0.008022883907,0.004525026307,87,95,92.217056402,47.631855858
semantic-preserving,SrcMarker,csn_js,test#845,0,0.005606851541,0.003322193399,49,51,114.425541643,65.141047041
semantic-preserving,SrcMarker,csn_js,test#846,0,0.032961397432,0.021571633406,460,448,71.655211808,48.150967424
semantic-preserving,SrcMarker,csn_js,test#847,0,0.004508420825,0.003034262918,49,55,92.008588265,55.168416690
semantic-preserving,SrcMarker,csn_js,test#848,0,0.004340806045,0.002758890390,46,53,94.365348796,52.054535668
semantic-preserving,SrcMarker,csn_js,test#849,0,0.015039599501,0.010956153274,215,202,69.951625584,54.238382542
semantic-preserving,SrcMarker,csn_js,test#850,0,0.004935883917,0.003069758415,50,46,98.717678338,66.733878592
semantic-preserving,SrcMarker,csn_js,test#851,0,0.009058070369,0.007077069022,99,121,91.495660294,58.488173734
semantic-preserving,SrcMarker,csn_js,test#852,0,0.031547712162,0.021731729619,411,412,76.758423752,52.746916551
semantic-preserving,SrcMarker,csn_js,test#853,0,0.007467772812,0.007737204432,83,104,89.973166405,74.396196466
semantic-preserving,SrcMarker,csn_js,test#854,0,0.005188905634,0.002994883806,49,46,105.896033347,65.106169685
semantic-preserving,SrcMarker,csn_js,test#855,0,0.014986594208,0.009594947100,187,169,80.142215014,56.774834909
semantic-preserving,SrcMarker,csn_js,test#856,0,0.006826609373,0.004372944124,69,74,98.936367726,59.093839514
semantic-preserving,SrcMarker,csn_js,test#857,0,0.004074392840,0.002266365103,30,32,135.813094676,70.823909482
semantic-preserving,SrcMarker,csn_js,test#858,0,0.004634602927,0.002740344964,55,46,84.265507758,59.572716608
semantic-preserving,SrcMarker,csn_js,test#859,0,0.008407714777,0.006201284938,104,98,80.843411314,63.278417730
semantic-preserving,SrcMarker,csn_js,test#860,0,0.018193892203,0.012526698411,229,245,79.449310931,51.129381267
semantic-preserving,SrcMarker,csn_js,test#861,0,0.012191845104,0.008180014789,163,148,74.796595731,55.270370197
semantic-preserving,SrcMarker,csn_js,test#862,0,0.009767895564,0.006611394696,113,97,86.441553668,68.158708206
semantic-preserving,SrcMarker,csn_js,test#863,0,0.027534781024,0.017401729710,419,392,65.715467837,44.392167629
semantic-preserving,SrcMarker,csn_js,test#864,0,0.004077710211,0.002440978773,34,40,119.932653273,61.024469323
semantic-preserving,SrcMarker,csn_js,test#865,0,0.008101117797,0.005327948369,80,93,101.263972465,57.289767410
semantic-preserving,SrcMarker,csn_js,test#866,0,0.010148975998,0.006259055808,119,135,85.285512590,46.363376357
semantic-preserving,SrcMarker,csn_js,test#867,0,0.003619453870,0.002276937477,26,32,139.209764222,71.154296165
semantic-preserving,SrcMarker,csn_js,test#868,0,0.037125227042,0.022425742820,524,474,70.849669927,47.311693713
semantic-preserving,SrcMarker,csn_js,test#869,0,0.005623067729,0.003965961747,44,58,127.796993845,68.378650808
semantic-preserving,SrcMarker,csn_js,test#870,0,0.009310078807,0.007397657260,116,123,80.259300062,60.143554962
semantic-preserving,SrcMarker,csn_js,test#871,0,0.003678970970,0.002521553077,30,36,122.632365674,70.043141022
semantic-preserving,SrcMarker,csn_js,test#872,0,0.007881162688,0.005478783511,99,107,79.607703921,51.203584211
semantic-preserving,SrcMarker,csn_js,test#873,0,0.006533584557,0.004123357125,66,63,98.993705416,65.450113089
semantic-preserving,SrcMarker,csn_js,test#874,0,0.017878342420,0.010995803401,222,216,80.533073963,50.906497226
semantic-preserving,SrcMarker,csn_js,test#875,0,0.007913411595,0.004664396867,87,85,90.958753965,54.875257261
semantic-preserving,SrcMarker,csn_js,test#876,0,0.024421842769,0.015232425183,278,277,87.848355283,54.990704632
semantic-preserving,SrcMarker,csn_js,test#877,0,0.011798200198,0.007333098911,136,122,86.751472041,60.107368121
semantic-preserving,SrcMarker,csn_js,test#878,0,0.031638416462,0.018271144480,367,332,86.208219242,55.033567709
semantic-preserving,SrcMarker,csn_js,test#879,0,0.004122696817,0.002344081178,30,29,137.423227231,80.830385459
semantic-preserving,SrcMarker,csn_js,test#880,0,0.004884776659,0.002895449288,34,37,143.669901744,78.255386167
semantic-preserving,SrcMarker,csn_js,test#881,0,0.006620099768,0.004400143400,69,85,95.943474899,51.766392939
semantic-preserving,SrcMarker,csn_js,test#882,0,0.007802011445,0.004990463145,87,82,89.678292473,60.859306647
semantic-preserving,SrcMarker,csn_js,test#883,0,0.006331630982,0.003806797788,70,70,90.451871178,54.382825536
semantic-preserving,SrcMarker,csn_js,test#884,0,0.005854535848,0.003354514018,57,56,102.711155226,59.902036030
semantic-preserving,SrcMarker,csn_js,test#885,0,0.004805881530,0.002238954417,39,37,123.227731540,60.512281552
semantic-preserving,SrcMarker,csn_js,test#886,0,0.004115010612,0.002886044793,40,39,102.875265293,74.001148534
semantic-preserving,SrcMarker,csn_js,test#887,0,0.005332734436,0.003179229796,58,61,91.943697169,52.118521245
semantic-preserving,SrcMarker,csn_js,test#888,0,0.003806318156,0.002657294273,35,30,108.751947326,88.576475779
semantic-preserving,SrcMarker,csn_js,test#889,0,0.014925518073,0.009053887799,122,155,122.340312075,58.412179351
semantic-preserving,SrcMarker,csn_js,test#890,0,0.004542156123,0.002994663082,73,78,62.221316748,38.393116437
semantic-preserving,SrcMarker,csn_js,test#891,0,0.006110947579,0.005311686546,99,111,61.726743224,47.853031942
semantic-preserving,SrcMarker,csn_js,test#892,0,0.013260309584,0.009716412053,186,190,71.291987013,51.139010803
semantic-preserving,SrcMarker,csn_js,test#893,0,0.009724623524,0.007249419577,133,139,73.117470103,52.154097679
semantic-preserving,SrcMarker,csn_js,test#894,0,0.022810664959,0.015139216557,342,306,66.697850758,49.474563912
semantic-preserving,SrcMarker,csn_js,test#895,0,0.006021252833,0.003884132020,61,64,98.709062841,60.689562815
semantic-preserving,SrcMarker,csn_js,test#896,0,0.008732973598,0.005752890371,115,106,75.938900852,54.272550668
semantic-preserving,SrcMarker,csn_js,test#897,0,0.006450396962,0.003452951089,65,63,99.236876346,54.808747437
semantic-preserving,SrcMarker,csn_js,test#898,0,0.006854603067,0.005572867580,80,94,85.682538338,59.285825317
semantic-preserving,SrcMarker,csn_js,test#899,0,0.023853179067,0.015678634867,340,320,70.156409022,48.995733960
semantic-preserving,SrcMarker,csn_js,test#900,0,0.007487613708,0.006238457747,101,118,74.134789186,52.868285990
semantic-preserving,SrcMarker,csn_js,test#901,0,0.033391826786,0.021655628458,500,477,66.783653572,45.399640372
semantic-preserving,SrcMarker,csn_js,test#902,0,0.017636157572,0.011434254237,251,252,70.263575985,45.374024748
semantic-preserving,SrcMarker,csn_js,test#903,0,0.040455910377,0.021741209552,539,496,75.057347639,43.833083774
semantic-preserving,SrcMarker,csn_js,test#904,0,0.017697362229,0.013615586795,212,237,83.478123723,57.449733312
semantic-preserving,SrcMarker,csn_js,test#905,0,0.018033982255,0.014718293212,230,285,78.408618498,51.643134078
semantic-preserving,SrcMarker,csn_js,test#906,0,0.019914195873,0.014831945300,239,269,83.322995284,55.137343123
semantic-preserving,SrcMarker,csn_js,test#907,0,0.004325134680,0.002443807200,24,25,180.213944986,97.752287984
semantic-preserving,SrcMarker,csn_js,test#908,0,0.006683055311,0.003437417559,66,60,101.258413810,57.290292655
semantic-preserving,SrcMarker,csn_js,test#909,0,0.008431294933,0.005846467800,108,111,78.067545676,52.670881085
semantic-preserving,SrcMarker,csn_js,test#910,0,0.014700633474,0.011145692319,194,199,75.776461205,56.008504114
semantic-preserving,SrcMarker,csn_js,test#911,0,0.005810800940,0.003345039673,57,61,101.943876137,54.836715953
semantic-preserving,SrcMarker,csn_js,test#912,0,0.004756003618,0.003425787203,44,52,108.090991324,65.880523135
semantic-preserving,SrcMarker,csn_js,test#913,0,0.005367086269,0.003314910457,62,67,86.565907564,49.476275471
semantic-preserving,SrcMarker,csn_js,test#914,0,0.005234517157,0.004283329472,58,72,90.250295812,59.490687110
semantic-preserving,SrcMarker,csn_js,test#915,0,0.005178917199,0.003024211153,58,55,89.291675851,54.985657334
semantic-preserving,SrcMarker,csn_js,test#916,0,0.015155492350,0.010209051892,174,191,87.100530750,53.450533467
semantic-preserving,SrcMarker,csn_js,test#917,0,0.018065613694,0.011222366244,226,217,79.936343781,51.715973473
semantic-preserving,SrcMarker,csn_js,test#918,0,0.032182802446,0.021678460762,411,444,78.303655587,48.825362076
semantic-preserving,SrcMarker,csn_js,test#919,0,0.004887168296,0.002795582637,52,61,93.984005686,45.829223561
semantic-preserving,SrcMarker,csn_js,test#920,0,0.010293256491,0.007560563274,146,141,70.501756791,53.621016126
semantic-preserving,SrcMarker,csn_js,test#921,0,0.012338347733,0.009274072945,160,170,77.114673331,54.553370265
semantic-preserving,SrcMarker,csn_js,test#922,0,0.004880178720,0.002782199532,49,43,99.595484077,64.702314693
semantic-preserving,SrcMarker,csn_js,test#923,0,0.005386521108,0.003282469697,74,64,72.790825790,51.288589020
semantic-preserving,SrcMarker,csn_js,test#924,0,0.019681084901,0.013178989291,294,293,66.942465650,44.979485635
semantic-preserving,SrcMarker,csn_js,test#925,0,0.018166363239,0.012895402499,292,261,62.213572737,49.407672408
semantic-preserving,SrcMarker,csn_js,test#926,0,0.004716843367,0.002530582249,55,45,85.760788484,56.235161093
semantic-preserving,SrcMarker,csn_js,test#927,0,0.009925020859,0.006221449003,129,123,76.938146191,50.580886200
semantic-preserving,SrcMarker,csn_js,test#928,0,0.010877178982,0.009753977880,148,165,73.494452580,59.115017454
semantic-preserving,SrcMarker,csn_js,test#929,0,0.020762056112,0.012170186266,251,224,82.717355029,54.331188689
semantic-preserving,SrcMarker,csn_js,test#930,0,0.007588892244,0.004530319013,107,95,70.924226578,47.687568555
semantic-preserving,SrcMarker,csn_js,test#931,0,0.006333536468,0.003552922979,85,74,74.512193746,48.012472689
semantic-preserving,SrcMarker,csn_js,test#932,0,0.010812789202,0.007574624382,154,143,70.212916894,52.969401272
semantic-preserving,SrcMarker,csn_js,test#933,0,0.010352869518,0.005062562414,110,101,94.116995619,50.124380332
semantic-preserving,SrcMarker,csn_js,test#934,0,0.011444034055,0.006722924300,132,126,86.697227688,53.356542060
semantic-preserving,SrcMarker,csn_js,test#935,0,0.013798514381,0.008362851106,174,163,79.301806788,51.305835004
semantic-preserving,SrcMarker,csn_js,test#936,0,0.016862661578,0.009895951487,235,215,71.756006714,46.027681335
semantic-preserving,SrcMarker,csn_js,test#937,0,0.025231024250,0.015926259570,417,379,60.506053358,42.021793060
semantic-preserving,SrcMarker,csn_js,test#938,0,0.007044545375,0.004172925837,81,74,86.969695985,56.390889694
semantic-preserving,SrcMarker,csn_js,test#939,0,0.005200084299,0.002974600531,50,49,104.001685977,60.706133289
semantic-preserving,SrcMarker,csn_js,test#940,0,0.021546247415,0.013979269192,311,269,69.280538313,51.967543463
semantic-preserving,SrcMarker,csn_js,test#941,0,0.023575969040,0.015178202651,345,304,68.336142146,49.928298196
semantic-preserving,SrcMarker,csn_js,test#942,0,0.025125624612,0.018596969545,361,332,69.600068177,56.014968509
semantic-preserving,SrcMarker,csn_js,test#943,0,0.003930675797,0.002107922919,26,25,151.179838352,84.316916764
semantic-preserving,SrcMarker,csn_js,test#944,0,0.027006053366,0.021273960359,440,393,61.377394013,54.132214655
semantic-preserving,SrcMarker,csn_js,test#945,0,0.008741664700,0.005929154344,99,95,88.299643436,62.412150988
semantic-preserving,SrcMarker,csn_js,test#946,0,0.004509942606,0.002482463606,33,35,136.664927457,70.927531591
semantic-preserving,SrcMarker,csn_js,test#947,0,0.004676369950,0.002643497661,44,42,106.281135231,62.940420494
semantic-preserving,SrcMarker,csn_js,test#948,0,0.005075931549,0.002514725551,38,37,133.577146028,67.965555433
semantic-preserving,SrcMarker,csn_js,test#949,0,0.019598817453,0.014051802456,286,278,68.527333751,50.546052001
semantic-preserving,SrcMarker,csn_js,test#950,0,0.006256586872,0.004411216825,52,65,120.318978308,67.864874235
semantic-preserving,SrcMarker,csn_js,test#951,0,0.006935105659,0.004290792160,60,70,115.585094318,61.297030853
semantic-preserving,SrcMarker,csn_js,test#952,0,0.010092549957,0.006453079171,113,132,89.314601392,48.886963420
semantic-preserving,SrcMarker,csn_js,test#953,0,0.011839765124,0.006980819628,134,126,88.356456149,55.403330378
semantic-preserving,SrcMarker,csn_js,test#954,0,0.008599110879,0.005292843096,74,73,116.204201068,72.504699945
semantic-preserving,SrcMarker,csn_js,test#955,0,0.011532771401,0.006070679985,127,117,90.809223631,51.886153718
semantic-preserving,SrcMarker,csn_js,test#956,0,0.006807718426,0.004147905856,92,85,73.996939413,48.798892428
semantic-preserving,SrcMarker,csn_js,test#957,0,0.017088494264,0.011964012869,227,228,75.279710412,52.473740652
semantic-preserving,SrcMarker,csn_js,test#958,0,0.007626074366,0.004740492441,108,90,70.611799688,52.672138231
semantic-preserving,SrcMarker,csn_js,test#959,0,0.011721992865,0.009728976525,167,162,70.191574043,60.055410650
semantic-preserving,SrcMarker,csn_js,test#960,0,0.031297154725,0.021571363322,557,553,56.188787656,39.007890276
semantic-preserving,SrcMarker,csn_js,test#961,0,0.032362772152,0.021390931681,477,450,67.846482499,47.535403735
semantic-preserving,SrcMarker,csn_js,test#962,0,0.007695971988,0.004258751869,71,63,108.393971664,67.599236019
semantic-preserving,SrcMarker,csn_js,test#963,0,0.014837925322,0.011727963574,180,235,82.432918458,49.906227975
semantic-preserving,SrcMarker,csn_js,test#964,0,0.005335289985,0.003165522590,63,62,84.687142618,51.056815972
semantic-preserving,SrcMarker,csn_js,test#965,0,0.013604422100,0.009810623713,211,225,64.475934123,43.602772057
semantic-preserving,SrcMarker,csn_js,test#966,0,0.010836383328,0.006914520636,127,115,85.325852975,60.126266402
semantic-preserving,SrcMarker,csn_js,test#967,0,0.007789705880,0.004502331838,92,80,84.670716087,56.279147975
semantic-preserving,SrcMarker,csn_js,test#968,0,0.010615940206,0.006345617585,102,95,104.077845154,66.795974578
semantic-preserving,SrcMarker,csn_js,test#969,0,0.016768109985,0.011055211537,252,249,66.540118987,44.398439906
semantic-preserving,SrcMarker,csn_js,test#970,0,0.017173002474,0.013372191228,238,240,72.155472580,55.717463450
semantic-preserving,SrcMarker,csn_js,test#971,0,0.004447108135,0.002618622035,51,46,87.198198718,56.926565974
semantic-preserving,SrcMarker,csn_js,test#972,0,0.034220287576,0.022496710531,543,544,63.020787433,41.354247300
semantic-preserving,SrcMarker,csn_js,test#973,0,0.014870041981,0.008470665663,148,144,100.473256631,58.824067108
semantic-preserving,SrcMarker,csn_js,test#974,0,0.009567433968,0.005945487879,101,113,94.727068992,52.614936984
semantic-preserving,SrcMarker,csn_js,test#975,0,0.004851520993,0.002608792856,39,37,124.397974175,70.507915036
semantic-preserving,SrcMarker,csn_js,test#976,0,0.006846332923,0.003725931048,77,76,88.913414579,49.025408531
semantic-preserving,SrcMarker,csn_js,test#977,0,0.005689051934,0.003071992658,67,66,84.911222889,46.545343304
semantic-preserving,SrcMarker,csn_js,test#978,0,0.004140386358,0.002742757089,32,39,129.387073684,70.327104857
semantic-preserving,SrcMarker,csn_js,test#979,0,0.020741880871,0.015194867738,265,278,78.271248571,54.657797617
semantic-preserving,SrcMarker,csn_js,test#980,0,0.006303779781,0.003933864646,49,52,128.648566956,75.651243186
semantic-preserving,SrcMarker,csn_js,test#981,0,0.008607529104,0.005002708174,91,84,94.588231909,59.556049694
semantic-preserving,SrcMarker,csn_js,test#982,0,0.004472945817,0.002501463518,37,34,120.890427481,73.572456398
semantic-preserving,SrcMarker,csn_js,test#983,0,0.004195397720,0.002519270405,37,34,113.389127561,74.096188387
semantic-preserving,SrcMarker,csn_js,test#984,0,0.005610929802,0.003298309632,65,58,86.321996955,56.867407442
semantic-preserving,SrcMarker,csn_js,test#985,0,0.004643524997,0.002494532615,48,43,96.740104103,58.012386394
semantic-preserving,SrcMarker,csn_js,test#986,0,0.004627185874,0.002447733656,50,46,92.543717474,53.211601208
semantic-preserving,SrcMarker,csn_js,test#987,0,0.004631546326,0.002975341864,52,53,89.068198577,56.138525735
semantic-preserving,SrcMarker,csn_js,test#988,0,0.004831285216,0.002510474995,51,46,94.731082665,54.575543365
semantic-preserving,SrcMarker,csn_js,test#989,0,0.005183453672,0.003054057248,45,43,115.187859370,71.024587161
semantic-preserving,SrcMarker,csn_js,test#990,0,0.004935838282,0.003005130216,36,45,137.106618947,66.780671477
semantic-preserving,SrcMarker,csn_js,test#991,0,0.004528027028,0.003008781932,36,45,125.778528551,66.861820718
semantic-preserving,SrcMarker,csn_js,test#992,0,0.004531705752,0.002491888590,34,35,133.285463295,71.196816862
semantic-preserving,SrcMarker,csn_js,test#993,0,0.004280858673,0.002394679934,32,35,133.776833536,68.419426680
semantic-preserving,SrcMarker,csn_js,test#994,0,0.004968464375,0.003485559486,48,57,103.509674470,61.150166418
semantic-preserving,SrcMarker,csn_js,test#995,0,0.005452355370,0.003738231957,53,62,102.874629621,60.294063822
semantic-preserving,SrcMarker,csn_js,test#996,0,0.017002524808,0.010709457099,231,226,73.604003498,47.386978316
semantic-preserving,SrcMarker,csn_js,test#997,0,0.010596468113,0.007258967496,141,161,75.152256123,45.086754636
semantic-preserving,SrcMarker,csn_js,test#998,0,0.006884488277,0.004932771437,81,92,84.993682434,53.617080836
semantic-preserving,SrcMarker,csn_js,test#999,0,0.032756746747,0.021114984527,414,456,79.122576683,46.304790630
semantic-preserving,SrcMarker,csn_js,test#1000,0,0.005844203755,0.004788912833,52,71,112.388533755,67.449476517
semantic-preserving,SrcMarker,csn_js,test#1001,0,0.006799370050,0.005013928749,70,79,97.133857863,63.467452515
semantic-preserving,SrcMarker,csn_js,test#1002,0,0.005759579130,0.004000691697,49,65,117.542431215,61.549103031
semantic-preserving,SrcMarker,csn_js,test#1003,0,0.007329082116,0.004878284410,87,96,84.242323178,50.815462600
semantic-preserving,SrcMarker,csn_js,test#1004,0,0.012127451599,0.008644701913,140,154,86.624654276,56.134428006
semantic-preserving,SrcMarker,csn_js,test#1005,0,0.014917918481,0.010978650302,177,206,84.282025316,53.294418940
semantic-preserving,SrcMarker,csn_js,test#1006,0,0.011611324735,0.008469991386,109,128,106.525915000,66.171807703
semantic-preserving,SrcMarker,csn_js,test#1007,0,0.006707627326,0.004061791115,61,57,109.961103709,71.259493237
semantic-preserving,SrcMarker,csn_js,test#1008,0,0.008026930504,0.006564298645,75,100,107.025740047,65.642986447
semantic-preserving,SrcMarker,csn_js,test#1009,0,0.005017822608,0.003117467277,46,51,109.083100182,61.126809348
semantic-preserving,SrcMarker,csn_js,test#1010,0,0.009406383149,0.006050746888,106,109,88.739463673,55.511439339
semantic-preserving,SrcMarker,csn_js,test#1011,0,0.005002472550,0.003286800347,45,51,111.166056659,64.447065633
semantic-preserving,SrcMarker,csn_js,test#1012,0,0.005079705268,0.002991340123,44,44,115.447847003,67.985002798
semantic-preserving,SrcMarker,csn_js,test#1013,0,0.005041801371,0.003201122396,47,50,107.272369589,64.022447914
semantic-preserving,SrcMarker,csn_js,test#1014,0,0.005139533430,0.003246674314,46,54,111.728987616,60.123598410
semantic-preserving,SrcMarker,csn_js,test#1015,0,0.006706849672,0.004130048677,78,77,85.985252204,53.636995809
semantic-preserving,SrcMarker,csn_js,test#1016,0,0.007626279257,0.005847353488,80,88,95.328490715,66.447198730
semantic-preserving,SrcMarker,csn_js,test#1017,0,0.009138775989,0.005242496729,80,86,114.234699868,60.959264290
semantic-preserving,SrcMarker,csn_js,test#1018,0,0.010843222961,0.007094356231,129,159,84.055991944,44.618592650
semantic-preserving,SrcMarker,csn_js,test#1019,0,0.006595685147,0.004028408788,64,73,103.057580418,55.183682029
semantic-preserving,SrcMarker,csn_js,test#1020,0,0.006760518998,0.004155664705,65,76,104.007984583,54.679798747
semantic-preserving,SrcMarker,csn_js,test#1021,0,0.006169403903,0.003923902288,53,57,116.403847230,68.840391019
semantic-preserving,SrcMarker,csn_js,test#1022,0,0.005219950341,0.002966344357,41,50,127.315861968,59.326887131
semantic-preserving,SrcMarker,csn_js,test#1023,0,0.014918470755,0.009018428624,205,197,72.773028074,45.778825501
semantic-preserving,SrcMarker,csn_js,test#1024,0,0.021523199044,0.016442799941,294,320,73.208160014,51.383749815
semantic-preserving,SrcMarker,csn_js,test#1025,0,0.034866060130,0.021930824034,527,503,66.159506889,43.600047781
semantic-preserving,SrcMarker,csn_js,test#1026,0,0.004948407412,0.002889527939,39,44,126.882241322,65.671089529
semantic-preserving,SrcMarker,csn_js,test#1027,0,0.004842485301,0.003211548552,40,51,121.062132530,62.971540234
semantic-preserving,SrcMarker,csn_js,test#1028,0,0.006080616266,0.003344743513,53,63,114.728608784,53.091166866
semantic-preserving,SrcMarker,csn_js,test#1029,0,0.007758877240,0.005313778296,91,97,85.262387254,54.781219548
semantic-preserving,SrcMarker,csn_js,test#1030,0,0.005464740098,0.003371946514,53,61,103.108303727,55.277811699
semantic-preserving,SrcMarker,csn_js,test#1031,0,0.011307714507,0.007824567147,147,145,76.923227939,53.962532046
semantic-preserving,SrcMarker,csn_js,test#1032,0,0.016118453816,0.011307016015,244,244,66.059236949,46.340229570
semantic-preserving,SrcMarker,csn_js,test#1033,0,0.015357185155,0.014968536794,209,241,73.479354809,62.110111179
semantic-preserving,SrcMarker,csn_js,test#1034,0,0.012400121428,0.009825588204,152,178,81.579746237,55.199933730
semantic-preserving,SrcMarker,csn_js,test#1035,0,0.016888109036,0.015290604904,216,249,78.185689981,61.408051824
semantic-preserving,SrcMarker,csn_js,test#1036,0,0.003773295321,0.002726054750,31,32,121.719203889,85.189210949
semantic-preserving,SrcMarker,csn_js,test#1037,0,0.004732639529,0.002502790652,41,39,115.430232410,64.174119288
semantic-preserving,SrcMarker,csn_js,test#1038,0,0.020505719818,0.016757369041,283,305,72.458373916,54.942193579
semantic-preserving,SrcMarker,csn_js,test#1039,0,0.010286130942,0.006362184882,138,130,74.537180742,48.939883709
semantic-preserving,SrcMarker,csn_js,test#1040,0,0.004977068864,0.002933211625,54,53,92.167941922,55.343615559
semantic-preserving,SrcMarker,csn_js,test#1041,0,0.007941859774,0.004621617496,100,96,79.418597743,48.141848917
semantic-preserving,SrcMarker,csn_js,test#1042,0,0.012433716096,0.008471786976,169,181,73.572284592,46.805452905
semantic-preserving,SrcMarker,csn_js,test#1043,0,0.005505859852,0.003181161359,56,53,98.318925926,60.021912433
semantic-preserving,SrcMarker,csn_js,test#1044,0,0.007944971323,0.004653902724,85,98,93.470250859,47.488803310
semantic-preserving,SrcMarker,csn_js,test#1045,0,0.004582148977,0.002659199759,40,39,114.553724416,68.184609214
semantic-preserving,SrcMarker,csn_js,test#1046,0,0.005173272453,0.003839322366,54,71,95.801341727,54.074962899
semantic-preserving,SrcMarker,csn_js,test#1047,0,0.005088875070,0.003286897205,54,57,94.238427226,57.664863242
semantic-preserving,SrcMarker,csn_js,test#1048,0,0.006930476986,0.004065185785,78,72,88.852269050,56.460913685
semantic-preserving,SrcMarker,csn_js,test#1049,0,0.018846515566,0.015737377107,263,287,71.659755004,54.834066575
semantic-preserving,SrcMarker,csn_js,test#1050,0,0.016272152774,0.012396537699,206,240,78.991032884,51.652240412
semantic-preserving,SrcMarker,csn_js,test#1051,0,0.005930637009,0.004423252307,69,77,85.951261006,57.444835154
semantic-preserving,SrcMarker,csn_js,test#1052,0,0.004777912050,0.002812928520,47,45,101.657703202,62.509522670
semantic-preserving,SrcMarker,csn_js,test#1053,0,0.006082063541,0.004412516020,53,60,114.755915864,73.541933671
semantic-preserving,SrcMarker,csn_js,test#1054,0,0.012439674698,0.007083922625,154,152,80.777108427,46.604754109
semantic-preserving,SrcMarker,csn_js,test#1055,0,0.006334847771,0.003994533792,77,67,82.270750268,59.619907345
semantic-preserving,SrcMarker,csn_js,test#1056,0,0.011367693543,0.009044351988,143,171,79.494360444,52.890947296
semantic-preserving,SrcMarker,csn_js,test#1057,0,0.005728295073,0.003819771111,64,71,89.504610514,53.799593113
semantic-preserving,SrcMarker,csn_js,test#1058,0,0.010942080058,0.009585938416,133,167,82.271278633,57.400828841
semantic-preserving,SrcMarker,csn_js,test#1059,0,0.008084420115,0.005958832800,92,107,87.874131682,55.690026172
semantic-preserving,SrcMarker,csn_js,test#1060,0,0.004213614389,0.002751279622,38,40,110.884589192,68.781990558
semantic-preserving,SrcMarker,csn_js,test#1061,0,0.003963242285,0.002062911168,34,41,116.565949557,50.314906530
semantic-preserving,SrcMarker,csn_js,test#1062,0,0.006109767593,0.003532532603,62,64,98.544638604,55.195821915
semantic-preserving,SrcMarker,csn_js,test#1063,0,0.005158311687,0.003712803125,37,43,139.413829389,86.344258730
semantic-preserving,SrcMarker,csn_js,test#1064,0,0.007722440176,0.004007835872,71,70,108.766763038,57.254798178
semantic-preserving,SrcMarker,csn_js,test#1065,0,0.007004125044,0.004437326454,76,71,92.159540049,62.497555685
semantic-preserving,SrcMarker,csn_js,test#1066,0,0.012747685425,0.007271934301,153,151,83.318205392,48.158505302
semantic-preserving,SrcMarker,csn_js,test#1067,0,0.022173208185,0.017092131078,303,334,73.178904899,51.174045144
semantic-preserving,SrcMarker,csn_js,test#1068,0,0.013308444992,0.009063281119,189,178,70.415052866,50.917309657
semantic-preserving,SrcMarker,csn_js,test#1069,0,0.015901856124,0.012738280930,199,237,79.908824746,53.748020800
semantic-preserving,SrcMarker,csn_js,test#1070,0,0.011383138597,0.007046638988,146,138,77.966702719,51.062601362
semantic-preserving,SrcMarker,csn_js,test#1071,0,0.032104414888,0.019907151349,465,436,69.041752447,45.658604011
semantic-preserving,SrcMarker,csn_js,test#1072,0,0.008445992135,0.006021087989,138,125,61.202841554,48.168703914
semantic-preserving,SrcMarker,csn_js,test#1073,0,0.005771216005,0.003964936361,65,59,88.787938540,67.202311199
semantic-preserving,SrcMarker,csn_js,test#1074,0,0.013145377859,0.010345474817,152,168,86.482749075,61.580207243
semantic-preserving,SrcMarker,csn_js,test#1075,0,0.011245453730,0.007366018370,168,165,66.937224585,44.642535575
semantic-preserving,SrcMarker,csn_js,test#1076,0,0.013091809116,0.009267121553,153,167,85.567379845,55.491745829
semantic-preserving,SrcMarker,csn_js,test#1077,0,0.008275159635,0.005994223058,89,102,92.979321738,58.766892728
semantic-preserving,SrcMarker,csn_js,test#1078,0,0.011633582413,0.007562186569,136,135,85.541047156,56.016196807
semantic-preserving,SrcMarker,csn_js,test#1079,0,0.021515136585,0.013864451088,279,285,77.115184891,48.647196800
semantic-preserving,SrcMarker,csn_js,test#1080,0,0.017441157252,0.012688296847,220,231,79.277987507,54.927691979
semantic-preserving,SrcMarker,csn_js,test#1081,0,0.004422241822,0.002427086234,34,38,130.065935938,63.870690371
semantic-preserving,SrcMarker,csn_js,test#1082,0,0.006627309136,0.003897333518,67,76,98.915061733,51.280704180
semantic-preserving,SrcMarker,csn_js,test#1083,0,0.005883848295,0.004042849876,71,78,82.871102741,51.831408666
semantic-preserving,SrcMarker,csn_js,test#1084,0,0.005692972802,0.003908947110,53,60,107.414581163,65.149118503
semantic-preserving,SrcMarker,csn_js,test#1085,0,0.005677375011,0.003872917965,58,59,97.885776054,65.642677374
semantic-preserving,SrcMarker,csn_js,test#1086,0,0.008693318814,0.005242067389,84,88,103.491890643,59.568947604
semantic-preserving,SrcMarker,csn_js,test#1087,0,0.017831187695,0.011587178335,273,260,65.315705843,44.566070518
semantic-preserving,SrcMarker,csn_js,test#1088,0,0.008947556838,0.006851478480,106,118,84.410913570,58.063376947
semantic-preserving,SrcMarker,csn_js,test#1089,0,0.006664080545,0.004786652513,83,85,80.290127052,56.313558975
semantic-preserving,SrcMarker,csn_js,test#1090,0,0.005645921454,0.003518571146,63,72,89.617800855,48.869043692
semantic-preserving,SrcMarker,csn_js,test#1091,0,0.006758232601,0.004964723252,61,71,110.790698377,69.925679602
semantic-preserving,SrcMarker,csn_js,test#1092,0,0.004731441848,0.003044211306,62,59,76.313578193,51.596801791
semantic-preserving,SrcMarker,csn_js,test#1093,0,0.005918362178,0.004078152589,61,71,97.022330785,57.438768866
semantic-preserving,SrcMarker,csn_js,test#1094,0,0.031309468672,0.021305063739,446,475,70.200602403,44.852765767
semantic-preserving,SrcMarker,csn_js,test#1095,0,0.021398360841,0.013977698982,261,278,81.986056862,50.279492740
semantic-preserving,SrcMarker,csn_js,test#1096,0,0.009776064195,0.006070672534,107,104,91.365085932,58.371851292
semantic-preserving,SrcMarker,csn_js,test#1097,0,0.010289882310,0.006748145446,100,115,102.898823097,58.679525619
semantic-preserving,SrcMarker,csn_js,test#1098,0,0.005751138553,0.004056427628,58,63,99.157561259,64.387740124
semantic-preserving,SrcMarker,csn_js,test#1099,0,0.007631918415,0.004638161510,83,82,91.950824282,56.562945247
semantic-preserving,SrcMarker,csn_js,test#1100,0,0.004830602556,0.002800063230,42,42,115.014346583,66.668172145
semantic-preserving,SrcMarker,csn_js,test#1101,0,0.006607967429,0.004805850796,68,75,97.175991601,64.078010619
semantic-preserving,SrcMarker,csn_js,test#1102,0,0.020630638115,0.014081659727,311,321,66.336456962,43.868098837
semantic-preserving,SrcMarker,csn_js,test#1103,0,0.006663045846,0.003763346002,70,69,95.186369228,54.541246399
semantic-preserving,SrcMarker,csn_js,test#1104,0,0.026248594746,0.015211406164,358,346,73.320097056,43.963601630
semantic-preserving,SrcMarker,csn_js,test#1105,0,0.005380540155,0.004074377939,65,69,82.777540844,59.048955639
semantic-preserving,SrcMarker,csn_js,test#1106,0,0.007829329930,0.004644713365,95,86,82.413999266,54.008294937
semantic-preserving,SrcMarker,csn_js,test#1107,0,0.007946545258,0.005435393192,95,100,83.647844823,54.353931919
semantic-preserving,SrcMarker,csn_js,test#1108,0,0.008133159019,0.005179587752,98,91,82.991418562,56.918546721
semantic-preserving,SrcMarker,csn_js,test#1109,0,0.008168530650,0.005437996238,99,94,82.510410610,57.851023814
semantic-preserving,SrcMarker,csn_js,test#1110,0,0.009994387627,0.007171524689,119,122,83.986450644,58.782989251
semantic-preserving,SrcMarker,csn_js,test#1111,0,0.007838184945,0.006554679014,88,94,89.070283469,69.730627806
semantic-preserving,SrcMarker,csn_js,test#1112,0,0.027219643816,0.016610647552,337,322,80.770456428,51.585861962
semantic-preserving,SrcMarker,csn_js,test#1113,0,0.007621920668,0.004705931991,91,97,83.757369974,48.514762797
semantic-preserving,SrcMarker,csn_js,test#1114,0,0.006188945845,0.004382138140,66,64,93.771906739,68.470908445
semantic-preserving,SrcMarker,csn_js,test#1115,0,0.006399964914,0.004090061411,56,65,114.285087745,62.924021712
semantic-preserving,SrcMarker,csn_js,test#1116,0,0.012590657920,0.007277947851,145,137,86.832123584,53.123706938
semantic-preserving,SrcMarker,csn_js,test#1117,0,0.008540055715,0.005024870858,91,94,93.846766094,53.456072953
semantic-preserving,SrcMarker,csn_js,test#1118,0,0.008769779466,0.005313656293,109,101,80.456692349,52.610458345
semantic-preserving,SrcMarker,csn_js,test#1119,0,0.006814029068,0.004234393127,72,75,94.639292608,56.458575030
semantic-preserving,SrcMarker,csn_js,test#1120,0,0.006813975982,0.004052152857,67,67,101.701134065,60.479893391
semantic-preserving,SrcMarker,csn_js,test#1121,0,0.004329195246,0.002605891787,36,43,120.255423503,60.602134570
semantic-preserving,SrcMarker,csn_js,test#1122,0,0.008027869277,0.004534288310,80,81,100.348365959,55.978868019
semantic-preserving,SrcMarker,csn_js,test#1123,0,0.007890692912,0.004674750380,79,79,99.882188760,59.174055446
semantic-preserving,SrcMarker,csn_js,test#1124,0,0.008450702764,0.005256721750,91,96,92.864865539,54.757518228
semantic-preserving,SrcMarker,csn_js,test#1125,0,0.004438413307,0.002734981477,42,45,105.676507311,60.777366161
semantic-preserving,SrcMarker,csn_js,test#1126,0,0.006321229041,0.004548025317,66,81,95.776197585,56.148460710
semantic-preserving,SrcMarker,csn_js,test#1127,0,0.007258443162,0.004081057385,81,81,89.610409405,50.383424501
semantic-preserving,SrcMarker,csn_js,test#1128,0,0.009104800411,0.006823596545,105,125,86.712384863,54.588772357
semantic-preserving,SrcMarker,csn_js,test#1129,0,0.014317372814,0.009150138125,169,173,84.718182330,52.890971820
semantic-preserving,SrcMarker,csn_js,test#1130,0,0.004320234060,0.002919523977,37,43,116.763082710,67.895906436
semantic-preserving,SrcMarker,csn_js,test#1131,0,0.005937372334,0.003841215745,60,64,98.956205572,60.018996010
semantic-preserving,SrcMarker,csn_js,test#1132,0,0.011003631167,0.008362726308,147,169,74.854633790,49.483587624
semantic-preserving,SrcMarker,csn_js,test#1133,0,0.006327148527,0.005354688503,71,87,89.114767985,61.548143711
semantic-preserving,SrcMarker,csn_js,test#1134,0,0.007692419924,0.005372605287,58,70,132.627929721,76.751504093
semantic-preserving,SrcMarker,csn_js,test#1135,0,0.009703244083,0.005466084927,117,107,82.933710108,51.084905863
semantic-preserving,SrcMarker,csn_js,test#1136,0,0.010416627862,0.007590452209,124,136,84.005063400,55.812148596
semantic-preserving,SrcMarker,csn_js,test#1137,0,0.004876032472,0.002793340012,46,46,106.000705906,60.724782879
semantic-preserving,SrcMarker,csn_js,test#1138,0,0.009670489468,0.006816970184,134,136,72.167831848,50.124780768
semantic-preserving,SrcMarker,csn_js,test#1139,0,0.007397217676,0.004470257089,87,83,85.025490529,53.858519139
semantic-preserving,SrcMarker,csn_js,test#1140,0,0.006955217570,0.004703413695,78,85,89.169456026,55.334278766
semantic-preserving,SrcMarker,csn_js,test#1141,0,0.006908903830,0.004412865266,84,89,82.248855116,49.582755800
semantic-preserving,SrcMarker,csn_js,test#1142,0,0.004001582041,0.002195776440,29,32,137.985587634,68.618013756
semantic-preserving,SrcMarker,csn_js,test#1143,0,0.010997171514,0.007768666372,136,136,80.861555248,57.122546851
semantic-preserving,SrcMarker,csn_js,test#1144,0,0.005000201985,0.002940769307,33,37,151.521272280,79.480251549
semantic-preserving,SrcMarker,csn_js,test#1145,0,0.007098564878,0.004442270845,69,76,102.877751857,58.450932173
semantic-preserving,SrcMarker,csn_js,test#1146,0,0.008257802576,0.004702175967,80,82,103.222532198,57.343609358
semantic-preserving,SrcMarker,csn_js,test#1147,0,0.007641250268,0.005117191002,81,82,94.336423057,62.404768314
semantic-preserving,SrcMarker,csn_js,test#1148,0,0.008656588383,0.005172655918,98,92,88.332534521,56.224520845
semantic-preserving,SrcMarker,csn_js,test#1149,0,0.007178042084,0.004577570595,88,78,81.568660045,58.686802498
semantic-preserving,SrcMarker,csn_js,test#1150,0,0.009106649086,0.006003997289,106,119,85.911783829,50.453758728
semantic-preserving,SrcMarker,csn_js,test#1151,0,0.007063334808,0.004200808704,74,75,95.450470375,56.010782719
semantic-preserving,SrcMarker,csn_js,test#1152,0,0.011242803186,0.006866013631,138,133,81.469588306,51.624162641
semantic-preserving,SrcMarker,csn_js,test#1153,0,0.006035471335,0.003424881026,67,63,90.081661717,54.363190891
semantic-preserving,SrcMarker,csn_js,test#1154,0,0.004712363705,0.002373229712,35,37,134.638963001,64.141343574
semantic-preserving,SrcMarker,csn_js,test#1155,0,0.004535843618,0.002572363243,35,39,129.595531949,65.958031859
semantic-preserving,SrcMarker,csn_js,test#1156,0,0.008023107424,0.004511916079,82,82,97.842773468,55.023366813
semantic-preserving,SrcMarker,csn_js,test#1157,0,0.004718270153,0.002764852718,34,39,138.772651553,70.893659424
semantic-preserving,SrcMarker,csn_js,test#1158,0,0.005248316564,0.003324729390,58,53,90.488216615,62.730743216
semantic-preserving,SrcMarker,csn_js,test#1159,0,0.009245844558,0.007293266244,101,116,91.543015425,62.872984864
semantic-preserving,SrcMarker,csn_js,test#1160,0,0.009042093530,0.005993950181,92,120,98.283625329,49.949584839
semantic-preserving,SrcMarker,csn_js,test#1161,0,0.006563384086,0.003772229888,71,66,92.442029379,57.154998296
semantic-preserving,SrcMarker,csn_js,test#1162,0,0.005149859935,0.003390789963,54,57,95.367776575,59.487543216
semantic-preserving,SrcMarker,csn_js,test#1163,0,0.005730711855,0.003242036328,65,61,88.164797769,53.148136520
semantic-preserving,SrcMarker,csn_js,test#1164,0,0.004274603911,0.002299943008,42,39,101.776283589,58.972897629
semantic-preserving,SrcMarker,csn_js,test#1165,0,0.004828850739,0.002516142093,38,40,127.075019440,62.903552316
semantic-preserving,SrcMarker,csn_js,test#1166,0,0.004147883505,0.002914569341,39,41,106.355987298,71.087057089
semantic-preserving,SrcMarker,csn_js,test#1167,0,0.004027917050,0.002118377015,28,29,143.854180351,73.047483276
semantic-preserving,SrcMarker,csn_js,test#1168,0,0.005558799021,0.003035522997,46,50,120.843456977,60.710459948
semantic-preserving,SrcMarker,csn_js,test#1169,0,0.009045789018,0.006858648732,108,118,83.757305725,58.124141799
semantic-preserving,SrcMarker,csn_js,test#1170,0,0.003608177416,0.002064585686,26,31,138.776054463,66.599538249
semantic-preserving,SrcMarker,csn_js,test#1171,0,0.007008454762,0.004264396615,77,79,91.018893018,53.979703991
semantic-preserving,SrcMarker,csn_js,test#1172,0,0.020743824542,0.014595971443,246,277,84.324490006,52.693037699
semantic-preserving,SrcMarker,csn_js,test#1173,0,0.015585949644,0.010262338445,196,204,79.520151247,50.305580611
semantic-preserving,SrcMarker,csn_js,test#1174,0,0.008566242643,0.006535206921,91,113,94.134534535,57.833689570
semantic-preserving,SrcMarker,csn_js,test#1175,0,0.003567787819,0.001954074018,25,26,142.711512744,75.156692989
semantic-preserving,SrcMarker,csn_js,test#1176,0,0.005653887056,0.003926136531,57,70,99.191000979,56.087664728
semantic-preserving,SrcMarker,csn_js,test#1177,0,0.005408591591,0.003543009982,52,57,104.011376747,62.158069851
semantic-preserving,SrcMarker,csn_js,test#1178,0,0.004271348007,0.002544500865,33,40,129.434788092,63.612521626
semantic-preserving,SrcMarker,csn_js,test#1179,0,0.006438095123,0.003755840473,62,67,103.840243913,56.057320491
semantic-preserving,SrcMarker,csn_js,test#1180,0,0.006966990419,0.004192608409,68,74,102.455741452,56.656870387
semantic-preserving,SrcMarker,csn_js,test#1181,0,0.004450109787,0.002485239878,36,40,123.614160758,62.130996957
semantic-preserving,SrcMarker,csn_js,test#1182,0,0.010134231299,0.006722950377,91,98,111.365179112,68.601534455
semantic-preserving,SrcMarker,csn_js,test#1183,0,0.011793147773,0.006287707947,114,117,103.448664671,53.741093566
semantic-preserving,SrcMarker,csn_js,test#1184,0,0.008997402154,0.005332149565,118,116,76.249170796,45.966806597
semantic-preserving,SrcMarker,csn_js,test#1185,0,0.006017673761,0.004250939935,68,71,88.495202363,59.872393457
semantic-preserving,SrcMarker,csn_js,test#1186,0,0.004580263980,0.002490159124,36,38,127.229554993,65.530503267
semantic-preserving,SrcMarker,csn_js,test#1187,0,0.005871227011,0.003472355194,53,56,110.777868134,62.006342757
semantic-preserving,SrcMarker,csn_js,test#1188,0,0.003770890646,0.002968325280,28,37,134.674665917,80.225007558
semantic-preserving,SrcMarker,csn_js,test#1189,0,0.006570847705,0.003883806989,74,67,88.795239257,57.967268487
semantic-preserving,SrcMarker,csn_js,test#1190,0,0.014805375598,0.009464932606,183,166,80.903691794,57.017666299
semantic-preserving,SrcMarker,csn_js,test#1191,0,0.010397694074,0.008156138472,108,136,96.274945126,59.971606414
semantic-preserving,SrcMarker,csn_js,test#1192,0,0.006465311162,0.004614850506,70,85,92.361588031,54.292358896
semantic-preserving,SrcMarker,csn_js,test#1193,0,0.007104955614,0.004869447090,76,89,93.486258074,54.712888649
semantic-preserving,SrcMarker,csn_js,test#1194,0,0.003587595187,0.001998955384,30,34,119.586506238,58.792805409
semantic-preserving,SrcMarker,csn_js,test#1195,0,0.009188455530,0.005555301905,100,103,91.884555295,53.934969948
semantic-preserving,SrcMarker,csn_js,test#1196,0,0.013117318973,0.010555071756,147,171,89.233462401,61.725565826
semantic-preserving,SrcMarker,csn_js,test#1197,0,0.035765063949,0.020888078026,524,552,68.253938834,37.840721062
semantic-preserving,SrcMarker,csn_js,test#1198,0,0.037328340113,0.021554227918,619,682,60.304265126,31.604439763
semantic-preserving,SrcMarker,csn_js,test#1199,0,0.005453410558,0.003275199793,59,57,92.430687431,57.459645496
semantic-preserving,SrcMarker,csn_js,test#1200,0,0.025617894717,0.019594995305,314,370,81.585651964,52.959446770
semantic-preserving,SrcMarker,csn_js,test#1201,0,0.012428365648,0.008872902952,144,148,86.308094776,59.952046974
semantic-preserving,SrcMarker,csn_js,test#1202,0,0.005290113389,0.003618455492,51,55,103.727713519,65.790099854
semantic-preserving,SrcMarker,csn_js,test#1203,0,0.007111503743,0.005910146050,73,86,97.417859488,68.722628490
semantic-preserving,SrcMarker,csn_js,test#1204,0,0.004968554713,0.002909469418,40,36,124.213867821,80.818594951
semantic-preserving,SrcMarker,csn_js,test#1205,0,0.012986089103,0.007720714435,127,116,102.252670102,66.557883060
semantic-preserving,SrcMarker,csn_js,test#1206,0,0.027205034159,0.016922977753,338,302,80.488266743,56.036350175
semantic-preserving,SrcMarker,csn_js,test#1207,0,0.026319591329,0.019091883674,474,503,55.526563984,37.956031162
semantic-preserving,SrcMarker,csn_js,test#1208,0,0.018323834985,0.013206466101,302,268,60.674950283,49.277858586
semantic-preserving,SrcMarker,csn_js,test#1209,0,0.007940163836,0.005940283649,122,134,65.083310130,44.330474990
semantic-preserving,SrcMarker,csn_js,test#1210,0,0.016917718574,0.010859319940,287,274,58.946754615,39.632554526
semantic-preserving,SrcMarker,csn_js,test#1211,0,0.012423983775,0.009548969567,202,197,61.504870174,48.471926735
semantic-preserving,SrcMarker,csn_js,test#1212,0,0.011691346765,0.008456337266,239,236,48.917768889,35.831937566
semantic-preserving,SrcMarker,csn_js,test#1213,0,0.008031355217,0.004963435233,90,88,89.237280190,56.402673098
semantic-preserving,SrcMarker,csn_js,test#1214,0,0.010478422977,0.007801105268,166,153,63.123029982,50.987616133
semantic-preserving,SrcMarker,csn_js,test#1215,0,0.007001288235,0.003925964236,75,73,93.350509803,53.780332004
semantic-preserving,SrcMarker,csn_js,test#1216,0,0.009156582877,0.005820525810,121,117,75.674238653,49.748083847
semantic-preserving,SrcMarker,csn_js,test#1217,0,0.013250927441,0.008402778767,185,173,71.626634815,48.570975532
semantic-preserving,SrcMarker,csn_js,test#1218,0,0.015722443350,0.013544557616,217,240,72.453655989,56.435656734
semantic-preserving,SrcMarker,csn_js,test#1219,0,0.006772127934,0.003806906752,81,72,83.606517701,52.873704893
semantic-preserving,SrcMarker,csn_js,test#1220,0,0.015066320077,0.010610729456,182,193,82.781978443,54.977872829
semantic-preserving,SrcMarker,csn_js,test#1221,0,0.005979213864,0.003423872404,50,51,119.584277272,67.134753016
semantic-preserving,SrcMarker,csn_js,test#1222,0,0.019959018566,0.013065345585,230,216,86.778341590,60.487711043
semantic-preserving,SrcMarker,csn_js,test#1223,0,0.005132695660,0.002761829644,45,39,114.059903555,70.816144729
semantic-preserving,SrcMarker,csn_js,test#1224,0,0.008302573115,0.005155319348,90,86,92.250812385,59.945573814
semantic-preserving,SrcMarker,csn_js,test#1225,0,0.007090062834,0.003742677160,73,73,97.124148415,51.269550132
semantic-preserving,SrcMarker,csn_js,test#1226,0,0.007915407419,0.006313997321,107,108,73.975770273,58.462938156
semantic-preserving,SrcMarker,csn_js,test#1227,0,0.012006965466,0.007381740957,167,155,71.897996801,47.624135210
semantic-preserving,SrcMarker,csn_js,test#1228,0,0.004449279979,0.002529116347,37,34,120.250810240,74.385774924
semantic-preserving,SrcMarker,csn_js,test#1229,0,0.006050257012,0.003577362746,69,65,87.684884235,55.036349938
semantic-preserving,SrcMarker,csn_js,test#1230,0,0.022095195949,0.015673313290,248,292,89.093532053,53.675730445
semantic-preserving,SrcMarker,csn_js,test#1231,0,0.016940399073,0.011078131385,266,250,63.685710801,44.312525541
semantic-preserving,SrcMarker,csn_js,test#1232,0,0.007955796085,0.004938626662,86,86,92.509256806,57.425891417
semantic-preserving,SrcMarker,csn_js,test#1233,0,0.019840358756,0.012167545035,272,238,72.942495428,51.124138805
semantic-preserving,SrcMarker,csn_js,test#1234,0,0.004788236693,0.002801438794,37,33,129.411802501,84.892084653
semantic-preserving,SrcMarker,csn_js,test#1235,0,0.007802625187,0.004526150413,66,61,118.221593739,74.199187096
semantic-preserving,SrcMarker,csn_js,test#1236,0,0.015477738343,0.008526419289,139,127,111.350635562,67.137159759
semantic-preserving,SrcMarker,csn_js,test#1237,0,0.019795294851,0.012924614362,267,258,74.139681090,50.095404505
semantic-preserving,SrcMarker,csn_js,test#1238,0,0.003651505336,0.002588013187,27,38,135.240938376,68.105610186
semantic-preserving,SrcMarker,csn_js,test#1239,0,0.005976160057,0.004800153896,70,84,85.373715098,57.144689241
semantic-preserving,SrcMarker,csn_js,test#1240,0,0.009249867871,0.005879451521,104,118,88.941037225,49.825860345
semantic-preserving,SrcMarker,csn_js,test#1241,0,0.010674263351,0.006152648479,114,108,93.633889041,56.968967396
semantic-preserving,SrcMarker,csn_js,test#1242,0,0.011717525311,0.009046731517,155,164,75.596937489,55.162997053
semantic-preserving,SrcMarker,csn_js,test#1243,0,0.020568756387,0.012462852523,262,242,78.506703766,51.499390590
semantic-preserving,SrcMarker,csn_js,test#1244,0,0.009551453404,0.006337279454,123,134,77.654092716,47.293130253
semantic-preserving,SrcMarker,csn_js,test#1245,0,0.012408397160,0.009798160754,186,171,66.711812691,57.299185697
semantic-preserving,SrcMarker,csn_js,test#1246,0,0.007231240161,0.003518776037,62,56,116.632905819,62.835286371
semantic-preserving,SrcMarker,csn_js,test#1247,0,0.005600906909,0.003778693266,51,64,109.821704088,59.042082285
semantic-preserving,SrcMarker,csn_js,test#1248,0,0.015669315122,0.011116833426,185,198,84.699000660,56.145623364
semantic-preserving,SrcMarker,csn_js,test#1249,0,0.008172326721,0.005098670721,91,94,89.805788146,54.241177884
semantic-preserving,SrcMarker,csn_js,test#1250,0,0.007191468030,0.004900709726,72,78,99.881500420,62.829611871
semantic-preserving,SrcMarker,csn_js,test#1251,0,0.009386753663,0.006761343218,114,122,82.339944416,55.420846052
semantic-preserving,SrcMarker,csn_js,test#1252,0,0.011907322332,0.008753768168,151,157,78.856439287,55.756485149
semantic-preserving,SrcMarker,csn_js,test#1253,0,0.007946835831,0.004944135435,68,74,116.865232806,66.812641013
semantic-preserving,SrcMarker,csn_js,test#1254,0,0.009794205427,0.005893610418,93,85,105.314036851,69.336593151
semantic-preserving,SrcMarker,csn_js,test#1255,0,0.008404952474,0.004900796339,102,95,82.401494843,51.587329883
semantic-preserving,SrcMarker,csn_js,test#1256,0,0.005226140842,0.003827488050,50,57,104.522816837,67.148913156
semantic-preserving,SrcMarker,csn_js,test#1257,0,0.017825447954,0.013275915757,285,307,62.545431418,43.244025267
semantic-preserving,SrcMarker,csn_js,test#1258,0,0.019899590872,0.012862399220,278,269,71.581262130,47.815610485
semantic-preserving,SrcMarker,csn_js,test#1259,0,0.011629826389,0.008217544295,145,145,80.205699236,56.672719275
semantic-preserving,SrcMarker,csn_js,test#1260,0,0.010782925412,0.007810707204,126,132,85.578773112,59.172024273
semantic-preserving,SrcMarker,csn_js,test#1261,0,0.007625787519,0.005246475339,100,98,76.257875189,53.535462642
semantic-preserving,SrcMarker,csn_js,test#1262,0,0.014280811884,0.010336141102,192,194,74.379228560,53.279077845
semantic-preserving,SrcMarker,csn_js,test#1263,0,0.013143726625,0.008041745052,177,162,74.258342512,49.640401554
semantic-preserving,SrcMarker,csn_js,test#1264,0,0.010166941211,0.006625134498,121,122,84.024307526,54.304381130
semantic-preserving,SrcMarker,csn_js,test#1265,0,0.034504141659,0.021503518336,514,494,67.128680270,43.529389343
semantic-preserving,SrcMarker,csn_js,test#1266,0,0.006588585675,0.004182791337,72,71,91.508134372,58.912554047
semantic-preserving,SrcMarker,csn_js,test#1267,0,0.008132996038,0.004771680571,95,109,85.610484606,43.776885974
semantic-preserving,SrcMarker,csn_js,test#1268,0,0.021343798377,0.017313719727,281,323,75.956577853,53.602847452
semantic-preserving,SrcMarker,csn_js,test#1269,0,0.013068566099,0.007506992668,117,124,111.697146144,60.540263451
semantic-preserving,SrcMarker,csn_js,test#1270,0,0.006687631831,0.004178930074,56,62,119.421996975,67.402097967
semantic-preserving,SrcMarker,csn_js,test#1271,0,0.016031359322,0.011546689086,203,200,78.972213411,57.733445428
semantic-preserving,SrcMarker,csn_js,test#1272,0,0.013937839307,0.010762683116,191,176,72.972980664,61.151608613
semantic-preserving,SrcMarker,csn_js,test#1273,0,0.005967705511,0.003698933870,73,69,81.749390556,53.607737241
semantic-preserving,SrcMarker,csn_js,test#1274,0,0.009974296205,0.005879933946,113,109,88.268108007,53.944348127
semantic-preserving,SrcMarker,csn_js,test#1275,0,0.029701539315,0.019173615612,404,375,73.518661671,51.129641632
semantic-preserving,SrcMarker,csn_js,test#1276,0,0.012491290458,0.008977960795,159,158,78.561575205,56.822536678
semantic-preserving,SrcMarker,csn_js,test#1277,0,0.018371034414,0.011293928139,243,219,75.600964665,51.570448123
semantic-preserving,SrcMarker,csn_js,test#1278,0,0.036699887365,0.021826363169,534,548,68.726380834,39.829129870
semantic-preserving,SrcMarker,csn_js,test#1279,0,0.005991434678,0.004566045478,60,64,99.857244641,71.344460594
semantic-preserving,SrcMarker,csn_js,test#1280,0,0.007083318196,0.004667477682,72,80,98.379419392,58.343471028
semantic-preserving,SrcMarker,csn_js,test#1281,0,0.006513307802,0.003729879856,64,62,101.770434412,60.159352518
semantic-preserving,SrcMarker,csn_js,test#1282,0,0.007281787694,0.005328842439,71,79,102.560390049,67.453701756
semantic-preserving,SrcMarker,csn_js,test#1283,0,0.013512256555,0.010680504143,187,186,72.258056445,57.422065286
semantic-preserving,SrcMarker,csn_js,test#1284,0,0.007915030234,0.006008732133,92,100,86.032937321,60.087321326
semantic-preserving,SrcMarker,csn_js,test#1285,0,0.033325642347,0.021583463065,537,511,62.058924297,42.237696801
semantic-preserving,SrcMarker,csn_js,test#1286,0,0.007112633437,0.004159028642,100,85,71.126334369,48.929748728
semantic-preserving,SrcMarker,csn_js,test#1287,0,0.022279714234,0.016028977931,328,292,67.925958031,54.893760036
semantic-preserving,SrcMarker,csn_js,test#1288,0,0.011898738332,0.007033141330,138,143,86.222741537,49.182806503
semantic-preserving,SrcMarker,csn_js,test#1289,0,0.007342193276,0.004237435758,80,65,91.777415946,65.191319356
semantic-preserving,SrcMarker,csn_js,test#1290,0,0.014293016866,0.008600217290,194,164,73.675344669,52.440349331
semantic-preserving,SrcMarker,csn_js,test#1291,0,0.028375567868,0.022240153514,391,422,72.571784830,52.701785578
semantic-preserving,SrcMarker,csn_js,test#1292,0,0.017293977551,0.012929751538,207,201,83.545785271,64.327122078
semantic-preserving,SrcMarker,csn_js,test#1293,0,0.009272927418,0.006387160160,103,111,90.028421537,57.541983420
semantic-preserving,SrcMarker,csn_js,test#1294,0,0.008988971822,0.006450346671,102,111,88.127174725,58.111231271
semantic-preserving,SrcMarker,csn_js,test#1295,0,0.006354561076,0.004305587150,64,71,99.290016806,60.642072537
semantic-preserving,SrcMarker,csn_js,test#1296,0,0.009092596360,0.005522144958,103,102,88.277634559,54.138676063
semantic-preserving,SrcMarker,csn_js,test#1297,0,0.011221991852,0.007836868055,127,131,88.362140566,59.823420268
semantic-preserving,SrcMarker,csn_js,test#1298,0,0.007954188623,0.006422307342,86,92,92.490565378,69.807688503
semantic-preserving,SrcMarker,csn_js,test#1299,0,0.005069121718,0.003639583476,41,54,123.637115083,67.399693998
semantic-preserving,SrcMarker,csn_js,test#1300,0,0.020100254565,0.015312398784,295,279,68.136456154,54.883149763
semantic-preserving,SrcMarker,csn_js,test#1301,0,0.004537715577,0.002529509366,34,39,133.462222841,64.859214502
semantic-preserving,SrcMarker,csn_js,test#1302,0,0.013190788217,0.008973690681,155,143,85.101859464,62.753081686
semantic-preserving,SrcMarker,csn_js,test#1303,0,0.016494271345,0.010744404979,200,187,82.471356727,57.456711118
semantic-preserving,SrcMarker,csn_js,test#1304,0,0.012101020664,0.008616397157,164,158,73.786711366,54.534159223
semantic-preserving,SrcMarker,csn_js,test#1305,0,0.007060530595,0.003901115619,64,63,110.320790554,61.922470137
semantic-preserving,SrcMarker,csn_js,test#1306,0,0.008284874260,0.005358597264,96,93,86.300773546,57.619325416
semantic-preserving,SrcMarker,csn_js,test#1307,0,0.008412722498,0.005140642636,94,95,89.497047853,54.112027742
semantic-preserving,SrcMarker,csn_js,test#1308,0,0.009975383058,0.006167401560,115,115,86.742461376,53.629578780
semantic-preserving,SrcMarker,csn_js,test#1309,0,0.003865256906,0.002823810093,29,38,133.284720881,74.310791924
semantic-preserving,SrcMarker,csn_js,test#1310,0,0.013271464035,0.007727487013,169,165,78.529372988,46.833254623
semantic-preserving,SrcMarker,csn_js,test#1311,0,0.007278220728,0.004531259649,83,77,87.689406362,58.847527903
semantic-preserving,SrcMarker,csn_js,test#1312,0,0.005552282557,0.003058972768,76,68,73.056349433,44.984893654
semantic-preserving,SrcMarker,csn_js,test#1313,0,0.022524439730,0.015683120117,264,270,85.319847461,58.085630061
semantic-preserving,SrcMarker,csn_js,test#1314,0,0.004206289537,0.002347424626,33,31,127.463319311,75.723375044
semantic-preserving,SrcMarker,csn_js,test#1315,0,0.027019884437,0.018958460540,339,349,79.704673856,54.322236503
semantic-preserving,SrcMarker,csn_js,test#1316,0,0.008346111514,0.004871984012,94,86,88.788420358,56.650976889
semantic-preserving,SrcMarker,csn_js,test#1317,0,0.006022040732,0.003570185043,61,54,98.721979216,66.114537832
semantic-preserving,SrcMarker,csn_js,test#1318,0,0.024412124418,0.016172467731,311,274,78.495576906,59.023604857
semantic-preserving,SrcMarker,csn_js,test#1319,0,0.021963609383,0.016109249555,296,281,74.201383049,57.328290230
semantic-preserving,SrcMarker,csn_js,test#1320,0,0.006214157678,0.003789622337,61,66,101.871437347,57.418520252
semantic-preserving,SrcMarker,csn_js,test#1321,0,0.006642770953,0.004559781402,71,70,93.560154274,65.139734319
semantic-preserving,SrcMarker,csn_js,test#1322,0,0.004798227921,0.003117701039,41,41,117.029949296,76.041488749
semantic-preserving,SrcMarker,csn_js,test#1323,0,0.005706685595,0.003266355023,49,53,116.462971331,61.629340053
semantic-preserving,SrcMarker,csn_js,test#1324,0,0.007669640705,0.005516001023,78,94,98.328726987,58.680861951
semantic-preserving,SrcMarker,csn_js,test#1325,0,0.012267323211,0.007878132164,136,140,90.200905962,56.272372603
semantic-preserving,SrcMarker,csn_js,test#1326,0,0.009808388539,0.005553978495,91,79,107.784489436,70.303525257
semantic-preserving,SrcMarker,csn_js,test#1327,0,0.007262790576,0.003711108118,63,58,115.282390089,63.984622729
semantic-preserving,SrcMarker,csn_js,test#1328,0,0.029038396664,0.020812304690,371,381,78.270610954,54.625471629
semantic-preserving,SrcMarker,csn_js,test#1329,0,0.004832946695,0.002896616235,49,50,98.631565212,57.932324708
semantic-preserving,SrcMarker,csn_js,test#1330,0,0.010470777750,0.006490705535,124,123,84.441756049,52.769963698
semantic-preserving,SrcMarker,csn_js,test#1331,0,0.005206294358,0.002935622819,37,39,140.710658318,75.272379968
semantic-preserving,SrcMarker,csn_js,test#1332,0,0.004544325173,0.002981115133,43,50,105.681980765,59.622302651
semantic-preserving,SrcMarker,csn_js,test#1333,0,0.006517483853,0.004582372494,65,84,100.268982351,54.552053500
semantic-preserving,SrcMarker,csn_js,test#1334,0,0.013206084259,0.008900740184,155,152,85.200543606,58.557501210
semantic-preserving,SrcMarker,csn_js,test#1335,0,0.011848769151,0.007685777731,156,144,75.953648402,53.373456467
semantic-preserving,SrcMarker,csn_js,test#1336,0,0.008452118374,0.005229658447,102,104,82.863905631,50.285177377
semantic-preserving,SrcMarker,csn_js,test#1337,0,0.007366592996,0.004261841066,76,72,96.928855208,59.192237030
semantic-preserving,SrcMarker,csn_js,test#1338,0,0.027329285629,0.020120984875,371,376,73.663842666,53.513257645
semantic-preserving,SrcMarker,csn_js,test#1339,0,0.004692528397,0.003074305132,41,44,114.451912118,69.870571183
semantic-preserving,SrcMarker,csn_js,test#1340,0,0.008615339175,0.006086371839,98,107,87.911624233,56.881979804
semantic-preserving,SrcMarker,csn_js,test#1341,0,0.010118459351,0.007193638943,118,130,85.749655520,55.335684178
semantic-preserving,SrcMarker,csn_js,test#1342,0,0.018191650510,0.013250540011,232,241,78.412286680,54.981493820
semantic-preserving,SrcMarker,csn_js,test#1343,0,0.005723938346,0.003318028525,52,44,110.075737421,75.409739194
semantic-preserving,SrcMarker,csn_js,test#1344,0,0.004685403779,0.002742134966,43,39,108.962878585,70.311152973
semantic-preserving,SrcMarker,csn_js,test#1345,0,0.017504855990,0.013743828982,224,262,78.146678529,52.457362527
semantic-preserving,SrcMarker,csn_js,test#1346,0,0.004449909553,0.002592054196,36,37,123.608598693,70.055518803
semantic-preserving,SrcMarker,csn_js,test#1347,0,0.008327160962,0.005672787316,86,89,96.827453046,63.739183327
semantic-preserving,SrcMarker,csn_js,test#1348,0,0.009286152199,0.006074344739,92,101,100.936436945,60.142027122
semantic-preserving,SrcMarker,csn_js,test#1349,0,0.006432845257,0.004542804323,79,76,81.428420978,59.773741094
semantic-preserving,SrcMarker,csn_js,test#1350,0,0.003854035400,0.002155491151,34,31,113.353982349,69.531972610
semantic-preserving,SrcMarker,csn_js,test#1351,0,0.007666009478,0.004408631474,91,80,84.241862399,55.107893422
semantic-preserving,SrcMarker,csn_js,test#1352,0,0.006855740212,0.005270463414,79,89,86.781521670,59.218690050
semantic-preserving,SrcMarker,csn_js,test#1353,0,0.009001412429,0.006953297183,111,113,81.093805666,61.533603389
semantic-preserving,SrcMarker,csn_js,test#1354,0,0.006673095748,0.003942552954,69,81,96.711532577,48.673493259
semantic-preserving,SrcMarker,csn_js,test#1355,0,0.005461858585,0.004133175127,53,64,103.053935575,64.580861363
semantic-preserving,SrcMarker,csn_js,test#1356,0,0.021993870847,0.019624801353,310,346,70.947970474,56.719079054
semantic-preserving,SrcMarker,csn_js,test#1357,0,0.009728237055,0.006873033009,105,114,92.649876717,60.289763241
semantic-preserving,SrcMarker,csn_js,test#1358,0,0.006826072931,0.004106084816,98,93,69.653805421,44.151449636
semantic-preserving,SrcMarker,csn_js,test#1359,0,0.009672888555,0.006068421528,131,122,73.838843928,49.741160063
semantic-preserving,SrcMarker,csn_js,test#1360,0,0.010146279819,0.006737571210,124,129,81.824837252,52.229234183
semantic-preserving,SrcMarker,csn_js,test#1361,0,0.008834236301,0.008023123257,125,150,70.673890412,53.487488379
semantic-preserving,SrcMarker,csn_js,test#1362,0,0.005759802647,0.003327181563,68,66,84.702980102,50.411841860
semantic-preserving,SrcMarker,csn_js,test#1363,0,0.010046139359,0.007907658815,126,133,79.731264758,59.456081319
semantic-preserving,SrcMarker,csn_js,test#1364,0,0.004766268656,0.002762320451,44,47,108.324287629,58.772775563
semantic-preserving,SrcMarker,csn_js,test#1365,0,0.011901307851,0.007758190855,114,109,104.397437290,71.176062893
semantic-preserving,SrcMarker,csn_js,test#1366,0,0.013657877222,0.007778552361,153,137,89.267171384,56.777754459
semantic-preserving,SrcMarker,csn_js,test#1367,0,0.032444759272,0.021296334453,456,444,71.150787877,47.964717236
semantic-preserving,SrcMarker,csn_js,test#1368,0,0.009555890225,0.005939243361,139,132,68.747411690,44.994267889
semantic-preserving,SrcMarker,csn_js,test#1369,0,0.019666287117,0.014536766335,278,247,70.742039988,58.853305001
semantic-preserving,SrcMarker,csn_js,test#1370,0,0.008622971363,0.005379905924,91,92,94.757927070,58.477238307
semantic-preserving,SrcMarker,csn_js,test#1371,0,0.028149304911,0.019059123471,387,365,72.737221994,52.216776634
semantic-preserving,SrcMarker,csn_js,test#1372,0,0.019733875059,0.012365170754,314,271,62.846735855,45.627936363
semantic-preserving,SrcMarker,csn_js,test#1373,0,0.030309767462,0.019332625903,465,409,65.182295618,47.268033993
semantic-preserving,SrcMarker,csn_js,test#1374,0,0.012927783653,0.008335844614,210,183,61.560874539,45.551063462
semantic-preserving,SrcMarker,csn_js,test#1375,0,0.009507311508,0.005311838351,131,110,72.574897008,48.289439556
semantic-preserving,SrcMarker,csn_js,test#1376,0,0.013214153238,0.011045246385,160,170,82.588457735,64.972037559
semantic-preserving,SrcMarker,csn_js,test#1377,0,0.005807751790,0.003801746294,51,51,113.877486072,74.544044978
semantic-preserving,SrcMarker,csn_js,test#1378,0,0.032280383632,0.019830319099,447,375,72.215623337,52.880850931
semantic-preserving,SrcMarker,csn_js,test#1379,0,0.008735227399,0.005220787600,99,85,88.234620188,61.421030585
semantic-preserving,SrcMarker,csn_js,test#1380,0,0.005849261768,0.004120628349,72,73,81.239746780,56.446963692
semantic-preserving,SrcMarker,csn_js,test#1381,0,0.006800496951,0.003897681832,80,74,85.006211884,52.671376112
semantic-preserving,SrcMarker,csn_js,test#1382,0,0.025180592202,0.014646985568,313,291,80.449176363,50.333283739
semantic-preserving,SrcMarker,csn_js,test#1383,0,0.017419469543,0.011012585834,218,193,79.905823591,57.060030226
semantic-preserving,SrcMarker,csn_js,test#1384,0,0.006585681811,0.004021006636,81,83,81.304713716,48.445863088
semantic-preserving,SrcMarker,csn_js,test#1385,0,0.025615328923,0.018644656055,349,380,73.396357945,49.064884354
semantic-preserving,SrcMarker,csn_js,test#1386,0,0.016717653722,0.013241820037,156,206,107.164446933,64.280679793
semantic-preserving,SrcMarker,csn_js,test#1387,0,0.013863458298,0.008661132306,138,143,100.459842740,60.567358782
semantic-preserving,SrcMarker,csn_js,test#1388,0,0.017812984996,0.010958559811,187,190,95.256604254,57.676630585
semantic-preserving,SrcMarker,csn_js,test#1389,0,0.006442886777,0.003628744744,62,55,103.917528665,65.977177159
semantic-preserving,SrcMarker,csn_js,test#1390,0,0.023275948130,0.016022826545,264,288,88.166470188,55.634814392
semantic-preserving,SrcMarker,csn_js,test#1391,0,0.007187087089,0.004033095203,74,67,97.122798498,60.195450796
semantic-preserving,SrcMarker,csn_js,test#1392,0,0.010414952412,0.006877562031,132,130,78.901154638,52.904323317
semantic-preserving,SrcMarker,csn_js,test#1393,0,0.003593307920,0.001936459914,27,26,133.085478511,74.479227456
semantic-preserving,SrcMarker,csn_js,test#1394,0,0.007585083134,0.005686877295,84,90,90.298608744,63.187525504
semantic-preserving,SrcMarker,csn_js,test#1395,0,0.011827107519,0.006936114281,148,128,79.912888641,54.188392824
semantic-preserving,SrcMarker,csn_js,test#1396,0,0.009426319972,0.005582092330,110,98,85.693817924,56.960125815
semantic-preserving,SrcMarker,csn_js,test#1397,0,0.004579292610,0.002947829664,42,45,109.030776435,65.507325861
semantic-preserving,SrcMarker,csn_js,test#1398,0,0.004742126912,0.003566004336,38,51,124.792813470,69.921653645
semantic-preserving,SrcMarker,csn_js,test#1399,0,0.006882609800,0.003925398923,90,84,76.473442217,46.730939565
semantic-preserving,SrcMarker,csn_js,test#1400,0,0.004775658250,0.002889757045,51,44,93.640357840,65.676296468
semantic-preserving,SrcMarker,csn_js,test#1401,0,0.014199038967,0.008627569303,183,166,77.590376872,51.973309054
semantic-preserving,SrcMarker,csn_js,test#1402,0,0.008542914875,0.005166565068,104,95,82.143412258,54.384895453
semantic-preserving,SrcMarker,csn_js,test#1403,0,0.009816941805,0.006684109569,109,108,90.063686286,61.889903413
semantic-preserving,SrcMarker,csn_js,test#1404,0,0.017365064472,0.010006485507,216,188,80.393817000,53.225986739
semantic-preserving,SrcMarker,csn_js,test#1405,0,0.005138414912,0.002844718285,48,49,107.050310665,58.055475202
semantic-preserving,SrcMarker,csn_js,test#1406,0,0.006649864838,0.004629288800,61,64,109.014177664,72.332637501
semantic-preserving,SrcMarker,csn_js,test#1407,0,0.012396882288,0.007726529613,129,132,96.099862699,58.534315251
semantic-preserving,SrcMarker,csn_js,test#1408,0,0.013446355239,0.009474776685,175,178,76.836315649,53.229082501
semantic-preserving,SrcMarker,csn_js,test#1409,0,0.006586612202,0.004595343024,75,80,87.821496030,57.441787794
semantic-preserving,SrcMarker,csn_js,test#1410,0,0.012313951738,0.007298305631,146,134,84.342135193,54.464967393
semantic-preserving,SrcMarker,csn_js,test#1411,0,0.013390759006,0.010189567693,172,192,77.853250036,53.070665066
semantic-preserving,SrcMarker,csn_js,test#1412,0,0.005535800941,0.003754625097,52,62,106.457710409,60.558469305
semantic-preserving,SrcMarker,csn_js,test#1413,0,0.020998189226,0.013568526134,251,227,83.658124406,59.773242881
semantic-preserving,SrcMarker,csn_js,test#1414,0,0.007145144045,0.004459977150,74,75,96.556000613,59.466362000
semantic-preserving,SrcMarker,csn_js,test#1415,0,0.007166610099,0.005104836076,77,81,93.072858433,63.022667611
semantic-preserving,SrcMarker,csn_js,test#1416,0,0.016410796903,0.011488765478,204,204,80.445082858,56.317477834
semantic-preserving,SrcMarker,csn_js,test#1417,0,0.003946253099,0.002106750384,29,29,136.077693053,72.646564965
semantic-preserving,SrcMarker,csn_js,test#1418,0,0.004700013436,0.002470303327,43,38,109.302638055,65.007982285
semantic-preserving,SrcMarker,csn_js,test#1419,0,0.005311062559,0.004200419411,49,63,108.389031826,66.673323985
semantic-preserving,SrcMarker,csn_js,test#1420,0,0.010636080988,0.006411938928,147,132,72.354292434,48.575294910
semantic-preserving,SrcMarker,csn_js,test#1421,0,0.013090901077,0.007830884308,174,155,75.235063660,50.521834243
semantic-preserving,SrcMarker,csn_js,test#1422,0,0.013352704234,0.009517230093,204,199,65.454432522,47.825276852
semantic-preserving,SrcMarker,csn_js,test#1423,0,0.026454049163,0.018007772975,516,471,51.267537137,38.233063640
semantic-preserving,SrcMarker,csn_js,test#1424,0,0.012440676801,0.007627950050,128,124,97.192787507,61.515726209
semantic-preserving,SrcMarker,csn_js,test#1425,0,0.036364091560,0.021629340947,570,580,63.796651860,37.291967149
semantic-preserving,SrcMarker,csn_js,test#1426,0,0.008118043654,0.004695036449,80,71,101.475545671,66.127273923
semantic-preserving,SrcMarker,csn_js,test#1427,0,0.012948202901,0.008027473465,148,149,87.487857436,53.875660836
semantic-preserving,SrcMarker,csn_js,test#1428,0,0.005545476452,0.004551128484,54,66,102.694008361,68.956492186
semantic-preserving,SrcMarker,csn_js,test#1429,0,0.007063061930,0.005297254771,59,71,119.712914072,74.609222127
semantic-preserving,SrcMarker,csn_js,test#1430,0,0.008329106495,0.004931683652,82,84,101.574469449,58.710519668
semantic-preserving,SrcMarker,csn_js,test#1431,0,0.007331734523,0.004227492958,77,70,95.217331470,60.392756547
semantic-preserving,SrcMarker,csn_js,test#1432,0,0.007005388848,0.004058583640,65,63,107.775213054,64.421962533
semantic-preserving,SrcMarker,csn_js,test#1433,0,0.004672095180,0.002707313746,40,41,116.802379489,66.032042591
semantic-preserving,SrcMarker,csn_js,test#1434,0,0.007380937226,0.004088977352,72,66,102.513017029,61.954202300
semantic-preserving,SrcMarker,csn_js,test#1435,0,0.007731812075,0.005933482200,85,88,90.962494997,67.425934090
semantic-preserving,SrcMarker,csn_js,test#1436,0,0.008876033127,0.006837165914,100,107,88.760331273,63.898746864
semantic-preserving,SrcMarker,csn_js,test#1437,0,0.004478297196,0.002549432218,36,34,124.397144342,74.983300532
semantic-preserving,SrcMarker,csn_js,test#1438,0,0.007863270119,0.004530617036,84,76,93.610358558,59.613382052
semantic-preserving,SrcMarker,csn_js,test#1439,0,0.017091901973,0.011649376713,217,196,78.764525221,59.435595473
semantic-preserving,SrcMarker,csn_js,test#1440,0,0.006054358557,0.003396369517,59,60,102.616246727,56.606158614
semantic-preserving,SrcMarker,csn_js,test#1441,0,0.010487372987,0.007906228304,113,144,92.808610504,54.904363222
semantic-preserving,SrcMarker,csn_js,test#1442,0,0.004867540672,0.002883414738,57,65,85.395450393,44.360226737
semantic-preserving,SrcMarker,csn_js,test#1443,0,0.006697627716,0.004560645670,84,86,79.733663283,53.030763601
semantic-preserving,SrcMarker,csn_js,test#1444,0,0.010720938444,0.006073890254,135,130,79.414358845,46.722232722
semantic-preserving,SrcMarker,csn_js,test#1445,0,0.007223998196,0.004956644960,90,100,80.266646627,49.566449597
semantic-preserving,SrcMarker,csn_js,test#1446,0,0.005362134427,0.003314932808,61,72,87.903843063,46.040733448
semantic-preserving,SrcMarker,csn_js,test#1447,0,0.004942603409,0.002650805749,46,50,107.447900202,53.016114980
semantic-preserving,SrcMarker,csn_js,test#1448,0,0.014503084123,0.009223177098,237,229,61.194447777,40.275882523
semantic-preserving,SrcMarker,csn_js,test#1449,0,0.021835098974,0.018583610654,380,362,57.460786775,51.335941033
semantic-preserving,SrcMarker,csn_js,test#1450,0,0.018741237000,0.012168348767,283,283,66.223452296,42.997698823
semantic-preserving,SrcMarker,csn_js,test#1451,0,0.011316349730,0.007427735254,174,181,65.036492701,41.037211349
semantic-preserving,SrcMarker,csn_js,test#1452,0,0.005236295983,0.003728270531,56,67,93.505285414,55.645828816
semantic-preserving,SrcMarker,csn_js,test#1453,0,0.005937370472,0.003261676989,55,55,107.952190394,59.303217991
semantic-preserving,SrcMarker,csn_js,test#1454,0,0.007094521075,0.004641428590,93,98,76.285172855,47.361516223
semantic-preserving,SrcMarker,csn_js,test#1455,0,0.006721157581,0.004026469775,68,74,98.840552656,54.411753710
semantic-preserving,SrcMarker,csn_js,test#1456,0,0.029355514795,0.021256761625,368,364,79.770420637,58.397696773
semantic-preserving,SrcMarker,csn_js,test#1457,0,0.017485360615,0.010503755882,228,204,76.690178136,51.488999423
semantic-preserving,SrcMarker,csn_js,test#1458,0,0.020195876248,0.013359020464,283,252,71.363520312,53.011985969
semantic-preserving,SrcMarker,csn_js,test#1459,0,0.016757700592,0.012043552473,202,222,82.958913823,54.250236366
semantic-preserving,SrcMarker,csn_js,test#1460,0,0.017111288384,0.011625404470,220,241,77.778583562,48.238192820
semantic-preserving,SrcMarker,csn_js,test#1461,0,0.017022325657,0.014846697450,229,260,74.333299814,57.102682499
semantic-preserving,SrcMarker,csn_js,test#1462,0,0.011870253831,0.007599532604,143,160,83.008768050,47.497078776
semantic-preserving,SrcMarker,csn_js,test#1463,0,0.026143925264,0.018229831941,344,349,75.999782746,52.234475477
semantic-preserving,SrcMarker,csn_js,test#1464,0,0.022753934376,0.015484126285,296,320,76.871399919,48.387894640
semantic-preserving,SrcMarker,csn_js,test#1465,0,0.009468136355,0.004676258191,115,105,82.331620481,44.535792300
semantic-preserving,SrcMarker,csn_js,test#1466,0,0.006055090576,0.004032905214,69,75,87.754935890,53.772069514
semantic-preserving,SrcMarker,csn_js,test#1467,0,0.008880754001,0.005402734503,84,86,105.723261922,62.822494223
semantic-preserving,SrcMarker,csn_js,test#1468,0,0.011237332597,0.006515746936,157,132,71.575366862,49.361719214
semantic-preserving,SrcMarker,csn_js,test#1469,0,0.006552495062,0.003968646750,66,64,99.280228217,62.010105466
semantic-preserving,SrcMarker,csn_js,test#1470,0,0.009912495501,0.006524804048,112,110,88.504424119,59.316400439
semantic-preserving,SrcMarker,csn_js,test#1471,0,0.005334528163,0.002858359367,54,51,98.787558575,56.046262091
semantic-preserving,SrcMarker,csn_js,test#1472,0,0.007062238641,0.004245044664,74,76,95.435657312,55.855850836
semantic-preserving,SrcMarker,csn_js,test#1473,0,0.008485411294,0.005403226241,91,88,93.246277954,61.400298199
semantic-preserving,SrcMarker,csn_js,test#1474,0,0.010579261929,0.007702111267,117,119,90.421042126,64.723624089
semantic-preserving,SrcMarker,csn_js,test#1475,0,0.010361370631,0.007076214068,132,129,78.495232050,54.854372617
semantic-preserving,SrcMarker,csn_js,test#1476,0,0.016987401992,0.010232423432,222,201,76.519828793,50.907579265
semantic-preserving,SrcMarker,csn_js,test#1477,0,0.026284278370,0.017935555428,394,340,66.711366422,52.751633613
semantic-preserving,SrcMarker,csn_js,test#1478,0,0.006704379804,0.003622461110,78,70,85.953587236,51.749444434
semantic-preserving,SrcMarker,csn_js,test#1479,0,0.014447775669,0.008645200171,209,189,69.128113251,45.741799844
semantic-preserving,SrcMarker,csn_js,test#1480,0,0.013084571809,0.010436652228,158,172,82.813745624,60.678210629
semantic-preserving,SrcMarker,csn_js,test#1481,0,0.012883238494,0.008037286811,167,147,77.145140685,54.675420480
semantic-preserving,SrcMarker,csn_js,test#1482,0,0.014651734382,0.010808761232,200,216,73.258671910,50.040561257
semantic-preserving,SrcMarker,csn_js,test#1483,0,0.011032497510,0.007506888360,120,112,91.937479253,67.025788927
semantic-preserving,SrcMarker,csn_js,test#1484,0,0.023513928987,0.014190094545,308,280,76.343925283,50.678909091
semantic-preserving,SrcMarker,csn_js,test#1485,0,0.006818768568,0.004756134003,70,75,97.410979548,63.415120045
semantic-preserving,SrcMarker,csn_js,test#1486,0,0.005546854809,0.003456570208,50,56,110.937096179,61.724468001
semantic-preserving,SrcMarker,csn_js,test#1487,0,0.006248246878,0.004585079849,75,85,83.309958378,53.942115868
semantic-preserving,SrcMarker,csn_js,test#1488,0,0.008814180270,0.005521364510,126,127,69.953811665,43.475311103
semantic-preserving,SrcMarker,csn_js,test#1489,0,0.041174679995,0.021871434525,729,692,56.481042517,31.606119255
semantic-preserving,SrcMarker,csn_js,test#1490,0,0.008416073397,0.004962100647,90,83,93.511926631,59.784345149
semantic-preserving,SrcMarker,csn_js,test#1491,0,0.005089584738,0.002740621567,45,40,113.101883067,68.515539169
semantic-preserving,SrcMarker,csn_js,test#1492,0,0.005341394804,0.003087789752,55,51,97.116269171,60.544897090
semantic-preserving,SrcMarker,csn_js,test#1493,0,0.028225549497,0.018111627549,378,348,74.670765864,52.044906750
semantic-preserving,SrcMarker,csn_js,test#1494,0,0.015325034969,0.009114005603,206,177,74.393373634,51.491557079
semantic-preserving,SrcMarker,csn_js,test#1495,0,0.006764383987,0.003652577288,62,59,109.102967526,61.908089635
semantic-preserving,SrcMarker,csn_js,test#1496,0,0.012689141557,0.008118268102,166,150,76.440611787,54.121787349
semantic-preserving,SrcMarker,csn_js,test#1497,0,0.009377702139,0.007111677900,93,118,100.835506874,60.268456779
semantic-preserving,SrcMarker,csn_js,test#1498,0,0.005498751067,0.003218317404,43,41,127.877931782,78.495546449
semantic-preserving,SrcMarker,csn_js,test#1499,0,0.030438513495,0.018327171914,317,311,96.020547303,58.929813229
semantic-preserving,SrcMarker,csn_js,test#1500,0,0.011313749477,0.007022914477,133,126,85.065785543,55.737416482
semantic-preserving,SrcMarker,csn_js,test#1501,0,0.011620546691,0.007276827469,146,142,79.592785556,51.245263869
semantic-preserving,SrcMarker,csn_js,test#1502,0,0.011085320264,0.007096607238,131,128,84.620765375,55.442244047
semantic-preserving,SrcMarker,csn_js,test#1503,0,0.007720158435,0.007089955732,89,118,86.743353207,60.084370612
semantic-preserving,SrcMarker,csn_js,test#1504,0,0.014560457319,0.009388249367,183,183,79.565340541,51.301909112
semantic-preserving,SrcMarker,csn_js,test#1505,0,0.014595330693,0.007677487098,163,146,89.541906091,52.585528066
semantic-preserving,SrcMarker,csn_js,test#1506,0,0.007407954894,0.004104537889,75,74,98.772731920,55.466728235
semantic-preserving,SrcMarker,csn_js,test#1507,0,0.003884691745,0.002357044257,26,39,149.411220963,60.437032237
semantic-preserving,SrcMarker,csn_js,test#1508,0,0.007599730045,0.004371721298,86,77,88.368954007,56.775601266
semantic-preserving,SrcMarker,csn_js,test#1509,0,0.015703471377,0.010778086260,214,202,73.380707371,53.356862673
semantic-preserving,SrcMarker,csn_js,test#1510,0,0.006695033982,0.003942878917,75,70,89.267119765,56.326841669
semantic-preserving,SrcMarker,csn_js,test#1511,0,0.014018426649,0.009848345071,156,180,89.861709290,54.713028173
semantic-preserving,SrcMarker,csn_js,test#1512,0,0.006378625520,0.004716362804,64,65,99.666023743,72.559427757
semantic-preserving,SrcMarker,csn_js,test#1513,0,0.007118586451,0.004148744047,75,71,94.914486011,58.433014742
semantic-preserving,SrcMarker,csn_js,test#1514,0,0.006159076467,0.004408722743,84,88,73.322338895,50.099122084
semantic-preserving,SrcMarker,csn_js,test#1515,0,0.005971248262,0.005163243972,62,90,96.310455833,57.369377464
semantic-preserving,SrcMarker,csn_js,test#1516,0,0.009783044457,0.006300813518,108,106,90.583744976,59.441636967
semantic-preserving,SrcMarker,csn_js,test#1517,0,0.008195715025,0.005713005550,113,120,72.528451549,47.608379585
semantic-preserving,SrcMarker,csn_js,test#1518,0,0.007720680907,0.005589419045,142,133,54.370992305,42.025707102
semantic-preserving,SrcMarker,csn_js,test#1519,0,0.012527307495,0.008273192681,172,148,72.833183113,55.899950550
semantic-preserving,SrcMarker,csn_js,test#1520,0,0.009028396569,0.006080797873,113,100,79.897314772,60.807978734
semantic-preserving,SrcMarker,csn_js,test#1521,0,0.003915706649,0.001998687163,27,33,145.026172201,60.566277667
semantic-preserving,SrcMarker,csn_js,test#1522,0,0.006273854524,0.003303646110,66,58,95.058401877,56.959415690
semantic-preserving,SrcMarker,csn_js,test#1523,0,0.007807793096,0.004936832003,79,81,98.832823996,60.948543251
semantic-preserving,SrcMarker,csn_js,test#1524,0,0.006459571421,0.005616297014,64,92,100.930803455,61.046706675
semantic-preserving,SrcMarker,csn_js,test#1525,0,0.017229200341,0.018518721685,225,301,76.574223737,61.523992308
semantic-preserving,SrcMarker,csn_js,test#1526,0,0.006101812236,0.004301139154,60,65,101.696870600,66.171371593
semantic-preserving,SrcMarker,csn_js,test#1527,0,0.005363808013,0.002831880935,41,40,130.824585695,70.797023363
semantic-preserving,SrcMarker,csn_js,test#1528,0,0.004729697481,0.002325839363,40,39,118.242437020,59.636906745
semantic-preserving,SrcMarker,csn_js,test#1529,0,0.003888884559,0.002097195946,31,30,125.447889009,69.906531523
semantic-preserving,SrcMarker,csn_js,test#1530,0,0.023935921490,0.016325843520,383,353,62.495878564,46.248848500
semantic-preserving,SrcMarker,csn_js,test#1531,0,0.006071193144,0.003815834410,73,71,83.167029366,53.744146627
semantic-preserving,SrcMarker,csn_js,test#1532,0,0.023396364413,0.016866125166,304,294,76.961725043,57.367772675
semantic-preserving,SrcMarker,csn_js,test#1533,0,0.004452857189,0.002454906702,46,43,96.801243237,57.090853536
semantic-preserving,SrcMarker,csn_js,test#1534,0,0.006404064596,0.004015112296,70,64,91.486637081,62.736129621
semantic-preserving,SrcMarker,csn_js,test#1535,0,0.014839070849,0.008182253689,179,164,82.899837146,49.891790784
semantic-preserving,SrcMarker,csn_js,test#1536,0,0.017314479686,0.012066229247,270,250,64.127702542,48.264916986
semantic-preserving,SrcMarker,csn_js,test#1537,0,0.022902720608,0.014615408145,336,299,68.162858952,48.880963695
semantic-preserving,SrcMarker,csn_js,test#1538,0,0.012107182294,0.007002055645,145,131,83.497808925,53.450806450
semantic-preserving,SrcMarker,csn_js,test#1539,0,0.011367005296,0.008011914790,142,158,80.049333071,50.708321454
semantic-preserving,SrcMarker,csn_js,test#1540,0,0.007484924980,0.004419312812,81,81,92.406481228,54.559417437
semantic-preserving,SrcMarker,csn_js,test#1541,0,0.013643472455,0.009450732730,187,183,72.959745751,51.643348253
semantic-preserving,SrcMarker,csn_js,test#1542,0,0.005572573282,0.003818494268,63,76,88.453544156,50.243345628
semantic-preserving,SrcMarker,csn_js,test#1543,0,0.004429612309,0.002610867843,38,40,116.568744967,65.271696076
semantic-preserving,SrcMarker,csn_js,test#1544,0,0.005340149626,0.003122952767,46,48,116.090209264,65.061515973
semantic-preserving,SrcMarker,csn_js,test#1545,0,0.018870915286,0.013458342291,232,242,81.340152096,55.612984675
semantic-preserving,SrcMarker,csn_js,test#1546,0,0.005121884868,0.003407326527,48,47,106.705934741,72.496309084
semantic-preserving,SrcMarker,csn_js,test#1547,0,0.005303550512,0.003549572080,49,55,108.235724727,64.537674189
semantic-preserving,SrcMarker,csn_js,test#1548,0,0.005464282818,0.003172706813,45,42,121.428507070,75.540638396
semantic-preserving,SrcMarker,csn_js,test#1549,0,0.021087175235,0.014334359206,268,277,78.683489683,51.748589192
semantic-preserving,SrcMarker,csn_js,test#1550,0,0.005216212012,0.003157529049,54,49,96.596518738,64.439368339
semantic-preserving,SrcMarker,csn_js,test#1551,0,0.007938512601,0.004818556830,90,80,88.205695566,60.231960379
semantic-preserving,SrcMarker,csn_js,test#1552,0,0.005513749085,0.003062011674,69,66,79.909407034,46.394116273
semantic-preserving,SrcMarker,csn_js,test#1553,0,0.017148653045,0.011083636433,170,174,100.874429678,63.699059959
semantic-preserving,SrcMarker,csn_js,test#1554,0,0.005907300860,0.003256254829,48,52,123.068767910,62.620285182
semantic-preserving,SrcMarker,csn_js,test#1555,0,0.011723949574,0.007598925382,160,156,73.274684837,48.711060140
semantic-preserving,SrcMarker,csn_js,test#1556,0,0.004592604004,0.002466272563,35,35,131.217257253,70.464930364
semantic-preserving,SrcMarker,csn_js,test#1557,0,0.005699411035,0.003466853872,91,86,62.630890490,40.312254325
semantic-preserving,SrcMarker,csn_js,test#1558,0,0.007943993434,0.004949644208,107,110,74.242929293,44.996765527
semantic-preserving,SrcMarker,csn_js,test#1559,0,0.010351723991,0.006807664409,140,127,73.940885652,53.603656766
semantic-preserving,SrcMarker,csn_js,test#1560,0,0.005065765232,0.004769741558,52,58,97.418562151,82.236923406
semantic-preserving,SrcMarker,csn_js,test#1561,0,0.006948965602,0.004061775282,79,73,87.961589894,55.640757288
semantic-preserving,SrcMarker,csn_js,test#1562,0,0.006696096621,0.004040177912,80,77,83.701207768,52.469843007
semantic-preserving,SrcMarker,csn_js,test#1563,0,0.006304352544,0.004868914373,55,63,114.624591714,77.284355130
semantic-preserving,SrcMarker,csn_js,test#1564,0,0.008517674170,0.006303137168,95,106,89.659728110,59.463558191
semantic-preserving,SrcMarker,csn_js,test#1565,0,0.007759912871,0.004358743317,98,82,79.182784396,53.155406310
semantic-preserving,SrcMarker,csn_js,test#1566,0,0.009239972569,0.006585801952,121,124,76.363409662,53.111306061
semantic-preserving,SrcMarker,csn_js,test#1567,0,0.006246221252,0.003611152060,64,61,97.597207059,59.199214104
semantic-preserving,SrcMarker,csn_js,test#1568,0,0.008465847000,0.006677065045,114,120,74.261815794,55.642208705
semantic-preserving,SrcMarker,csn_js,test#1569,0,0.006892247126,0.005919371732,73,94,94.414344185,62.972039698
semantic-preserving,SrcMarker,csn_js,test#1570,0,0.005805038847,0.003914831206,63,68,92.143473762,57.571047150
semantic-preserving,SrcMarker,csn_js,test#1571,0,0.016375819221,0.010319844820,228,217,71.823768514,47.556888570
semantic-preserving,SrcMarker,csn_js,test#1572,0,0.007212367840,0.005426953547,91,91,79.256789452,59.636852162
semantic-preserving,SrcMarker,csn_js,test#1573,0,0.005313780159,0.003466285765,59,57,90.064070487,60.812030968
semantic-preserving,SrcMarker,csn_js,test#1574,0,0.004830624908,0.002825930715,50,47,96.612498164,60.126185417
semantic-preserving,SrcMarker,csn_js,test#1575,0,0.005317099392,0.003408968449,61,56,87.165563810,60.874436583
semantic-preserving,SrcMarker,csn_js,test#1576,0,0.025949981995,0.021350696683,356,365,72.893207851,58.495059405
semantic-preserving,SrcMarker,csn_js,test#1577,0,0.008527825586,0.004979615100,106,103,80.451184778,48.345777667
semantic-preserving,SrcMarker,csn_js,test#1578,0,0.007796050049,0.006291401573,101,104,77.188614350,60.494245890
semantic-preserving,SrcMarker,csn_js,test#1579,0,0.006544621661,0.003932114691,74,70,88.440833261,56.173067008
semantic-preserving,SrcMarker,csn_js,test#1580,0,0.015812648460,0.014749190770,219,248,72.203874248,59.472543428
semantic-preserving,SrcMarker,csn_js,test#1581,0,0.005508786067,0.003239697777,60,55,91.813101123,58.903595941
semantic-preserving,SrcMarker,csn_js,test#1582,0,0.016167916358,0.014782913029,214,220,75.551011016,67.195059224
semantic-preserving,SrcMarker,csn_js,test#1583,0,0.008264303207,0.004332997836,85,77,97.227096558,56.272699171
semantic-preserving,SrcMarker,csn_js,test#1584,0,0.011442552321,0.008308136836,137,141,83.522279713,58.922956282
semantic-preserving,SrcMarker,csn_js,test#1585,0,0.012795389630,0.009761077352,166,161,77.080660421,60.627809639
semantic-preserving,SrcMarker,csn_js,test#1586,0,0.005866011605,0.003376233391,59,52,99.423925503,64.927565220
semantic-preserving,SrcMarker,csn_js,test#1587,0,0.008002971299,0.004858254455,97,83,82.504858753,58.533186205
semantic-preserving,SrcMarker,csn_js,test#1588,0,0.006224360317,0.003405352123,64,63,97.255629953,54.053208303
semantic-preserving,SrcMarker,csn_js,test#1589,0,0.006348062307,0.003770639189,65,63,97.662497025,59.851415692
semantic-preserving,SrcMarker,csn_js,test#1590,0,0.005746519193,0.003953647800,63,60,91.214590366,65.894129996
semantic-preserving,SrcMarker,csn_js,test#1591,0,0.004534224980,0.003092283383,42,45,107.957737609,68.717408511
semantic-preserving,SrcMarker,csn_js,test#1592,0,0.008608276024,0.005641500466,101,91,85.230455688,61.994510611
semantic-preserving,SrcMarker,csn_js,test#1593,0,0.006069788709,0.003554654308,52,49,116.726705948,72.543965463
semantic-preserving,SrcMarker,csn_js,test#1594,0,0.021947649308,0.014756753109,375,322,58.527064820,45.828425806
semantic-preserving,SrcMarker,csn_js,test#1595,0,0.004330130294,0.002740445547,43,48,100.700704511,57.092615558
semantic-preserving,SrcMarker,csn_js,test#1596,0,0.007499806583,0.005309690721,84,82,89.283411702,64.752325870
semantic-preserving,SrcMarker,csn_js,test#1597,0,0.009133171290,0.005937428214,106,110,86.161993303,53.976620124
semantic-preserving,SrcMarker,csn_js,test#1598,0,0.004196094349,0.002377050929,42,40,99.907008310,59.426273219
semantic-preserving,SrcMarker,csn_js,test#1599,0,0.015332858078,0.008768887259,205,179,74.794429650,48.988196978
semantic-preserving,SrcMarker,csn_js,test#1600,0,0.005420444533,0.003349905834,57,61,95.095518127,54.916489075
semantic-preserving,SrcMarker,csn_js,test#1601,0,0.007156166248,0.004742155783,86,88,83.211235442,53.888133896
semantic-preserving,SrcMarker,csn_js,test#1602,0,0.005440162495,0.002954027615,54,51,100.743749903,57.922110108
semantic-preserving,SrcMarker,csn_js,test#1603,0,0.003963552415,0.002286439762,34,36,116.575071040,63.512215598
semantic-preserving,SrcMarker,csn_js,test#1604,0,0.013293031603,0.007920929231,169,163,78.656991734,48.594657857
semantic-preserving,SrcMarker,csn_js,test#1605,0,0.014457999729,0.008472965099,203,183,71.221673540,46.300355732
semantic-preserving,SrcMarker,csn_js,test#1606,0,0.005060081370,0.003085175529,53,52,95.473233400,59.330298637
semantic-preserving,SrcMarker,csn_js,test#1607,0,0.004836035892,0.002738776617,49,44,98.694610048,62.244923108
semantic-preserving,SrcMarker,csn_js,test#1608,0,0.006559146568,0.004920564592,67,74,97.897709973,66.494116107
semantic-preserving,SrcMarker,csn_js,test#1609,0,0.010433491319,0.007389806211,132,140,79.041600905,52.784330079
semantic-preserving,SrcMarker,csn_js,test#1610,0,0.004704813473,0.002797870897,64,60,73.512710514,46.631181613
semantic-preserving,SrcMarker,csn_js,test#1611,0,0.007057611831,0.004048985429,75,71,94.101491074,57.027963790
semantic-preserving,SrcMarker,csn_js,test#1612,0,0.004729297012,0.002928619273,43,50,109.983651444,58.572385460
semantic-preserving,SrcMarker,csn_js,test#1613,0,0.018003366888,0.013505823910,227,234,79.309986289,57.717196198
semantic-preserving,SrcMarker,csn_js,test#1614,0,0.005456368439,0.003143391572,55,51,99.206698889,61.635128862
semantic-preserving,SrcMarker,csn_js,test#1615,0,0.011609307490,0.009145272896,157,182,73.944633696,50.248752174
semantic-preserving,SrcMarker,csn_js,test#1616,0,0.011585989036,0.007765248418,128,139,90.515539341,55.865096531
semantic-preserving,SrcMarker,csn_js,test#1617,0,0.006921360269,0.004381309263,62,62,111.634843051,70.666278442
semantic-preserving,SrcMarker,csn_js,test#1618,0,0.027521608397,0.022188891657,351,405,78.409140733,54.787386807
semantic-preserving,SrcMarker,csn_js,test#1619,0,0.004075661302,0.002227845602,38,37,107.254244779,60.212043290
semantic-preserving,SrcMarker,csn_js,test#1620,0,0.004896153696,0.002910256386,49,56,99.921503998,51.968864032
semantic-preserving,SrcMarker,csn_js,test#1621,0,0.004986631684,0.002756759524,49,48,101.767993551,57.432490091
semantic-preserving,SrcMarker,csn_js,test#1622,0,0.004868911579,0.003368279897,56,64,86.944849629,52.629373386
semantic-preserving,SrcMarker,csn_js,test#1623,0,0.005470385775,0.003160759807,54,49,101.303440277,64.505302176
semantic-preserving,SrcMarker,csn_js,test#1624,0,0.006158835255,0.003753538243,60,54,102.647254243,69.509967472
semantic-preserving,SrcMarker,csn_js,test#1625,0,0.006460812874,0.003536514938,85,81,76.009563225,43.660678245
semantic-preserving,SrcMarker,csn_js,test#1626,0,0.003701077774,0.001758493483,24,24,154.211573924,73.270561794
semantic-preserving,SrcMarker,csn_js,test#1627,0,0.005597871728,0.003658684902,59,58,94.879181835,63.080774171
semantic-preserving,SrcMarker,csn_js,test#1628,0,0.005376902409,0.002879886888,52,45,103.401969402,63.997486399
semantic-preserving,SrcMarker,csn_js,test#1629,0,0.023114391603,0.016456239857,301,307,76.791998680,53.603387156
semantic-preserving,SrcMarker,csn_js,test#1630,0,0.009548058733,0.005473220721,107,103,89.234193770,53.138065251
semantic-preserving,SrcMarker,csn_js,test#1631,0,0.010195307434,0.006413226016,128,116,79.650839325,55.286431171
semantic-preserving,SrcMarker,csn_js,test#1632,0,0.006378429942,0.004328620620,60,76,106.307165697,56.955534475
semantic-preserving,SrcMarker,csn_js,test#1633,0,0.009669718333,0.005476619117,85,80,113.761392148,68.457738962
semantic-preserving,SrcMarker,csn_js,test#1634,0,0.005614975467,0.005119855516,58,85,96.809921850,60.233594302
semantic-preserving,SrcMarker,csn_js,test#1635,0,0.005508709699,0.003465713933,54,54,102.013142573,64.179887650
semantic-preserving,SrcMarker,csn_js,test#1636,0,0.011370900087,0.006592544727,124,117,91.700807154,56.346536128
semantic-preserving,SrcMarker,csn_js,test#1637,0,0.005527895875,0.004083556123,53,71,104.299922175,57.514874973
semantic-preserving,SrcMarker,csn_js,test#1638,0,0.007734948769,0.004558864981,89,89,86.909536733,51.223202033
semantic-preserving,SrcMarker,csn_js,test#1639,0,0.009638356976,0.006895001046,104,123,92.676509387,56.056919076
semantic-preserving,SrcMarker,csn_js,test#1640,0,0.007233651355,0.004537765868,88,95,82.200583579,47.765956505
semantic-preserving,SrcMarker,csn_js,test#1641,0,0.003986917436,0.002120858058,28,33,142.389908433,64.268426010
semantic-preserving,SrcMarker,csn_js,test#1642,0,0.004838735797,0.003352105618,42,51,115.207995155,65.727561128
semantic-preserving,SrcMarker,csn_js,test#1643,0,0.017548982985,0.011329973117,252,235,69.638821370,48.212651560
semantic-preserving,SrcMarker,csn_js,test#1644,0,0.011085378937,0.008164143190,149,163,74.398516359,50.086768036
semantic-preserving,SrcMarker,csn_js,test#1645,0,0.004365861416,0.003118688241,39,46,111.945164509,67.797570449
semantic-preserving,SrcMarker,csn_js,test#1646,0,0.008570744656,0.005662229843,109,112,78.630684918,50.555623602
semantic-preserving,SrcMarker,csn_js,test#1647,0,0.004299465567,0.002473940141,41,43,104.865013826,57.533491663
semantic-preserving,SrcMarker,csn_js,test#1648,0,0.007214481942,0.005022414960,86,91,83.889324911,55.191373186
semantic-preserving,SrcMarker,csn_js,test#1649,0,0.012318956666,0.007718727924,158,142,77.968080163,54.357238901
semantic-preserving,SrcMarker,csn_js,test#1650,0,0.005204845220,0.003083229996,46,45,113.148809127,68.516222139
semantic-preserving,SrcMarker,csn_js,test#1651,0,0.007932421751,0.004701843485,97,86,81.777543828,54.672598666
semantic-preserving,SrcMarker,csn_js,test#1652,0,0.007025132887,0.004945651628,77,86,91.235492040,57.507577071
semantic-preserving,SrcMarker,csn_js,test#1653,0,0.007176797837,0.005912324414,87,112,82.491929161,52.788610836
semantic-preserving,SrcMarker,csn_js,test#1654,0,0.009134112857,0.006055664271,132,137,69.197824676,44.201928986
semantic-preserving,SrcMarker,csn_js,test#1655,0,0.008350977674,0.004868028685,93,82,89.795458862,59.366203481
semantic-preserving,SrcMarker,csn_js,test#1656,0,0.006606657989,0.003707279451,57,52,115.906280514,71.293835600
semantic-preserving,SrcMarker,csn_js,test#1657,0,0.010183011182,0.005706733093,132,114,77.144024103,50.059062216
semantic-preserving,SrcMarker,csn_js,test#1658,0,0.003846405074,0.002328787930,40,38,96.160126850,61.283892903
semantic-preserving,SrcMarker,csn_js,test#1659,0,0.014211695641,0.008449595422,172,160,82.626137449,52.809971385
semantic-preserving,SrcMarker,csn_js,test#1660,0,0.010525817983,0.006834339350,111,117,94.827189035,58.413156842
semantic-preserving,SrcMarker,csn_js,test#1661,0,0.014852159657,0.009799947031,231,235,64.295063448,41.701902259
semantic-preserving,SrcMarker,csn_js,test#1662,0,0.005112607032,0.002727694809,43,41,118.897837955,66.529141694
semantic-preserving,SrcMarker,csn_js,test#1663,0,0.004297808744,0.002610274591,34,41,126.406139530,63.665233916
semantic-preserving,SrcMarker,csn_js,test#1664,0,0.013290182687,0.009801906534,153,177,86.863939133,55.378003014
semantic-preserving,SrcMarker,csn_js,test#1665,0,0.008632468991,0.005341421813,105,96,82.213990390,55.639810550
semantic-preserving,SrcMarker,csn_js,test#1666,0,0.014367008582,0.011008424684,184,214,78.081568379,51.441236843
semantic-preserving,SrcMarker,csn_js,test#1667,0,0.006391323172,0.003483201377,64,63,99.864424556,55.288910748
semantic-preserving,SrcMarker,csn_js,test#1668,0,0.007767702453,0.004157713614,77,74,100.879252634,56.185319114
semantic-preserving,SrcMarker,csn_js,test#1669,0,0.007868840359,0.005551077425,91,97,86.470773177,57.227602325
semantic-preserving,SrcMarker,csn_js,test#1670,0,0.011755333282,0.009136768058,153,183,76.832243674,49.927694306
semantic-preserving,SrcMarker,csn_js,test#1671,0,0.005361336283,0.003484986722,49,63,109.415026192,55.317249563
semantic-preserving,SrcMarker,csn_js,test#1672,0,0.007385140285,0.005215384066,91,102,81.155387746,51.131216334
semantic-preserving,SrcMarker,csn_js,test#1673,0,0.006272398867,0.003859899938,66,66,95.036346465,58.483332396
semantic-preserving,SrcMarker,csn_js,test#1674,0,0.007221451961,0.004051964730,82,78,88.066487323,51.948265770
semantic-preserving,SrcMarker,csn_js,test#1675,0,0.010935856029,0.007812800817,137,151,79.823766638,51.740402763
semantic-preserving,SrcMarker,csn_js,test#1676,0,0.013734770007,0.008766075596,183,174,75.053388019,50.379744806
semantic-preserving,SrcMarker,csn_js,test#1677,0,0.005717923865,0.003521709703,37,45,154.538482830,78.260215620
semantic-preserving,SrcMarker,csn_js,test#1678,0,0.017693644390,0.012685719877,238,236,74.343043653,53.753050328
semantic-preserving,SrcMarker,csn_js,test#1679,0,0.012609776109,0.009707917459,176,174,71.646455167,55.792629076
semantic-preserving,SrcMarker,csn_js,test#1680,0,0.055928657763,0.021796343848,1471,1457,38.020841443,14.959741831
semantic-preserving,SrcMarker,csn_js,test#1681,0,0.009017935954,0.004899836145,89,96,101.325123079,51.039959847
semantic-preserving,SrcMarker,csn_js,test#1682,0,0.006017300300,0.003451311961,59,59,101.988140683,58.496812895
semantic-preserving,SrcMarker,csn_js,test#1683,0,0.014497112483,0.009440887719,146,150,99.295290978,62.939251463
semantic-preserving,SrcMarker,csn_js,test#1684,0,0.013277097605,0.008593077771,213,192,62.333791574,44.755613393
semantic-preserving,SrcMarker,csn_js,test#1685,0,0.007593008690,0.005188971758,98,99,77.479680506,52.413856140
semantic-preserving,SrcMarker,csn_js,test#1686,0,0.018453729339,0.010962011293,240,212,76.890538912,51.707600437
semantic-preserving,SrcMarker,csn_js,test#1687,0,0.010200473480,0.006331900135,149,147,68.459553557,43.074150576
semantic-preserving,SrcMarker,csn_js,test#1688,0,0.004730411805,0.003476737998,46,60,102.835039244,57.945633307
semantic-preserving,SrcMarker,csn_js,test#1689,0,0.011153263040,0.008546773344,206,216,54.142053592,39.568395112
semantic-preserving,SrcMarker,csn_js,test#1690,0,0.016153754666,0.010108540766,219,208,73.761436833,48.598753682
semantic-preserving,SrcMarker,csn_js,test#1691,0,0.015479158610,0.010848100297,225,226,68.796260489,48.000443793
semantic-preserving,SrcMarker,csn_js,test#1692,0,0.004023743793,0.002227683552,28,29,143.705135477,76.816674193
semantic-preserving,SrcMarker,csn_js,test#1693,0,0.007659071125,0.005818378180,86,95,89.058966571,61.246086108
semantic-preserving,SrcMarker,csn_js,test#1694,0,0.007884390652,0.005053916946,90,82,87.604340580,61.633133488
semantic-preserving,SrcMarker,csn_js,test#1695,0,0.007765165530,0.004878968932,87,83,89.254776209,58.782758214
semantic-preserving,SrcMarker,csn_js,test#1696,0,0.005673768930,0.003587111831,52,50,109.110940964,71.742236614
semantic-preserving,SrcMarker,csn_js,test#1697,0,0.008716363460,0.005692391656,85,85,102.545452469,66.969313604
semantic-preserving,SrcMarker,csn_js,test#1698,0,0.007494395599,0.004802801646,111,98,67.517077466,49.008180064
semantic-preserving,SrcMarker,csn_js,test#1699,0,0.003945061006,0.002350570634,31,33,127.260032440,71.229413152
semantic-preserving,SrcMarker,csn_js,test#1700,0,0.023432679474,0.016707568429,279,315,83.988098474,53.039899776
semantic-preserving,SrcMarker,csn_js,test#1701,0,0.033735021017,0.021637674421,452,466,74.635002251,46.432777728
semantic-preserving,SrcMarker,csn_js,test#1702,0,0.003624723293,0.002200988121,21,27,172.605871090,81.518078568
semantic-preserving,SrcMarker,csn_js,test#1703,0,0.010484706610,0.006379373372,113,147,92.785014252,43.397097766
semantic-preserving,SrcMarker,csn_js,test#1704,0,0.004179130308,0.002333151177,33,38,126.640312374,61.398715173
semantic-preserving,SrcMarker,csn_js,test#1705,0,0.004685360007,0.003526946530,38,51,123.298947552,69.155814309
semantic-preserving,SrcMarker,csn_js,test#1706,0,0.006097384728,0.003334688023,58,53,105.127322905,62.918641938
semantic-preserving,SrcMarker,csn_js,test#1707,0,0.008036644198,0.004793519154,83,80,96.827038530,59.918989427
semantic-preserving,SrcMarker,csn_js,test#1708,0,0.005944780074,0.003686515614,81,81,73.392346593,45.512538449
semantic-preserving,SrcMarker,csn_js,test#1709,0,0.019589895383,0.014760634862,261,290,75.057070431,50.898740903
semantic-preserving,SrcMarker,csn_js,test#1710,0,0.019179518335,0.015191184357,273,280,70.254645914,54.254229846
semantic-preserving,SrcMarker,csn_js,test#1711,0,0.006043779664,0.003316761926,59,55,102.436943453,60.304762288
semantic-preserving,SrcMarker,csn_js,test#1712,0,0.004855525680,0.002635306679,55,45,88.282285089,58.562370638
semantic-preserving,SrcMarker,csn_js,test#1713,0,0.008104004897,0.004825915210,76,75,106.631643384,64.345536133
semantic-preserving,SrcMarker,csn_js,test#1714,0,0.003667443991,0.002045297995,28,28,130.980142525,73.046356972
semantic-preserving,SrcMarker,csn_js,test#1715,0,0.007656712085,0.004712742753,79,90,96.920406139,52.363808370
semantic-preserving,SrcMarker,csn_js,test#1716,0,0.004905128852,0.002841226757,39,37,125.772534655,76.789912340
semantic-preserving,SrcMarker,csn_js,test#1717,0,0.006894935854,0.004807854071,59,68,116.863319556,70.703736342
semantic-preserving,SrcMarker,csn_js,test#1718,0,0.016674538143,0.013500873931,253,279,65.907265387,48.390229142
semantic-preserving,SrcMarker,csn_js,test#1719,0,0.008659963496,0.005295176059,104,105,83.268879770,50.430248181
semantic-preserving,SrcMarker,csn_js,test#1720,0,0.004398938268,0.002464628778,37,41,118.890223471,60.112897034
semantic-preserving,SrcMarker,csn_js,test#1721,0,0.008753872477,0.007700430229,102,118,85.822279182,65.257883299
semantic-preserving,SrcMarker,csn_js,test#1722,0,0.004412190057,0.002559681423,33,36,133.702729010,71.102261750
semantic-preserving,SrcMarker,csn_js,test#1723,0,0.016583113000,0.010553145781,207,197,80.111657004,53.569267925
semantic-preserving,SrcMarker,csn_js,test#1724,0,0.004879529588,0.002673412673,43,41,113.477432277,65.205187151
semantic-preserving,SrcMarker,csn_js,test#1725,0,0.005954777822,0.004143083468,60,68,99.246297032,60.927698060
semantic-preserving,SrcMarker,csn_js,test#1726,0,0.012464323081,0.007376778871,180,162,69.246239339,45.535672042
semantic-preserving,SrcMarker,csn_js,test#1727,0,0.012226686813,0.007518292405,152,138,80.438729032,54.480379744
semantic-preserving,SrcMarker,csn_js,test#1728,0,0.005412357859,0.002799145877,51,49,106.124663908,57.125426069
semantic-preserving,SrcMarker,csn_js,test#1729,0,0.004561624490,0.003077794798,38,44,120.042749730,69.949881766
semantic-preserving,SrcMarker,csn_js,test#1730,0,0.003748924471,0.002537921071,35,39,107.112127755,65.074899258
semantic-preserving,SrcMarker,csn_js,test#1731,0,0.018314379267,0.010472321883,235,217,77.933528797,48.259547847
semantic-preserving,SrcMarker,csn_js,test#1732,0,0.004215389490,0.002827182412,35,37,120.439699718,76.410335463
semantic-preserving,SrcMarker,csn_js,test#1733,0,0.016789573245,0.010496102273,190,185,88.366174972,56.735687965
semantic-preserving,SrcMarker,csn_js,test#1734,0,0.024232855998,0.017185426317,325,330,74.562633840,52.077049446
semantic-preserving,SrcMarker,csn_js,test#1735,0,0.009439275600,0.005710063502,138,123,68.400547826,46.423280506
semantic-preserving,SrcMarker,csn_js,test#1736,0,0.009865321219,0.007092969492,140,150,70.466580135,47.286463281
semantic-preserving,SrcMarker,csn_js,test#1737,0,0.006298897788,0.004820788279,65,77,96.906119814,62.607639989
semantic-preserving,SrcMarker,csn_js,test#1738,0,0.008004348725,0.005452436395,88,104,90.958508240,52.427273029
semantic-preserving,SrcMarker,csn_js,test#1739,0,0.003414990380,0.001840869896,27,27,126.481125200,68.180366523
semantic-preserving,SrcMarker,csn_js,test#1740,0,0.004687377252,0.002664009109,42,39,111.604220278,68.307925875
semantic-preserving,SrcMarker,csn_js,test#1741,0,0.005190002732,0.003401973285,39,49,133.076993128,69.428026220
semantic-preserving,SrcMarker,csn_js,test#1742,0,0.004093275405,0.002442236990,36,37,113.702094596,66.006405128
semantic-preserving,SrcMarker,csn_js,test#1743,0,0.005430278368,0.003353801556,57,53,95.268041549,63.279274640
semantic-preserving,SrcMarker,csn_js,test#1744,0,0.014507809654,0.010645248927,200,206,72.539048269,51.675965666
semantic-preserving,SrcMarker,csn_js,test#1745,0,0.012432632968,0.009837497026,179,191,69.456050100,51.505220030
semantic-preserving,SrcMarker,csn_js,test#1746,0,0.007010242902,0.004480935633,91,84,77.035636283,53.344471824
semantic-preserving,SrcMarker,csn_js,test#1747,0,0.019806324504,0.012737864628,295,270,67.140083065,47.177276402
semantic-preserving,SrcMarker,csn_js,test#1748,0,0.007310876623,0.004449358210,75,81,97.478354971,54.930348271
semantic-preserving,SrcMarker,csn_js,test#1749,0,0.004571702331,0.002605345100,51,49,89.641222182,53.170308167
semantic-preserving,SrcMarker,csn_js,test#1750,0,0.008326400071,0.004678322002,103,97,80.838835644,48.230123735
semantic-preserving,SrcMarker,csn_js,test#1751,0,0.028783326969,0.021050101146,438,465,65.715358376,45.269034723
semantic-preserving,SrcMarker,csn_js,test#1752,0,0.033300563693,0.021788714454,537,507,62.012222892,42.975768153
semantic-preserving,SrcMarker,csn_js,test#1753,0,0.016158802435,0.009352132678,182,183,88.784628763,51.104550153
semantic-preserving,SrcMarker,csn_js,test#1754,0,0.006333504803,0.005192751996,67,90,94.529922440,57.697244402
semantic-preserving,SrcMarker,csn_js,test#1755,0,0.009441385977,0.004869793542,96,88,98.347770593,55.338562974
semantic-preserving,SrcMarker,csn_js,test#1756,0,0.004158920608,0.002412949689,35,33,118.826303099,73.119687537
semantic-preserving,SrcMarker,csn_js,test#1757,0,0.031777303666,0.020245389082,408,402,77.885548201,50.361664382
semantic-preserving,SrcMarker,csn_js,test#1758,0,0.006596752442,0.004628271796,70,84,94.239320606,55.098473760
semantic-preserving,SrcMarker,csn_js,test#1759,0,0.004850801080,0.003518614918,56,61,86.621447865,57.682211770
semantic-preserving,SrcMarker,csn_js,test#1760,0,0.004363672808,0.003126194701,48,57,90.909850163,54.845521063
semantic-preserving,SrcMarker,csn_js,test#1761,0,0.006471217610,0.004130536690,69,73,93.785762463,56.582694388
semantic-preserving,SrcMarker,csn_js,test#1762,0,0.023669033311,0.014667112380,352,320,67.241571907,45.834726188
semantic-preserving,SrcMarker,csn_js,test#1763,0,0.006548242643,0.003921729513,68,76,96.297685933,51.601704112
semantic-preserving,SrcMarker,csn_js,test#1764,0,0.007122097537,0.005294596776,79,91,90.153133379,58.182382158
semantic-preserving,SrcMarker,csn_js,test#1765,0,0.005137930624,0.003277025186,52,59,98.806358157,55.542799755
semantic-preserving,SrcMarker,csn_js,test#1766,0,0.010573834181,0.007169274613,123,141,85.966131551,50.845919243
semantic-preserving,SrcMarker,csn_js,test#1767,0,0.011906451546,0.007797683589,145,148,82.113458936,52.687051278
semantic-preserving,SrcMarker,csn_js,test#1768,0,0.037315397523,0.021853026003,538,488,69.359474950,44.780790989
semantic-preserving,SrcMarker,csn_js,test#1769,0,0.005088058300,0.003203534521,40,45,127.201457508,71.189656026
semantic-preserving,SrcMarker,csn_js,test#1770,0,0.005414263345,0.003012982197,46,50,117.701377072,60.259643942
semantic-preserving,SrcMarker,csn_js,test#1771,0,0.005563750863,0.003422660753,43,54,129.389554955,63.382606539
semantic-preserving,SrcMarker,csn_js,test#1772,0,0.009104150347,0.005019255914,76,80,119.791451940,62.740698922
semantic-preserving,SrcMarker,csn_js,test#1773,0,0.013035831973,0.008429618552,171,165,76.232935514,51.088597287
semantic-preserving,SrcMarker,csn_js,test#1774,0,0.029904901050,0.021095771343,413,493,72.408961380,42.790611242
semantic-preserving,SrcMarker,csn_js,test#1775,0,0.032161567360,0.020984439179,534,600,60.227654233,34.974065299
semantic-preserving,SrcMarker,csn_js,test#1776,0,0.006512455642,0.005102875642,80,92,81.405695528,55.466039592
semantic-preserving,SrcMarker,csn_js,test#1777,0,0.011926403269,0.008195769042,188,189,63.438315262,43.363857364
semantic-preserving,SrcMarker,csn_js,test#1778,0,0.005214136094,0.003017579205,61,60,85.477640883,50.292986756
semantic-preserving,SrcMarker,csn_js,test#1779,0,0.020370290615,0.012663224712,305,274,66.787838081,46.216148584
semantic-preserving,SrcMarker,csn_js,test#1780,0,0.007987910882,0.005966160446,110,114,72.617371651,52.334740758
semantic-preserving,SrcMarker,csn_js,test#1781,0,0.014234729111,0.009376148693,208,204,68.436197650,45.961513202
semantic-preserving,SrcMarker,csn_js,test#1782,0,0.010324841365,0.007082722150,148,157,69.762441657,45.112879935
semantic-preserving,SrcMarker,csn_js,test#1783,0,0.005155590363,0.003781258129,51,50,101.090007115,75.625162572
semantic-preserving,SrcMarker,csn_js,test#1784,0,0.009712568484,0.005156934261,98,75,99.107841676,68.759123484
semantic-preserving,SrcMarker,csn_js,test#1785,0,0.006588237360,0.003759128973,65,64,101.357497848,58.736390201
semantic-preserving,SrcMarker,csn_js,test#1786,0,0.005619061179,0.002964009531,52,48,108.058868836,61.750198559
semantic-preserving,SrcMarker,csn_js,test#1787,0,0.013868704438,0.008027310483,160,139,86.679402739,57.750435131
semantic-preserving,SrcMarker,csn_js,test#1788,0,0.013082706369,0.008509397507,183,174,71.490198740,48.904583372
semantic-preserving,SrcMarker,csn_js,test#1789,0,0.012844673358,0.009382128716,153,161,83.952113450,58.274091401
semantic-preserving,SrcMarker,csn_js,test#1790,0,0.009527768008,0.005814198405,118,109,80.743796681,53.341269767
semantic-preserving,SrcMarker,csn_js,test#1791,0,0.012099077925,0.008422751911,146,153,82.870396747,55.050666085
semantic-preserving,SrcMarker,csn_js,test#1792,0,0.006314639933,0.003496670164,78,73,80.956922223,47.899591290
semantic-preserving,SrcMarker,csn_js,test#1793,0,0.019900947809,0.014074415900,248,253,80.245757295,55.630102371
semantic-preserving,SrcMarker,csn_js,test#1794,0,0.023214658722,0.014667065814,279,272,83.206662087,53.923036081
semantic-preserving,SrcMarker,csn_js,test#1795,0,0.006076416001,0.003412842751,60,62,101.273600012,55.045850815
semantic-preserving,SrcMarker,csn_js,test#1796,0,0.008519742638,0.005493544042,98,95,86.936149366,57.826779391
semantic-preserving,SrcMarker,csn_js,test#1797,0,0.010436232202,0.006949400529,129,117,80.901024820,59.396585720
semantic-preserving,SrcMarker,csn_js,test#1798,0,0.007551606745,0.004248829558,81,67,93.229712895,63.415366545
semantic-preserving,SrcMarker,csn_js,test#1799,0,0.007343724370,0.005014399067,74,77,99.239518514,65.122065800
semantic-preserving,SrcMarker,csn_js,test#1800,0,0.004909807816,0.003338017501,46,53,106.734952525,62.981462282
semantic-preserving,SrcMarker,csn_js,test#1801,0,0.019109045155,0.015180898830,241,268,79.290643798,56.645144889
semantic-preserving,SrcMarker,csn_js,test#1802,0,0.007691207342,0.005059037358,93,88,82.701154213,57.489060881
semantic-preserving,SrcMarker,csn_js,test#1803,0,0.005139384419,0.002862441353,41,35,125.350839481,81.784038671
semantic-preserving,SrcMarker,csn_js,test#1804,0,0.008907590061,0.007085930556,98,104,90.893776137,68.133947654
semantic-preserving,SrcMarker,csn_js,test#1805,0,0.008762813173,0.006115977652,90,99,97.364590814,61.777552044
semantic-preserving,SrcMarker,csn_js,test#1806,0,0.021273229271,0.013647105545,282,252,75.436983231,54.155180733
semantic-preserving,SrcMarker,csn_js,test#1807,0,0.008675802499,0.005392632447,95,94,91.324236832,57.368430289
semantic-preserving,SrcMarker,csn_js,test#1808,0,0.004908611067,0.002972898073,41,49,119.722221138,60.671389255
semantic-preserving,SrcMarker,csn_js,test#1809,0,0.006896844134,0.004108284600,66,65,104.497638390,63.204378463
semantic-preserving,SrcMarker,csn_js,test#1810,0,0.008152418770,0.005229725502,78,86,104.518189358,60.810761656
semantic-preserving,SrcMarker,csn_js,test#1811,0,0.005440590903,0.003229244612,47,48,115.757253259,67.275929420
semantic-preserving,SrcMarker,csn_js,test#1812,0,0.005599517375,0.003270423040,47,48,119.138667558,68.133813329
semantic-preserving,SrcMarker,csn_js,test#1813,0,0.005762789398,0.003690209240,51,56,112.995870557,65.896593566
semantic-preserving,SrcMarker,csn_js,test#1814,0,0.007875540294,0.004775738344,77,82,102.279744075,58.240711507
semantic-preserving,SrcMarker,csn_js,test#1815,0,0.007081926800,0.004536218010,66,69,107.301921217,65.742289998
semantic-preserving,SrcMarker,csn_js,test#1816,0,0.005457132123,0.003409484401,50,50,109.142642468,68.189688027
semantic-preserving,SrcMarker,csn_js,test#1817,0,0.007397257723,0.005235546269,85,90,87.026561446,58.172736317
semantic-preserving,SrcMarker,csn_js,test#1818,0,0.005101113580,0.003798905760,47,58,108.534331493,65.498375173
semantic-preserving,SrcMarker,csn_js,test#1819,0,0.005720952526,0.003488450311,51,56,112.175539720,62.293755556
semantic-preserving,SrcMarker,csn_js,test#1820,0,0.005257409997,0.003214122728,53,60,99.196415043,53.568712125
semantic-preserving,SrcMarker,csn_js,test#1821,0,0.014956412837,0.009133609943,187,190,79.980817310,48.071631279
semantic-preserving,SrcMarker,csn_js,test#1822,0,0.007590336725,0.005492072552,86,93,88.259729362,59.054543575
semantic-preserving,SrcMarker,csn_js,test#1823,0,0.007964225486,0.004715551622,82,87,97.124701048,54.201742784
semantic-preserving,SrcMarker,csn_js,test#1824,0,0.005945314653,0.004533425905,59,69,100.768044970,65.701824707
semantic-preserving,SrcMarker,csn_js,test#1825,0,0.005372595042,0.003680677153,50,56,107.451900840,65.726377735
semantic-preserving,SrcMarker,csn_js,test#1826,0,0.005390806124,0.003251397051,51,52,105.702080855,62.526866364
semantic-preserving,SrcMarker,csn_js,test#1827,0,0.005639527924,0.003424922936,55,60,102.536871352,57.082048928
semantic-preserving,SrcMarker,csn_js,test#1828,0,0.007279308513,0.005254545249,85,91,85.638923680,57.742255484
semantic-preserving,SrcMarker,csn_js,test#1829,0,0.006740993820,0.004453458823,64,72,105.328028440,61.853594768
semantic-preserving,SrcMarker,csn_js,test#1830,0,0.005587402731,0.003359229304,53,54,105.422693041,62.207950072
semantic-preserving,SrcMarker,csn_js,test#1831,0,0.007320077159,0.004429195076,71,69,103.099678289,64.191232989
semantic-preserving,SrcMarker,csn_js,test#1832,0,0.006952285767,0.004402686842,71,69,97.919517839,63.807055678
semantic-preserving,SrcMarker,csn_js,test#1833,0,0.007533657365,0.004349151626,77,72,97.839706033,60.404883698
semantic-preserving,SrcMarker,csn_js,test#1834,0,0.012531530112,0.007771696895,138,131,90.808189218,59.325930499
semantic-preserving,SrcMarker,csn_js,test#1835,0,0.012946316041,0.007158752531,134,128,96.614298814,55.927754147
semantic-preserving,SrcMarker,csn_js,test#1836,0,0.005881236866,0.003193955868,55,51,106.931579384,62.626585657
semantic-preserving,SrcMarker,csn_js,test#1837,0,0.005750467069,0.004083607346,53,62,108.499378669,65.864634610
semantic-preserving,SrcMarker,csn_js,test#1838,0,0.006787345745,0.004814633168,81,86,83.794391909,55.984106608
semantic-preserving,SrcMarker,csn_js,test#1839,0,0.004445482977,0.002600828186,41,39,108.426414067,66.687902197
semantic-preserving,SrcMarker,csn_js,test#1840,0,0.035320429131,0.021999754943,543,501,65.046830813,43.911686513
semantic-preserving,SrcMarker,csn_js,test#1841,0,0.011778440326,0.007349114865,149,141,79.049935077,52.121382022
semantic-preserving,SrcMarker,csn_js,test#1842,0,0.005908508785,0.003489668481,67,57,88.186698285,61.222254054
semantic-preserving,SrcMarker,csn_js,test#1843,0,0.007293676026,0.005011311732,87,84,83.835356623,59.658473003
semantic-preserving,SrcMarker,csn_js,test#1844,0,0.013432973996,0.010253188200,151,181,88.960092687,56.647448620
semantic-preserving,SrcMarker,csn_js,test#1845,0,0.005914771929,0.003413058817,50,52,118.295438588,65.635746488
semantic-preserving,SrcMarker,csn_js,test#1846,0,0.007760681212,0.004501768388,86,77,90.240479209,58.464524518
semantic-preserving,SrcMarker,csn_js,test#1847,0,0.016628548503,0.010214463808,226,211,73.577648243,48.409781079
semantic-preserving,SrcMarker,csn_js,test#1848,0,0.005783792585,0.002957487479,54,51,107.107270095,57.989950566
semantic-preserving,SrcMarker,csn_js,test#1849,0,0.005285205320,0.002929607406,53,51,99.720855085,57.443282476
semantic-preserving,SrcMarker,csn_js,test#1850,0,0.006903840229,0.004844034091,88,86,78.452729874,56.325977798
semantic-preserving,SrcMarker,csn_js,test#1851,0,0.018188015558,0.012168816291,267,242,68.119908456,50.284364838
semantic-preserving,SrcMarker,csn_js,test#1852,0,0.008144576102,0.006397905760,96,111,84.839334401,57.638790626
semantic-preserving,SrcMarker,csn_js,test#1853,0,0.021886034869,0.014838843606,316,322,69.259604015,46.083365237
semantic-preserving,SrcMarker,csn_js,test#1854,0,0.004777826369,0.003199889325,51,52,93.682869977,61.536333165
semantic-preserving,SrcMarker,csn_js,test#1855,0,0.004875097424,0.002722273581,48,44,101.564529662,61.869854107
semantic-preserving,SrcMarker,csn_js,test#1856,0,0.006315457635,0.003866052255,69,69,91.528371516,56.029742827
semantic-preserving,SrcMarker,csn_js,test#1857,0,0.007883829065,0.004759043455,113,102,69.768398802,46.657288776
semantic-preserving,SrcMarker,csn_js,test#1858,0,0.010905670933,0.007233906537,146,135,74.696376256,53.584492869
semantic-preserving,SrcMarker,csn_js,test#1859,0,0.013868726790,0.010470946319,170,164,81.580745823,63.847233655
semantic-preserving,SrcMarker,csn_js,test#1860,0,0.004654357210,0.002585859969,38,37,122.483084468,69.888107277
semantic-preserving,SrcMarker,csn_js,test#1861,0,0.012400447391,0.008471108042,182,157,68.134326324,53.956102176
semantic-preserving,SrcMarker,csn_js,test#1862,0,0.005915822461,0.003687087446,66,60,89.633673655,61.451457441
semantic-preserving,SrcMarker,csn_js,test#1863,0,0.004828508012,0.002685072832,42,37,114.964476476,72.569535995
semantic-preserving,SrcMarker,csn_js,test#1864,0,0.005127240904,0.002960017882,60,55,85.454015061,53.818506951
semantic-preserving,SrcMarker,csn_js,test#1865,0,0.010069273412,0.005645188503,132,117,76.282374335,48.249474384
semantic-preserving,SrcMarker,csn_js,test#1866,0,0.004481626675,0.002638427541,41,44,109.307967672,59.964262288
semantic-preserving,SrcMarker,csn_js,test#1867,0,0.010031435639,0.006624775939,120,126,83.595296989,52.577586815
semantic-preserving,SrcMarker,csn_js,test#1868,0,0.007517349906,0.005336681381,81,89,92.806788966,59.962712145
semantic-preserving,SrcMarker,csn_js,test#1869,0,0.004645379260,0.002762554213,42,44,110.604268100,62.785323032
semantic-preserving,SrcMarker,csn_js,test#1870,0,0.007168112323,0.004488105886,82,78,87.416003935,57.539819047
semantic-preserving,SrcMarker,csn_js,test#1871,0,0.005687295459,0.003286431544,53,55,107.307461495,59.753300791
semantic-preserving,SrcMarker,csn_js,test#1872,0,0.004186369479,0.002288252115,37,33,113.145121046,69.340973189
semantic-preserving,SrcMarker,csn_js,test#1873,0,0.006750199012,0.003946688026,76,71,88.818408059,55.587155298
semantic-preserving,SrcMarker,csn_js,test#1874,0,0.004573251121,0.002938041463,39,50,117.262849250,58.760829270
semantic-preserving,SrcMarker,csn_js,test#1875,0,0.028453364037,0.018227905035,403,378,70.603880985,48.221970992
semantic-preserving,SrcMarker,csn_js,test#1876,0,0.003844865598,0.002201834694,34,34,113.084282288,64.759843928
semantic-preserving,SrcMarker,csn_js,test#1877,0,0.006785744801,0.005612650886,82,93,82.752985380,60.351084798
semantic-preserving,SrcMarker,csn_js,test#1878,0,0.007015671581,0.004007198848,80,82,87.695894763,48.868278632
semantic-preserving,SrcMarker,csn_js,test#1879,0,0.014517892152,0.011703898199,212,219,68.480623359,53.442457529
semantic-preserving,SrcMarker,csn_js,test#1880,0,0.014622098766,0.008977300487,169,148,86.521294475,60.657435726
semantic-preserving,SrcMarker,csn_js,test#1881,0,0.031193225645,0.019173344597,422,390,73.917596314,49.162422044
semantic-preserving,SrcMarker,csn_js,test#1882,0,0.008931574412,0.006203049794,109,106,81.941049649,58.519337678
semantic-preserving,SrcMarker,csn_js,test#1883,0,0.018492888659,0.012053693645,237,224,78.029066073,53.811132342
semantic-preserving,SrcMarker,csn_js,test#1884,0,0.016593446955,0.010750358924,194,194,85.533231727,55.414221259
semantic-preserving,SrcMarker,csn_js,test#1885,0,0.010824728757,0.007499645464,109,129,99.309438139,58.136786544
semantic-preserving,SrcMarker,csn_js,test#1886,0,0.029301973991,0.021228325553,360,404,81.394372197,52.545360280
semantic-preserving,SrcMarker,csn_js,test#1887,0,0.022715510800,0.015751434490,280,299,81.126824287,52.680382910
semantic-preserving,SrcMarker,csn_js,test#1888,0,0.005448511802,0.003187092021,44,48,123.829813674,66.397750440
semantic-preserving,SrcMarker,csn_js,test#1889,0,0.003871641122,0.002418733202,32,37,120.988785056,65.371167619
semantic-preserving,SrcMarker,csn_js,test#1890,0,0.006998564117,0.004007785581,69,71,101.428465459,56.447684240
semantic-preserving,SrcMarker,csn_js,test#1891,0,0.005639404058,0.003150564618,52,51,108.450078047,61.775776832
semantic-preserving,SrcMarker,csn_js,test#1892,0,0.005120499991,0.003095617518,63,60,81.277777633,51.593625297
semantic-preserving,SrcMarker,csn_js,test#1893,0,0.004987804219,0.002931043506,46,45,108.430526503,65.134300126
semantic-preserving,SrcMarker,csn_js,test#1894,0,0.013505048119,0.008318464272,186,158,72.607785584,52.648508049
semantic-preserving,SrcMarker,csn_js,test#1895,0,0.004618278705,0.002745165490,59,49,78.275910247,56.023785502
semantic-preserving,SrcMarker,csn_js,test#1896,0,0.006638203748,0.003727691248,86,73,77.188415669,51.064263672
semantic-preserving,SrcMarker,csn_js,test#1897,0,0.014246107079,0.010837739334,209,215,68.163191766,50.408089923
semantic-preserving,SrcMarker,csn_js,test#1898,0,0.006365827285,0.004993079230,74,93,86.024693037,53.689023981
semantic-preserving,SrcMarker,csn_js,test#1899,0,0.009795233607,0.006242795847,121,124,80.952343862,50.345127801
semantic-preserving,SrcMarker,csn_js,test#1900,0,0.021705893800,0.014946420677,369,314,58.823560433,47.600065850
semantic-preserving,SrcMarker,csn_js,test#1901,0,0.017063919455,0.010923350230,213,197,80.112297910,55.448478324
semantic-preserving,SrcMarker,csn_js,test#1902,0,0.015430373140,0.009886801243,174,172,88.680305400,57.481402575
semantic-preserving,SrcMarker,csn_js,test#1903,0,0.011193101294,0.006837204099,133,134,84.158656348,51.023911184
semantic-preserving,SrcMarker,csn_js,test#1904,0,0.006019582972,0.003982919268,59,71,102.026830033,56.097454483
semantic-preserving,SrcMarker,csn_js,test#1905,0,0.011453097686,0.007542385720,133,138,86.113516437,54.654968983
semantic-preserving,SrcMarker,csn_js,test#1906,0,0.007652224973,0.004301454872,82,74,93.319816742,58.127768539
semantic-preserving,SrcMarker,csn_js,test#1907,0,0.019643163309,0.014282946475,221,245,88.883091894,58.297740714
semantic-preserving,SrcMarker,csn_js,test#1908,0,0.007713422179,0.004308695905,81,72,95.227434311,59.842998679
semantic-preserving,SrcMarker,csn_js,test#1909,0,0.018360034563,0.011637961492,228,222,80.526467380,52.423249964
semantic-preserving,SrcMarker,csn_js,test#1910,0,0.006269443780,0.004030772485,66,75,94.991572427,53.743633131
semantic-preserving,SrcMarker,csn_js,test#1911,0,0.011894119903,0.009158464149,144,170,82.598054885,53.873318521
semantic-preserving,SrcMarker,csn_js,test#1912,0,0.005664789118,0.003323913552,56,57,101.156948533,58.314272840
semantic-preserving,SrcMarker,csn_js,test#1913,0,0.004850714467,0.003403519280,42,52,115.493201606,65.452293851
semantic-preserving,SrcMarker,csn_js,test#1914,0,0.004817617126,0.002946778201,43,52,112.037607577,56.668811549
semantic-preserving,SrcMarker,csn_js,test#1915,0,0.007712727413,0.005236431025,88,87,87.644629688,60.188862356
semantic-preserving,SrcMarker,csn_js,test#1916,0,0.004920988344,0.002540927380,51,46,96.489967523,55.237551746
semantic-preserving,SrcMarker,csn_js,test#1917,0,0.005840532482,0.003200698644,106,99,55.099363035,32.330289333
semantic-preserving,SrcMarker,csn_js,test#1918,0,0.007337979041,0.005326973274,91,89,80.637132319,59.853632296
semantic-preserving,SrcMarker,csn_js,test#1919,0,0.033273460343,0.021252482198,509,479,65.370256078,44.368438827
semantic-preserving,SrcMarker,csn_js,test#1920,0,0.017204265110,0.010772795416,252,235,68.270893294,45.841682623
semantic-preserving,SrcMarker,csn_js,test#1921,0,0.008289283141,0.005188705400,90,92,92.103146017,56.398971735
semantic-preserving,SrcMarker,csn_js,test#1922,0,0.007475531660,0.005411519669,88,108,84.949223409,50.106663602
semantic-preserving,SrcMarker,csn_js,test#1923,0,0.010442596860,0.007955999114,145,157,72.017909381,50.675153590
semantic-preserving,SrcMarker,csn_js,test#1924,0,0.016569756903,0.011019604281,245,237,67.631660828,46.496220593
semantic-preserving,SrcMarker,csn_js,test#1925,0,0.009664309211,0.005791342817,132,128,73.214463720,45.244865760
semantic-preserving,SrcMarker,csn_js,test#1926,0,0.005575638264,0.003669936210,59,66,94.502343465,55.605094090
semantic-preserving,SrcMarker,csn_js,test#1927,0,0.008010863326,0.004682600498,97,91,82.586219861,51.457148332
semantic-preserving,SrcMarker,csn_js,test#1928,0,0.007843126543,0.005524085835,92,100,85.251375466,55.240858346
semantic-preserving,SrcMarker,csn_js,test#1929,0,0.015978485346,0.012156747282,196,223,81.522884418,54.514561801
semantic-preserving,SrcMarker,csn_js,test#1930,0,0.015033391304,0.009083057754,209,197,71.930101935,46.106892151
semantic-preserving,SrcMarker,csn_js,test#1931,0,0.011349330656,0.006945033558,171,168,66.370354715,41.339485463
semantic-preserving,SrcMarker,csn_js,test#1932,0,0.013513057493,0.008520955220,204,201,66.240477905,42.392812039
semantic-preserving,SrcMarker,csn_js,test#1933,0,0.005376841873,0.003683966585,64,66,84.013154265,55.817675523
semantic-preserving,SrcMarker,csn_js,test#1934,0,0.003791218624,0.002131677233,24,26,157.967442647,81.987585872
semantic-preserving,SrcMarker,csn_js,test#1935,0,0.003942967393,0.002063432708,34,32,115.969629191,64.482272137
semantic-preserving,SrcMarker,csn_js,test#1936,0,0.009297685698,0.007211959921,107,122,86.894258857,59.114425581
semantic-preserving,SrcMarker,csn_js,test#1937,0,0.010520976968,0.007197007537,120,123,87.674808068,58.512256397
semantic-preserving,SrcMarker,csn_js,test#1938,0,0.005059181713,0.002770044841,50,44,101.183634251,62.955564565
semantic-preserving,SrcMarker,csn_js,test#1939,0,0.009384131990,0.005889909342,112,113,83.786892771,52.123091522
semantic-preserving,SrcMarker,csn_js,test#1940,0,0.003779161721,0.002327688970,26,37,145.352373903,62.910512694
semantic-preserving,SrcMarker,csn_js,test#1941,0,0.006338634528,0.004477960989,57,68,111.204114530,65.852367484
semantic-preserving,SrcMarker,csn_js,test#1942,0,0.003708950244,0.001898849383,30,27,123.631674796,70.327754926
semantic-preserving,SrcMarker,csn_js,test#1943,0,0.004721088335,0.002842437476,42,44,112.406865117,64.600851725
semantic-preserving,SrcMarker,csn_js,test#1944,0,0.005468741059,0.003480565734,46,51,118.885675202,68.246386945
semantic-preserving,SrcMarker,csn_js,test#1945,0,0.007655423135,0.004535066895,71,75,107.822861050,60.467558602
semantic-preserving,SrcMarker,csn_js,test#1946,0,0.006522634067,0.004507125355,59,69,110.553119774,65.320657323
semantic-preserving,SrcMarker,csn_js,test#1947,0,0.006823511794,0.003851474263,72,62,94.770997142,62.120552625
semantic-preserving,SrcMarker,csn_js,test#1948,0,0.008296744898,0.005425670184,105,102,79.016618076,53.192844943
semantic-preserving,SrcMarker,csn_js,test#1949,0,0.006101512350,0.003817052580,62,66,98.411489518,57.834130006
semantic-preserving,SrcMarker,csn_js,test#1950,0,0.005226354115,0.003057368100,59,59,88.582273131,51.819798300
semantic-preserving,SrcMarker,csn_js,test#1951,0,0.004584087059,0.003184377216,47,56,97.533767211,56.863878854
semantic-preserving,SrcMarker,csn_js,test#1952,0,0.005611202680,0.003328154795,64,66,87.675041868,50.426587801
semantic-preserving,SrcMarker,csn_js,test#1953,0,0.006944726221,0.004668448120,72,92,96.454530851,50.744001308
semantic-preserving,SrcMarker,csn_js,test#1954,0,0.020769362338,0.012458150275,295,259,70.404618095,48.100966313
semantic-preserving,SrcMarker,csn_js,test#1955,0,0.009823975153,0.006721395999,153,157,64.208987930,42.811439485
semantic-preserving,SrcMarker,csn_js,test#1956,0,0.010415419005,0.006749043241,113,110,92.171849601,61.354938556
semantic-preserving,SrcMarker,csn_js,test#1957,0,0.006886386313,0.004109002650,80,71,86.079828907,57.873276758
semantic-preserving,SrcMarker,csn_js,test#1958,0,0.011758496985,0.007663701661,138,133,85.206499890,57.621816999
semantic-preserving,SrcMarker,csn_js,test#1959,0,0.015224779025,0.011380541138,176,196,86.504426277,58.063985400
semantic-preserving,SrcMarker,csn_js,test#1960,0,0.014724384062,0.010890462436,170,196,86.614023894,55.563583856
semantic-preserving,SrcMarker,csn_js,test#1961,0,0.005698230118,0.003651993349,57,55,99.968949431,66.399879076
semantic-preserving,SrcMarker,csn_js,test#1962,0,0.007282557897,0.004997238517,82,83,88.811681674,60.207692974
semantic-preserving,SrcMarker,csn_js,test#1963,0,0.012502134778,0.007294088602,146,131,85.631060121,55.680065665
semantic-preserving,SrcMarker,csn_js,test#1964,0,0.004110933281,0.002289454453,39,41,105.408545679,55.840352505
semantic-preserving,SrcMarker,csn_js,test#1965,0,0.009706031531,0.006203291006,147,135,66.027425382,45.950303751
semantic-preserving,SrcMarker,csn_js,test#1966,0,0.017464928329,0.011007772759,254,243,68.759560350,45.299476373
semantic-preserving,SrcMarker,csn_js,test#1967,0,0.016683927737,0.011707654223,250,240,66.735710949,48.781892595
semantic-preserving,SrcMarker,csn_js,test#1968,0,0.008815404959,0.005701698363,105,102,83.956237705,55.899003557
semantic-preserving,SrcMarker,csn_js,test#1969,0,0.013237825595,0.007727830671,154,134,85.959906460,57.670378140
semantic-preserving,SrcMarker,csn_js,test#1970,0,0.004958282225,0.003061021678,43,40,115.308888950,76.525541954
semantic-preserving,SrcMarker,csn_js,test#1971,0,0.032123352401,0.020032024011,436,382,73.677413764,52.439853432
semantic-preserving,SrcMarker,csn_js,test#1972,0,0.007119095884,0.005132618360,74,76,96.203998436,67.534452108
semantic-preserving,SrcMarker,csn_js,test#1973,0,0.008376172744,0.006413395517,85,108,98.543208750,59.383291820
semantic-preserving,SrcMarker,csn_js,test#1974,0,0.006869346835,0.003829538822,63,74,109.037251345,51.750524624
semantic-preserving,SrcMarker,csn_js,test#1975,0,0.012227821164,0.007495159283,161,142,75.949199775,52.782811854
semantic-preserving,SrcMarker,csn_js,test#1976,0,0.005082131363,0.003618054092,46,53,110.481116597,68.265171546
semantic-preserving,SrcMarker,csn_js,test#1977,0,0.004401899874,0.002982412465,37,40,118.970266871,74.560311623
semantic-preserving,SrcMarker,csn_js,test#1978,0,0.007294112816,0.004437641241,101,93,72.218938777,47.716572480
semantic-preserving,SrcMarker,csn_js,test#1979,0,0.005136642605,0.002847680822,59,56,87.061739069,50.851443250
semantic-preserving,SrcMarker,csn_js,test#1980,0,0.015697141178,0.010064156726,193,181,81.332337710,55.603075834
semantic-preserving,SrcMarker,csn_js,test#1981,0,0.008930303156,0.006989545189,87,105,102.647162717,66.567097037
semantic-preserving,SrcMarker,csn_js,test#1982,0,0.010409000330,0.006146454252,145,120,71.786209170,51.220452103
semantic-preserving,SrcMarker,csn_js,test#1983,0,0.011870546266,0.008176037110,154,157,77.081469263,52.076669493
semantic-preserving,SrcMarker,csn_js,test#1984,0,0.005064240657,0.002809228376,50,46,101.284813136,61.070182077
semantic-preserving,SrcMarker,csn_js,test#1985,0,0.006261209957,0.003601024859,67,63,93.450894885,57.159124741
semantic-preserving,SrcMarker,csn_js,test#1986,0,0.004098142497,0.002335108817,35,33,117.089785635,70.760873231
semantic-preserving,SrcMarker,csn_js,test#1987,0,0.004112654366,0.002151536755,42,36,97.920342038,59.764909868
semantic-preserving,SrcMarker,csn_js,test#1988,0,0.010840517469,0.006427097134,132,119,82.125132339,54.009219616
semantic-preserving,SrcMarker,csn_js,test#1989,0,0.026689134538,0.018156568520,354,351,75.393035419,51.728115441
semantic-preserving,SrcMarker,csn_js,test#1990,0,0.005460524932,0.003405346535,59,54,92.551270026,63.061972873
semantic-preserving,SrcMarker,csn_js,test#1991,0,0.010230047628,0.006784004159,125,140,81.840381026,48.457172566
semantic-preserving,SrcMarker,csn_js,test#1992,0,0.007037897594,0.004658413120,75,72,93.838634590,64.700182217
semantic-preserving,SrcMarker,csn_js,test#1993,0,0.012416630983,0.008074581623,166,147,74.798981827,54.929126688
semantic-preserving,SrcMarker,csn_js,test#1994,0,0.006068353541,0.004350094125,57,69,106.462342828,63.044842387
semantic-preserving,SrcMarker,csn_js,test#1995,0,0.006720553152,0.004108456895,76,69,88.428330951,59.542853547
semantic-preserving,SrcMarker,csn_js,test#1996,0,0.006378247403,0.004017606378,70,68,91.117820037,59.082446729
semantic-preserving,SrcMarker,csn_js,test#1997,0,0.005028300919,0.002758388408,50,47,100.566018373,58.689115054
semantic-preserving,SrcMarker,csn_js,test#1998,0,0.008831375279,0.005807660520,106,108,83.314861118,53.774634445
semantic-preserving,SrcMarker,csn_js,test#1999,0,0.006453548558,0.003731906414,82,73,78.701811684,51.122005672
semantic-preserving,SrcMarker,csn_js,test#2000,0,0.009230362251,0.005818848498,120,104,76.919685428,55.950466329
semantic-preserving,SrcMarker,csn_js,test#2001,0,0.011195144616,0.008603082038,150,151,74.634297440,56.974053235
semantic-preserving,SrcMarker,csn_js,test#2002,0,0.007140154950,0.005054151639,96,90,74.376614066,56.157240437
semantic-preserving,SrcMarker,csn_js,test#2003,0,0.013162196614,0.010290420614,204,209,64.520571637,49.236462269
semantic-preserving,SrcMarker,csn_js,test#2004,0,0.015370030887,0.011755624786,174,197,88.333510847,59.673222264
semantic-preserving,SrcMarker,csn_js,test#2005,0,0.009371317923,0.006185662001,105,102,89.250646886,60.643745111
semantic-preserving,SrcMarker,csn_js,test#2006,0,0.012258186936,0.009156829678,171,162,71.685303722,56.523639985
semantic-preserving,SrcMarker,csn_js,test#2007,0,0.008549073711,0.006372077391,108,108,79.158089917,59.000716579
semantic-preserving,SrcMarker,csn_js,test#2008,0,0.008781334385,0.006541393697,103,117,85.255673643,55.909347840
semantic-preserving,SrcMarker,csn_js,test#2009,0,0.013002670370,0.008129676804,172,157,75.596920756,51.781380917
semantic-preserving,SrcMarker,csn_js,test#2010,0,0.009046522900,0.005355453119,102,99,88.691400985,54.095486047
semantic-preserving,SrcMarker,csn_js,test#2011,0,0.008074607700,0.005089788698,87,85,92.811582760,59.879867031
semantic-preserving,SrcMarker,csn_js,test#2012,0,0.008159233257,0.005857298151,115,115,70.949854410,50.933027397
semantic-preserving,SrcMarker,csn_js,test#2013,0,0.006421992555,0.004313346930,76,74,84.499902043,58.288472025
semantic-preserving,SrcMarker,csn_js,test#2014,0,0.021555212326,0.017277290113,312,327,69.087218995,52.835749582
semantic-preserving,SrcMarker,csn_js,test#2015,0,0.007621856406,0.005673088133,102,108,74.724082415,52.528593827
semantic-preserving,SrcMarker,csn_js,test#2016,0,0.018640347756,0.015132337809,269,287,69.294973072,52.725915709
semantic-preserving,SrcMarker,csn_js,test#2017,0,0.004440490156,0.002667045221,43,43,103.267212940,62.024307459
semantic-preserving,SrcMarker,csn_js,test#2018,0,0.014618278481,0.012000388466,227,248,64.397702560,48.388663169
semantic-preserving,SrcMarker,csn_js,test#2019,0,0.015776963905,0.010098445229,245,224,64.395771039,45.082344773
semantic-preserving,SrcMarker,csn_js,test#2020,0,0.007058311254,0.004239882343,94,88,75.088417593,48.180481165
semantic-preserving,SrcMarker,csn_js,test#2021,0,0.014947985299,0.011756980792,246,248,60.764167882,47.407180612
semantic-preserving,SrcMarker,csn_js,test#2022,0,0.015822589397,0.015007482842,242,284,65.382600816,52.843249442
semantic-preserving,SrcMarker,csn_js,test#2023,0,0.012368904427,0.010159519501,170,180,72.758261333,56.441775006
semantic-preserving,SrcMarker,csn_js,test#2024,0,0.024227636866,0.015749593265,356,331,68.055159737,47.581852765
semantic-preserving,SrcMarker,csn_js,test#2025,0,0.005213255994,0.002834433690,58,49,89.883724035,57.845585504
semantic-preserving,SrcMarker,csn_js,test#2026,0,0.006133739837,0.004352013581,72,77,85.190831063,56.519656890
semantic-preserving,SrcMarker,csn_js,test#2027,0,0.008800116368,0.007455714047,118,128,74.577257353,58.247765992
semantic-preserving,SrcMarker,csn_js,test#2028,0,0.013490022160,0.008949171752,184,170,73.315337827,52.642186775
semantic-preserving,SrcMarker,csn_js,test#2029,0,0.012437989935,0.008323149756,169,156,73.597573582,53.353524074
semantic-preserving,SrcMarker,csn_js,test#2030,0,0.007425059564,0.005332272500,93,89,79.839350155,59.913174155
semantic-preserving,SrcMarker,csn_js,test#2031,0,0.013286455534,0.012467735447,184,205,72.208997470,60.818221693
semantic-preserving,SrcMarker,csn_js,test#2032,0,0.003582199104,0.002398119308,29,36,123.524107039,66.614425224
semantic-preserving,SrcMarker,csn_js,test#2033,0,0.011963049881,0.007370878011,147,143,81.381291709,51.544601475
semantic-preserving,SrcMarker,csn_js,test#2034,0,0.006914330646,0.003892546520,90,82,76.825896071,47.470079508
semantic-preserving,SrcMarker,csn_js,test#2035,0,0.012264173478,0.007679946721,204,191,60.118497441,40.209145134
semantic-preserving,SrcMarker,csn_js,test#2036,0,0.004347047769,0.003402665257,35,48,124.201364815,70.888859530
semantic-preserving,SrcMarker,csn_js,test#2037,0,0.006956880912,0.005230575800,92,92,75.618270785,56.854084782
semantic-preserving,SrcMarker,csn_js,test#2038,0,0.006503968500,0.003860986792,80,81,81.299606245,47.666503599
semantic-preserving,SrcMarker,csn_js,test#2039,0,0.006719911471,0.004579789937,86,81,78.138505477,56.540616501
semantic-preserving,SrcMarker,csn_js,test#2040,0,0.012231977656,0.007727534510,148,140,82.648497679,55.196675073
semantic-preserving,SrcMarker,csn_js,test#2041,0,0.005986511707,0.004146407358,66,63,90.704722838,65.815989815
semantic-preserving,SrcMarker,csn_js,test#2042,0,0.004473089240,0.003082124516,43,50,104.025331174,61.642490327
semantic-preserving,SrcMarker,csn_js,test#2043,0,0.007028602995,0.004204288125,84,85,83.673845178,49.462213236
semantic-preserving,SrcMarker,csn_js,test#2044,0,0.011431846768,0.007177483290,168,156,68.046706950,46.009508272
semantic-preserving,SrcMarker,csn_js,test#2045,0,0.034106247127,0.021841726266,418,428,81.593892648,51.032070715
semantic-preserving,SrcMarker,csn_js,test#2046,0,0.015667588450,0.011116195470,222,226,70.574722748,49.186705620
semantic-preserving,SrcMarker,csn_js,test#2047,0,0.014724825509,0.008925690316,173,169,85.114598317,52.814735596
semantic-preserving,SrcMarker,csn_js,test#2048,0,0.015188502148,0.008974152617,195,190,77.889754604,47.232382196
semantic-preserving,SrcMarker,csn_js,test#2049,0,0.011938069016,0.008275364526,156,161,76.526083434,51.399779662
semantic-preserving,SrcMarker,csn_js,test#2050,0,0.011314361356,0.008574072272,161,176,70.275536374,48.716319725
semantic-preserving,SrcMarker,csn_js,test#2051,0,0.009017392993,0.005728709511,104,97,86.705701856,59.058860943
semantic-preserving,SrcMarker,csn_js,test#2052,0,0.007384795696,0.006445595063,83,103,88.973442115,62.578592847
semantic-preserving,SrcMarker,csn_js,test#2053,0,0.010835901834,0.008116577752,165,154,65.672132328,52.705050337
semantic-preserving,SrcMarker,csn_js,test#2054,0,0.027723232284,0.017509855330,380,360,72.955874432,48.638487028
semantic-preserving,SrcMarker,csn_js,test#2055,0,0.006243785843,0.004671040922,88,96,70.952111855,48.656676275
semantic-preserving,SrcMarker,csn_js,test#2056,0,0.006316916086,0.003850216977,60,62,105.281934763,62.100273827
semantic-preserving,SrcMarker,csn_js,test#2057,0,0.008420289494,0.005981219932,109,106,77.250362331,56.426603136
semantic-preserving,SrcMarker,csn_js,test#2058,0,0.005561986007,0.003729421645,54,64,102.999740867,58.272213209
semantic-preserving,SrcMarker,csn_js,test#2059,0,0.005568770692,0.003738169558,54,58,103.125383181,64.451199282
semantic-preserving,SrcMarker,csn_js,test#2060,0,0.007333910093,0.005572769791,78,93,94.024488368,59.922255816
semantic-preserving,SrcMarker,csn_js,test#2061,0,0.004087782465,0.002405771986,26,31,157.222402497,77.605547924
semantic-preserving,SrcMarker,csn_js,test#2062,0,0.004453302361,0.003270753659,30,44,148.443412036,74.335310439
semantic-preserving,SrcMarker,csn_js,test#2063,0,0.003911293112,0.002187470905,29,27,134.872176267,81.017440944
semantic-preserving,SrcMarker,csn_js,test#2064,0,0.012445976958,0.007080197334,155,138,80.296625533,51.305777785
semantic-preserving,SrcMarker,csn_js,test#2065,0,0.009923856705,0.007050096057,107,124,92.746324350,56.855613366
semantic-preserving,SrcMarker,csn_js,test#2066,0,0.005874453112,0.003794981167,55,68,106.808238409,55.808546569
semantic-preserving,SrcMarker,csn_js,test#2067,0,0.004647753201,0.003185864538,41,49,113.359834181,65.017643632
semantic-preserving,SrcMarker,csn_js,test#2068,0,0.012106563896,0.007124797441,132,127,91.716393151,56.100767252
semantic-preserving,SrcMarker,csn_js,test#2069,0,0.030090800487,0.017624185421,380,359,79.186317070,49.092438497
semantic-preserving,SrcMarker,csn_js,test#2070,0,0.029848521575,0.020744823851,378,404,78.964342792,51.348573888
semantic-preserving,SrcMarker,csn_js,test#2071,0,0.014851998538,0.008901977912,207,183,71.748785207,48.644688041
semantic-preserving,SrcMarker,csn_js,test#2072,0,0.016236265190,0.009906533174,221,210,73.467263303,47.173967496
semantic-preserving,SrcMarker,csn_js,test#2073,0,0.007276267745,0.005164610222,78,93,93.285483905,55.533443247
semantic-preserving,SrcMarker,csn_js,test#2074,0,0.008559319191,0.004946341738,96,88,89.159574903,56.208428842
semantic-preserving,SrcMarker,csn_js,test#2075,0,0.011427557096,0.006911548786,143,138,79.912986685,50.083686854
semantic-preserving,SrcMarker,csn_js,test#2076,0,0.013799386099,0.008396835998,166,158,83.128831922,53.144531631
semantic-preserving,SrcMarker,csn_js,test#2077,0,0.013093145564,0.008148162626,170,157,77.018503319,51.899125005
semantic-preserving,SrcMarker,csn_js,test#2078,0,0.005175943486,0.002875403501,52,48,99.537374738,59.904239606
semantic-preserving,SrcMarker,csn_js,test#2079,0,0.007640046999,0.004730201326,133,139,57.443962397,34.030225369
semantic-preserving,SrcMarker,csn_js,test#2080,0,0.016966646537,0.012904252857,310,310,54.731117862,41.626622119
semantic-preserving,SrcMarker,csn_js,test#2081,0,0.012218662538,0.007337055169,148,135,82.558530660,54.348556808
semantic-preserving,SrcMarker,csn_js,test#2082,0,0.023855127394,0.014753337018,309,282,77.201059528,52.316797937
semantic-preserving,SrcMarker,csn_js,test#2083,0,0.007723961957,0.005080411211,90,100,85.821799520,50.804112107
semantic-preserving,SrcMarker,csn_js,test#2084,0,0.018284522928,0.011141811498,223,205,81.993376360,54.350299988
semantic-preserving,SrcMarker,csn_js,test#2085,0,0.016883957200,0.011747931130,197,207,85.705366496,56.753290484
semantic-preserving,SrcMarker,csn_js,test#2086,0,0.010616274551,0.007210871205,156,163,68.053041991,44.238473649
semantic-preserving,SrcMarker,csn_js,test#2087,0,0.010119530372,0.006513446569,129,125,78.445971878,52.107572556
semantic-preserving,SrcMarker,csn_js,test#2088,0,0.009074780159,0.006784689613,117,128,77.562223579,53.005387599
semantic-preserving,SrcMarker,csn_js,test#2089,0,0.008269995451,0.005190543830,97,94,85.257685062,55.218551387
semantic-preserving,SrcMarker,csn_js,test#2090,0,0.006558331661,0.004073970020,74,66,88.626103526,61.726818482
semantic-preserving,SrcMarker,csn_js,test#2091,0,0.009038211778,0.005471896380,102,101,88.609919390,54.177191883
semantic-preserving,SrcMarker,csn_js,test#2092,0,0.006200904958,0.003433175385,68,61,91.189778793,56.281563688
semantic-preserving,SrcMarker,csn_js,test#2093,0,0.005478561856,0.003728680313,49,53,111.807384813,70.352458729
semantic-preserving,SrcMarker,csn_js,test#2094,0,0.004864224233,0.002587769181,42,38,115.814862684,68.099188961
semantic-preserving,SrcMarker,csn_js,test#2095,0,0.005222623236,0.003288016655,48,52,108.804650760,63.231089511
semantic-preserving,SrcMarker,csn_js,test#2096,0,0.010795346461,0.006639900617,152,139,71.022016192,47.769069189
semantic-preserving,SrcMarker,csn_js,test#2097,0,0.017444018275,0.012905536219,215,246,81.134968719,52.461529347
semantic-preserving,SrcMarker,csn_js,test#2098,0,0.012020659633,0.009071234614,137,154,87.742041117,58.904120868
semantic-preserving,SrcMarker,csn_js,test#2099,0,0.005032366142,0.003452840261,48,51,104.840961285,67.702750219
semantic-preserving,SrcMarker,csn_js,test#2100,0,0.004974611104,0.003664677963,44,56,113.059343262,65.440677905
semantic-preserving,SrcMarker,csn_js,test#2101,0,0.005336242728,0.003792200238,55,65,97.022595053,58.341542116
semantic-preserving,SrcMarker,csn_js,test#2102,0,0.008958982304,0.005588927306,108,102,82.953539849,54.793404963
semantic-preserving,SrcMarker,csn_js,test#2103,0,0.009179215878,0.006888105534,120,127,76.493465652,54.237051449
semantic-preserving,SrcMarker,csn_js,test#2104,0,0.014751046896,0.008912690915,170,163,86.770864094,54.679085369
semantic-preserving,SrcMarker,csn_js,test#2105,0,0.011381571181,0.006308013573,121,118,94.062571745,53.457742147
semantic-preserving,SrcMarker,csn_js,test#2106,0,0.011228753254,0.007504867390,129,129,87.044598867,58.177266588
semantic-preserving,SrcMarker,csn_js,test#2107,0,0.011130658910,0.007449328899,162,149,68.707771047,49.995495969
semantic-preserving,SrcMarker,csn_js,test#2108,0,0.008905820549,0.006603245623,98,117,90.875719883,56.437996781
semantic-preserving,SrcMarker,csn_js,test#2109,0,0.008584263735,0.006044785492,106,109,80.983620137,55.456747634
semantic-preserving,SrcMarker,csn_js,test#2110,0,0.010533184744,0.006254919805,155,137,67.956030609,45.656348939
semantic-preserving,SrcMarker,csn_js,test#2111,0,0.008159237914,0.005052573048,99,87,82.416544584,58.075552271
semantic-preserving,SrcMarker,csn_js,test#2112,0,0.007537006401,0.004348919727,81,74,93.049461735,58.769185499
semantic-preserving,SrcMarker,csn_js,test#2113,0,0.006000331603,0.003883033991,84,70,71.432519083,55.471914155
semantic-preserving,SrcMarker,csn_js,test#2114,0,0.005647987127,0.003884817474,64,60,88.249798864,64.746957893
semantic-preserving,SrcMarker,csn_js,test#2115,0,0.008091678843,0.005005180836,116,103,69.755852094,48.593988696
semantic-preserving,SrcMarker,csn_js,test#2116,0,0.007752845064,0.005131289363,96,97,80.758802748,52.899890339
semantic-preserving,SrcMarker,csn_js,test#2117,0,0.008052092977,0.004563747905,111,90,72.541378170,50.708310058
semantic-preserving,SrcMarker,csn_js,test#2118,0,0.005804792978,0.004447841085,71,78,81.757647576,57.023603660
semantic-preserving,SrcMarker,csn_js,test#2119,0,0.007035114802,0.005463699810,83,88,84.760419306,62.087497843
semantic-preserving,SrcMarker,csn_js,test#2120,0,0.007569115609,0.005108088255,113,115,66.983323973,44.418158739
semantic-preserving,SrcMarker,csn_js,test#2121,0,0.004328643903,0.002560030669,40,43,108.216097578,59.535596953
semantic-preserving,SrcMarker,csn_js,test#2122,0,0.023011494428,0.014115897939,362,325,63.567664166,43.433532119
semantic-preserving,SrcMarker,csn_js,test#2123,0,0.007261545397,0.004153679125,85,69,85.429945851,60.198248189
semantic-preserving,SrcMarker,csn_js,test#2124,0,0.004053385928,0.002142269164,39,35,103.932972520,61.207690409
semantic-preserving,SrcMarker,csn_js,test#2125,0,0.004873199388,0.003004765138,56,48,87.021417650,62.599273709
semantic-preserving,SrcMarker,csn_js,test#2126,0,0.018802531064,0.012149874121,272,242,69.126952440,50.206091409
semantic-preserving,SrcMarker,csn_js,test#2127,0,0.010633943602,0.006505158730,134,114,79.357788078,57.062795876
semantic-preserving,SrcMarker,csn_js,test#2128,0,0.037546617910,0.022347843274,522,483,71.928386801,46.268826655
semantic-preserving,SrcMarker,csn_js,test#2129,0,0.032501843758,0.020369560458,490,402,66.330293384,50.670548402
semantic-preserving,SrcMarker,csn_js,test#2130,0,0.004231861793,0.002100867219,34,30,124.466523309,70.028907309
semantic-preserving,SrcMarker,csn_js,test#2131,0,0.007243294269,0.003915910609,85,69,85.215226692,56.752327668
semantic-preserving,SrcMarker,csn_js,test#2132,0,0.021416457370,0.015373274684,297,294,72.109284074,52.290049945
semantic-preserving,SrcMarker,csn_js,test#2133,0,0.005623162724,0.003388933837,62,54,90.696172969,62.758034026
semantic-preserving,SrcMarker,csn_js,test#2134,0,0.005601133220,0.004091088660,65,75,86.171280306,54.547848801
semantic-preserving,SrcMarker,csn_js,test#2135,0,0.015058267862,0.009993674234,269,263,55.978690935,37.998761344
semantic-preserving,SrcMarker,csn_js,test#2136,0,0.020911931060,0.014202667400,315,354,66.387082731,40.120529379
semantic-preserving,SrcMarker,csn_js,test#2137,0,0.006737858988,0.004525667988,82,85,82.169012053,53.243152797
semantic-preserving,SrcMarker,csn_js,test#2138,0,0.003599658608,0.002003883012,31,29,116.118019627,69.099414194
semantic-preserving,SrcMarker,csn_js,test#2139,0,0.014280293137,0.011041180231,173,193,82.545047034,57.208187724
semantic-preserving,SrcMarker,csn_js,test#2140,0,0.006457878277,0.003501931205,61,55,105.866856995,63.671476462
semantic-preserving,SrcMarker,csn_js,test#2141,0,0.009332625195,0.005509476177,108,92,86.413196254,59.885610624
semantic-preserving,SrcMarker,csn_js,test#2142,0,0.007484647445,0.004837295040,92,90,81.354863537,53.747722672
semantic-preserving,SrcMarker,csn_js,test#2143,0,0.016565445811,0.010082446970,221,194,74.956768374,51.971376134
semantic-preserving,SrcMarker,csn_js,test#2144,0,0.005585176870,0.003922313452,60,70,93.086281170,56.033049311
semantic-preserving,SrcMarker,csn_js,test#2145,0,0.006404438987,0.003901304677,73,62,87.732040923,62.924268986
semantic-preserving,SrcMarker,csn_js,test#2146,0,0.012399067171,0.009573051706,182,187,68.126742697,51.192789871
semantic-preserving,SrcMarker,csn_js,test#2147,0,0.026035654359,0.019691926427,351,370,74.175653443,53.221422776
semantic-preserving,SrcMarker,csn_js,test#2148,0,0.012724604458,0.007935402915,154,149,82.627301673,53.257737684
semantic-preserving,SrcMarker,csn_js,test#2149,0,0.008318569511,0.004837083630,98,89,84.883362359,54.349254273
semantic-preserving,SrcMarker,csn_js,test#2150,0,0.004741809331,0.002760089934,44,40,107.768393884,69.002248347
semantic-preserving,SrcMarker,csn_js,test#2151,0,0.013411980122,0.009273792617,159,158,84.352076241,58.694889981
semantic-preserving,SrcMarker,csn_js,test#2152,0,0.006550065242,0.004090671428,67,74,97.762167787,55.279343616
semantic-preserving,SrcMarker,csn_js,test#2153,0,0.012343764305,0.010672576725,184,224,67.085675571,47.645431810
semantic-preserving,SrcMarker,csn_js,test#2154,0,0.010343465023,0.006187541410,123,118,84.093211567,52.436791613
semantic-preserving,SrcMarker,csn_js,test#2155,0,0.016043365933,0.010210881010,228,250,70.365640057,40.843524039
semantic-preserving,SrcMarker,csn_js,test#2156,0,0.009671086445,0.006468961947,116,107,83.371434875,60.457588287
semantic-preserving,SrcMarker,csn_js,test#2157,0,0.019374721684,0.013745632023,257,257,75.388022115,53.484949504
semantic-preserving,SrcMarker,csn_js,test#2158,0,0.009731708094,0.006603285670,116,115,83.894035297,57.419875394
semantic-preserving,SrcMarker,csn_js,test#2159,0,0.022171466611,0.013643567450,312,248,71.062392985,55.014384880
semantic-preserving,SrcMarker,csn_js,test#2160,0,0.013500211760,0.008144265972,185,176,72.974117624,46.274238478
semantic-preserving,SrcMarker,csn_js,test#2161,0,0.008426649496,0.004947856069,113,104,74.572119433,47.575539121
semantic-preserving,SrcMarker,csn_js,test#2162,0,0.025152510032,0.016574524343,345,327,72.905826180,50.686618786
semantic-preserving,SrcMarker,csn_js,test#2163,0,0.007427914999,0.004216957837,78,71,95.229679480,59.393772357
semantic-preserving,SrcMarker,csn_js,test#2164,0,0.006255987100,0.003493846394,71,63,88.112494370,55.457879272
semantic-preserving,SrcMarker,csn_js,test#2165,0,0.034922443330,0.022112842649,597,582,58.496554992,37.994574999
semantic-preserving,SrcMarker,csn_js,test#2166,0,0.004745739512,0.002747247927,36,35,131.826097560,78.492797911
semantic-preserving,SrcMarker,csn_js,test#2167,0,0.005768140778,0.003387092613,48,49,120.169599541,69.124339034
semantic-preserving,SrcMarker,csn_js,test#2168,0,0.007979971357,0.006352075376,94,106,84.893312305,59.925239393
semantic-preserving,SrcMarker,csn_js,test#2169,0,0.014226115309,0.009082784876,207,206,68.725194728,44.091188720
semantic-preserving,SrcMarker,csn_js,test#2170,0,0.010971562937,0.008857612498,150,162,73.143752913,54.676620359
semantic-preserving,SrcMarker,csn_js,test#2171,0,0.006903746165,0.004255726933,72,78,95.885363407,54.560601711
semantic-preserving,SrcMarker,csn_js,test#2172,0,0.007529670373,0.004396670498,93,81,80.964197555,54.279882691
semantic-preserving,SrcMarker,csn_js,test#2173,0,0.004541640170,0.002829967067,43,47,105.619538835,60.212065248
semantic-preserving,SrcMarker,csn_js,test#2174,0,0.004934202880,0.002870642580,41,41,120.346411699,70.015672685
semantic-preserving,SrcMarker,csn_js,test#2175,0,0.009762789123,0.005963889882,123,100,79.372269291,59.638898820
semantic-preserving,SrcMarker,csn_js,test#2176,0,0.005837204866,0.003689443693,83,73,70.327769471,50.540324556
semantic-preserving,SrcMarker,csn_js,test#2177,0,0.005701560527,0.003703903407,83,75,68.693500326,49.385378758
semantic-preserving,SrcMarker,csn_js,test#2178,0,0.007255395874,0.004255998880,105,82,69.099008327,51.902425362
semantic-preserving,SrcMarker,csn_js,test#2179,0,0.007156775333,0.004666971043,108,93,66.266438268,50.182484331
semantic-preserving,SrcMarker,csn_js,test#2180,0,0.004184293561,0.002589533105,44,51,95.097580925,50.775158931
semantic-preserving,SrcMarker,csn_js,test#2181,0,0.006462680176,0.004201190546,76,80,85.035265472,52.514881827
semantic-preserving,SrcMarker,csn_js,test#2182,0,0.004561651498,0.002691772766,44,46,103.673897684,58.516799270
semantic-preserving,SrcMarker,csn_js,test#2183,0,0.006263652816,0.003770312294,77,78,81.346140473,48.337337107
semantic-preserving,SrcMarker,csn_js,test#2184,0,0.010140343569,0.006691616029,156,149,65.002202367,44.910174688
semantic-preserving,SrcMarker,csn_js,test#2185,0,0.008601685055,0.006144917570,107,107,80.389579950,57.429136169
semantic-preserving,SrcMarker,csn_js,test#2186,0,0.013764258474,0.009174822830,212,197,64.925747519,46.572704719
semantic-preserving,SrcMarker,csn_js,test#2187,0,0.010427812114,0.007839032449,120,140,86.898434286,55.993088920
semantic-preserving,SrcMarker,csn_js,test#2188,0,0.012960376218,0.009569187649,141,165,91.917561830,57.995076658
semantic-preserving,SrcMarker,csn_js,test#2189,0,0.007473231293,0.004144768231,83,71,90.038931244,58.377017333
semantic-preserving,SrcMarker,csn_js,test#2190,0,0.006196208298,0.003649811260,71,62,87.270539411,58.867923555
semantic-preserving,SrcMarker,csn_js,test#2191,0,0.006282105111,0.003841416910,71,70,88.480353670,54.877384433
semantic-preserving,SrcMarker,csn_js,test#2192,0,0.007655575871,0.004871387966,87,89,87.995124959,54.734696247
semantic-preserving,SrcMarker,csn_js,test#2193,0,0.005757301114,0.003459300846,59,55,97.581374822,62.896379016
semantic-preserving,SrcMarker,csn_js,test#2194,0,0.021906084381,0.015633760020,286,291,76.594700633,53.724261238
semantic-preserving,SrcMarker,csn_js,test#2195,0,0.007669084705,0.004744711332,90,96,85.212052282,49.424076375
semantic-preserving,SrcMarker,csn_js,test#2196,0,0.006386888213,0.004085269757,58,60,110.118762301,68.087829277
semantic-preserving,SrcMarker,csn_js,test#2197,0,0.013788085431,0.010744341649,179,202,77.028410228,53.189810144
semantic-preserving,SrcMarker,csn_js,test#2198,0,0.006221103482,0.003846319392,62,64,100.340378741,60.098740505
semantic-preserving,SrcMarker,csn_js,test#2199,0,0.010935681872,0.007451036945,177,173,61.783513402,43.069577717
semantic-preserving,SrcMarker,csn_js,test#2200,0,0.007207685150,0.004188477993,78,76,92.406219874,55.111552540
semantic-preserving,SrcMarker,csn_js,test#2201,0,0.010774238035,0.007031888701,167,154,64.516395420,45.661614942
semantic-preserving,SrcMarker,csn_js,test#2202,0,0.009752359241,0.006377428770,138,131,70.669269864,48.682662367
semantic-preserving,SrcMarker,csn_js,test#2203,0,0.013697932474,0.008528308012,170,162,80.576073378,52.643876615
semantic-preserving,SrcMarker,csn_js,test#2204,0,0.008800040931,0.006181578152,133,123,66.165721282,50.256732942
semantic-preserving,SrcMarker,csn_js,test#2205,0,0.009356485680,0.005261108279,105,97,89.109387426,54.238229683
semantic-preserving,SrcMarker,csn_js,test#2206,0,0.012090210803,0.007286229171,141,131,85.746175907,55.620070007
semantic-preserving,SrcMarker,csn_js,test#2207,0,0.005258392543,0.003283505328,43,45,122.288198665,72.966785067
semantic-preserving,SrcMarker,csn_js,test#2208,0,0.014981758781,0.009027120657,215,194,69.682598980,46.531549780
semantic-preserving,SrcMarker,csn_js,test#2209,0,0.012288418598,0.008308132179,160,163,76.802616240,50.970136068
semantic-preserving,SrcMarker,csn_js,test#2210,0,0.025537719950,0.019313600846,326,340,78.336564264,56.804708370
semantic-preserving,SrcMarker,csn_js,test#2211,0,0.017267028801,0.012272172607,246,263,70.191173988,46.662253260
semantic-preserving,SrcMarker,csn_js,test#2212,0,0.009118764661,0.005671582185,113,111,80.697032400,51.095334998
semantic-preserving,SrcMarker,csn_js,test#2213,0,0.004240008071,0.002640523948,26,31,163.077233502,85.178191864
semantic-preserving,SrcMarker,csn_js,test#2214,0,0.017845380120,0.012799954042,235,233,75.937787745,54.935425072
semantic-preserving,SrcMarker,csn_js,test#2215,0,0.006935979240,0.005071671680,91,95,76.219552084,53.386017680
semantic-preserving,SrcMarker,csn_js,test#2216,0,0.010027433746,0.006081742235,118,115,84.978252081,52.884715083
semantic-preserving,SrcMarker,csn_js,test#2217,0,0.011918769218,0.006874036044,180,166,66.215384545,41.409855686
semantic-preserving,SrcMarker,csn_js,test#2218,0,0.004838163033,0.002761368640,55,56,87.966600602,49.310154282
semantic-preserving,SrcMarker,csn_js,test#2219,0,0.004028831609,0.002501608804,26,31,154.955061869,80.697058189
semantic-preserving,SrcMarker,csn_js,test#2220,0,0.013123261742,0.010056010447,144,169,91.133762099,59.503020399
semantic-preserving,SrcMarker,csn_js,test#2221,0,0.003747394308,0.001901823096,27,32,138.792381794,59.431971749
semantic-preserving,SrcMarker,csn_js,test#2222,0,0.011555656791,0.007008246146,157,145,73.602909495,48.332732042
semantic-preserving,SrcMarker,csn_js,test#2223,0,0.009859661572,0.006591798738,102,116,96.663348742,56.825851187
semantic-preserving,SrcMarker,csn_js,test#2224,0,0.004386460409,0.002800714225,43,43,102.010707176,65.132888944
semantic-preserving,SrcMarker,csn_js,test#2225,0,0.004879597574,0.003146946430,38,50,128.410462486,62.938928604
semantic-preserving,SrcMarker,csn_js,test#2226,0,0.016461517662,0.010586134158,235,215,70.049011327,49.237833293
semantic-preserving,SrcMarker,csn_js,test#2227,0,0.011726070195,0.008279114962,171,164,68.573509915,50.482408303
semantic-preserving,SrcMarker,csn_js,test#2228,0,0.007342073135,0.004953723401,107,98,68.617505935,50.548197968
semantic-preserving,SrcMarker,csn_js,test#2229,0,0.014238966629,0.010427687317,200,203,71.194833145,51.367917818
semantic-preserving,SrcMarker,csn_js,test#2230,0,0.022800785489,0.019152964465,309,338,73.788949804,56.665575341
semantic-preserving,SrcMarker,csn_js,test#2231,0,0.011207101867,0.008794737980,128,130,87.555483333,67.651830614
semantic-preserving,SrcMarker,csn_js,test#2232,0,0.008411396295,0.006332770921,100,109,84.113962948,58.098815792
semantic-preserving,SrcMarker,csn_js,test#2233,0,0.009824451059,0.006737596355,148,137,66.381426075,49.179535441
semantic-preserving,SrcMarker,csn_js,test#2234,0,0.005227197893,0.003637656569,41,48,127.492631536,75.784511864
semantic-preserving,SrcMarker,csn_js,test#2235,0,0.011858778074,0.007569035515,165,158,71.871382269,47.905288071
semantic-preserving,SrcMarker,csn_js,test#2236,0,0.005909987725,0.004567854106,61,67,96.885044677,68.176926962
semantic-preserving,SrcMarker,csn_js,test#2237,0,0.004980203696,0.002824860625,49,44,101.636810114,64.201377840
semantic-preserving,SrcMarker,csn_js,test#2238,0,0.005930263549,0.003596935421,63,61,94.131167446,58.966154446
semantic-preserving,SrcMarker,csn_js,test#2239,0,0.005479607731,0.003320912831,50,61,109.592154622,54.441193943
semantic-preserving,SrcMarker,csn_js,test#2240,0,0.005470052361,0.003084874712,74,63,73.919626507,48.966265269
semantic-preserving,SrcMarker,csn_js,test#2241,0,0.004910810851,0.003167363815,38,44,129.231864488,71.985541250
semantic-preserving,SrcMarker,csn_js,test#2242,0,0.018356999382,0.013405819423,248,252,74.020158800,53.197696125
semantic-preserving,SrcMarker,csn_js,test#2243,0,0.004772902466,0.002873265184,38,42,125.602696483,68.411075821
semantic-preserving,SrcMarker,csn_js,test#2244,0,0.005230702460,0.003557526506,48,53,108.972967913,67.123141632
semantic-preserving,SrcMarker,csn_js,test#2245,0,0.004790642299,0.002605410293,42,39,114.062911875,66.805392122
semantic-preserving,SrcMarker,csn_js,test#2246,0,0.004997669719,0.002848052420,42,42,118.992136170,67.810771898
semantic-preserving,SrcMarker,csn_js,test#2247,0,0.007707461715,0.004710807465,86,84,89.621647846,56.081041250
semantic-preserving,SrcMarker,csn_js,test#2248,0,0.010566733778,0.006901450455,138,142,76.570534620,48.601763769
semantic-preserving,SrcMarker,csn_js,test#2249,0,0.004755672999,0.002552321181,42,38,113.230309493,67.166346861
semantic-preserving,SrcMarker,csn_js,test#2250,0,0.006594141014,0.003979754634,58,61,113.692086447,65.241879249
semantic-preserving,SrcMarker,csn_js,test#2251,0,0.005140717141,0.003145747818,46,50,111.754720464,62.914956361
semantic-preserving,SrcMarker,csn_js,test#2252,0,0.004197485745,0.002678669058,42,44,99.940136785,60.878842222
semantic-preserving,SrcMarker,csn_js,test#2253,0,0.004772005603,0.002843113616,51,44,93.568737308,64.616218548
semantic-preserving,SrcMarker,csn_js,test#2254,0,0.004658826627,0.002429516986,39,39,119.457092996,62.295307334
semantic-preserving,SrcMarker,csn_js,test#2255,0,0.018264892511,0.011866327375,221,225,82.646572448,52.739232779
semantic-preserving,SrcMarker,csn_js,test#2256,0,0.009384769015,0.005966224708,108,104,86.896009398,57.367545266
semantic-preserving,SrcMarker,csn_js,test#2257,0,0.005334923975,0.003298309632,66,56,80.832181442,58.898386279
semantic-preserving,SrcMarker,csn_js,test#2258,0,0.013667835854,0.009497595951,180,177,75.932421411,53.658734186
semantic-preserving,SrcMarker,csn_js,test#2259,0,0.005257803015,0.003681559116,54,57,97.366722508,64.588756415
semantic-preserving,SrcMarker,csn_js,test#2260,0,0.003555846401,0.002199135721,35,34,101.595611445,64.680462374
semantic-preserving,SrcMarker,csn_js,test#2261,0,0.008084821515,0.004861089401,91,79,88.844192470,61.532777227
semantic-preserving,SrcMarker,csn_js,test#2262,0,0.008172673173,0.005980147980,89,104,91.827788463,57.501422886
semantic-preserving,SrcMarker,csn_js,test#2263,0,0.005416497588,0.003275468014,58,53,93.387889451,61.801283286
semantic-preserving,SrcMarker,csn_js,test#2264,0,0.006564471871,0.004569910467,68,77,96.536351039,59.349486580
semantic-preserving,SrcMarker,csn_js,test#2265,0,0.013390189037,0.007854838856,149,136,89.867040515,57.756168056
semantic-preserving,SrcMarker,csn_js,test#2266,0,0.015961796045,0.010269689374,214,204,74.587831987,50.341614577
semantic-preserving,SrcMarker,csn_js,test#2267,0,0.005425593816,0.003180708736,44,44,123.308950358,72.288834913
semantic-preserving,SrcMarker,csn_js,test#2268,0,0.005277020857,0.003574459814,42,52,125.643353732,68.739611799
semantic-preserving,SrcMarker,csn_js,test#2269,0,0.004702294245,0.003772657365,39,59,120.571647317,63.943345163
semantic-preserving,SrcMarker,csn_js,test#2270,0,0.005360443145,0.003629324958,38,56,141.064293290,64.809374245
semantic-preserving,SrcMarker,csn_js,test#2271,0,0.005705776624,0.003516473807,49,55,116.444420906,63.935887407
semantic-preserving,SrcMarker,csn_js,test#2272,0,0.004569469951,0.002487258054,42,40,108.796903597,62.181451358
semantic-preserving,SrcMarker,csn_js,test#2273,0,0.004298403859,0.002375861630,50,39,85.968077183,60.919528970
semantic-preserving,SrcMarker,csn_js,test#2274,0,0.004954148084,0.002966636792,42,41,117.955906760,72.356994923
semantic-preserving,SrcMarker,csn_js,test#2275,0,0.004758479074,0.002584862523,39,39,122.012283940,66.278526225
semantic-preserving,SrcMarker,csn_js,test#2276,0,0.004915255122,0.002869612537,41,43,119.884271266,66.735175287
semantic-preserving,SrcMarker,csn_js,test#2277,0,0.006627507508,0.004401146434,68,69,97.463345703,63.784730931
semantic-preserving,SrcMarker,csn_js,test#2278,0,0.006409829482,0.003644200042,60,54,106.830491374,67.485185961
semantic-preserving,SrcMarker,csn_js,test#2279,0,0.005768043920,0.003454831429,60,64,96.134065340,53.981741075
semantic-preserving,SrcMarker,csn_js,test#2280,0,0.006087142043,0.004009299912,55,67,110.675309869,59.840297187
semantic-preserving,SrcMarker,csn_js,test#2281,0,0.004901244305,0.002925947309,34,38,144.154244267,76.998613383
semantic-preserving,SrcMarker,csn_js,test#2282,0,0.005568798631,0.003227255307,48,50,116.016638155,64.545106143
semantic-preserving,SrcMarker,csn_js,test#2283,0,0.008548539132,0.005581726320,94,106,90.941905658,52.657795473
semantic-preserving,SrcMarker,csn_js,test#2284,0,0.003824586980,0.002194117755,23,27,166.286390437,81.263620544
semantic-preserving,SrcMarker,csn_js,test#2285,0,0.007155943662,0.004718008451,79,83,90.581565341,56.843475315
semantic-preserving,SrcMarker,csn_js,test#2286,0,0.004280228168,0.002916713245,35,43,122.292233365,67.830540586
semantic-preserving,SrcMarker,csn_js,test#2287,0,0.009776331484,0.007421423681,114,123,85.757293722,60.336777895
semantic-preserving,SrcMarker,csn_js,test#2288,0,0.006456113420,0.005371161737,57,80,113.265147727,67.139521707
semantic-preserving,SrcMarker,csn_js,test#2289,0,0.007363346405,0.004416855052,94,92,78.333472397,48.009294045
semantic-preserving,SrcMarker,csn_js,test#2290,0,0.022347124293,0.013561713509,256,249,87.293454271,54.464712889
semantic-preserving,SrcMarker,csn_js,test#2291,0,0.017331187613,0.010504419915,217,215,79.867224024,48.857767048
semantic-preserving,SrcMarker,csn_js,test#2292,0,0.004344232380,0.002888498828,32,40,135.757261887,72.212470695
semantic-preserving,SrcMarker,csn_js,test#2293,0,0.004157151096,0.002591908909,31,39,134.101648244,66.459202805
semantic-preserving,SrcMarker,csn_js,test#2294,0,0.004797857255,0.002817218192,36,39,133.273812632,72.236363895
semantic-preserving,SrcMarker,csn_js,test#2295,0,0.006823694333,0.004876578227,59,76,115.655836160,64.165502983
semantic-preserving,SrcMarker,csn_js,test#2296,0,0.011343223043,0.010165157728,139,172,81.605921171,59.099754232
semantic-preserving,SrcMarker,csn_js,test#2297,0,0.007956364192,0.006832029670,93,110,85.552303141,62.109360641
semantic-preserving,SrcMarker,csn_js,test#2298,0,0.004963646643,0.002924885601,45,49,110.303258730,59.691542874
semantic-preserving,SrcMarker,csn_js,test#2299,0,0.007221114822,0.003960315138,72,66,100.293261413,60.004774820
semantic-preserving,SrcMarker,csn_js,test#2300,0,0.009215863422,0.007458272390,86,112,107.161202576,66.591717768
semantic-preserving,SrcMarker,csn_js,test#2301,0,0.006375590339,0.003670267761,60,52,106.259838988,70.582072322
semantic-preserving,SrcMarker,csn_js,test#2302,0,0.005552010611,0.003070572391,58,52,95.724320874,59.049469061
semantic-preserving,SrcMarker,csn_js,test#2303,0,0.014088144526,0.010582232848,194,199,72.619301680,53.177049486
semantic-preserving,SrcMarker,csn_js,test#2304,0,0.011474907398,0.006873819977,151,129,75.992764227,53.285426179
semantic-preserving,SrcMarker,csn_js,test#2305,0,0.004739779048,0.002803255804,42,43,112.851882087,65.191995439
semantic-preserving,SrcMarker,csn_js,test#2306,0,0.004181290977,0.002505135722,41,47,101.982706749,53.300760052
semantic-preserving,SrcMarker,csn_js,test#2307,0,0.003994742408,0.002540046349,34,37,117.492423776,68.649901329
semantic-preserving,SrcMarker,csn_js,test#2308,0,0.005392824300,0.003094296902,58,60,92.979729304,51.571615040
semantic-preserving,SrcMarker,csn_js,test#2309,0,0.003923360258,0.002112802118,31,30,126.560008334,70.426737269
semantic-preserving,SrcMarker,csn_js,test#2310,0,0.011673066765,0.007236368954,150,143,77.820445100,50.603978701
semantic-preserving,SrcMarker,csn_js,test#2311,0,0.014349753037,0.008590512909,170,164,84.410311983,52.381176274
semantic-preserving,SrcMarker,csn_js,test#2312,0,0.026186745614,0.016623778269,361,339,72.539461534,49.037694008
semantic-preserving,SrcMarker,csn_js,test#2313,0,0.007501554675,0.005134688690,81,87,92.611786116,59.019410233
semantic-preserving,SrcMarker,csn_js,test#2314,0,0.009232914075,0.005404258147,97,94,95.184681188,57.492107946
semantic-preserving,SrcMarker,csn_js,test#2315,0,0.009327777661,0.005999246612,110,107,84.797978740,56.067725348
semantic-preserving,SrcMarker,csn_js,test#2316,0,0.008407438174,0.006037601270,95,106,88.499349199,56.958502545
semantic-preserving,SrcMarker,csn_js,test#2317,0,0.013385503553,0.008014747873,168,153,79.675616386,52.383973026
semantic-preserving,SrcMarker,csn_js,test#2318,0,0.013278010301,0.009658533148,160,171,82.987564383,56.482649991
semantic-preserving,SrcMarker,csn_js,test#2319,0,0.008176327683,0.005963036790,89,101,91.868850371,59.039968223
semantic-preserving,SrcMarker,csn_js,test#2320,0,0.005713112652,0.003335100599,53,50,107.794578345,66.702011973
semantic-preserving,SrcMarker,csn_js,test#2321,0,0.008063666523,0.004711224698,71,74,113.572767923,63.665198615
semantic-preserving,SrcMarker,csn_js,test#2322,0,0.020277608186,0.015624595806,235,266,86.287694409,58.739081977
semantic-preserving,SrcMarker,csn_js,test#2323,0,0.007244940847,0.004057927988,60,62,120.749014119,65.450451427
semantic-preserving,SrcMarker,csn_js,test#2324,0,0.009161350317,0.006195161492,97,111,94.446910488,55.812265690
semantic-preserving,SrcMarker,csn_js,test#2325,0,0.026152865961,0.016101480462,338,324,77.375343080,49.695927351
semantic-preserving,SrcMarker,csn_js,test#2326,0,0.009771025740,0.007400008850,128,133,76.336138591,55.639164284
semantic-preserving,SrcMarker,csn_js,test#2327,0,0.006612122059,0.004186680540,72,73,91.835028595,57.351788225
semantic-preserving,SrcMarker,csn_js,test#2328,0,0.005915727466,0.004312342964,62,74,95.414959135,58.274904920
semantic-preserving,SrcMarker,csn_js,test#2329,0,0.009892350994,0.005876828916,123,113,80.425617838,52.007335543
semantic-preserving,SrcMarker,csn_js,test#2330,0,0.024947926402,0.015852466226,359,346,69.492831204,45.816376375
semantic-preserving,SrcMarker,csn_js,test#2331,0,0.011215065606,0.008162616752,172,168,65.203869802,48.587004477
semantic-preserving,SrcMarker,csn_js,test#2332,0,0.011439856142,0.010174430907,174,193,65.746299666,52.717258584
semantic-preserving,SrcMarker,csn_js,test#2333,0,0.012811759487,0.008206127211,175,161,73.210054210,50.969734233
semantic-preserving,SrcMarker,csn_js,test#2334,0,0.004603586160,0.002536089160,47,43,97.948641695,58.978817664
semantic-preserving,SrcMarker,csn_js,test#2335,0,0.021875272505,0.016577235423,343,373,63.776304679,44.442990410
semantic-preserving,SrcMarker,csn_js,test#2336,0,0.012513083406,0.008972879499,154,165,81.253788349,54.381087874
semantic-preserving,SrcMarker,csn_js,test#2337,0,0.004668748938,0.002693469636,40,39,116.718723439,69.063324004
semantic-preserving,SrcMarker,csn_js,test#2338,0,0.011976124719,0.006836306304,125,109,95.808997750,62.718406456
semantic-preserving,SrcMarker,csn_js,test#2339,0,0.009361106902,0.006125044078,99,107,94.556635377,57.243402595
semantic-preserving,SrcMarker,csn_js,test#2340,0,0.006927010603,0.004049969837,68,65,101.867802989,62.307228263
semantic-preserving,SrcMarker,csn_js,test#2341,0,0.010711891577,0.006919837557,122,123,87.802389973,56.258841925
semantic-preserving,SrcMarker,csn_js,test#2342,0,0.005206665024,0.003261219710,39,42,133.504231389,77.648088336
semantic-preserving,SrcMarker,csn_js,test#2343,0,0.005203439854,0.002818788402,43,40,121.010229165,70.469710045
semantic-preserving,SrcMarker,csn_js,test#2344,0,0.005771150813,0.003181695007,42,49,137.408352679,64.932551159
semantic-preserving,SrcMarker,csn_js,test#2345,0,0.005129940808,0.002977623604,38,42,134.998442311,70.895800101
semantic-preserving,SrcMarker,csn_js,test#2346,0,0.004270306788,0.002623813227,33,37,129.403236012,70.913870995
semantic-preserving,SrcMarker,csn_js,test#2347,0,0.006904386915,0.004071484320,66,68,104.611922959,59.874769410
semantic-preserving,SrcMarker,csn_js,test#2348,0,0.033054647036,0.020700125024,437,498,75.639924567,41.566516112
semantic-preserving,SrcMarker,csn_js,test#2349,0,0.013919149525,0.010198206641,180,183,77.328608475,55.727905141
semantic-preserving,SrcMarker,csn_js,test#2350,0,0.008695801720,0.005567778833,88,100,98.815928637,55.677788332
semantic-preserving,SrcMarker,csn_js,test#2351,0,0.020550846122,0.014364300296,267,292,76.969461132,49.192809232
semantic-preserving,SrcMarker,csn_js,test#2352,0,0.006960329600,0.003895815462,76,72,91.583284206,54.108548082
semantic-preserving,SrcMarker,csn_js,test#2353,0,0.004468822852,0.003750565462,41,59,108.995679312,63.568906132
semantic-preserving,SrcMarker,csn_js,test#2354,0,0.014461321756,0.009398006834,203,199,71.238038208,47.226164995
semantic-preserving,SrcMarker,csn_js,test#2355,0,0.013759941794,0.009967281483,178,191,77.303043786,52.184719807
semantic-preserving,SrcMarker,csn_js,test#2356,0,0.003903018311,0.002128538676,33,31,118.273282141,68.662537923
semantic-preserving,SrcMarker,csn_js,test#2357,0,0.011018158868,0.008240560070,152,166,72.487887289,49.641928131
semantic-preserving,SrcMarker,csn_js,test#2358,0,0.005311776884,0.003024974838,47,57,113.016529445,53.069733998
semantic-preserving,SrcMarker,csn_js,test#2359,0,0.008432535455,0.006013971753,108,114,78.079031987,52.754138188
semantic-preserving,SrcMarker,csn_js,test#2360,0,0.016865243204,0.011962311342,248,241,68.005012919,49.636146649
semantic-preserving,SrcMarker,csn_js,test#2361,0,0.007118513808,0.004077910446,85,74,83.747221267,55.106897914
semantic-preserving,SrcMarker,csn_js,test#2362,0,0.004959791899,0.003276834264,45,51,110.217597749,64.251652243
semantic-preserving,SrcMarker,csn_js,test#2363,0,0.013701924123,0.009635558352,172,160,79.662349552,60.222239699
semantic-preserving,SrcMarker,csn_js,test#2364,0,0.007669603452,0.004968393594,78,77,98.328249386,64.524592130
semantic-preserving,SrcMarker,csn_js,test#2365,0,0.025895028375,0.018597938120,332,351,77.997073419,52.985578690
semantic-preserving,SrcMarker,csn_js,test#2366,0,0.006414898671,0.003502078354,65,60,98.690748788,58.367972573
semantic-preserving,SrcMarker,csn_js,test#2367,0,0.007089051418,0.004490502179,76,79,93.276992342,56.841799730
semantic-preserving,SrcMarker,csn_js,test#2368,0,0.006088051945,0.003346825019,53,54,114.868904622,61.978241084
semantic-preserving,SrcMarker,csn_js,test#2369,0,0.005503861234,0.003606351092,51,57,107.918847717,63.269317412
semantic-preserving,SrcMarker,csn_js,test#2370,0,0.008729558438,0.007246525958,119,125,73.357633933,57.972207665
semantic-preserving,SrcMarker,csn_js,test#2371,0,0.009923945181,0.006847103126,125,129,79.391561449,53.078318809
semantic-preserving,SrcMarker,csn_js,test#2372,0,0.005388749763,0.003689229488,52,61,103.629803142,60.479171941
semantic-preserving,SrcMarker,csn_js,test#2373,0,0.006559020840,0.004313077778,77,78,85.182088826,55.295868944
semantic-preserving,SrcMarker,csn_js,test#2374,0,0.006634377874,0.003792795353,75,63,88.458371659,60.203100836
semantic-preserving,SrcMarker,csn_js,test#2375,0,0.006380932406,0.003444593400,58,49,110.016075958,70.297824485
semantic-preserving,SrcMarker,csn_js,test#2376,0,0.009409105405,0.006697981618,111,110,84.766715362,60.890741985
semantic-preserving,SrcMarker,csn_js,test#2377,0,0.008266100660,0.004921876825,97,89,85.217532577,55.301986802
semantic-preserving,SrcMarker,csn_js,test#2378,0,0.007439542562,0.004645233043,62,78,119.992621964,59.554269776
semantic-preserving,SrcMarker,csn_js,test#2379,0,0.009297766723,0.007113665342,127,133,73.210761596,53.486205581
semantic-preserving,SrcMarker,csn_js,test#2380,0,0.005397377536,0.003212306648,43,45,125.520407807,71.384592189
semantic-preserving,SrcMarker,csn_js,test#2381,0,0.008169767447,0.004974865355,84,82,97.259136272,60.669089690
semantic-preserving,SrcMarker,csn_js,test#2382,0,0.005683006719,0.003629293293,52,56,109.288590745,64.808808799
semantic-preserving,SrcMarker,csn_js,test#2383,0,0.007547749206,0.004638481885,75,71,100.636656086,65.330730777
semantic-preserving,SrcMarker,csn_js,test#2384,0,0.004370653071,0.002586709335,33,32,132.444032440,80.834666733
semantic-preserving,SrcMarker,csn_js,test#2385,0,0.008715949021,0.005169129930,96,86,90.791135638,60.106161982
semantic-preserving,SrcMarker,csn_js,test#2386,0,0.006160655059,0.003795392811,55,56,112.011910162,67.774871630
semantic-preserving,SrcMarker,csn_js,test#2387,0,0.011303015053,0.007737772539,138,148,81.905906183,52.282246887
semantic-preserving,SrcMarker,csn_js,test#2388,0,0.004110570066,0.002324975096,31,32,132.599034377,72.655471740
semantic-preserving,SrcMarker,csn_js,test#2389,0,0.007533941418,0.004429773428,71,72,106.111850957,61.524630938
semantic-preserving,SrcMarker,csn_js,test#2390,0,0.005670709535,0.003505412489,43,52,131.876965941,67.411778638
semantic-preserving,SrcMarker,csn_js,test#2391,0,0.004988086410,0.002779762261,41,45,121.660644143,61.772494680
semantic-preserving,SrcMarker,csn_js,test#2392,0,0.016021950170,0.010741032660,185,192,86.605136056,55.942878438
semantic-preserving,SrcMarker,csn_js,test#2393,0,0.004923846573,0.003087572753,47,45,104.762693035,68.612727854
semantic-preserving,SrcMarker,csn_js,test#2394,0,0.005207715556,0.003286368214,44,51,118.357171728,64.438592423
semantic-preserving,SrcMarker,csn_js,test#2395,0,0.008731498383,0.006061296910,93,91,93.887079387,66.607658352
semantic-preserving,SrcMarker,csn_js,test#2396,0,0.010624788702,0.006513180211,156,150,68.107619882,43.421201408
semantic-preserving,SrcMarker,csn_js,test#2397,0,0.005254907534,0.002876766026,41,45,128.168476427,63.928133912
semantic-preserving,SrcMarker,csn_js,test#2398,0,0.005337747745,0.003490478732,58,52,92.030133538,67.124590994
semantic-preserving,SrcMarker,csn_js,test#2399,0,0.025907761417,0.017029304057,387,386,66.945119941,44.117368024
semantic-preserving,SrcMarker,csn_js,test#2400,0,0.007091914304,0.004352959804,88,83,80.589935268,52.445298846
semantic-preserving,SrcMarker,csn_js,test#2401,0,0.022807261907,0.018186115660,322,347,70.830005921,52.409555215
semantic-preserving,SrcMarker,csn_js,test#2402,0,0.003872687928,0.002400302328,31,32,124.925417044,75.009447755
semantic-preserving,SrcMarker,csn_js,test#2403,0,0.005635425448,0.003080729395,54,54,104.359730526,57.050544355
semantic-preserving,SrcMarker,csn_js,test#2404,0,0.011760449037,0.008561993018,172,167,68.374703703,51.269419268
semantic-preserving,SrcMarker,csn_js,test#2405,0,0.012041327544,0.008567083627,166,149,72.538117732,57.497205550
semantic-preserving,SrcMarker,csn_js,test#2406,0,0.004131309688,0.002415056340,35,33,118.037419660,73.183525467
semantic-preserving,SrcMarker,csn_js,test#2407,0,0.013396736234,0.008225961588,192,180,69.774667888,45.699786602
semantic-preserving,SrcMarker,csn_js,test#2408,0,0.006486026570,0.003729268909,80,78,81.075332128,47.811139853
semantic-preserving,SrcMarker,csn_js,test#2409,0,0.010636720806,0.008035067469,158,164,67.321017762,48.994313835
semantic-preserving,SrcMarker,csn_js,test#2410,0,0.004415286705,0.002671270631,37,38,119.332073105,70.296595559
semantic-preserving,SrcMarker,csn_js,test#2411,0,0.004628463648,0.003668025136,48,62,96.426326005,59.161695742
semantic-preserving,SrcMarker,csn_js,test#2412,0,0.010622366332,0.007432978600,134,136,79.271390534,54.654254414
semantic-preserving,SrcMarker,csn_js,test#2413,0,0.009266414680,0.005577305332,111,102,83.481213330,54.679464038
semantic-preserving,SrcMarker,csn_js,test#2414,0,0.034924909472,0.022158784792,515,478,67.815358199,46.357290359
semantic-preserving,SrcMarker,csn_js,test#2415,0,0.006178839132,0.003978581168,69,65,89.548393220,61.208941042
semantic-preserving,SrcMarker,csn_js,test#2416,0,0.004535668530,0.002787504345,43,43,105.480663478,64.825682446
semantic-preserving,SrcMarker,csn_js,test#2417,0,0.007781357504,0.004889696836,93,85,83.670510800,57.525845135
semantic-preserving,SrcMarker,csn_js,test#2418,0,0.016174405813,0.011845680885,206,211,78.516533074,56.140667702
semantic-preserving,SrcMarker,csn_js,test#2419,0,0.015263489448,0.009697460569,190,179,80.334154987,54.175757371
semantic-preserving,SrcMarker,csn_js,test#2420,0,0.006479002535,0.004282436334,67,66,96.701530378,64.885398994
semantic-preserving,SrcMarker,csn_js,test#2421,0,0.007291427813,0.004559056833,100,97,72.914278135,47.000585911
semantic-preserving,SrcMarker,csn_js,test#2422,0,0.022597122006,0.015158512630,351,333,64.379264975,45.521058948
semantic-preserving,SrcMarker,csn_js,test#2423,0,0.008223180659,0.005307473242,99,101,83.062430900,52.549240023
semantic-preserving,SrcMarker,csn_js,test#2424,0,0.009512019344,0.006167608313,116,123,82.000166756,50.143157018
semantic-preserving,SrcMarker,csn_js,test#2425,0,0.005373850465,0.003214284778,67,53,80.206723356,60.646882597
semantic-preserving,SrcMarker,csn_js,test#2426,0,0.032558633946,0.021036993712,533,471,61.085617159,44.664530174
semantic-preserving,SrcMarker,csn_js,test#2427,0,0.006167126819,0.003920839168,60,77,102.785446992,50.919989197
semantic-preserving,SrcMarker,csn_js,test#2428,0,0.007564472966,0.004513765685,82,88,92.249670316,51.292791878
semantic-preserving,SrcMarker,csn_js,test#2429,0,0.010723075829,0.007471633144,122,136,87.894064176,54.938478998
semantic-preserving,SrcMarker,csn_js,test#2430,0,0.006378000602,0.003855974413,55,57,115.963647311,67.648673920
semantic-preserving,SrcMarker,csn_js,test#2431,0,0.016699008644,0.011732922867,182,205,91.752794745,57.233770083
semantic-preserving,SrcMarker,csn_js,test#2432,0,0.004483413883,0.002783694305,34,44,131.865114193,63.265779648
semantic-preserving,SrcMarker,csn_js,test#2433,0,0.004717289470,0.002927805297,41,44,115.055840735,66.541029479
semantic-preserving,SrcMarker,csn_js,test#2434,0,0.017416412011,0.013160313480,207,235,84.137256091,56.001333956
semantic-preserving,SrcMarker,csn_js,test#2435,0,0.026785198599,0.020988473669,320,372,83.703745622,56.420628142
semantic-preserving,SrcMarker,csn_js,test#2436,0,0.005778279155,0.003756836057,59,66,97.936934839,56.921758435
semantic-preserving,SrcMarker,csn_js,test#2437,0,0.005049451254,0.003668970428,52,66,97.104831814,55.590461036
semantic-preserving,SrcMarker,csn_js,test#2438,0,0.011692116037,0.007412348874,132,132,88.576636644,56.154158136
semantic-preserving,SrcMarker,csn_js,test#2439,0,0.006388260983,0.004152309150,76,73,84.056065565,56.880947253
semantic-preserving,SrcMarker,csn_js,test#2440,0,0.005867647938,0.004064084031,64,69,91.681999038,58.899768561
semantic-preserving,SrcMarker,csn_js,test#2441,0,0.004499813542,0.002706633881,41,44,109.751549799,61.514406380
semantic-preserving,SrcMarker,csn_js,test#2442,0,0.004687613808,0.002735621296,37,44,126.692265071,62.173211270
semantic-preserving,SrcMarker,csn_js,test#2443,0,0.010685250163,0.007026990876,123,121,86.871952545,58.074304757
semantic-preserving,SrcMarker,csn_js,test#2444,0,0.005744560622,0.003397312947,61,54,94.173124946,62.913202715
semantic-preserving,SrcMarker,csn_js,test#2445,0,0.015885178931,0.009669674560,197,178,80.635426046,54.324014384
semantic-preserving,SrcMarker,csn_js,test#2446,0,0.014928163961,0.010841514915,171,179,87.299204448,60.567122431
semantic-preserving,SrcMarker,csn_js,test#2447,0,0.006382620893,0.004384343512,78,74,81.828472993,59.247885302
semantic-preserving,SrcMarker,csn_js,test#2448,0,0.012716035359,0.008583035320,145,207,87.696795577,41.463938744
semantic-preserving,SrcMarker,csn_js,test#2449,0,0.016923414543,0.013357990421,179,217,94.544215326,61.557559545
semantic-preserving,SrcMarker,csn_js,test#2450,0,0.010610594414,0.007982035168,129,144,82.252669877,55.430799774
semantic-preserving,SrcMarker,csn_js,test#2451,0,0.004313344136,0.002343107015,38,36,113.509056207,65.086305969
semantic-preserving,SrcMarker,csn_js,test#2452,0,0.005303356797,0.003766131587,53,56,100.063335783,67.252349774
semantic-preserving,SrcMarker,csn_js,test#2453,0,0.006305165589,0.003809666261,60,60,105.086093148,63.494437685
semantic-preserving,SrcMarker,csn_js,test#2454,0,0.007214007899,0.004253445193,67,65,107.671759689,65.437618356
semantic-preserving,SrcMarker,csn_js,test#2455,0,0.011621682905,0.006987860426,138,130,84.215093512,53.752772510
semantic-preserving,SrcMarker,csn_js,test#2456,0,0.016160028987,0.012768600136,223,239,72.466497698,53.425105172
semantic-preserving,SrcMarker,csn_js,test#2457,0,0.005176601000,0.003674425185,37,44,139.908135139,83.509663289
semantic-preserving,SrcMarker,csn_js,test#2458,0,0.040967197157,0.021653349511,792,739,51.726259037,29.300878906
semantic-preserving,SrcMarker,csn_js,test#2459,0,0.006876843050,0.004624745809,75,76,91.691240668,60.851918533
semantic-preserving,SrcMarker,csn_js,test#2460,0,0.010869977064,0.007823823020,138,129,78.767949742,60.649790852
semantic-preserving,SrcMarker,csn_js,test#2461,0,0.015198223293,0.009525652975,180,171,84.434573849,55.705572952
semantic-preserving,SrcMarker,csn_js,test#2462,0,0.032754983753,0.021073021926,502,461,65.248971619,45.711544308
semantic-preserving,SrcMarker,csn_js,test#2463,0,0.009010981768,0.005635325797,107,107,84.214782882,52.666596233
semantic-preserving,SrcMarker,csn_js,test#2464,0,0.009295105003,0.005535269156,107,101,86.870140213,54.804645110
semantic-preserving,SrcMarker,csn_js,test#2465,0,0.014646753669,0.010984723456,186,198,78.745987467,55.478401294
semantic-preserving,SrcMarker,csn_js,test#2466,0,0.008162571117,0.005464698188,118,119,69.174331502,45.921833513
semantic-preserving,SrcMarker,csn_js,test#2467,0,0.004640686326,0.002844233066,43,46,107.922937808,61.831153605
semantic-preserving,SrcMarker,csn_js,test#2468,0,0.004696000367,0.002683061175,43,40,109.209310870,67.076529376
semantic-preserving,SrcMarker,csn_js,test#2469,0,0.024374762550,0.016370089725,324,325,75.230748611,50.369506845
semantic-preserving,SrcMarker,csn_js,test#2470,0,0.013580357656,0.008197210729,154,146,88.184140623,56.145278967
semantic-preserving,SrcMarker,csn_js,test#2471,0,0.005904858001,0.004088668153,63,66,93.727904771,61.949517465
semantic-preserving,SrcMarker,csn_js,test#2472,0,0.006746912375,0.004167521372,88,86,76.669458808,48.459550842
semantic-preserving,SrcMarker,csn_js,test#2473,0,0.031931376085,0.021838984452,444,495,71.917513704,44.119160509
semantic-preserving,SrcMarker,csn_js,test#2474,0,0.014787320979,0.012128387578,188,191,78.655962654,63.499411402
semantic-preserving,SrcMarker,csn_js,test#2475,0,0.008285610937,0.006684573367,93,114,89.092590716,58.636608485
semantic-preserving,SrcMarker,csn_js,test#2476,0,0.005084582604,0.003542229533,45,56,112.990724544,63.254098807
semantic-preserving,SrcMarker,csn_js,test#2477,0,0.012123041786,0.008572714403,139,153,87.216127959,56.030813093
semantic-preserving,SrcMarker,csn_js,test#2478,0,0.020660796203,0.014887222089,293,296,70.514662808,50.294669219
semantic-preserving,SrcMarker,csn_js,test#2479,0,0.007966514677,0.004390605725,93,81,85.661448138,54.205008955
semantic-preserving,SrcMarker,csn_js,test#2480,0,0.008961952291,0.005371022038,93,92,96.365078402,58.380674328
semantic-preserving,SrcMarker,csn_js,test#2481,0,0.009200152941,0.005873274989,97,94,94.846937537,62.481648824
semantic-preserving,SrcMarker,csn_js,test#2482,0,0.006480976939,0.004125380889,75,77,86.413025856,53.576375176
semantic-preserving,SrcMarker,csn_js,test#2483,0,0.006891778670,0.004324720241,82,78,84.046081345,55.445131297
semantic-preserving,SrcMarker,csn_js,test#2484,0,0.023987253197,0.017254758626,333,359,72.033793383,48.063394502
semantic-preserving,SrcMarker,csn_js,test#2485,0,0.008247756399,0.005258322693,105,99,78.550060945,53.114370640
semantic-preserving,SrcMarker,csn_js,test#2486,0,0.031843996607,0.020991533063,448,463,71.080349569,45.338084370
semantic-preserving,SrcMarker,csn_js,test#2487,0,0.007926277816,0.006091375835,91,109,87.101954025,55.884181975
semantic-preserving,SrcMarker,csn_js,test#2488,0,0.015511353500,0.011187791824,208,231,74.573814905,48.431999240
semantic-preserving,SrcMarker,csn_js,test#2489,0,0.014373517595,0.009442135692,198,199,72.593523208,47.447918048
semantic-preserving,SrcMarker,csn_js,test#2490,0,0.012237437069,0.007195453160,146,147,83.818062119,48.948660949
semantic-preserving,SrcMarker,csn_js,test#2491,0,0.009847656824,0.008047983982,121,157,81.385593584,51.261044469
semantic-preserving,SrcMarker,csn_js,test#2492,0,0.021199698560,0.012995073572,282,259,75.176236028,50.174029235
semantic-preserving,SrcMarker,csn_js,test#2493,0,0.027082936838,0.019497740082,338,370,80.127032066,52.696594817
semantic-preserving,SrcMarker,csn_js,test#2494,0,0.008486519568,0.005211160518,92,88,92.244777909,59.217733162
semantic-preserving,SrcMarker,csn_js,test#2495,0,0.004828255624,0.003107349388,42,40,114.958467228,77.683734708
semantic-preserving,SrcMarker,csn_js,test#2496,0,0.006640256383,0.004465484992,67,72,99.108304217,62.020624884
semantic-preserving,SrcMarker,csn_js,test#2497,0,0.008904258721,0.006867524236,90,115,98.936208006,59.717602056
semantic-preserving,SrcMarker,csn_js,test#2498,0,0.012721813284,0.008197215386,176,157,72.283030022,52.211562966
semantic-preserving,SrcMarker,csn_js,test#2499,0,0.008079783060,0.004748341627,117,105,69.057974869,45.222301214
semantic-preserving,SrcMarker,csn_js,test#2500,0,0.006818893366,0.004328459501,63,75,108.236402628,57.712793350
semantic-preserving,SrcMarker,csn_js,test#2501,0,0.007796707563,0.004712362774,94,82,82.943697480,57.467838704
semantic-preserving,SrcMarker,csn_js,test#2502,0,0.008228785358,0.004799587652,93,85,88.481562993,56.465737083
semantic-preserving,SrcMarker,csn_js,test#2503,0,0.004498723894,0.002481709234,41,43,109.724973033,57.714168242
semantic-preserving,SrcMarker,csn_js,test#2504,0,0.003884281963,0.002210107632,33,37,117.705514034,59.732638702
semantic-preserving,SrcMarker,csn_js,test#2505,0,0.005613089539,0.003071847372,57,51,98.475255072,60.232301407
semantic-preserving,SrcMarker,csn_js,test#2506,0,0.006436172873,0.004074562341,62,64,103.809239884,63.665036578
semantic-preserving,SrcMarker,csn_js,test#2507,0,0.005222634412,0.003134340048,48,51,108.804883591,61.457647997
semantic-preserving,SrcMarker,csn_js,test#2508,0,0.006588636898,0.003856088966,61,60,108.010440943,64.268149436
semantic-preserving,SrcMarker,csn_js,test#2509,0,0.011531128548,0.007782687433,137,141,84.168821519,55.196364774
semantic-preserving,SrcMarker,csn_js,test#2510,0,0.017922163941,0.012937731110,204,207,87.853744809,62.501116471
semantic-preserving,SrcMarker,csn_js,test#2511,0,0.004938089289,0.003215683624,43,49,114.839285785,65.626196411
semantic-preserving,SrcMarker,csn_js,test#2512,0,0.021657495759,0.016042726114,307,295,70.545588793,54.382122422
semantic-preserving,SrcMarker,csn_js,test#2513,0,0.007436293177,0.005227384157,86,75,86.468525318,69.698455433
semantic-preserving,SrcMarker,csn_js,test#2514,0,0.015629915521,0.011057844386,197,204,79.339672693,54.205119537
semantic-preserving,SrcMarker,csn_js,test#2515,0,0.005745327100,0.003561719321,53,62,108.402398116,57.447085818
semantic-preserving,SrcMarker,csn_js,test#2516,0,0.005441562273,0.003094741143,48,44,113.365880679,70.335025984
semantic-preserving,SrcMarker,csn_js,test#2517,0,0.012327232398,0.009049022570,145,176,85.015395849,51.414900967
semantic-preserving,SrcMarker,csn_js,test#2518,0,0.007967674173,0.004649239592,94,91,84.762491207,51.090544970
semantic-preserving,SrcMarker,csn_js,test#2519,0,0.006277441978,0.003818835132,64,60,98.085030913,63.647252197
semantic-preserving,SrcMarker,csn_js,test#2520,0,0.015904598869,0.011306098662,181,202,87.870711986,55.970785457
semantic-preserving,SrcMarker,csn_js,test#2521,0,0.011917633936,0.007448757999,118,145,100.996897761,51.370744818
semantic-preserving,SrcMarker,csn_js,test#2522,0,0.006203043275,0.003681791946,53,58,117.038552351,63.479171488
semantic-preserving,SrcMarker,csn_js,test#2523,0,0.006613455713,0.003937661648,65,71,101.745472505,55.460023208
semantic-preserving,SrcMarker,csn_js,test#2524,0,0.027446034364,0.020508879796,363,412,75.608910095,49.778834456
semantic-preserving,SrcMarker,csn_js,test#2525,0,0.005184600130,0.003372669220,55,58,94.265456904,58.149469310
semantic-preserving,SrcMarker,csn_js,test#2526,0,0.005677920766,0.003546862863,66,65,86.029102518,54.567120969
semantic-preserving,SrcMarker,csn_js,test#2527,0,0.005259765312,0.003600053489,48,63,109.578444002,57.143706178
semantic-preserving,SrcMarker,csn_js,test#2528,0,0.004060212523,0.002272426151,32,36,126.881641336,63.122948632
semantic-preserving,SrcMarker,csn_js,test#2529,0,0.003870776854,0.002216392197,29,32,133.475063947,69.262256147
semantic-preserving,SrcMarker,csn_js,test#2530,0,0.015417595394,0.009605226107,218,197,70.722914651,48.757492929
semantic-preserving,SrcMarker,csn_js,test#2531,0,0.005397212692,0.003680486232,77,79,70.093671320,46.588433317
semantic-preserving,SrcMarker,csn_js,test#2532,0,0.007675654255,0.005197470076,91,100,84.347848954,51.974700764
semantic-preserving,SrcMarker,csn_js,test#2533,0,0.006097885780,0.003880313598,58,58,105.135961725,66.901958580
semantic-preserving,SrcMarker,csn_js,test#2534,0,0.005079239607,0.002939702943,46,39,110.418252323,75.376998538
semantic-preserving,SrcMarker,csn_js,test#2535,0,0.006114563905,0.004171016626,52,68,117.587767398,61.338479795
semantic-preserving,SrcMarker,csn_js,test#2536,0,0.006922254339,0.004783058539,60,79,115.370905648,60.545044798
semantic-preserving,SrcMarker,csn_js,test#2537,0,0.014196711592,0.008787484840,263,275,53.979891986,31.954490326
semantic-preserving,SrcMarker,csn_js,test#2538,0,0.006486773491,0.004591420293,48,59,135.141114394,77.820682930
semantic-preserving,SrcMarker,csn_js,test#2539,0,0.007629717700,0.005717836320,70,84,108.995967145,68.069480005
semantic-preserving,SrcMarker,csn_js,test#2540,0,0.024829284288,0.017061226070,297,295,83.600283798,57.834664644
semantic-preserving,SrcMarker,csn_js,test#2541,0,0.011349080130,0.007505698130,125,127,90.792641044,59.099985272
semantic-preserving,SrcMarker,csn_js,test#2542,0,0.015062204562,0.010535237379,191,199,78.859709749,52.940891354
semantic-preserving,SrcMarker,csn_js,test#2543,0,0.007880689576,0.005768490955,88,103,89.553290639,56.004766556
semantic-preserving,SrcMarker,csn_js,test#2544,0,0.009466033429,0.007716841064,132,152,71.712374461,50.768691213
semantic-preserving,SrcMarker,csn_js,test#2545,0,0.008150304668,0.005958515219,122,129,66.805775964,46.190040460
semantic-preserving,SrcMarker,csn_js,test#2546,0,0.011072418652,0.007718984969,128,134,86.503270722,57.604365440
semantic-preserving,SrcMarker,csn_js,test#2547,0,0.004458559677,0.002590946853,47,49,94.862971851,52.876466391
semantic-preserving,SrcMarker,csn_js,test#2548,0,0.009934069589,0.006419193000,119,121,83.479576376,53.051181815
semantic-preserving,SrcMarker,csn_js,test#2549,0,0.011735742912,0.007801814005,158,161,74.276853871,48.458472079
semantic-preserving,SrcMarker,csn_js,test#2550,0,0.014451530762,0.010197695345,233,206,62.023737176,49.503375460
semantic-preserving,SrcMarker,csn_js,test#2551,0,0.006544617936,0.004527954385,66,77,99.160877818,58.804602399
semantic-preserving,SrcMarker,csn_js,test#2552,0,0.004097592086,0.002827293240,30,36,136.586402853,78.535923320
semantic-preserving,SrcMarker,csn_js,test#2553,0,0.004504974000,0.002686767839,41,43,109.877414638,62.482972998
semantic-preserving,SrcMarker,csn_js,test#2554,0,0.004066607915,0.002472842112,43,38,94.572277090,65.074792426
semantic-preserving,SrcMarker,csn_js,test#2555,0,0.005903749727,0.003557791002,69,62,85.561590242,57.383725840
semantic-preserving,SrcMarker,csn_js,test#2556,0,0.015071030706,0.011475487612,226,225,66.685976576,51.002167165
semantic-preserving,SrcMarker,csn_js,test#2557,0,0.011213980615,0.007893146947,144,139,77.874865383,56.785229835
semantic-preserving,SrcMarker,csn_js,test#2558,0,0.006740547717,0.003814889118,78,74,86.417278418,51.552555650
semantic-preserving,SrcMarker,csn_js,test#2559,0,0.017964854836,0.011354246177,247,213,72.732205816,53.306320079
semantic-preserving,SrcMarker,csn_js,test#2560,0,0.005350012332,0.003198452294,46,41,116.304615917,78.011031558
semantic-preserving,SrcMarker,csn_js,test#2561,0,0.008771590889,0.005517378449,95,94,92.332535668,58.695515420
semantic-preserving,SrcMarker,csn_js,test#2562,0,0.006483324803,0.004102475010,68,65,95.343011815,63.115000152
semantic-preserving,SrcMarker,csn_js,test#2563,0,0.005398772657,0.002950794995,55,49,98.159502853,60.220306017
semantic-preserving,SrcMarker,csn_js,test#2564,0,0.018136979081,0.012716813013,237,259,76.527337893,49.099664143
semantic-preserving,SrcMarker,csn_js,test#2565,0,0.006963460706,0.005096700974,81,92,85.968650694,55.398923628
semantic-preserving,SrcMarker,csn_js,test#2566,0,0.005169636570,0.002970074303,42,44,123.086584998,67.501688715
semantic-preserving,SrcMarker,csn_js,test#2567,0,0.007183260284,0.005000166595,74,75,97.071084924,66.668887933
semantic-preserving,SrcMarker,csn_js,test#2568,0,0.011191046797,0.006793784909,130,130,86.084975360,52.259883915
semantic-preserving,SrcMarker,csn_js,test#2569,0,0.009868028574,0.006796027534,101,119,97.703253205,57.109475073
semantic-preserving,SrcMarker,csn_js,test#2570,0,0.004458944313,0.003021414392,47,50,94.871155601,60.428287834
semantic-preserving,SrcMarker,csn_js,test#2571,0,0.018583861180,0.012854242697,235,273,79.080260339,47.085138086
semantic-preserving,SrcMarker,csn_js,test#2572,0,0.003802768886,0.002008001320,31,34,122.669964067,59.058862355
semantic-preserving,SrcMarker,csn_js,test#2573,0,0.004203668796,0.002416140400,40,36,105.091719888,67.115011108
semantic-preserving,SrcMarker,csn_js,test#2574,0,0.005544559099,0.002918525599,60,54,92.409318313,54.046770351
semantic-preserving,SrcMarker,csn_js,test#2575,0,0.007851623930,0.004809426144,84,88,93.471713453,54.652569816
semantic-preserving,SrcMarker,csn_js,test#2576,0,0.006732629612,0.004665397108,72,81,93.508744612,57.597495156
semantic-preserving,SrcMarker,csn_js,test#2577,0,0.013683473691,0.010713456199,151,188,90.619031069,56.986469141
semantic-preserving,SrcMarker,csn_js,test#2578,0,0.014344239607,0.008941431530,185,183,77.536430311,48.860281584
semantic-preserving,SrcMarker,csn_js,test#2579,0,0.008503518999,0.005750225857,97,87,87.665144316,66.094550079
semantic-preserving,SrcMarker,csn_js,test#2580,0,0.004355479963,0.002331035212,42,42,103.701903884,55.500838373
semantic-preserving,SrcMarker,csn_js,test#2581,0,0.035391081125,0.021680813283,495,456,71.497133585,47.545643164
semantic-preserving,SrcMarker,csn_js,test#2582,0,0.005081554875,0.003419500776,53,57,95.878393864,59.991241678
semantic-preserving,SrcMarker,csn_js,test#2583,0,0.004978505895,0.003107400611,47,53,105.925657331,58.630200208
semantic-preserving,SrcMarker,csn_js,test#2584,0,0.003511623479,0.002116887830,23,21,152.679281714,100.804182390
semantic-preserving,SrcMarker,csn_js,test#2585,0,0.011677256785,0.006975938566,130,120,89.825052195,58.132821384
semantic-preserving,SrcMarker,csn_js,test#2586,0,0.006588734686,0.004346656613,59,64,111.673469261,67.916509579
semantic-preserving,SrcMarker,csn_js,test#2587,0,0.005982514471,0.004210666753,59,66,101.398550353,63.797981111
semantic-preserving,SrcMarker,csn_js,test#2588,0,0.006291668862,0.004370310344,61,70,103.142112494,62.433004911
semantic-preserving,SrcMarker,csn_js,test#2589,0,0.007325598970,0.005554287694,75,99,97.674652934,56.103916105
semantic-preserving,SrcMarker,csn_js,test#2590,0,0.012137872167,0.007393237203,148,132,82.012649777,56.009372753
semantic-preserving,SrcMarker,csn_js,test#2591,0,0.004706614651,0.002615070902,54,41,87.159530570,63.782217117
semantic-preserving,SrcMarker,csn_js,test#2592,0,0.012168280780,0.009847971611,153,180,79.531246930,54.710953393
semantic-preserving,SrcMarker,csn_js,test#2593,0,0.014178789221,0.010100932792,154,166,92.070059875,60.848992722
semantic-preserving,SrcMarker,csn_js,test#2594,0,0.009000970982,0.004698391072,98,84,91.846642674,55.933227053
semantic-preserving,SrcMarker,csn_js,test#2595,0,0.007002931088,0.005256413482,65,86,107.737401357,61.121087002
semantic-preserving,SrcMarker,csn_js,test#2596,0,0.015423452482,0.010579555295,180,185,85.685847120,57.186785381
semantic-preserving,SrcMarker,csn_js,test#2597,0,0.003904768266,0.003294369206,29,45,134.647181579,73.208204574
semantic-preserving,SrcMarker,csn_js,test#2598,0,0.005157593638,0.003033862449,39,38,132.245990710,79.838485506
semantic-preserving,SrcMarker,csn_js,test#2599,0,0.006613058969,0.003743300214,45,52,146.956865986,71.986542585
semantic-preserving,SrcMarker,csn_js,test#2600,0,0.005154774524,0.003071337938,38,46,135.651961165,66.768216050
semantic-preserving,SrcMarker,csn_js,test#2601,0,0.013667707331,0.008610778488,191,180,71.558677128,47.837658268
semantic-preserving,SrcMarker,csn_js,test#2602,0,0.013264969923,0.009747941047,216,222,61.411897790,43.909644356
semantic-preserving,SrcMarker,csn_js,test#2603,0,0.011116489768,0.006821078248,175,158,63.522798674,43.171381318
semantic-preserving,SrcMarker,csn_js,test#2604,0,0.004386985675,0.002498229966,44,41,99.704219875,60.932438185
semantic-preserving,SrcMarker,csn_js,test#2605,0,0.004906224087,0.002701226622,38,41,129.111160181,65.883576143
semantic-preserving,SrcMarker,csn_js,test#2606,0,0.006063311361,0.004362527281,73,79,83.059059737,55.221864317
semantic-preserving,SrcMarker,csn_js,test#2607,0,0.006173083559,0.003796637058,77,76,80.169916346,49.955750767
semantic-preserving,SrcMarker,csn_js,test#2608,0,0.012688916177,0.009676839225,162,181,78.326643065,53.463200138
semantic-preserving,SrcMarker,csn_js,test#2609,0,0.015165965073,0.009281405248,176,173,86.170256096,53.649741316
semantic-preserving,SrcMarker,csn_js,test#2610,0,0.005281261168,0.003071272746,43,48,122.820027173,63.984848869
semantic-preserving,SrcMarker,csn_js,test#2611,0,0.005662165582,0.003397127613,66,64,85.790387609,53.080118960
semantic-preserving,SrcMarker,csn_js,test#2612,0,0.004580185749,0.002468923107,45,43,101.781905525,57.416816437
semantic-preserving,SrcMarker,csn_js,test#2613,0,0.029555745423,0.018366133794,449,418,65.825713637,43.938119125
semantic-preserving,SrcMarker,csn_js,test#2614,0,0.013141768053,0.009992432781,179,187,73.417698621,53.435469415
semantic-preserving,SrcMarker,csn_js,test#2615,0,0.013326148503,0.007923526689,190,182,70.137623698,43.535860931
semantic-preserving,SrcMarker,csn_js,test#2616,0,0.005279318430,0.003025246784,45,45,117.318187323,67.227706313
semantic-preserving,SrcMarker,csn_js,test#2617,0,0.004159602337,0.002813463099,41,45,101.453715526,62.521402207
semantic-preserving,SrcMarker,csn_js,test#2618,0,0.004292943515,0.002541321330,38,40,112.972197760,63.533033244
semantic-preserving,SrcMarker,csn_js,test#2619,0,0.004451894201,0.004124842584,38,55,117.155110562,74.997137893
semantic-preserving,SrcMarker,csn_js,test#2620,0,0.004635050893,0.003345212899,48,55,96.563560267,60.822052712
semantic-preserving,SrcMarker,csn_js,test#2621,0,0.005194252357,0.003896223381,50,60,103.885047138,64.937056353
semantic-preserving,SrcMarker,csn_js,test#2622,0,0.020452649333,0.013812089339,273,301,74.918129423,45.887339996
semantic-preserving,SrcMarker,csn_js,test#2623,0,0.017611450516,0.014207794331,268,302,65.714367596,47.045676593
semantic-preserving,SrcMarker,csn_js,test#2624,0,0.026651055552,0.021340426058,428,484,62.268821383,44.091789375
semantic-preserving,SrcMarker,csn_js,test#2625,0,0.004758745432,0.003052361310,46,45,103.450987650,67.830251323
semantic-preserving,SrcMarker,csn_js,test#2626,0,0.012383506633,0.007959929295,183,168,67.669435155,47.380531517
semantic-preserving,SrcMarker,csn_js,test#2627,0,0.005697686225,0.003441337496,74,68,76.995759800,50.607904354
semantic-preserving,SrcMarker,csn_js,test#2628,0,0.027308503166,0.022331016138,386,381,70.747417528,58.611590914
semantic-preserving,SrcMarker,csn_js,test#2629,0,0.005873667076,0.003370539285,67,65,87.666672780,51.854450542
semantic-preserving,SrcMarker,csn_js,test#2630,0,0.007990701124,0.004375373945,75,71,106.542681654,61.624985136
semantic-preserving,SrcMarker,csn_js,test#2631,0,0.010881237686,0.006857648492,125,113,87.049901485,60.687154795
semantic-preserving,SrcMarker,csn_js,test#2632,0,0.007546070963,0.004217696376,76,64,99.290407410,65.901505877
semantic-preserving,SrcMarker,csn_js,test#2633,0,0.005347497761,0.003234942444,42,41,127.321375268,78.901035211
semantic-preserving,SrcMarker,csn_js,test#2634,0,0.004717330448,0.002529579215,34,32,138.745013186,79.049350461
semantic-preserving,SrcMarker,csn_js,test#2635,0,0.004965115339,0.003286807798,34,44,146.032804075,74.700177224
semantic-preserving,SrcMarker,csn_js,test#2636,0,0.009501009248,0.005422021262,106,97,89.632162719,55.897126416
semantic-preserving,SrcMarker,csn_js,test#2637,0,0.006766917184,0.004092406482,69,65,98.071263536,62.960099715
semantic-preserving,SrcMarker,csn_js,test#2638,0,0.010085934773,0.006811707281,100,113,100.859347731,60.280595403
semantic-preserving,SrcMarker,csn_js,test#2639,0,0.007435028441,0.004837139510,78,76,95.320877452,63.646572495
semantic-preserving,SrcMarker,csn_js,test#2640,0,0.009309478104,0.005446814001,106,88,87.825265133,61.895613643
semantic-preserving,SrcMarker,csn_js,test#2641,0,0.008407666348,0.006265007891,100,111,84.076663479,56.441512529
semantic-preserving,SrcMarker,csn_js,test#2642,0,0.010556605645,0.008605170064,126,141,83.782584480,61.029574920
semantic-preserving,SrcMarker,csn_js,test#2643,0,0.010839181021,0.008145350032,145,166,74.752972558,49.068373684
semantic-preserving,SrcMarker,csn_js,test#2644,0,0.005174905062,0.003049828112,58,54,89.222501064,56.478298373
semantic-preserving,SrcMarker,csn_js,test#2645,0,0.003387245350,0.001718170941,26,24,130.278667292,71.590455870
semantic-preserving,SrcMarker,csn_js,test#2646,0,0.007603478618,0.004518697970,103,99,73.820180757,45.643413834
semantic-preserving,SrcMarker,csn_js,test#2647,0,0.005382368341,0.003288932145,56,50,96.113720377,65.778642893
semantic-preserving,SrcMarker,csn_js,test#2648,0,0.005983909592,0.004267821088,58,56,103.170855035,76.211090865
semantic-preserving,SrcMarker,csn_js,test#2649,0,0.008526956663,0.005665311590,90,94,94.743962917,60.269272232
semantic-preserving,SrcMarker,csn_js,test#2650,0,0.004333512858,0.003095902503,43,46,100.779368780,67.302228316
semantic-preserving,SrcMarker,csn_js,test#2651,0,0.011787761003,0.007258926518,148,136,79.647033803,53.374459693
semantic-preserving,SrcMarker,csn_js,test#2652,0,0.007312842645,0.005005855113,80,89,91.410533059,56.245563070
semantic-preserving,SrcMarker,csn_js,test#2653,0,0.009136782959,0.006024640985,107,107,85.390494945,56.305055933
semantic-preserving,SrcMarker,csn_js,test#2654,0,0.023592886515,0.018483335152,305,341,77.353726279,54.203328892
semantic-preserving,SrcMarker,csn_js,test#2655,0,0.009928856045,0.005827250890,103,100,96.396660631,58.272508904
semantic-preserving,SrcMarker,csn_js,test#2656,0,0.004984605126,0.002823180519,45,41,110.769002802,68.858061440
semantic-preserving,SrcMarker,csn_js,test#2657,0,0.010305984877,0.007162778638,114,125,90.403376114,57.302229106
semantic-preserving,SrcMarker,csn_js,test#2658,0,0.018997410312,0.013802706264,229,248,82.958123634,55.656073645
semantic-preserving,SrcMarker,csn_js,test#2659,0,0.007442343980,0.004779148847,93,90,80.025204087,53.101653854
semantic-preserving,SrcMarker,csn_js,test#2660,0,0.004781116731,0.002906068228,45,53,106.247038477,54.831476003
semantic-preserving,SrcMarker,csn_js,test#2661,0,0.009504279122,0.005782447755,96,97,99.002907518,59.612863457
semantic-preserving,SrcMarker,csn_js,test#2662,0,0.024695437402,0.014668493532,404,392,61.127320301,37.419626356
semantic-preserving,SrcMarker,csn_js,test#2663,0,0.004641930573,0.002814262174,46,52,100.911534189,54.120426424
semantic-preserving,SrcMarker,csn_js,test#2664,0,0.029551771469,0.020990127698,535,536,55.236956018,39.160686003
semantic-preserving,SrcMarker,csn_js,test#2665,0,0.009857754223,0.005842708051,106,101,92.997681350,57.848594566
semantic-preserving,SrcMarker,csn_js,test#2666,0,0.020268840715,0.012078454718,255,225,79.485649864,53.682020969
semantic-preserving,SrcMarker,csn_js,test#2667,0,0.006988888606,0.003627399914,74,67,94.444440627,54.140297223
semantic-preserving,SrcMarker,csn_js,test#2668,0,0.014664755203,0.008924960159,195,200,75.203872835,44.624800794
semantic-preserving,SrcMarker,csn_js,test#2669,0,0.008822361939,0.006613017060,99,119,89.114767057,55.571571932
semantic-preserving,SrcMarker,csn_js,test#2670,0,0.007409640588,0.004550141282,107,98,69.248977457,46.430013086
semantic-preserving,SrcMarker,csn_js,test#2671,0,0.009202428162,0.006598019972,106,114,86.815360020,57.877368179
semantic-preserving,SrcMarker,csn_js,test#2672,0,0.021677797660,0.013234039769,285,282,76.062447931,46.929219038
semantic-preserving,SrcMarker,csn_js,test#2673,0,0.010162338614,0.006006212905,127,121,80.018414287,49.638123182
semantic-preserving,SrcMarker,csn_js,test#2674,0,0.009805901907,0.005989417434,124,113,79.079854092,53.003694104
semantic-preserving,SrcMarker,csn_js,test#2675,0,0.006709418260,0.003877936862,63,59,106.498702533,65.727743431
semantic-preserving,SrcMarker,csn_js,test#2676,0,0.004571735859,0.002558003180,45,47,101.594130198,54.425599569
semantic-preserving,SrcMarker,csn_js,test#2677,0,0.010106569156,0.006466361694,112,117,90.237224608,55.268048667
semantic-preserving,SrcMarker,csn_js,test#2678,0,0.010754127055,0.006257318892,138,118,77.928456923,53.028126200
semantic-preserving,SrcMarker,csn_js,test#2679,0,0.005059218965,0.003801442683,47,59,107.642956712,64.431231911
semantic-preserving,SrcMarker,csn_js,test#2680,0,0.031786238775,0.021498636343,432,405,73.579256423,53.083052698
semantic-preserving,SrcMarker,csn_js,test#2681,0,0.014724365436,0.010899905115,217,229,67.854218597,47.597838932
semantic-preserving,SrcMarker,csn_js,test#2682,0,0.011513276957,0.008134293370,152,158,75.745243138,51.482869430
semantic-preserving,SrcMarker,csn_js,test#2683,0,0.024252626114,0.017341198400,301,322,80.573508683,53.854653415
semantic-preserving,SrcMarker,csn_js,test#2684,0,0.023909654468,0.014597467147,346,343,69.103047596,42.558213256
semantic-preserving,SrcMarker,csn_js,test#2685,0,0.005122097209,0.003220145591,38,43,134.792031818,74.887106758
semantic-preserving,SrcMarker,csn_js,test#2686,0,0.014300217852,0.008925277740,175,162,81.715530583,55.094307036
semantic-preserving,SrcMarker,csn_js,test#2687,0,0.007192894816,0.005012478679,80,94,89.911185205,53.324241270
semantic-preserving,SrcMarker,csn_js,test#2688,0,0.013617038727,0.011936039664,184,211,74.005645254,56.568908359
semantic-preserving,SrcMarker,csn_js,test#2689,0,0.006125068292,0.003670973703,60,59,102.084471534,62.219893276
semantic-preserving,SrcMarker,csn_js,test#2690,0,0.011074202135,0.006851194426,149,142,74.323504263,48.247848073
semantic-preserving,SrcMarker,csn_js,test#2691,0,0.005398685113,0.003375031054,48,44,112.472606512,76.705251228
semantic-preserving,SrcMarker,csn_js,test#2692,0,0.007184795104,0.004847453907,74,81,97.091825729,59.845109965
semantic-preserving,SrcMarker,csn_js,test#2693,0,0.015396069735,0.010316080414,189,169,81.460686430,61.041895939
semantic-preserving,SrcMarker,csn_js,test#2694,0,0.008354711346,0.005134595558,84,77,99.460849361,66.683059195
semantic-preserving,SrcMarker,csn_js,test#2695,0,0.006778064184,0.004308723845,71,70,95.465692731,61.553197780
semantic-preserving,SrcMarker,csn_js,test#2696,0,0.005845692009,0.003534352407,52,55,112.417154014,64.260952852
semantic-preserving,SrcMarker,csn_js,test#2697,0,0.006995579228,0.004622769542,76,75,92.047095103,61.636927227
semantic-preserving,SrcMarker,csn_js,test#2698,0,0.011961895972,0.007279068232,166,163,72.059614292,44.656860316
semantic-preserving,SrcMarker,csn_js,test#2699,0,0.007401850075,0.004729150794,88,92,84.111932665,51.403812983
semantic-preserving,SrcMarker,csn_js,test#2700,0,0.004572051577,0.002708135173,54,46,84.667621801,58.872503755
semantic-preserving,SrcMarker,csn_js,test#2701,0,0.004877557047,0.002886476927,46,43,106.033848842,67.127370384
semantic-preserving,SrcMarker,csn_js,test#2702,0,0.015221944079,0.013125790283,212,242,71.801623013,54.238802823
semantic-preserving,SrcMarker,csn_js,test#2703,0,0.008747609332,0.006226751953,89,93,98.287745306,66.954322079
semantic-preserving,SrcMarker,csn_js,test#2704,0,0.015966211446,0.010144505650,205,189,77.883958271,53.674633068
semantic-preserving,SrcMarker,csn_js,test#2705,0,0.007069505751,0.004497730173,89,81,79.432648889,55.527533002
semantic-preserving,SrcMarker,csn_js,test#2706,0,0.004931363277,0.002895553596,48,43,102.736734940,67.338455728
semantic-preserving,SrcMarker,csn_js,test#2707,0,0.005217567086,0.003098213114,45,49,115.945935249,63.228839058
semantic-preserving,SrcMarker,csn_js,test#2708,0,0.030827044509,0.020011811517,461,440,66.869944706,45.481389812
semantic-preserving,SrcMarker,csn_js,test#2709,0,0.008622698486,0.006695123389,101,121,85.373252335,55.331598259
semantic-preserving,SrcMarker,csn_js,test#2710,0,0.013460214250,0.009766184725,161,167,83.603815216,58.480148053
semantic-preserving,SrcMarker,csn_js,test#2711,0,0.011379589327,0.007916687988,124,129,91.770881667,61.369674324
semantic-preserving,SrcMarker,csn_js,test#2712,0,0.005959220231,0.004496520385,62,71,96.116455332,63.331273030
semantic-preserving,SrcMarker,csn_js,test#2713,0,0.005422699265,0.003888291307,55,67,98.594532094,58.034198609
semantic-preserving,SrcMarker,csn_js,test#2714,0,0.009732018225,0.005986399949,97,104,100.330084793,57.561537967
semantic-preserving,SrcMarker,csn_js,test#2715,0,0.014852197841,0.009682430886,158,157,94.001252157,61.671534304
semantic-preserving,SrcMarker,csn_js,test#2716,0,0.008445051499,0.006277922541,110,106,76.773195443,59.225684348
semantic-preserving,SrcMarker,csn_js,test#2717,0,0.010053527541,0.007804013789,111,121,90.572320193,64.495981725
semantic-preserving,SrcMarker,csn_js,test#2718,0,0.009858289734,0.006381721236,118,119,83.544828250,53.627909545
semantic-preserving,SrcMarker,csn_js,test#2719,0,0.004247791134,0.002577967942,31,36,137.025520446,71.610220604
semantic-preserving,SrcMarker,csn_js,test#2720,0,0.005237410776,0.003314221278,49,52,106.885934211,63.735024574
semantic-preserving,SrcMarker,csn_js,test#2721,0,0.006417122670,0.003720363602,74,67,86.717873912,55.527814956
semantic-preserving,SrcMarker,csn_js,test#2722,0,0.007132562809,0.005188513547,67,75,106.456161324,69.180180629
semantic-preserving,SrcMarker,csn_js,test#2723,0,0.008667664602,0.005727199838,72,72,120.384230589,79.544442188
semantic-preserving,SrcMarker,csn_js,test#2724,0,0.008716369979,0.005263670348,113,100,77.136017514,52.636703476
semantic-preserving,SrcMarker,csn_js,test#2725,0,0.007954734378,0.006158061326,95,115,83.734046080,53.548359353
semantic-preserving,SrcMarker,csn_js,test#2726,0,0.008748608641,0.005686032586,112,113,78.112577155,50.318872441
semantic-preserving,SrcMarker,csn_js,test#2727,0,0.022375755012,0.013207697310,327,298,68.427385358,44.321131911
semantic-preserving,SrcMarker,csn_js,test#2728,0,0.005049353465,0.003925575875,43,62,117.426824778,63.315739915
semantic-preserving,SrcMarker,csn_js,test#2729,0,0.006124554202,0.003727423958,63,66,97.215146063,56.476120583
semantic-preserving,SrcMarker,csn_js,test#2730,0,0.008812526241,0.005777821876,139,120,63.399469359,48.148515634
semantic-preserving,SrcMarker,csn_js,test#2731,0,0.006972755305,0.004305867478,69,68,101.054424717,63.321580563
semantic-preserving,SrcMarker,csn_js,test#2732,0,0.005012766458,0.003181374632,40,50,125.319161452,63.627492636
semantic-preserving,SrcMarker,csn_js,test#2733,0,0.011074155569,0.008021103218,125,138,88.593244553,58.123936364
semantic-preserving,SrcMarker,csn_js,test#2734,0,0.005438036285,0.003037779592,60,50,90.633938089,60.755591840
semantic-preserving,SrcMarker,csn_js,test#2735,0,0.009859380312,0.005770511925,129,109,76.429304746,52.940476378
semantic-preserving,SrcMarker,csn_js,test#2736,0,0.006884511560,0.004189257510,63,68,109.277961273,61.606728088
semantic-preserving,SrcMarker,csn_js,test#2737,0,0.010323837399,0.007888714783,105,136,98.322260947,58.005255757
semantic-preserving,SrcMarker,csn_js,test#2738,0,0.008072005585,0.005516570061,86,89,93.860530056,61.983933275
semantic-preserving,SrcMarker,csn_js,test#2739,0,0.005245327950,0.003035753034,50,62,104.906558990,48.963758614
semantic-preserving,SrcMarker,csn_js,test#2740,0,0.005173256621,0.003354202025,50,54,103.465132415,62.114852308
semantic-preserving,SrcMarker,csn_js,test#2741,0,0.004667039029,0.003337022848,42,46,111.119976888,72.543974966
semantic-preserving,SrcMarker,csn_js,test#2742,0,0.013936364092,0.007770878263,147,152,94.805197904,51.124199097
semantic-preserving,SrcMarker,csn_js,test#2743,0,0.008805752732,0.006774924695,81,116,108.712996690,58.404523237
semantic-preserving,SrcMarker,csn_js,test#2744,0,0.007950289175,0.004966294393,74,82,107.436340202,60.564565768
semantic-preserving,SrcMarker,csn_js,test#2745,0,0.009531348012,0.007227806374,106,120,89.918377475,60.231719787
semantic-preserving,SrcMarker,csn_js,test#2746,0,0.008713263087,0.004681606777,82,76,106.259305939,61.600089171
semantic-preserving,SrcMarker,csn_js,test#2747,0,0.021788705140,0.013447006233,283,262,76.991890955,51.324451271
semantic-preserving,SrcMarker,csn_js,test#2748,0,0.010040209629,0.006410263479,140,124,71.715783062,51.695673216
semantic-preserving,SrcMarker,csn_js,test#2749,0,0.009205227718,0.005806376226,106,85,86.841770922,68.310308544
semantic-preserving,SrcMarker,csn_js,test#2750,0,0.006048728712,0.003118975088,69,57,87.662734955,54.718861193
semantic-preserving,SrcMarker,csn_js,test#2751,0,0.013440418988,0.009275170974,138,145,97.394340496,63.966696375
semantic-preserving,SrcMarker,csn_js,test#2752,0,0.011014700867,0.008187572472,113,135,97.475228914,60.648684976
semantic-preserving,SrcMarker,csn_js,test#2753,0,0.005528448150,0.003424522467,34,39,162.601416164,87.808268384
semantic-preserving,SrcMarker,csn_js,test#2754,0,0.011084558442,0.006222092547,122,109,90.857036412,57.083417858
semantic-preserving,SrcMarker,csn_js,test#2755,0,0.015334259719,0.009324521758,209,192,73.369663726,48.565217488
semantic-preserving,SrcMarker,csn_js,test#2756,0,0.008603766561,0.005915381946,100,110,86.037665606,53.776199506
semantic-preserving,SrcMarker,csn_js,test#2757,0,0.012185769156,0.008469933644,127,147,95.950938233,57.618596217
semantic-preserving,SrcMarker,csn_js,test#2758,0,0.004608083516,0.002641813830,35,32,131.659529039,82.556682173
semantic-preserving,SrcMarker,csn_js,test#2759,0,0.006904676557,0.003812608309,72,65,95.898285508,58.655512448
semantic-preserving,SrcMarker,csn_js,test#2760,0,0.008609661832,0.006707079709,81,94,106.292121388,71.351911793
semantic-preserving,SrcMarker,csn_js,test#2761,0,0.007115058601,0.004244300537,58,60,122.673424153,70.738342280
semantic-preserving,SrcMarker,csn_js,test#2762,0,0.011512106284,0.008472979069,115,129,100.105272039,65.682008285
semantic-preserving,SrcMarker,csn_js,test#2763,0,0.022205332294,0.015771283768,261,289,85.077901510,54.571916153
semantic-preserving,SrcMarker,csn_js,test#2764,0,0.005249455571,0.003469396383,63,59,83.324691606,58.803328518
semantic-preserving,SrcMarker,csn_js,test#2765,0,0.007319442928,0.004269279540,84,79,87.136225331,54.041513159
semantic-preserving,SrcMarker,csn_js,test#2766,0,0.013268430717,0.008036372252,164,143,80.905065349,56.198407355
semantic-preserving,SrcMarker,csn_js,test#2767,0,0.005075217225,0.002558670938,39,37,130.133774991,69.153268595
semantic-preserving,SrcMarker,csn_js,test#2768,0,0.039699798450,0.022261890583,450,516,88.221774333,43.143198804
semantic-preserving,SrcMarker,csn_js,test#2769,0,0.015599885024,0.009457980283,212,196,73.584363321,48.255001442
semantic-preserving,SrcMarker,csn_js,test#2770,0,0.016030464321,0.008774253540,194,181,82.631259389,48.476538894
semantic-preserving,SrcMarker,csn_js,test#2771,0,0.013256746344,0.010014232248,168,186,78.909204430,53.839958323
semantic-preserving,SrcMarker,csn_js,test#2772,0,0.003810035996,0.002358658239,33,37,115.455636247,63.747519980
semantic-preserving,SrcMarker,csn_js,test#2773,0,0.006648501381,0.004395092838,66,59,100.734869413,74.493098941
semantic-preserving,SrcMarker,csn_js,test#2774,0,0.007973176427,0.004899860360,86,89,92.711353804,55.054610783
semantic-preserving,SrcMarker,csn_js,test#2775,0,0.008254489861,0.004723639227,101,90,81.727622390,52.484880305
semantic-preserving,SrcMarker,csn_js,test#2776,0,0.010239002295,0.006118844263,116,120,88.267261162,50.990368860
semantic-preserving,SrcMarker,csn_js,test#2777,0,0.007622906007,0.004466699436,79,82,96.492481100,54.471944345
semantic-preserving,SrcMarker,csn_js,test#2778,0,0.010957498103,0.006794817746,120,116,91.312484195,58.576015049
semantic-preserving,SrcMarker,csn_js,test#2779,0,0.005279784091,0.002946772613,41,44,128.775221727,66.972104833
semantic-preserving,SrcMarker,csn_js,test#2780,0,0.013336540200,0.008127417415,210,184,63.507334285,44.170746823
semantic-preserving,SrcMarker,csn_js,test#2781,0,0.004234759137,0.002651867457,46,46,92.059981240,57.649292538
semantic-preserving,SrcMarker,csn_js,test#2782,0,0.017011862248,0.013707829639,271,258,62.774399440,53.131122633
semantic-preserving,SrcMarker,csn_js,test#2783,0,0.006574511528,0.003707782365,76,80,86.506730632,46.347279567
semantic-preserving,SrcMarker,csn_js,test#2784,0,0.004809943959,0.003139581531,45,44,106.887643536,71.354125711
semantic-preserving,SrcMarker,csn_js,test#2785,0,0.021667506546,0.015030720271,343,315,63.170573020,47.716572289
semantic-preserving,SrcMarker,csn_js,test#2786,0,0.018128301948,0.011143630370,225,205,80.570230881,54.359172539
semantic-preserving,SrcMarker,csn_js,test#2787,0,0.007828802802,0.004559597000,106,91,73.856630204,50.105461544
semantic-preserving,SrcMarker,csn_js,test#2788,0,0.004066242836,0.002251164056,47,39,86.515805030,57.722155291
semantic-preserving,SrcMarker,csn_js,test#2789,0,0.007927563973,0.004528718069,92,75,86.169173617,60.382907589
semantic-preserving,SrcMarker,csn_js,test#2790,0,0.005546262488,0.003746199422,46,51,120.570923647,73.454890619
semantic-preserving,SrcMarker,csn_js,test#2791,0,0.007304083556,0.004225283861,56,61,130.430063499,69.266948544
semantic-preserving,SrcMarker,csn_js,test#2792,0,0.007508242503,0.005301052704,75,86,100.109900037,61.640147726
semantic-preserving,SrcMarker,csn_js,test#2793,0,0.010689400136,0.006358078681,142,127,75.277465750,50.063611661
semantic-preserving,SrcMarker,csn_js,test#2794,0,0.007587829605,0.004889504053,70,77,108.397565782,63.500052632
semantic-preserving,SrcMarker,csn_js,test#2795,0,0.036032978445,0.021578584798,534,506,67.477487725,42.645424501
semantic-preserving,SrcMarker,csn_js,test#2796,0,0.009710470214,0.006510872394,117,112,82.995471919,58.132789231
semantic-preserving,SrcMarker,csn_js,test#2797,0,0.009934946895,0.005775894038,99,103,100.352998936,56.076641149
semantic-preserving,SrcMarker,csn_js,test#2798,0,0.007502794266,0.004590433091,94,86,79.816960274,53.377128964
semantic-preserving,SrcMarker,csn_js,test#2799,0,0.004872474819,0.003050608560,42,47,116.011305224,64.906565116
semantic-preserving,SrcMarker,csn_js,test#2800,0,0.006186145358,0.003638490103,62,71,99.776538029,51.246339481
semantic-preserving,SrcMarker,csn_js,test#2801,0,0.005533773452,0.003302195109,63,60,87.837673842,55.036585157
semantic-preserving,SrcMarker,csn_js,test#2802,0,0.005471014418,0.003894365393,57,63,95.982709083,61.815323692
semantic-preserving,SrcMarker,csn_js,test#2803,0,0.007007165812,0.004887782037,73,78,95.988572767,62.663872273
semantic-preserving,SrcMarker,csn_js,test#2804,0,0.004946267232,0.002837287262,46,46,107.527548528,61.680157871
semantic-preserving,SrcMarker,csn_js,test#2805,0,0.008676080033,0.005271731876,95,92,91.327158244,57.301433433
semantic-preserving,SrcMarker,csn_js,test#2806,0,0.010518848896,0.006938048638,123,146,85.519096716,47.520881085
semantic-preserving,SrcMarker,csn_js,test#2807,0,0.008563562296,0.005553234369,99,91,86.500629256,61.024553501
semantic-preserving,SrcMarker,csn_js,test#2808,0,0.009285578504,0.005303905345,95,91,97.742931623,58.284674126
semantic-preserving,SrcMarker,csn_js,test#2809,0,0.007705619559,0.004667081870,79,75,97.539488085,62.227758269
semantic-preserving,SrcMarker,csn_js,test#2810,0,0.004887639545,0.002618070692,48,45,101.825823852,58.179348707
semantic-preserving,SrcMarker,csn_js,test#2811,0,0.006534368731,0.004651529714,67,76,97.527891509,61.204338348
semantic-preserving,SrcMarker,csn_js,test#2812,0,0.008085517213,0.004918436520,88,79,91.880877418,62.258690124
semantic-preserving,SrcMarker,csn_js,test#2813,0,0.009559602477,0.006148734130,104,105,91.919254583,58.559372666
semantic-preserving,SrcMarker,csn_js,test#2814,0,0.007098161615,0.004833794199,86,77,82.536762970,62.776548038
semantic-preserving,SrcMarker,csn_js,test#2815,0,0.009635795839,0.006381685846,99,111,97.331271102,57.492665275
semantic-preserving,SrcMarker,csn_js,test#2816,0,0.007332236506,0.004958794452,70,80,104.746235801,61.984930653
semantic-preserving,SrcMarker,csn_js,test#2817,0,0.008774017915,0.005962803029,106,92,82.773753916,64.813076397
semantic-preserving,SrcMarker,csn_js,test#2818,0,0.006509441882,0.003872975707,54,61,120.545220044,63.491405034
semantic-preserving,SrcMarker,csn_js,test#2819,0,0.014415755868,0.011426476762,178,209,80.987392517,54.672137616
semantic-preserving,SrcMarker,csn_js,test#2820,0,0.006316721439,0.004073244520,80,76,78.959017992,53.595322625
semantic-preserving,SrcMarker,csn_js,test#2821,0,0.009960977361,0.005771380849,116,118,85.870494488,48.910007196
semantic-preserving,SrcMarker,csn_js,test#2822,0,0.014952668920,0.010526238009,220,220,67.966676910,47.846536406
semantic-preserving,SrcMarker,csn_js,test#2823,0,0.006501841359,0.003626189195,78,73,83.356940498,49.673824584
semantic-preserving,SrcMarker,csn_js,test#2824,0,0.005316921510,0.003044893965,55,57,96.671300178,53.419192371
semantic-preserving,SrcMarker,csn_js,test#2825,0,0.011468071491,0.008058771491,144,151,79.639385351,53.369347623
semantic-preserving,SrcMarker,csn_js,test#2826,0,0.005040346645,0.002743037418,42,40,120.008253448,68.575935438
semantic-preserving,SrcMarker,csn_js,test#2827,0,0.005853751674,0.003266052343,65,57,90.057718066,57.299163911
semantic-preserving,SrcMarker,csn_js,test#2828,0,0.008316807449,0.004689405672,96,90,86.633410926,52.104507469
semantic-preserving,SrcMarker,csn_js,test#2829,0,0.005298199132,0.003277245909,59,54,89.799985290,60.689739055
semantic-preserving,SrcMarker,csn_js,test#2830,0,0.007913177833,0.004888346419,88,90,89.922475375,54.314960208
semantic-preserving,SrcMarker,csn_js,test#2831,0,0.007187803276,0.004890069366,88,79,81.679582680,61.899612222
semantic-preserving,SrcMarker,csn_js,test#2832,0,0.005130228586,0.003279220313,40,43,128.255714662,76.260937508
semantic-preserving,SrcMarker,csn_js,test#2833,0,0.005625175312,0.003562492318,81,70,69.446608792,50.892747406
semantic-preserving,SrcMarker,csn_js,test#2834,0,0.007342084311,0.004282334819,82,82,89.537613548,52.223595359
semantic-preserving,SrcMarker,csn_js,test#2835,0,0.004122258164,0.002406515181,37,40,111.412382811,60.162879527
semantic-preserving,SrcMarker,csn_js,test#2836,0,0.004623305053,0.002705741674,57,49,81.110614956,55.219217831
semantic-preserving,SrcMarker,csn_js,test#2837,0,0.005107142963,0.003223611973,58,51,88.054189009,63.208077906
semantic-preserving,SrcMarker,csn_js,test#2838,0,0.005173221231,0.003194426186,51,50,101.435710402,63.888523728
semantic-preserving,SrcMarker,csn_js,test#2839,0,0.009758862667,0.006503648125,97,100,100.606831616,65.036481246
semantic-preserving,SrcMarker,csn_js,test#2840,0,0.011885278858,0.008223656565,170,168,69.913405048,48.950336696
semantic-preserving,SrcMarker,csn_js,test#2841,0,0.004559209570,0.002544720657,48,47,94.983532714,54.142992706
semantic-preserving,SrcMarker,csn_js,test#2842,0,0.008156390861,0.006149069406,87,102,93.751619088,60.284994177
semantic-preserving,SrcMarker,csn_js,test#2843,0,0.007190090604,0.005385315977,69,82,104.204211654,65.674585086
semantic-preserving,SrcMarker,csn_js,test#2844,0,0.006821404211,0.004044272937,67,77,101.812003153,52.523025154
semantic-preserving,SrcMarker,csn_js,test#2845,0,0.005612300709,0.003248407505,52,51,107.928859786,63.694264813
semantic-preserving,SrcMarker,csn_js,test#2846,0,0.005540803075,0.003172446042,46,55,120.452240757,57.680837133
semantic-preserving,SrcMarker,csn_js,test#2847,0,0.008425459266,0.004994757473,90,87,93.616214063,57.411005442
semantic-preserving,SrcMarker,csn_js,test#2848,0,0.011845054105,0.008657903410,184,177,64.375294049,48.914708534
semantic-preserving,SrcMarker,csn_js,test#2849,0,0.009142103605,0.005335916765,97,91,94.248490773,58.636447967
semantic-preserving,SrcMarker,csn_js,test#2850,0,0.005999098532,0.003874029033,77,68,77.910370544,56.971015190
semantic-preserving,SrcMarker,csn_js,test#2851,0,0.010406175628,0.006529478356,127,128,81.938390774,51.011549658
semantic-preserving,SrcMarker,csn_js,test#2852,0,0.005964164622,0.004606155679,71,86,84.002318622,53.559949752
semantic-preserving,SrcMarker,csn_js,test#2853,0,0.006613841280,0.004216047935,50,54,132.276825607,78.074961763
semantic-preserving,SrcMarker,csn_js,test#2854,0,0.006631722674,0.003683547489,58,59,114.340046100,62.433008294
semantic-preserving,SrcMarker,csn_js,test#2855,0,0.019343670458,0.014561393298,284,289,68.111515696,50.385443938
semantic-preserving,SrcMarker,csn_js,test#2856,0,0.010525136255,0.007821640000,158,148,66.614786422,52.848918917
semantic-preserving,SrcMarker,csn_js,test#2857,0,0.014954457060,0.010242150165,170,174,87.967394468,58.862931984
semantic-preserving,SrcMarker,csn_js,test#2858,0,0.027390327305,0.020547427237,352,345,77.813429843,59.557760107
semantic-preserving,SrcMarker,csn_js,test#2859,0,0.010876656510,0.006754864007,144,132,75.532336875,51.173212176
semantic-preserving,SrcMarker,csn_js,test#2860,0,0.005546184257,0.003077732399,51,50,108.748710915,61.554647982
semantic-preserving,SrcMarker,csn_js,test#2861,0,0.006003095768,0.003806916997,65,62,92.355319514,61.401887046
semantic-preserving,SrcMarker,csn_js,test#2862,0,0.006903816946,0.004684281535,74,88,93.294823593,53.230471994
semantic-preserving,SrcMarker,csn_js,test#2863,0,0.013679743744,0.009075917304,161,168,84.967352450,54.023317283
semantic-preserving,SrcMarker,csn_js,test#2864,0,0.009440610185,0.006662796251,124,134,76.133953107,49.722360086
semantic-preserving,SrcMarker,csn_js,test#2865,0,0.018389234319,0.013230065815,392,360,46.911312039,36.750182820
semantic-preserving,SrcMarker,csn_js,test#2866,0,0.017610955983,0.011793531477,293,264,60.105651820,44.672467718
semantic-preserving,SrcMarker,csn_js,test#2867,0,0.032642371021,0.021422957070,481,431,67.863557217,49.705236822
semantic-preserving,SrcMarker,csn_js,test#2868,0,0.026377952658,0.017927401699,391,375,67.462794521,47.806404531
semantic-preserving,SrcMarker,csn_js,test#2869,0,0.005154279061,0.003126305528,43,44,119.866954899,71.052398363
semantic-preserving,SrcMarker,csn_js,test#2870,0,0.006078690290,0.003308950923,60,63,101.311504841,52.523030530
semantic-preserving,SrcMarker,csn_js,test#2871,0,0.004363433458,0.002368278801,38,39,114.827196261,60.725097473
semantic-preserving,SrcMarker,csn_js,test#2872,0,0.022190434858,0.019162835553,368,468,60.300094723,40.946229815
semantic-preserving,SrcMarker,csn_js,test#2873,0,0.010872408748,0.006164065562,137,131,79.360647793,47.053935589
semantic-preserving,SrcMarker,csn_js,test#2874,0,0.004675380886,0.002765944228,53,46,88.214733691,60.129222339
semantic-preserving,SrcMarker,csn_js,test#2875,0,0.004761586897,0.002952543087,52,54,91.568978790,54.676723839
semantic-preserving,SrcMarker,csn_js,test#2876,0,0.003765312023,0.002079046331,29,25,129.838345637,83.161853254
semantic-preserving,SrcMarker,csn_js,test#2877,0,0.003984824754,0.002698963508,33,41,120.752265282,65.828378244
semantic-preserving,SrcMarker,csn_js,test#2878,0,0.008927738294,0.005073532462,103,93,86.677070816,54.554112496
semantic-preserving,SrcMarker,csn_js,test#2879,0,0.009929984808,0.005987556651,106,99,93.679101962,60.480370214
semantic-preserving,SrcMarker,csn_js,test#2880,0,0.007444463670,0.005005739629,78,79,95.441841926,63.363792776
semantic-preserving,SrcMarker,csn_js,test#2881,0,0.018029691651,0.011307866313,215,206,83.859030937,54.892554915
semantic-preserving,SrcMarker,csn_js,test#2882,0,0.005725889467,0.003376641311,59,55,97.048974012,61.393478377
semantic-preserving,SrcMarker,csn_js,test#2883,0,0.010636529885,0.006221120246,112,104,94.969016832,59.818463901
semantic-preserving,SrcMarker,csn_js,test#2884,0,0.006809015758,0.003880273551,70,67,97.271653691,57.914530608
semantic-preserving,SrcMarker,csn_js,test#2885,0,0.006768422201,0.003728645854,71,71,95.329890159,52.516138784
semantic-preserving,SrcMarker,csn_js,test#2886,0,0.005419993773,0.003392803483,65,61,83.384519586,55.619729225
semantic-preserving,SrcMarker,csn_js,test#2887,0,0.006419182755,0.004536017776,64,72,100.299730548,63.000246882
semantic-preserving,SrcMarker,csn_js,test#2888,0,0.006952406839,0.005519961007,66,82,105.339497554,67.316597646
semantic-preserving,SrcMarker,csn_js,test#2889,0,0.005783562548,0.003656422719,52,54,111.222356701,67.711531840
semantic-preserving,SrcMarker,csn_js,test#2890,0,0.005234334618,0.002919762395,49,47,106.823155466,62.122604156
semantic-preserving,SrcMarker,csn_js,test#2891,0,0.006982800551,0.004113332368,77,68,90.685721438,60.490181889
semantic-preserving,SrcMarker,csn_js,test#2892,0,0.005753933452,0.003352827393,57,55,100.946200914,60.960498046
semantic-preserving,SrcMarker,csn_js,test#2893,0,0.005011950620,0.002839346416,47,44,106.637247224,64.530600370
semantic-preserving,SrcMarker,csn_js,test#2894,0,0.005021478981,0.003176848404,50,56,100.429579616,56.729435788
semantic-preserving,SrcMarker,csn_js,test#2895,0,0.005414072424,0.004007139243,57,61,94.983726740,65.690807265
semantic-preserving,SrcMarker,csn_js,test#2896,0,0.015018070117,0.011314745992,171,202,87.824971442,56.013594022
semantic-preserving,SrcMarker,csn_js,test#2897,0,0.005847878754,0.004143610597,56,61,104.426406324,67.928042568
semantic-preserving,SrcMarker,csn_js,test#2898,0,0.036855916493,0.021482917480,545,507,67.625534849,42.372618304
semantic-preserving,SrcMarker,csn_js,test#2899,0,0.008570278995,0.006110263988,130,127,65.925223036,48.112314869
semantic-preserving,SrcMarker,csn_js,test#2900,0,0.006216227077,0.004044899717,58,66,107.176328913,61.286359348
semantic-preserving,SrcMarker,csn_js,test#2901,0,0.003958352841,0.002319551073,36,30,109.954245595,77.318369100
semantic-preserving,SrcMarker,csn_js,test#2902,0,0.014916601591,0.009791637771,159,167,93.815104345,58.632561502
semantic-preserving,SrcMarker,csn_js,test#2903,0,0.015249289572,0.011255848221,225,248,67.774620321,45.386484764
semantic-preserving,SrcMarker,csn_js,test#2904,0,0.012861168943,0.009148024023,171,167,75.211514289,54.778586962
semantic-preserving,SrcMarker,csn_js,test#2905,0,0.015280641615,0.009510927834,212,198,72.078498186,48.034989059
semantic-preserving,SrcMarker,csn_js,test#2906,0,0.013292271644,0.007994460873,155,145,85.756591251,55.134212919
semantic-preserving,SrcMarker,csn_js,test#2907,0,0.007847271860,0.005345731042,75,81,104.630291462,65.996679535
semantic-preserving,SrcMarker,csn_js,test#2908,0,0.016293279827,0.010819886811,205,192,79.479413788,56.353577141
semantic-preserving,SrcMarker,csn_js,test#2909,0,0.003873876296,0.002338617109,36,32,107.607674888,73.081784649
semantic-preserving,SrcMarker,csn_js,test#2910,0,0.024264341220,0.019707295112,318,323,76.302959812,61.013297561
semantic-preserving,SrcMarker,csn_js,test#2911,0,0.019841169007,0.011758714914,238,224,83.366256332,52.494263010
semantic-preserving,SrcMarker,csn_js,test#2912,0,0.009972789325,0.005924031138,106,112,94.082918159,52.893135164
semantic-preserving,SrcMarker,csn_js,test#2913,0,0.006785872392,0.005008355714,57,71,119.050392848,70.540221329
semantic-preserving,SrcMarker,csn_js,test#2914,0,0.004674373195,0.002492290922,39,39,119.855722938,63.904895423
semantic-preserving,SrcMarker,csn_js,test#2915,0,0.004281655885,0.002599514090,42,45,101.944187745,57.766979767
semantic-preserving,SrcMarker,csn_js,test#2916,0,0.005546168424,0.003132221289,62,56,89.454329422,55.932523017
semantic-preserving,SrcMarker,csn_js,test#2917,0,0.004193467088,0.002697190270,35,45,119.813345373,59.937561552
semantic-preserving,SrcMarker,csn_js,test#2918,0,0.006512164138,0.004942654632,74,91,88.002218085,54.314886066
semantic-preserving,SrcMarker,csn_js,test#2919,0,0.006396720186,0.004882382229,80,94,79.959002323,51.940236478
semantic-preserving,SrcMarker,csn_js,test#2920,0,0.005124407820,0.003388748504,39,49,131.395072318,69.158132739
semantic-preserving,SrcMarker,csn_js,test#2921,0,0.008448118344,0.005849726498,128,113,66.000924562,51.767491134
semantic-preserving,SrcMarker,csn_js,test#2922,0,0.007850622758,0.005574873649,87,100,90.237043198,55.748736486
semantic-preserving,SrcMarker,csn_js,test#2923,0,0.033580648713,0.021676090546,550,592,61.055724932,36.615017814
semantic-preserving,SrcMarker,csn_js,test#2924,0,0.016178600490,0.011441231705,247,229,65.500406842,49.961710503
semantic-preserving,SrcMarker,csn_js,test#2925,0,0.011710000224,0.009529441595,133,164,88.045114469,58.106351189
semantic-preserving,SrcMarker,csn_js,test#2926,0,0.010842461139,0.006693444215,111,132,97.679830081,50.707910718
semantic-preserving,SrcMarker,csn_js,test#2927,0,0.021054251119,0.015654657967,271,290,77.690963541,53.981579198
semantic-preserving,SrcMarker,csn_js,test#2928,0,0.004121880978,0.002442522906,27,29,152.662258457,84.224927785
semantic-preserving,SrcMarker,csn_js,test#2929,0,0.014254329726,0.010648197494,159,199,89.649872491,53.508530123
semantic-preserving,SrcMarker,csn_js,test#2930,0,0.005242857151,0.003050742671,41,39,127.874564652,78.224171049
semantic-preserving,SrcMarker,csn_js,test#2931,0,0.009927612729,0.005759351887,118,109,84.132311266,52.838090705
semantic-preserving,SrcMarker,csn_js,test#2932,0,0.005494475365,0.003121839836,52,56,105.662987782,55.747139933
semantic-preserving,SrcMarker,csn_js,test#2933,0,0.021258592606,0.011594178155,247,224,86.067176541,51.759723907
semantic-preserving,SrcMarker,csn_js,test#2934,0,0.005737124011,0.003992471844,63,68,91.065460491,58.712821235
semantic-preserving,SrcMarker,csn_js,test#2935,0,0.005200397223,0.003436586820,60,54,86.673287054,63.640496659
semantic-preserving,SrcMarker,csn_js,test#2936,0,0.009348622523,0.007395679131,94,109,99.453431098,67.850267258
semantic-preserving,SrcMarker,csn_js,test#2937,0,0.010971219279,0.006538806483,148,154,74.129859992,42.459782358
semantic-preserving,SrcMarker,csn_js,test#2938,0,0.005324010737,0.002896872349,53,50,100.453032778,57.937446982
semantic-preserving,SrcMarker,csn_js,test#2939,0,0.017081686296,0.012641494162,259,249,65.952456740,50.769052861
semantic-preserving,SrcMarker,csn_js,test#2940,0,0.004150500521,0.002750155516,32,40,129.703141283,68.753887899
semantic-preserving,SrcMarker,csn_js,test#2941,0,0.007886131294,0.004910478368,94,95,83.895013767,51.689245983
semantic-preserving,SrcMarker,csn_js,test#2942,0,0.004444659688,0.002683663741,43,42,103.364178781,63.896755732
semantic-preserving,SrcMarker,csn_js,test#2943,0,0.017459500581,0.011774601415,228,223,76.576756934,52.800903205
semantic-preserving,SrcMarker,csn_js,test#2944,0,0.006437350996,0.003916241229,68,63,94.666926409,62.162559184
semantic-preserving,SrcMarker,csn_js,test#2945,0,0.005197915249,0.003583822399,52,56,99.959908626,63.996828560
semantic-preserving,SrcMarker,csn_js,test#2946,0,0.005271717906,0.002964807674,45,43,117.149286800,68.949015681
semantic-preserving,SrcMarker,csn_js,test#2947,0,0.018989325501,0.015426981263,253,291,75.056622534,53.013681316
semantic-preserving,SrcMarker,csn_js,test#2948,0,0.036821158603,0.022462619469,482,528,76.392445234,42.542839903
semantic-preserving,SrcMarker,csn_js,test#2949,0,0.005270707421,0.002870413475,54,47,97.605692982,61.072627122
semantic-preserving,SrcMarker,csn_js,test#2950,0,0.011571756564,0.008030238561,154,166,75.141276390,48.374931092
semantic-preserving,SrcMarker,csn_js,test#2951,0,0.010297265835,0.008585185744,125,149,82.378126681,57.618696268
semantic-preserving,SrcMarker,csn_js,test#2952,0,0.006714074872,0.004258534871,72,78,93.251039895,54.596600911
semantic-preserving,SrcMarker,csn_js,test#2953,0,0.010876211338,0.006351448596,110,110,98.874648525,57.740441777
semantic-preserving,SrcMarker,csn_js,test#2954,0,0.007473414764,0.004897063598,79,76,94.600186884,64.435047343
semantic-preserving,SrcMarker,csn_js,test#2955,0,0.011643895879,0.006845233962,127,120,91.684219523,57.043616349
semantic-preserving,SrcMarker,csn_js,test#2956,0,0.014879165217,0.010328545235,196,192,75.914108251,53.794506433
semantic-preserving,SrcMarker,csn_js,test#2957,0,0.011329440400,0.007476966828,135,132,83.921780741,56.643688092
semantic-preserving,SrcMarker,csn_js,test#2958,0,0.013357431628,0.009635014459,146,171,91.489257725,56.345113798
semantic-preserving,SrcMarker,csn_js,test#2959,0,0.006400900893,0.003910187632,64,66,100.014076452,59.245267149
semantic-preserving,SrcMarker,csn_js,test#2960,0,0.007304387167,0.004856253043,80,76,91.304839589,63.898066353
semantic-preserving,SrcMarker,csn_js,test#2961,0,0.008085280657,0.004707135260,95,104,85.108217440,45.260915963
semantic-preserving,SrcMarker,csn_js,test#2962,0,0.013452526182,0.008344572037,188,160,71.555990329,52.153575234
semantic-preserving,SrcMarker,csn_js,test#2963,0,0.005225330591,0.002778573893,47,51,111.177246621,54.481841039
semantic-preserving,SrcMarker,csn_js,test#2964,0,0.014614073560,0.008732810616,198,164,73.808452321,53.248845223
semantic-preserving,SrcMarker,csn_js,test#2965,0,0.007848180830,0.004566950724,106,107,74.039441797,42.681782463
semantic-preserving,SrcMarker,csn_js,test#2966,0,0.018874997273,0.012442985550,278,256,67.895673644,48.605412303
semantic-preserving,SrcMarker,csn_js,test#2967,0,0.007993041538,0.004493340850,72,68,111.014465801,66.078541910
semantic-preserving,SrcMarker,csn_js,test#2968,0,0.007089963183,0.003930791281,69,68,102.753089606,57.805754135
semantic-preserving,SrcMarker,csn_js,test#2969,0,0.007770541124,0.005563915707,95,100,81.795169727,55.639157072
semantic-preserving,SrcMarker,csn_js,test#2970,0,0.027768050320,0.016481142491,360,327,77.133473112,50.401047373
semantic-preserving,SrcMarker,csn_js,test#2971,0,0.004355810583,0.002591756172,28,32,155.564663666,80.992380390
semantic-preserving,SrcMarker,csn_js,test#2972,0,0.008320393041,0.006024866365,73,88,113.977986860,68.464390510
semantic-preserving,SrcMarker,csn_js,test#2973,0,0.004182638600,0.002828639001,33,42,126.746624257,67.348547635
semantic-preserving,SrcMarker,csn_js,test#2974,0,0.008098219521,0.005897478200,64,75,126.534680021,78.633042673
semantic-preserving,SrcMarker,csn_js,test#2975,0,0.006062056869,0.004364620894,57,69,106.351874899,63.255375278
semantic-preserving,SrcMarker,csn_js,test#2976,0,0.005773924291,0.003340975381,54,50,106.924523910,66.819507629
semantic-preserving,SrcMarker,csn_js,test#2977,0,0.009730267338,0.006596770138,93,103,104.626530521,64.046312015
semantic-preserving,SrcMarker,csn_js,test#2978,0,0.015390937217,0.010482088663,166,169,92.716489257,62.024193270
semantic-preserving,SrcMarker,csn_js,test#2979,0,0.008430983871,0.004410582595,81,79,104.086220632,55.830159425
semantic-preserving,SrcMarker,csn_js,test#2980,0,0.008489462547,0.005995330401,98,105,86.627168847,57.098384769
semantic-preserving,SrcMarker,csn_js,test#2981,0,0.005753953010,0.003724713810,59,51,97.524627285,73.033604113
semantic-preserving,SrcMarker,csn_js,test#2982,0,0.005153085105,0.002902059816,45,52,114.513002336,55.808842612
semantic-preserving,SrcMarker,csn_js,test#2983,0,0.034066792578,0.021902591921,531,500,64.155918225,43.805183843
semantic-preserving,SrcMarker,csn_js,test#2984,0,0.027970410883,0.019937957637,415,383,67.398580442,52.057330645
semantic-preserving,SrcMarker,csn_js,test#2985,0,0.004585528746,0.003050928004,44,52,104.216562415,58.671692386
semantic-preserving,SrcMarker,csn_js,test#2986,0,0.005747610703,0.003260480240,58,58,99.096736261,56.215176552
semantic-preserving,SrcMarker,csn_js,test#2987,0,0.004094794393,0.002329997718,35,45,116.994125502,51.777727074
semantic-preserving,SrcMarker,csn_js,test#2988,0,0.004682939500,0.002722660080,43,41,108.905569759,66.406343405
semantic-preserving,SrcMarker,csn_js,test#2989,0,0.005175595172,0.003018250689,44,42,117.627162994,71.863111641
semantic-preserving,SrcMarker,csn_js,test#2990,0,0.005477189086,0.003528440371,47,47,116.535938008,75.073199386
semantic-preserving,SrcMarker,csn_js,test#2991,0,0.005945974030,0.003298434429,49,51,121.346408767,64.675184880
semantic-preserving,SrcMarker,csn_js,test#2992,0,0.006972825155,0.004140748642,76,79,91.747699403,52.414539777
semantic-preserving,SrcMarker,csn_js,test#2993,0,0.028804115951,0.018623645417,374,321,77.016352810,58.017586970
semantic-preserving,SrcMarker,csn_js,test#2994,0,0.004856038839,0.002464124933,30,30,161.867961287,82.137497763
semantic-preserving,SrcMarker,csn_js,test#2995,0,0.007179676555,0.004274564795,69,67,104.053283407,63.799474555
semantic-preserving,SrcMarker,csn_js,test#2996,0,0.006376156583,0.004153324291,70,67,91.087951192,61.989914793
semantic-preserving,SrcMarker,csn_js,test#2997,0,0.007274990901,0.005393701605,78,91,93.269114120,59.271446214
semantic-preserving,SrcMarker,csn_js,test#2998,0,0.005907964893,0.004774470814,56,76,105.499373084,62.821984389
semantic-preserving,SrcMarker,csn_js,test#2999,0,0.007382183336,0.004563864321,66,68,111.851262662,67.115651772
semantic-preserving,SrcMarker,csn_js,test#3000,0,0.006409232505,0.003345766105,46,52,139.331141406,64.341655861
semantic-preserving,SrcMarker,csn_js,test#3001,0,0.010857611895,0.007323652506,149,132,72.869878487,55.482215954
semantic-preserving,SrcMarker,csn_js,test#3002,0,0.025651938282,0.018845259212,319,372,80.413599630,50.659298957
semantic-preserving,SrcMarker,csn_js,test#3003,0,0.007146336138,0.005437178537,74,98,96.572109976,55.481413645
semantic-preserving,SrcMarker,csn_js,test#3004,0,0.016248358414,0.009990680963,244,222,66.591632843,45.003067400
semantic-preserving,SrcMarker,csn_js,test#3005,0,0.008876603097,0.005765174516,100,102,88.766030967,56.521318780
semantic-preserving,SrcMarker,csn_js,test#3006,0,0.022074226290,0.016284395009,336,328,65.697102054,49.647545760
semantic-preserving,SrcMarker,csn_js,test#3007,0,0.018572968431,0.016521490179,285,296,65.168310284,55.815845199
semantic-preserving,SrcMarker,csn_js,test#3008,0,0.006157609634,0.004946894944,69,89,89.240719335,55.583089255
semantic-preserving,SrcMarker,csn_js,test#3009,0,0.012559304014,0.009992127307,155,173,81.027767831,57.757961311
semantic-preserving,SrcMarker,csn_js,test#3010,0,0.035137377679,0.022831189446,523,497,67.184278546,45.938006934
semantic-preserving,SrcMarker,csn_js,test#3011,0,0.024382526055,0.016663420014,322,313,75.722130606,53.237763623
semantic-preserving,SrcMarker,csn_js,test#3012,0,0.012062615715,0.008072556928,136,147,88.695703787,54.915353250
semantic-preserving,SrcMarker,csn_js,test#3013,0,0.012128597125,0.009094016626,130,147,93.296900965,61.864058684
semantic-preserving,SrcMarker,csn_js,test#3014,0,0.007140846923,0.004638884217,65,73,109.859183431,63.546359131
semantic-preserving,SrcMarker,csn_js,test#3015,0,0.012914432213,0.007997184061,171,168,75.522995396,47.602286074
semantic-preserving,SrcMarker,csn_js,test#3016,0,0.009715407155,0.006051408127,122,119,79.634484881,50.852169134
semantic-preserving,SrcMarker,csn_js,test#3017,0,0.006003934890,0.003673839383,79,69,75.999175823,53.244049026
semantic-preserving,SrcMarker,csn_js,test#3018,0,0.013583727181,0.008894727565,174,171,78.067397592,52.015950675
semantic-preserving,SrcMarker,csn_js,test#3019,0,0.010698121041,0.007139553316,138,147,77.522616240,48.568389904
semantic-preserving,SrcMarker,csn_js,test#3020,0,0.010650333017,0.007926939987,134,133,79.480097143,59.601052531
semantic-preserving,SrcMarker,csn_js,test#3021,0,0.007693470456,0.005614925176,85,99,90.511417126,56.716415918
semantic-preserving,SrcMarker,csn_js,test#3022,0,0.005409700796,0.003557205200,49,51,110.402057061,69.749121572
semantic-preserving,SrcMarker,csn_js,test#3023,0,0.006241678260,0.003332769498,56,52,111.458540362,64.091721120
semantic-preserving,SrcMarker,csn_js,test#3024,0,0.008786487393,0.005250082351,108,103,81.356364751,50.971673313
semantic-preserving,SrcMarker,csn_js,test#3025,0,0.005730187520,0.003766597249,62,64,92.422379361,58.853082010
semantic-preserving,SrcMarker,csn_js,test#3026,0,0.006061661988,0.003432357684,53,50,114.370980915,68.647153676
semantic-preserving,SrcMarker,csn_js,test#3027,0,0.010491400026,0.007019375451,178,175,58.940449583,40.110716862
semantic-preserving,SrcMarker,csn_js,test#3028,0,0.004169326276,0.002699267119,29,34,143.769871572,79.390209387
semantic-preserving,SrcMarker,csn_js,test#3029,0,0.009565732442,0.006920456886,111,111,86.177769746,62.346458435
semantic-preserving,SrcMarker,csn_js,test#3030,0,0.005363939330,0.003307119012,43,47,124.742775116,70.364234295
semantic-preserving,SrcMarker,csn_js,test#3031,0,0.006309858523,0.003597475588,73,66,86.436418128,54.507205884
semantic-preserving,SrcMarker,csn_js,test#3032,0,0.042931511998,0.021423251368,860,731,49.920362789,29.306773417
semantic-preserving,SrcMarker,csn_js,test#3033,0,0.005266302265,0.003718440421,46,51,114.484831853,72.910596489
semantic-preserving,SrcMarker,csn_js,test#3034,0,0.016889686696,0.010343372822,191,192,88.427679038,53.871733447
semantic-preserving,SrcMarker,csn_js,test#3035,0,0.018315944821,0.013346847147,244,237,75.065347626,56.315810746
semantic-preserving,SrcMarker,csn_js,test#3036,0,0.004638965242,0.002445721999,44,40,105.431028218,61.143049970
semantic-preserving,SrcMarker,csn_js,test#3037,0,0.009635947645,0.006286863238,88,92,109.499405054,68.335469974
semantic-preserving,SrcMarker,csn_js,test#3038,0,0.028333435766,0.021297459491,397,410,71.368855835,51.945023148
semantic-preserving,SrcMarker,csn_js,test#3039,0,0.004705371335,0.002867753617,41,37,114.765154516,77.506854526
semantic-preserving,SrcMarker,csn_js,test#3040,0,0.005160642788,0.003324212506,46,51,112.187886692,65.180637381
semantic-preserving,SrcMarker,csn_js,test#3041,0,0.014895080589,0.010145742446,201,191,74.104878551,53.119070399
semantic-preserving,SrcMarker,csn_js,test#3042,0,0.012612357736,0.008219156414,146,152,86.386011888,54.073397462
semantic-preserving,SrcMarker,csn_js,test#3043,0,0.009302093647,0.006610302255,85,107,109.436395852,61.778525744
semantic-preserving,SrcMarker,csn_js,test#3044,0,0.004717418924,0.002499197610,48,40,98.279560916,62.479940243
semantic-preserving,SrcMarker,csn_js,test#3045,0,0.005422358401,0.003081112169,52,50,104.276123098,61.622243375
semantic-preserving,SrcMarker,csn_js,test#3046,0,0.009720188566,0.006360806525,121,135,80.332136905,47.117085369
semantic-preserving,SrcMarker,csn_js,test#3047,0,0.006784277968,0.004554150626,77,71,88.107506079,64.142966564
semantic-preserving,SrcMarker,csn_js,test#3048,0,0.005936402828,0.003747044131,44,47,134.918246080,79.724343216
semantic-preserving,SrcMarker,csn_js,test#3049,0,0.014664692804,0.009000870399,144,166,101.838144474,54.222110838
semantic-preserving,SrcMarker,csn_js,test#3050,0,0.011069864966,0.008080370724,134,146,82.610932582,55.345004960
semantic-preserving,SrcMarker,csn_js,test#3051,0,0.005517557263,0.003947114572,57,59,96.799250235,66.900246982
semantic-preserving,SrcMarker,csn_js,test#3052,0,0.009390613064,0.007060293108,108,119,86.950120965,59.330194187
semantic-preserving,SrcMarker,csn_js,test#3053,0,0.004705596715,0.003054005094,30,34,156.853223840,89.823679232
semantic-preserving,SrcMarker,csn_js,test#3054,0,0.012455112301,0.007603732869,141,138,88.334129793,55.099513544
semantic-preserving,SrcMarker,csn_js,test#3055,0,0.007926294580,0.007707180455,71,105,111.637951832,73.401718622
semantic-preserving,SrcMarker,csn_js,test#3056,0,0.005171637051,0.003109975718,59,50,87.654865268,62.199514359
semantic-preserving,SrcMarker,csn_js,test#3057,0,0.007660076022,0.006557744928,67,86,114.329492868,76.252847997
semantic-preserving,SrcMarker,csn_js,test#3058,0,0.004833591171,0.003423376940,35,45,138.102604875,76.075043115
semantic-preserving,SrcMarker,csn_js,test#3059,0,0.006658208556,0.003987508826,71,72,93.777585302,55.382067027
semantic-preserving,SrcMarker,csn_js,test#3060,0,0.010831859894,0.006102618761,130,113,83.321999185,54.005475764
semantic-preserving,SrcMarker,csn_js,test#3061,0,0.003851615824,0.002027704380,30,35,128.387194127,57.934410870
semantic-preserving,SrcMarker,csn_js,test#3062,0,0.007659018971,0.005208686925,84,93,91.178797274,56.007386295
semantic-preserving,SrcMarker,csn_js,test#3063,0,0.005352025852,0.003462698311,45,51,118.933907813,67.896045306
semantic-preserving,SrcMarker,csn_js,test#3064,0,0.006927293725,0.003729573451,62,71,111.730543957,52.529203535
semantic-preserving,SrcMarker,csn_js,test#3065,0,0.003966320306,0.002194454893,35,34,113.323437316,64.542790984
semantic-preserving,SrcMarker,csn_js,test#3066,0,0.016183715314,0.012901170179,209,212,77.434044563,60.854576317
semantic-preserving,SrcMarker,csn_js,test#3067,0,0.012766377069,0.008157050237,164,150,77.843762616,54.380334914
semantic-preserving,SrcMarker,csn_js,test#3068,0,0.005648234859,0.002995149232,53,47,106.570469040,63.726579414
semantic-preserving,SrcMarker,csn_js,test#3069,0,0.006901184097,0.003656564280,72,59,95.849779124,61.975665769
semantic-preserving,SrcMarker,csn_js,test#3070,0,0.004991405644,0.003427988850,43,50,116.079201012,68.559776992
semantic-preserving,SrcMarker,csn_js,test#3071,0,0.004381325096,0.002412213944,41,41,106.861587705,58.834486437
semantic-preserving,SrcMarker,csn_js,test#3072,0,0.006340575404,0.004127389751,67,62,94.635453798,66.570802442
semantic-preserving,SrcMarker,csn_js,test#3073,0,0.005970522761,0.003579773009,66,67,90.462466081,53.429447893
semantic-preserving,SrcMarker,csn_js,test#3074,0,0.009607884102,0.005707429722,98,105,98.039633689,54.356473542
semantic-preserving,SrcMarker,csn_js,test#3075,0,0.016372558661,0.009559856728,193,175,84.831910160,54.627752730
semantic-preserving,SrcMarker,csn_js,test#3076,0,0.006909437478,0.005412024446,88,105,78.516334973,51.543089960
semantic-preserving,SrcMarker,csn_js,test#3077,0,0.010825338773,0.008044255897,129,150,83.917354833,53.628372649
semantic-preserving,SrcMarker,csn_js,test#3078,0,0.008287729695,0.004861563444,85,90,97.502702299,54.017371602
semantic-preserving,SrcMarker,csn_js,test#3079,0,0.010307125747,0.007536236197,127,131,81.158470450,57.528520586
semantic-preserving,SrcMarker,csn_js,test#3080,0,0.005520974286,0.003815982491,47,57,117.467537998,66.947061242
semantic-preserving,SrcMarker,csn_js,test#3081,0,0.018417569809,0.013909013942,237,252,77.711265015,55.194499769
semantic-preserving,SrcMarker,csn_js,test#3082,0,0.030249452218,0.018040730618,358,342,84.495676588,52.750674321
semantic-preserving,SrcMarker,csn_js,test#3083,0,0.007519005798,0.004224190488,66,68,113.924330270,62.120448360
semantic-preserving,SrcMarker,csn_js,test#3084,0,0.011306426488,0.006844343618,141,128,80.187421900,53.471434512
semantic-preserving,SrcMarker,csn_js,test#3085,0,0.004641085863,0.003413797356,39,52,119.002201618,65.649949157
semantic-preserving,SrcMarker,csn_js,test#3086,0,0.004532610998,0.004087109119,40,55,113.315274939,74.311074885
semantic-preserving,SrcMarker,csn_js,test#3087,0,0.006833387539,0.004305812530,69,71,99.034602011,60.645246905
semantic-preserving,SrcMarker,csn_js,test#3088,0,0.005202992819,0.003606935963,50,57,104.059856385,63.279578299
semantic-preserving,SrcMarker,csn_js,test#3089,0,0.012978798710,0.006908347830,129,130,100.610842712,53.141137155
semantic-preserving,SrcMarker,csn_js,test#3090,0,0.022286062129,0.014781084843,293,280,76.061645491,52.789588725
semantic-preserving,SrcMarker,csn_js,test#3091,0,0.004824823700,0.002992663532,40,42,120.620592497,71.253893631
semantic-preserving,SrcMarker,csn_js,test#3092,0,0.015122372657,0.008999848738,212,185,71.331946496,48.647831018
semantic-preserving,SrcMarker,csn_js,test#3093,0,0.007175560109,0.005133855157,89,91,80.624270891,56.415990732
semantic-preserving,SrcMarker,csn_js,test#3094,0,0.010840532370,0.007114049979,125,132,86.724258959,53.894318019
semantic-preserving,SrcMarker,csn_js,test#3095,0,0.007082100958,0.005106635392,87,87,81.403459283,58.696958525
semantic-preserving,SrcMarker,csn_js,test#3096,0,0.007931447588,0.004972803406,77,82,103.005812830,60.643943981
semantic-preserving,SrcMarker,csn_js,test#3097,0,0.018929050304,0.011779685505,264,238,71.700948121,49.494476911
semantic-preserving,SrcMarker,csn_js,test#3098,0,0.008874853142,0.004966878332,102,96,87.008364133,51.738315960
semantic-preserving,SrcMarker,csn_js,test#3099,0,0.012619036250,0.008493227884,170,154,74.229624999,55.150830417
semantic-preserving,SrcMarker,csn_js,test#3100,0,0.004236565903,0.002639555372,41,41,103.330875679,64.379399324
semantic-preserving,SrcMarker,csn_js,test#3101,0,0.006408032030,0.003947136924,69,68,92.870029418,58.046131230
semantic-preserving,SrcMarker,csn_js,test#3102,0,0.004153330810,0.002807289362,31,41,133.978413238,68.470472243
semantic-preserving,SrcMarker,csn_js,test#3103,0,0.004492032342,0.003355125897,35,55,128.343781190,61.002289030
semantic-preserving,SrcMarker,csn_js,test#3104,0,0.007535654120,0.006428978406,65,85,115.933140310,75.635040069
semantic-preserving,SrcMarker,csn_js,test#3105,0,0.010386779904,0.007100408897,97,111,107.080205200,63.967647719
semantic-preserving,SrcMarker,csn_js,test#3106,0,0.009944817051,0.005986483768,110,110,90.407427739,54.422579706
semantic-preserving,SrcMarker,csn_js,test#3107,0,0.012381316163,0.008091284893,149,146,83.096081628,55.419759544
semantic-preserving,SrcMarker,csn_js,test#3108,0,0.006683272310,0.004451413639,79,76,84.598383666,58.571232091
semantic-preserving,SrcMarker,csn_js,test#3109,0,0.007284828462,0.004612458870,80,71,91.060355771,64.964209434
semantic-preserving,SrcMarker,csn_js,test#3110,0,0.008413453586,0.005139198154,82,80,102.603092517,64.239976928
semantic-preserving,SrcMarker,csn_js,test#3111,0,0.005435862578,0.004059265368,42,57,129.425299487,71.215181889
semantic-preserving,SrcMarker,csn_js,test#3112,0,0.011843813583,0.008262985386,134,134,88.386668532,61.664070044
semantic-preserving,SrcMarker,csn_js,test#3113,0,0.017472728156,0.013403803110,203,232,86.072552490,57.775013406
semantic-preserving,SrcMarker,csn_js,test#3114,0,0.004142340273,0.002219188027,39,35,106.213853145,63.405372202
semantic-preserving,SrcMarker,csn_js,test#3115,0,0.007699655369,0.004899308085,88,90,87.496083738,54.436756505
semantic-preserving,SrcMarker,csn_js,test#3116,0,0.006019064225,0.004096533172,54,61,111.464152320,67.156281505
semantic-preserving,SrcMarker,csn_js,test#3117,0,0.005182348192,0.003976763226,46,59,112.659743299,67.402766544
semantic-preserving,SrcMarker,csn_js,test#3118,0,0.006287059747,0.003618572839,52,63,120.904995129,57.437664105
semantic-preserving,SrcMarker,csn_js,test#3119,0,0.007315305062,0.004176905379,100,87,73.153050616,48.010406652
semantic-preserving,SrcMarker,csn_js,test#3120,0,0.015095449053,0.013070933521,216,235,69.886338207,55.620993706
semantic-preserving,SrcMarker,csn_js,test#3121,0,0.007575182244,0.005780356936,80,97,94.689778052,59.591308620
semantic-preserving,SrcMarker,csn_js,test#3122,0,0.009304185398,0.006640370935,113,113,82.337923875,58.764344559
semantic-preserving,SrcMarker,csn_js,test#3123,0,0.012085014023,0.007974410430,167,155,72.365353430,51.447809223
semantic-preserving,SrcMarker,csn_js,test#3124,0,0.004111301154,0.002273244783,38,35,108.192135629,64.949850951
semantic-preserving,SrcMarker,csn_js,test#3125,0,0.009597918950,0.007234838791,121,133,79.321644215,54.397284144
semantic-preserving,SrcMarker,csn_js,test#3126,0,0.016217907891,0.011526639573,216,222,75.082906901,51.921799880
semantic-preserving,SrcMarker,csn_js,test#3127,0,0.004643662833,0.002487456426,38,36,122.201653492,69.096011834
semantic-preserving,SrcMarker,csn_js,test#3128,0,0.005451691337,0.003424311057,56,58,97.351631017,59.039845806
semantic-preserving,SrcMarker,csn_js,test#3129,0,0.012216491625,0.008271255530,139,142,87.888428955,58.248278383
semantic-preserving,SrcMarker,csn_js,test#3130,0,0.009511881508,0.006237674505,106,107,89.734731207,58.296023407
semantic-preserving,SrcMarker,csn_js,test#3131,0,0.008108313195,0.004834469408,77,89,105.302768772,54.319880986
semantic-preserving,SrcMarker,csn_js,test#3132,0,0.014143354259,0.011202084832,185,200,76.450563564,56.010424159
semantic-preserving,SrcMarker,csn_js,test#3133,0,0.013341451064,0.010960426182,171,178,78.020181659,61.575427986
semantic-preserving,SrcMarker,csn_js,test#3134,0,0.006935406476,0.004700785503,49,58,141.538907679,81.048025910
semantic-preserving,SrcMarker,csn_js,test#3135,0,0.004456663504,0.003059845418,37,44,120.450364980,69.541941312
semantic-preserving,SrcMarker,csn_js,test#3136,0,0.012939187698,0.009288709611,159,177,81.378538982,52.478585371
semantic-preserving,SrcMarker,csn_js,test#3137,0,0.007222459652,0.004399029538,95,88,76.025891069,49.988972023
semantic-preserving,SrcMarker,csn_js,test#3138,0,0.010198316537,0.006772692315,127,116,80.301705015,58.385278580
semantic-preserving,SrcMarker,csn_js,test#3139,0,0.017165717669,0.011728044599,203,189,84.560185561,62.053146028
semantic-preserving,SrcMarker,csn_js,test#3140,0,0.010203992017,0.005361138843,98,89,104.122367516,60.237515090
semantic-preserving,SrcMarker,csn_js,test#3141,0,0.008766335435,0.006065380760,91,100,96.333356431,60.653807595
semantic-preserving,SrcMarker,csn_js,test#3142,0,0.006572130136,0.003164775670,44,40,149.366594004,79.119391739
semantic-preserving,SrcMarker,csn_js,test#3143,0,0.005376392975,0.002698376775,37,44,145.307918255,61.326744882
semantic-preserving,SrcMarker,csn_js,test#3144,0,0.007237601094,0.004953777418,77,79,93.994819402,62.706043260
semantic-preserving,SrcMarker,csn_js,test#3145,0,0.009468324482,0.006625286303,93,105,101.809940671,63.097964795
semantic-preserving,SrcMarker,csn_js,test#3146,0,0.007434666157,0.004953520373,104,87,71.487174584,56.937015776
semantic-preserving,SrcMarker,csn_js,test#3147,0,0.009277936071,0.006724734791,94,96,98.701447566,70.049320736
semantic-preserving,SrcMarker,csn_js,test#3148,0,0.031901929528,0.021530073136,469,478,68.021171700,45.041994009
semantic-preserving,SrcMarker,csn_js,test#3149,0,0.004228654318,0.002471162938,30,30,140.955143919,82.372097919
