unit_id,project_id,project_slug,language,action_index,filename,system_prompt_sha256,user_prompt_path,user_prompt_sha256,input_context_path,input_context_sha256,request_metadata_path,checkpoint_sha256,rng_seed,model,response_id,generated_code_sha256
p01_snake_game_cpp,1,snake_game,cpp,1,CMakeLists.txt,0538039766843d95a8cefa9a220a3bca4c3c30609bdafb983f6efa0d5a2438ad,RQ1/02_prompts/stage1/rendered/p01_snake_game/cpp/001__CMakeLists.txt/user_prompt.txt,6025f0c2323ba56386ab6d99e7b2b369439d72da1e975ad38c2edfdbb410648f,RQ1/02_prompts/stage1/rendered/p01_snake_game/cpp/001__CMakeLists.txt/input_context.json,a81e49a4154422db523cd239fb23a32c50a13674334324c1203390099cf142d5,RQ1/02_prompts/stage1/rendered/p01_snake_game/cpp/001__CMakeLists.txt/request_metadata.json,6d38ed734a9368bde06574600fd9c5343731af32998a6c9fca8094daf7c548a3,666643921,Qwen/Qwen3-Coder-30B-A3B-Instruct,chatcmpl-1789300610551,733dffdf577a6acecf601b3db403310bc93ea08f52857f2177fd600b0ca0b27c
p01_snake_game_cpp,1,snake_game,cpp,2,include/Types.h,0538039766843d95a8cefa9a220a3bca4c3c30609bdafb983f6efa0d5a2438ad,RQ1/02_prompts/stage1/rendered/p01_snake_game/cpp/002__include__Types.h/user_prompt.txt,4a75b55d93bbcedd7e54ef0f2811a953c532ca5bcaed0120108d4647d3b26079,RQ1/02_prompts/stage1/rendered/p01_snake_game/cpp/002__include__Types.h/input_context.json,bc33c521466e3db20ba740f475aae412b53dd62642b2e5a3e477d3c51334a7c7,RQ1/02_prompts/stage1/rendered/p01_snake_game/cpp/002__include__Types.h/request_metadata.json,6d38ed734a9368bde06574600fd9c5343731af32998a6c9fca8094daf7c548a3,666643921,Qwen/Qwen3-Coder-30B-A3B-Instruct,chatcmpl-1789300617816,60f343f2542ce5d2012df65b7b02d88dcc679d82e1a67adf2e1cd942e85cdbee
p01_snake_game_cpp,1,snake_game,cpp,3,include/IRandom.h,0538039766843d95a8cefa9a220a3bca4c3c30609bdafb983f6efa0d5a2438ad,RQ1/02_prompts/stage1/rendered/p01_snake_game/cpp/003__include__IRandom.h/user_prompt.txt,6b12857aa9926845c2f72c516335d76b4bd9a497c1f1db630e121c488aa854d8,RQ1/02_prompts/stage1/rendered/p01_snake_game/cpp/003__include__IRandom.h/input_context.json,251af0555be6eb5223cf26c77b6015307cad9a84eead028827e5f8febcecd1dd,RQ1/02_prompts/stage1/rendered/p01_snake_game/cpp/003__include__IRandom.h/request_metadata.json,6d38ed734a9368bde06574600fd9c5343731af32998a6c9fca8094daf7c548a3,666643921,Qwen/Qwen3-Coder-30B-A3B-Instruct,chatcmpl-1789300638637,fd8e9772936035683ffee37900be6df4b91eef5f4233f18e9f4efea15d896664
p01_snake_game_cpp,1,snake_game,cpp,4,include/Board.h,0538039766843d95a8cefa9a220a3bca4c3c30609bdafb983f6efa0d5a2438ad,RQ1/02_prompts/stage1/rendered/p01_snake_game/cpp/004__include__Board.h/user_prompt.txt,690d93720d7eda2f7569d679651a0e7cbadb14af7348f3075848af424afe8509,RQ1/02_prompts/stage1/rendered/p01_snake_game/cpp/004__include__Board.h/input_context.json,adcca01db49a8cf7442fffa102c5559406419f45a3e38f04daa0395aec580511,RQ1/02_prompts/stage1/rendered/p01_snake_game/cpp/004__include__Board.h/request_metadata.json,6d38ed734a9368bde06574600fd9c5343731af32998a6c9fca8094daf7c548a3,666643921,Qwen/Qwen3-Coder-30B-A3B-Instruct,chatcmpl-1789300657607,c0e38515de461c8c65002defa067d6f45ca3fbad82e1c7e77631a638ff76c80c
p01_snake_game_cpp,1,snake_game,cpp,5,include/Snake.h,0538039766843d95a8cefa9a220a3bca4c3c30609bdafb983f6efa0d5a2438ad,RQ1/02_prompts/stage1/rendered/p01_snake_game/cpp/005__include__Snake.h/user_prompt.txt,e32a7803826d4a7a2140de06d85b8adf97a3b97caf4befe75903e74cdee29d49,RQ1/02_prompts/stage1/rendered/p01_snake_game/cpp/005__include__Snake.h/input_context.json,9e11b35e1765ad02dbc29817ba4b472a7ecf1e2ca0cdeb343c1b36cd5455aa0e,RQ1/02_prompts/stage1/rendered/p01_snake_game/cpp/005__include__Snake.h/request_metadata.json,6d38ed734a9368bde06574600fd9c5343731af32998a6c9fca8094daf7c548a3,666643921,Qwen/Qwen3-Coder-30B-A3B-Instruct,chatcmpl-1789300690742,befaa55591f9a2aadf8fc716f8357cf509f334719a91f9ecfd7ef7c8cbf6466d
p01_snake_game_cpp,1,snake_game,cpp,6,include/Game.h,0538039766843d95a8cefa9a220a3bca4c3c30609bdafb983f6efa0d5a2438ad,RQ1/02_prompts/stage1/rendered/p01_snake_game/cpp/006__include__Game.h/user_prompt.txt,dd1a61dece14f2de0d022afeba632f3746290a5ad373bf819c79d0bdedbf50ef,RQ1/02_prompts/stage1/rendered/p01_snake_game/cpp/006__include__Game.h/input_context.json,a92c2ee31df5317e096465061ac5d86a0d7a215e0513a526439c14f1ee0bf70b,RQ1/02_prompts/stage1/rendered/p01_snake_game/cpp/006__include__Game.h/request_metadata.json,6d38ed734a9368bde06574600fd9c5343731af32998a6c9fca8094daf7c548a3,666643921,Qwen/Qwen3-Coder-30B-A3B-Instruct,chatcmpl-1789300741449,66ee87069fcf5521d37f3ec3d076e5010f751f31ea20bc4781f84bae5528429a
p01_snake_game_cpp,1,snake_game,cpp,7,src/Random.cpp,0538039766843d95a8cefa9a220a3bca4c3c30609bdafb983f6efa0d5a2438ad,RQ1/02_prompts/stage1/rendered/p01_snake_game/cpp/007__src__Random.cpp/user_prompt.txt,581daa5fe84d46d3f800b9311fc2c68f58f4ae20e35c2907a8c94bb0f84cba2f,RQ1/02_prompts/stage1/rendered/p01_snake_game/cpp/007__src__Random.cpp/input_context.json,ee302838f0e32f25b169f53cd1ebdd9a54f02ba10d8d20e09b99d546ce839631,RQ1/02_prompts/stage1/rendered/p01_snake_game/cpp/007__src__Random.cpp/request_metadata.json,6d38ed734a9368bde06574600fd9c5343731af32998a6c9fca8094daf7c548a3,666643921,Qwen/Qwen3-Coder-30B-A3B-Instruct,chatcmpl-1789300750029,0b952f9f128dde9e6b4221a914d6e02227d4c5235a38a197347159fdbf5ecbb7
p01_snake_game_cpp,1,snake_game,cpp,8,src/Board.cpp,0538039766843d95a8cefa9a220a3bca4c3c30609bdafb983f6efa0d5a2438ad,RQ1/02_prompts/stage1/rendered/p01_snake_game/cpp/008__src__Board.cpp/user_prompt.txt,1b6e4a6211c6f664792edb9593fd62d503d8544e3f7f8d8aa2448af74456d011,RQ1/02_prompts/stage1/rendered/p01_snake_game/cpp/008__src__Board.cpp/input_context.json,aa59040a03cbb671fc6c5d229baca435a7ebc8b6ec4513088391b3f7e2481d62,RQ1/02_prompts/stage1/rendered/p01_snake_game/cpp/008__src__Board.cpp/request_metadata.json,6d38ed734a9368bde06574600fd9c5343731af32998a6c9fca8094daf7c548a3,666643921,Qwen/Qwen3-Coder-30B-A3B-Instruct,chatcmpl-1789300763042,0f75a295fae08a1bc7c8310f5d9ce76bfce48dab09eaa37ac2e8f8904c3b840e
p01_snake_game_cpp,1,snake_game,cpp,9,src/Snake.cpp,0538039766843d95a8cefa9a220a3bca4c3c30609bdafb983f6efa0d5a2438ad,RQ1/02_prompts/stage1/rendered/p01_snake_game/cpp/009__src__Snake.cpp/user_prompt.txt,7fa1eb446c5bb649df25e417de819f41aa90f2955117461c9a69edec62f2e8e3,RQ1/02_prompts/stage1/rendered/p01_snake_game/cpp/009__src__Snake.cpp/input_context.json,fb08644b5c867a838ff21526bd19144e02abe9fb98f2161b5f4b9e9e336eeb81,RQ1/02_prompts/stage1/rendered/p01_snake_game/cpp/009__src__Snake.cpp/request_metadata.json,6d38ed734a9368bde06574600fd9c5343731af32998a6c9fca8094daf7c548a3,666643921,Qwen/Qwen3-Coder-30B-A3B-Instruct,chatcmpl-1789300801795,1d605de20b4753e8a4b056e64a4f9605b73ef625fb2189131ae3af09580d6d11
p01_snake_game_cpp,1,snake_game,cpp,10,src/Game.cpp,0538039766843d95a8cefa9a220a3bca4c3c30609bdafb983f6efa0d5a2438ad,RQ1/02_prompts/stage1/rendered/p01_snake_game/cpp/010__src__Game.cpp/user_prompt.txt,84c77961bbc66f040d1d230ba8aab9701aa163d3b9b8cf1e99c48a246da9dc11,RQ1/02_prompts/stage1/rendered/p01_snake_game/cpp/010__src__Game.cpp/input_context.json,212759eb0c2a339679ac0c164b0e30051b7aa0bb82866cd8631960997617ecbc,RQ1/02_prompts/stage1/rendered/p01_snake_game/cpp/010__src__Game.cpp/request_metadata.json,6d38ed734a9368bde06574600fd9c5343731af32998a6c9fca8094daf7c548a3,666643921,Qwen/Qwen3-Coder-30B-A3B-Instruct,chatcmpl-1789300871992,09986dc5b782f693804e754cb261eb0b6e31757ec0ac13a1058472f39756a995
p01_snake_game_cpp,1,snake_game,cpp,11,src/Main.cpp,0538039766843d95a8cefa9a220a3bca4c3c30609bdafb983f6efa0d5a2438ad,RQ1/02_prompts/stage1/rendered/p01_snake_game/cpp/011__src__Main.cpp/user_prompt.txt,61cb596cfd3bad67ee84ce67c1c578250cbc1265ddc8a3fa3ec7b8bbaad06fb3,RQ1/02_prompts/stage1/rendered/p01_snake_game/cpp/011__src__Main.cpp/input_context.json,8defd6a8348c5afa51875f3517dcdfb139e7ca43a523b0408ac5b5c714ebdfcf,RQ1/02_prompts/stage1/rendered/p01_snake_game/cpp/011__src__Main.cpp/request_metadata.json,6d38ed734a9368bde06574600fd9c5343731af32998a6c9fca8094daf7c548a3,666643921,Qwen/Qwen3-Coder-30B-A3B-Instruct,chatcmpl-1789300899477,6fd6c0d6c31671e2a2a6290283391a0b64852152705dcfdd153316f85b905bd3
p01_snake_game_cpp,1,snake_game,cpp,12,tests/test_main.cpp,0538039766843d95a8cefa9a220a3bca4c3c30609bdafb983f6efa0d5a2438ad,RQ1/02_prompts/stage1/rendered/p01_snake_game/cpp/012__tests__test_main.cpp/user_prompt.txt,20547c8c0f03d9d292c33f5f77ef02933492a47bda3729e5e37d112c7e7ec764,RQ1/02_prompts/stage1/rendered/p01_snake_game/cpp/012__tests__test_main.cpp/input_context.json,3d528c3011d0822f04b57a792183b6a4f91587ea14cdb656c87ad22bee8ae393,RQ1/02_prompts/stage1/rendered/p01_snake_game/cpp/012__tests__test_main.cpp/request_metadata.json,6d38ed734a9368bde06574600fd9c5343731af32998a6c9fca8094daf7c548a3,666643921,Qwen/Qwen3-Coder-30B-A3B-Instruct,chatcmpl-1789300947534,60afad10eabc65ad8d0513d603b0787c672737bf72ad1f59f6066c56c4169dea
p01_snake_game_java,1,snake_game,java,1,pom.xml,0538039766843d95a8cefa9a220a3bca4c3c30609bdafb983f6efa0d5a2438ad,RQ1/02_prompts/stage1/rendered/p01_snake_game/java/001__pom.xml/user_prompt.txt,fc8a2dd86b4ecb09543c393234fd043c5afc443906b4498d9e0c1951f9ec6917,RQ1/02_prompts/stage1/rendered/p01_snake_game/java/001__pom.xml/input_context.json,51affdd40cabe2a11847840a89aaea11eb74243431569ed7a3fe7d59142f803e,RQ1/02_prompts/stage1/rendered/p01_snake_game/java/001__pom.xml/request_metadata.json,b87da36a36b6bd69971e6d995176137e78335c25c94068c640ec0700eb17da80,1082638472,Qwen/Qwen3-Coder-30B-A3B-Instruct,chatcmpl-1789277657783,03416c461d6b3e0efec2b5229b8de040d70249b086ddcd2e4ba8fbbbe8eae4ad
p01_snake_game_java,1,snake_game,java,2,src/main/java/Position.java,0538039766843d95a8cefa9a220a3bca4c3c30609bdafb983f6efa0d5a2438ad,RQ1/02_prompts/stage1/rendered/p01_snake_game/java/002__src__main__java__Position.java/user_prompt.txt,a96a0712db50731f45ef24e5d4c399e009bb65811c56571a65a3d750a556e785,RQ1/02_prompts/stage1/rendered/p01_snake_game/java/002__src__main__java__Position.java/input_context.json,5151284366992d3ac3ea21d4171a91fee3dba8862e1b28aa19f3459dcb51bf57,RQ1/02_prompts/stage1/rendered/p01_snake_game/java/002__src__main__java__Position.java/request_metadata.json,b87da36a36b6bd69971e6d995176137e78335c25c94068c640ec0700eb17da80,1082638472,Qwen/Qwen3-Coder-30B-A3B-Instruct,chatcmpl-1789277705529,a6f0190a33224818ca95a4337e873f30952c57f7735d7773a288cd5e9db6673a
p01_snake_game_java,1,snake_game,java,3,src/main/java/Direction.java,0538039766843d95a8cefa9a220a3bca4c3c30609bdafb983f6efa0d5a2438ad,RQ1/02_prompts/stage1/rendered/p01_snake_game/java/003__src__main__java__Direction.java/user_prompt.txt,55b4b0295a0dcbba28e18114a4723ad68a4b83e622a754fe6da0e5cedf5a537b,RQ1/02_prompts/stage1/rendered/p01_snake_game/java/003__src__main__java__Direction.java/input_context.json,43eb5a6922bbbeb30c3a20d0ee5979b43adafa9852bee4e99dbc6af383e71ec6,RQ1/02_prompts/stage1/rendered/p01_snake_game/java/003__src__main__java__Direction.java/request_metadata.json,b87da36a36b6bd69971e6d995176137e78335c25c94068c640ec0700eb17da80,1082638472,Qwen/Qwen3-Coder-30B-A3B-Instruct,chatcmpl-1789277743234,d241161b099abb3ea9228ea277fc72294bb770f4904fb29bba536804ee88e91a
p01_snake_game_java,1,snake_game,java,4,src/main/java/RandomSource.java,0538039766843d95a8cefa9a220a3bca4c3c30609bdafb983f6efa0d5a2438ad,RQ1/02_prompts/stage1/rendered/p01_snake_game/java/004__src__main__java__RandomSource.java/user_prompt.txt,fb3cfd05b57a3a492874eda90d0503a3a27385dbc8bd342d9c064a9a1c776aa2,RQ1/02_prompts/stage1/rendered/p01_snake_game/java/004__src__main__java__RandomSource.java/input_context.json,9fa4f24521e7a763bf5e43c4a59de4cb6ba04d9cc59049da0b49fa9b9dbdbd3f,RQ1/02_prompts/stage1/rendered/p01_snake_game/java/004__src__main__java__RandomSource.java/request_metadata.json,b87da36a36b6bd69971e6d995176137e78335c25c94068c640ec0700eb17da80,1082638472,Qwen/Qwen3-Coder-30B-A3B-Instruct,chatcmpl-1789277753647,ad112333261ff0cc1a743ee1c6b09196ac87c9ef4a59b8dbd60d3e4d70aa2b9f
p01_snake_game_java,1,snake_game,java,5,src/main/java/MoveOutcome.java,0538039766843d95a8cefa9a220a3bca4c3c30609bdafb983f6efa0d5a2438ad,RQ1/02_prompts/stage1/rendered/p01_snake_game/java/005__src__main__java__MoveOutcome.java/user_prompt.txt,a91ea2435e7f5531e74486fe0a7095f51c951a670e6dcc7f62bda8d5a5f9ddd7,RQ1/02_prompts/stage1/rendered/p01_snake_game/java/005__src__main__java__MoveOutcome.java/input_context.json,19706476b47edd6314b64a0621dcaa31ca738f1cce01899e2178ac93ee467a60,RQ1/02_prompts/stage1/rendered/p01_snake_game/java/005__src__main__java__MoveOutcome.java/request_metadata.json,b87da36a36b6bd69971e6d995176137e78335c25c94068c640ec0700eb17da80,1082638472,Qwen/Qwen3-Coder-30B-A3B-Instruct,chatcmpl-1789277762553,94ad9ef031156057c00db5ed28192112d148158379e83d724145c560a1c87178
p01_snake_game_java,1,snake_game,java,6,src/main/java/Snake.java,0538039766843d95a8cefa9a220a3bca4c3c30609bdafb983f6efa0d5a2438ad,RQ1/02_prompts/stage1/rendered/p01_snake_game/java/006__src__main__java__Snake.java/user_prompt.txt,2d35ea2a2dd7f139bd36cc54b044c776d047a579e9077e2613ee39b008a47742,RQ1/02_prompts/stage1/rendered/p01_snake_game/java/006__src__main__java__Snake.java/input_context.json,1aaf8f46a0fcc713bd2861b4ba34f888d730881557a8485246178e67ea59a824,RQ1/02_prompts/stage1/rendered/p01_snake_game/java/006__src__main__java__Snake.java/request_metadata.json,b87da36a36b6bd69971e6d995176137e78335c25c94068c640ec0700eb17da80,1082638472,Qwen/Qwen3-Coder-30B-A3B-Instruct,chatcmpl-1789277811629,2cd7cdc56fcd2947e17748dff49319ee88f29ddcb89100015b9e54aacb395ee4
p01_snake_game_java,1,snake_game,java,7,src/main/java/GameSnapshot.java,0538039766843d95a8cefa9a220a3bca4c3c30609bdafb983f6efa0d5a2438ad,RQ1/02_prompts/stage1/rendered/p01_snake_game/java/007__src__main__java__GameSnapshot.java/user_prompt.txt,2d3d1e3ed9e06a0fb75d2bb2b54a35106646bf0d0889d8ddfd8b5a8aadae5e49,RQ1/02_prompts/stage1/rendered/p01_snake_game/java/007__src__main__java__GameSnapshot.java/input_context.json,35728cf205563eabf414154b6627a9395ec8448c9d0718034e8256b757e37be0,RQ1/02_prompts/stage1/rendered/p01_snake_game/java/007__src__main__java__GameSnapshot.java/request_metadata.json,b87da36a36b6bd69971e6d995176137e78335c25c94068c640ec0700eb17da80,1082638472,Qwen/Qwen3-Coder-30B-A3B-Instruct,chatcmpl-1789277864879,d0e79d4aecb378df8fd15f4a4b5323b56dc7f6cdc09a4e956b873f0b796f618c
p01_snake_game_java,1,snake_game,java,8,src/main/java/JavaUtilRandomSource.java,0538039766843d95a8cefa9a220a3bca4c3c30609bdafb983f6efa0d5a2438ad,RQ1/02_prompts/stage1/rendered/p01_snake_game/java/008__src__main__java__JavaUtilRandomSource.java/user_prompt.txt,103b24f6e2f9c17162bbd2acb07beb337df7359084fa011c5888f0a8fcf3a1c6,RQ1/02_prompts/stage1/rendered/p01_snake_game/java/008__src__main__java__JavaUtilRandomSource.java/input_context.json,84d748b02dfb412d60f900aee20a3526f8fddf488e93087b159da59dc02ca8b9,RQ1/02_prompts/stage1/rendered/p01_snake_game/java/008__src__main__java__JavaUtilRandomSource.java/request_metadata.json,b87da36a36b6bd69971e6d995176137e78335c25c94068c640ec0700eb17da80,1082638472,Qwen/Qwen3-Coder-30B-A3B-Instruct,chatcmpl-1789277880843,3b518207082a774a3d1dd15e78dcd4dccb825d6645f70add280e7224f43514ae
p01_snake_game_java,1,snake_game,java,9,src/main/java/SnakeGame.java,0538039766843d95a8cefa9a220a3bca4c3c30609bdafb983f6efa0d5a2438ad,RQ1/02_prompts/stage1/rendered/p01_snake_game/java/009__src__main__java__SnakeGame.java/user_prompt.txt,9682d12cf734e3cac3ec65d0732d14ba8388c38e0068fb692ca5309d11432730,RQ1/02_prompts/stage1/rendered/p01_snake_game/java/009__src__main__java__SnakeGame.java/input_context.json,b48b0ab19c482fc521616973cea0f32ef0e27d9ea25e521f2d753e0227e6ce92,RQ1/02_prompts/stage1/rendered/p01_snake_game/java/009__src__main__java__SnakeGame.java/request_metadata.json,b87da36a36b6bd69971e6d995176137e78335c25c94068c640ec0700eb17da80,1082638472,Qwen/Qwen3-Coder-30B-A3B-Instruct,chatcmpl-1789278000458,4be53a912e439086a5068b13687d9ec045dd49d01c33bab9154b69318fb35ac4
p01_snake_game_java,1,snake_game,java,10,src/main/java/Main.java,0538039766843d95a8cefa9a220a3bca4c3c30609bdafb983f6efa0d5a2438ad,RQ1/02_prompts/stage1/rendered/p01_snake_game/java/010__src__main__java__Main.java/user_prompt.txt,886da27cd311ffb38a80fbb28f1b9bc7bc148d01017030efd81c7d4d221e8508,RQ1/02_prompts/stage1/rendered/p01_snake_game/java/010__src__main__java__Main.java/input_context.json,84481ac0e46dc0f285f0ad51d74e680d9923ddd5b10e48c47d20dd05389066c7,RQ1/02_prompts/stage1/rendered/p01_snake_game/java/010__src__main__java__Main.java/request_metadata.json,b87da36a36b6bd69971e6d995176137e78335c25c94068c640ec0700eb17da80,1082638472,Qwen/Qwen3-Coder-30B-A3B-Instruct,chatcmpl-1789278035758,ca740fefac390bbfb835851a6549f77437db9e57a2921f0895e1fb2247fbe78d
p01_snake_game_java,1,snake_game,java,11,src/test/java/MainTest.java,0538039766843d95a8cefa9a220a3bca4c3c30609bdafb983f6efa0d5a2438ad,RQ1/02_prompts/stage1/rendered/p01_snake_game/java/011__src__test__java__MainTest.java/user_prompt.txt,3ef8cf0577c2256be58f7c8bf07ccfc94d83b74a5b5c72003ea6ce768b6f7186,RQ1/02_prompts/stage1/rendered/p01_snake_game/java/011__src__test__java__MainTest.java/input_context.json,bf6c8823ac18878c35d5c0ea7a7d990e023d9f94399076350f3f2c432c1bf800,RQ1/02_prompts/stage1/rendered/p01_snake_game/java/011__src__test__java__MainTest.java/request_metadata.json,b87da36a36b6bd69971e6d995176137e78335c25c94068c640ec0700eb17da80,1082638472,Qwen/Qwen3-Coder-30B-A3B-Instruct,chatcmpl-1789278105074,f933843a6b76f8521efa30620d8812e862d0b3d65d94886964dcde093a5e6fa8
p01_snake_game_python,1,snake_game,python,1,requirements.txt,0538039766843d95a8cefa9a220a3bca4c3c30609bdafb983f6efa0d5a2438ad,RQ1/02_prompts/stage1/rendered/p01_snake_game/python/001__requirements.txt/user_prompt.txt,0b97708e03bb4923bd46e5166b93735640a90bdf40c876e71a46f54f31b95243,RQ1/02_prompts/stage1/rendered/p01_snake_game/python/001__requirements.txt/input_context.json,6cc6dbd8d68842cf607551c764729262b9c601596889792c3a6c7fef8e93e3af,RQ1/02_prompts/stage1/rendered/p01_snake_game/python/001__requirements.txt/request_metadata.json,d950dbbda42eb848e2889512d2584d5ab0ffe0660cc65464df972c66b55fa13f,3736547328,Qwen/Qwen3-Coder-30B-A3B-Instruct,chatcmpl-1789304588413,4ab5ae75ce01d7f22f3db1439db42d36fb820ef0f103030b2eb2707a9a9cef17
p01_snake_game_python,1,snake_game,python,2,snake_game/__init__.py,0538039766843d95a8cefa9a220a3bca4c3c30609bdafb983f6efa0d5a2438ad,RQ1/02_prompts/stage1/rendered/p01_snake_game/python/002__snake_game____init__.py/user_prompt.txt,3bc4b62dd2b8f3805d9f8f0dcf7266599c23b26644660f7d3b81014a33df8ac0,RQ1/02_prompts/stage1/rendered/p01_snake_game/python/002__snake_game____init__.py/input_context.json,286851988e7fd83893fb97a75d0895d270ed45bab22da1c6623354705bf44298,RQ1/02_prompts/stage1/rendered/p01_snake_game/python/002__snake_game____init__.py/request_metadata.json,d950dbbda42eb848e2889512d2584d5ab0ffe0660cc65464df972c66b55fa13f,3736547328,Qwen/Qwen3-Coder-30B-A3B-Instruct,chatcmpl-1789304595775,29c7161687f0219142b39fa9218bec0aa0e7b7b2c7ee0193dca4fa7ccb9eaf9d
p01_snake_game_python,1,snake_game,python,3,snake_game/direction.py,0538039766843d95a8cefa9a220a3bca4c3c30609bdafb983f6efa0d5a2438ad,RQ1/02_prompts/stage1/rendered/p01_snake_game/python/003__snake_game__direction.py/user_prompt.txt,ff8b1b12ba3ca45e2b5072af166a8d476104541547331afeb632c419293253d0,RQ1/02_prompts/stage1/rendered/p01_snake_game/python/003__snake_game__direction.py/input_context.json,3aa3132ab78c2486ab88193ae4402ba471ddbc2f165c4af5a9b3693991169b88,RQ1/02_prompts/stage1/rendered/p01_snake_game/python/003__snake_game__direction.py/request_metadata.json,d950dbbda42eb848e2889512d2584d5ab0ffe0660cc65464df972c66b55fa13f,3736547328,Qwen/Qwen3-Coder-30B-A3B-Instruct,chatcmpl-1789304608993,bf7d702a770a1c17a7df7b05cdd1839dbb032399973d781b5eac94c16c709c71
p01_snake_game_python,1,snake_game,python,4,snake_game/grid.py,0538039766843d95a8cefa9a220a3bca4c3c30609bdafb983f6efa0d5a2438ad,RQ1/02_prompts/stage1/rendered/p01_snake_game/python/004__snake_game__grid.py/user_prompt.txt,73907b94a915b4a2df0ab744fa0412d19f8e1bc4f581955b875d214cd3d588bb,RQ1/02_prompts/stage1/rendered/p01_snake_game/python/004__snake_game__grid.py/input_context.json,6d843f5ce7d9857de7d54a76134f9f36c691cf26d8ac95c2ac044787b6657086,RQ1/02_prompts/stage1/rendered/p01_snake_game/python/004__snake_game__grid.py/request_metadata.json,d950dbbda42eb848e2889512d2584d5ab0ffe0660cc65464df972c66b55fa13f,3736547328,Qwen/Qwen3-Coder-30B-A3B-Instruct,chatcmpl-1789304631052,eeae2d75fb8cc8f6fb29dd100169b018d18b50bd0e10be4ecc17a3e7f75c745c
p01_snake_game_python,1,snake_game,python,5,snake_game/snake.py,0538039766843d95a8cefa9a220a3bca4c3c30609bdafb983f6efa0d5a2438ad,RQ1/02_prompts/stage1/rendered/p01_snake_game/python/005__snake_game__snake.py/user_prompt.txt,cf88308098516ad0fafb391b0e4653903b1ca2739a32e79738372349eac2f8a3,RQ1/02_prompts/stage1/rendered/p01_snake_game/python/005__snake_game__snake.py/input_context.json,23f3dc9bd394732aef1c86a907a5902d5bfd755576c6ba9ff63e9e959ddc79ff,RQ1/02_prompts/stage1/rendered/p01_snake_game/python/005__snake_game__snake.py/request_metadata.json,d950dbbda42eb848e2889512d2584d5ab0ffe0660cc65464df972c66b55fa13f,3736547328,Qwen/Qwen3-Coder-30B-A3B-Instruct,chatcmpl-1789304659899,93e9914eae531a4ea3cfc7fcb6089518715e0790e1c4d693ea384c276c2d21d4
p01_snake_game_python,1,snake_game,python,6,snake_game/collision.py,0538039766843d95a8cefa9a220a3bca4c3c30609bdafb983f6efa0d5a2438ad,RQ1/02_prompts/stage1/rendered/p01_snake_game/python/006__snake_game__collision.py/user_prompt.txt,02337ce776fdc687f8726e94d96574b193e798c272c1a87d6abc2f83733ee151,RQ1/02_prompts/stage1/rendered/p01_snake_game/python/006__snake_game__collision.py/input_context.json,78d2a4af4da2fcc79fe24936e2be16ee6bb8f3aecca73b84ccdd7a557d4e404c,RQ1/02_prompts/stage1/rendered/p01_snake_game/python/006__snake_game__collision.py/request_metadata.json,d950dbbda42eb848e2889512d2584d5ab0ffe0660cc65464df972c66b55fa13f,3736547328,Qwen/Qwen3-Coder-30B-A3B-Instruct,chatcmpl-1789304684433,8b96c5ac9ea0854f17df8aa1c86c7a971fff8303fb02dd29c05878ef6d70f986
p01_snake_game_python,1,snake_game,python,7,snake_game/random_provider.py,0538039766843d95a8cefa9a220a3bca4c3c30609bdafb983f6efa0d5a2438ad,RQ1/02_prompts/stage1/rendered/p01_snake_game/python/007__snake_game__random_provider.py/user_prompt.txt,bb324963497e686ae9e02318d39d3a9422d85c2df6672779744e7a85057cfe68,RQ1/02_prompts/stage1/rendered/p01_snake_game/python/007__snake_game__random_provider.py/input_context.json,e2c6bbe0228162ab56f831e9ee59555ecec5dbc33372586841cda49470bd7713,RQ1/02_prompts/stage1/rendered/p01_snake_game/python/007__snake_game__random_provider.py/request_metadata.json,d950dbbda42eb848e2889512d2584d5ab0ffe0660cc65464df972c66b55fa13f,3736547328,Qwen/Qwen3-Coder-30B-A3B-Instruct,chatcmpl-1789304709223,54cf9bee7bc984cc69f91fe157106fbc4106689b57d486631d0e77239e2ac94f
p01_snake_game_python,1,snake_game,python,8,snake_game/food.py,0538039766843d95a8cefa9a220a3bca4c3c30609bdafb983f6efa0d5a2438ad,RQ1/02_prompts/stage1/rendered/p01_snake_game/python/008__snake_game__food.py/user_prompt.txt,68c7d3f5e01bccdb209bad8a438c1ab67dd5cfc5e079ebd676850fda3462a644,RQ1/02_prompts/stage1/rendered/p01_snake_game/python/008__snake_game__food.py/input_context.json,78adc04ad1f8998ec9881769877109e6b563a845d7975f6f32fa83ef5f0ee52f,RQ1/02_prompts/stage1/rendered/p01_snake_game/python/008__snake_game__food.py/request_metadata.json,d950dbbda42eb848e2889512d2584d5ab0ffe0660cc65464df972c66b55fa13f,3736547328,Qwen/Qwen3-Coder-30B-A3B-Instruct,chatcmpl-1789304720924,8d64e33ef50da11c883170a89095832b70812fc8e4adcb830f61c707d82d2a83
p01_snake_game_python,1,snake_game,python,9,snake_game/game.py,0538039766843d95a8cefa9a220a3bca4c3c30609bdafb983f6efa0d5a2438ad,RQ1/02_prompts/stage1/rendered/p01_snake_game/python/009__snake_game__game.py/user_prompt.txt,359bd18dbea9849bc1735532de4c4ac0dea6287035cc41e426b7957a54fc3697,RQ1/02_prompts/stage1/rendered/p01_snake_game/python/009__snake_game__game.py/input_context.json,00c35b0e4ea4545335e7120a196ce70a68bae9689b427f4e64e839843168b4b3,RQ1/02_prompts/stage1/rendered/p01_snake_game/python/009__snake_game__game.py/request_metadata.json,d950dbbda42eb848e2889512d2584d5ab0ffe0660cc65464df972c66b55fa13f,3736547328,Qwen/Qwen3-Coder-30B-A3B-Instruct,chatcmpl-1789304775409,11407ae63a820def83b08f5bbe7a5a394645d23636fd1eecf4a4c3c7595bc14b
p01_snake_game_python,1,snake_game,python,10,Main.py,0538039766843d95a8cefa9a220a3bca4c3c30609bdafb983f6efa0d5a2438ad,RQ1/02_prompts/stage1/rendered/p01_snake_game/python/010__Main.py/user_prompt.txt,b5296d64accdefef36c3cff2d1a3623ee56526b49a8432ce552afa04722ede47,RQ1/02_prompts/stage1/rendered/p01_snake_game/python/010__Main.py/input_context.json,2f36bb6230b3aaa8dd67836687caae5224b67fc511cc9f9af9213fc8d9ec36de,RQ1/02_prompts/stage1/rendered/p01_snake_game/python/010__Main.py/request_metadata.json,d950dbbda42eb848e2889512d2584d5ab0ffe0660cc65464df972c66b55fa13f,3736547328,Qwen/Qwen3-Coder-30B-A3B-Instruct,chatcmpl-1789304788744,13ac271fbe5f3ccadc80ee3859fea2277e7a1a72456f8d56862d95423fdc0ce5
p01_snake_game_python,1,snake_game,python,11,tests/test_main.py,0538039766843d95a8cefa9a220a3bca4c3c30609bdafb983f6efa0d5a2438ad,RQ1/02_prompts/stage1/rendered/p01_snake_game/python/011__tests__test_main.py/user_prompt.txt,11c9dcaeeac68ebc3967113f6790ef8a3e08d6dabdebfe5cceb2944cb20d44de,RQ1/02_prompts/stage1/rendered/p01_snake_game/python/011__tests__test_main.py/input_context.json,142672673988b33da4be6de3390a00fe569abff804443e6ba36b1c90d53cf454,RQ1/02_prompts/stage1/rendered/p01_snake_game/python/011__tests__test_main.py/request_metadata.json,d950dbbda42eb848e2889512d2584d5ab0ffe0660cc65464df972c66b55fa13f,3736547328,Qwen/Qwen3-Coder-30B-A3B-Instruct,chatcmpl-1789304835164,d8b32cf74512789c1382e96e21d5ae9af6b2ed4abcdfa0f22392858b401c2461
p02_flappy_bird_game_cpp,2,flappy_bird_game,cpp,1,CMakeLists.txt,0538039766843d95a8cefa9a220a3bca4c3c30609bdafb983f6efa0d5a2438ad,RQ1/02_prompts/stage1/rendered/p02_flappy_bird_game/cpp/001__CMakeLists.txt/user_prompt.txt,1000a6daa3d1ef700ea22e3de25b33765337f8d633a9ad97e53a44ca42267478,RQ1/02_prompts/stage1/rendered/p02_flappy_bird_game/cpp/001__CMakeLists.txt/input_context.json,5677c92d89c6b0c6a635acbd0ef03950c88ca12878e54820d8e0150e8b90305b,RQ1/02_prompts/stage1/rendered/p02_flappy_bird_game/cpp/001__CMakeLists.txt/request_metadata.json,ced24fb585f3f7def95b013caeedb1913a630242951b199cdc7445e7491d6193,1192725353,Qwen/Qwen3-Coder-30B-A3B-Instruct,chatcmpl-1789279019321,4a8c47c7db170562057c8e24d439c5219a034bab9aa24bb6c87b23fe14338921
p02_flappy_bird_game_cpp,2,flappy_bird_game,cpp,2,include/Random.h,0538039766843d95a8cefa9a220a3bca4c3c30609bdafb983f6efa0d5a2438ad,RQ1/02_prompts/stage1/rendered/p02_flappy_bird_game/cpp/002__include__Random.h/user_prompt.txt,99c6ee0f8b7f5fe48cb5a351229573ab55e4d783466eea0bec655703e78065a2,RQ1/02_prompts/stage1/rendered/p02_flappy_bird_game/cpp/002__include__Random.h/input_context.json,d2cb0d95bc092f32c681d03b9b6c2b7ae8ea874c583aa57190dfad889bf68aa3,RQ1/02_prompts/stage1/rendered/p02_flappy_bird_game/cpp/002__include__Random.h/request_metadata.json,ced24fb585f3f7def95b013caeedb1913a630242951b199cdc7445e7491d6193,1192725353,Qwen/Qwen3-Coder-30B-A3B-Instruct,chatcmpl-1789279037414,c117fdb0ed5f7a0d14badd3f3b7183adbc45e2dcbce8a09f07b3775807b83cb9
p02_flappy_bird_game_cpp,2,flappy_bird_game,cpp,3,include/GameConfig.h,0538039766843d95a8cefa9a220a3bca4c3c30609bdafb983f6efa0d5a2438ad,RQ1/02_prompts/stage1/rendered/p02_flappy_bird_game/cpp/003__include__GameConfig.h/user_prompt.txt,49b80424fa076074bca18b9334c0e14835752313c04493447340415ebccfe381,RQ1/02_prompts/stage1/rendered/p02_flappy_bird_game/cpp/003__include__GameConfig.h/input_context.json,8c770117e5117c8b68ed86685eae9d1cfaec703f144878afbc0a001a16b7d8f3,RQ1/02_prompts/stage1/rendered/p02_flappy_bird_game/cpp/003__include__GameConfig.h/request_metadata.json,ced24fb585f3f7def95b013caeedb1913a630242951b199cdc7445e7491d6193,1192725353,Qwen/Qwen3-Coder-30B-A3B-Instruct,chatcmpl-1789279047641,fd14b71293a1bb1463cf312fd7d9ab6cc7b9627a8e5793cb4efe49f83cfc195f
p02_flappy_bird_game_cpp,2,flappy_bird_game,cpp,4,include/Bird.h,0538039766843d95a8cefa9a220a3bca4c3c30609bdafb983f6efa0d5a2438ad,RQ1/02_prompts/stage1/rendered/p02_flappy_bird_game/cpp/004__include__Bird.h/user_prompt.txt,22a1df89727727b24e0a50a6b18f591bb714529c9d340b8e754e070a7f7ce9de,RQ1/02_prompts/stage1/rendered/p02_flappy_bird_game/cpp/004__include__Bird.h/input_context.json,dc964a8c1190466f37fdde4e5a90f6ded633632dbf79e15ccdefdbde0296f5d1,RQ1/02_prompts/stage1/rendered/p02_flappy_bird_game/cpp/004__include__Bird.h/request_metadata.json,ced24fb585f3f7def95b013caeedb1913a630242951b199cdc7445e7491d6193,1192725353,Qwen/Qwen3-Coder-30B-A3B-Instruct,chatcmpl-1789279064451,338e60199ea73369a3e1be7a1de18d30bb2e706619269e98f1a1fe583b4893b8
p02_flappy_bird_game_cpp,2,flappy_bird_game,cpp,5,include/Pipe.h,0538039766843d95a8cefa9a220a3bca4c3c30609bdafb983f6efa0d5a2438ad,RQ1/02_prompts/stage1/rendered/p02_flappy_bird_game/cpp/005__include__Pipe.h/user_prompt.txt,95187ac39e1ae90c4605a338d087f5e1523473c3509dce36c6062faac5777ad6,RQ1/02_prompts/stage1/rendered/p02_flappy_bird_game/cpp/005__include__Pipe.h/input_context.json,10cc6db438a55be7422d1bffdca07ed6ae0967c504f35943cb2eb80332a224c4,RQ1/02_prompts/stage1/rendered/p02_flappy_bird_game/cpp/005__include__Pipe.h/request_metadata.json,ced24fb585f3f7def95b013caeedb1913a630242951b199cdc7445e7491d6193,1192725353,Qwen/Qwen3-Coder-30B-A3B-Instruct,chatcmpl-1789279082887,64e82fb3ad301e731fc99a6954ee410cad22a03cf7a3d4191e7cce113fbf6d7c
p02_flappy_bird_game_cpp,2,flappy_bird_game,cpp,6,include/GameState.h,0538039766843d95a8cefa9a220a3bca4c3c30609bdafb983f6efa0d5a2438ad,RQ1/02_prompts/stage1/rendered/p02_flappy_bird_game/cpp/006__include__GameState.h/user_prompt.txt,c71288f49e10e9303580d7fa06e734ddcddb5da76b16ee63054ebb1f30d38a2c,RQ1/02_prompts/stage1/rendered/p02_flappy_bird_game/cpp/006__include__GameState.h/input_context.json,f76afaccc2076140fe1ef0b69eae7aaa9cd33c15a682dc974d3a3a3328579021,RQ1/02_prompts/stage1/rendered/p02_flappy_bird_game/cpp/006__include__GameState.h/request_metadata.json,ced24fb585f3f7def95b013caeedb1913a630242951b199cdc7445e7491d6193,1192725353,Qwen/Qwen3-Coder-30B-A3B-Instruct,chatcmpl-1789279106801,0a387c98b0fd3571ccb135b8bdf37508babe6d3a843c561e70808671e424ef0c
p02_flappy_bird_game_cpp,2,flappy_bird_game,cpp,7,include/GameEngine.h,0538039766843d95a8cefa9a220a3bca4c3c30609bdafb983f6efa0d5a2438ad,RQ1/02_prompts/stage1/rendered/p02_flappy_bird_game/cpp/007__include__GameEngine.h/user_prompt.txt,07ac78ae00198abf59cc28f4825145d436c34ffc9710bd5161e544d60c53af2d,RQ1/02_prompts/stage1/rendered/p02_flappy_bird_game/cpp/007__include__GameEngine.h/input_context.json,940eeea6bf2e5d0d51ad2f4d5bf94bd99eabf2074ac59a6d2ca7b071e5136578,RQ1/02_prompts/stage1/rendered/p02_flappy_bird_game/cpp/007__include__GameEngine.h/request_metadata.json,ced24fb585f3f7def95b013caeedb1913a630242951b199cdc7445e7491d6193,1192725353,Qwen/Qwen3-Coder-30B-A3B-Instruct,chatcmpl-1789279126672,e26426001a1d831ecfbd7b4cc2023d4851efbeddc61903553eb80acc90ba9f0b
p02_flappy_bird_game_cpp,2,flappy_bird_game,cpp,8,src/Random.cpp,0538039766843d95a8cefa9a220a3bca4c3c30609bdafb983f6efa0d5a2438ad,RQ1/02_prompts/stage1/rendered/p02_flappy_bird_game/cpp/008__src__Random.cpp/user_prompt.txt,fbffe22ad33712b137b974b55bd00b63a2acc6c30382406ef36ba4fb7bf5a1dc,RQ1/02_prompts/stage1/rendered/p02_flappy_bird_game/cpp/008__src__Random.cpp/input_context.json,08237749060026c523d93aaffac7a344312a4f1d03ad23e4b3678ce2d7835163,RQ1/02_prompts/stage1/rendered/p02_flappy_bird_game/cpp/008__src__Random.cpp/request_metadata.json,ced24fb585f3f7def95b013caeedb1913a630242951b199cdc7445e7491d6193,1192725353,Qwen/Qwen3-Coder-30B-A3B-Instruct,chatcmpl-1789279139390,1624e2be6b00d1b852c6831317c75ae6c943d2cb931889afbaeea38e8469ed2b
p02_flappy_bird_game_cpp,2,flappy_bird_game,cpp,9,src/GameConfig.cpp,0538039766843d95a8cefa9a220a3bca4c3c30609bdafb983f6efa0d5a2438ad,RQ1/02_prompts/stage1/rendered/p02_flappy_bird_game/cpp/009__src__GameConfig.cpp/user_prompt.txt,1fff7d8d66bad1782577fcc8da551a9822bc1a82724f064dda5dd340129ab686,RQ1/02_prompts/stage1/rendered/p02_flappy_bird_game/cpp/009__src__GameConfig.cpp/input_context.json,b9ee3e516cbaf0ea239b5c4d027488635265c5a725da088ee7235ca87cfc1109,RQ1/02_prompts/stage1/rendered/p02_flappy_bird_game/cpp/009__src__GameConfig.cpp/request_metadata.json,ced24fb585f3f7def95b013caeedb1913a630242951b199cdc7445e7491d6193,1192725353,Qwen/Qwen3-Coder-30B-A3B-Instruct,chatcmpl-1789279172670,0a34edb5f52eda41394800438456b6c3331cc4c1afbef37398e20796720c7dca
p02_flappy_bird_game_cpp,2,flappy_bird_game,cpp,10,src/Bird.cpp,0538039766843d95a8cefa9a220a3bca4c3c30609bdafb983f6efa0d5a2438ad,RQ1/02_prompts/stage1/rendered/p02_flappy_bird_game/cpp/010__src__Bird.cpp/user_prompt.txt,17e9e3dbf3fa299f7d62e430c7498d689fd161d76d35a0e8ad4f0a2ea7d5ffbf,RQ1/02_prompts/stage1/rendered/p02_flappy_bird_game/cpp/010__src__Bird.cpp/input_context.json,0bd56a551be3b17989e7e4862ffe3aef1fd61cd667e1866b273a2f6eaee9f21a,RQ1/02_prompts/stage1/rendered/p02_flappy_bird_game/cpp/010__src__Bird.cpp/request_metadata.json,ced24fb585f3f7def95b013caeedb1913a630242951b199cdc7445e7491d6193,1192725353,Qwen/Qwen3-Coder-30B-A3B-Instruct,chatcmpl-1789279191813,953fcb891253894e34f82f30d54798312bb93d431c818670a0c24606ef2600f1
p02_flappy_bird_game_cpp,2,flappy_bird_game,cpp,11,src/Pipe.cpp,0538039766843d95a8cefa9a220a3bca4c3c30609bdafb983f6efa0d5a2438ad,RQ1/02_prompts/stage1/rendered/p02_flappy_bird_game/cpp/011__src__Pipe.cpp/user_prompt.txt,156a571efd24d8c492b489db6fc994752512a55f040c218ad4413482f335f3f4,RQ1/02_prompts/stage1/rendered/p02_flappy_bird_game/cpp/011__src__Pipe.cpp/input_context.json,8ccc2f58c3b779ea97944979aab3e8b4a7eaae846f23b97124101192e84193c1,RQ1/02_prompts/stage1/rendered/p02_flappy_bird_game/cpp/011__src__Pipe.cpp/request_metadata.json,ced24fb585f3f7def95b013caeedb1913a630242951b199cdc7445e7491d6193,1192725353,Qwen/Qwen3-Coder-30B-A3B-Instruct,chatcmpl-1789279217549,c62ebac520e1ee794153b78f31369e11cc80513cc4c161e965bec0145a80a5a4
p02_flappy_bird_game_cpp,2,flappy_bird_game,cpp,12,src/GameState.cpp,0538039766843d95a8cefa9a220a3bca4c3c30609bdafb983f6efa0d5a2438ad,RQ1/02_prompts/stage1/rendered/p02_flappy_bird_game/cpp/012__src__GameState.cpp/user_prompt.txt,b3e2f52f613e0b70b86e8f148b784a20b38ab913b375f7dee7b6b977cdc4c68a,RQ1/02_prompts/stage1/rendered/p02_flappy_bird_game/cpp/012__src__GameState.cpp/input_context.json,4c46e83eed0daf016549b13d8aa5c95f8c5082beb82d524eb02c20ec253f201b,RQ1/02_prompts/stage1/rendered/p02_flappy_bird_game/cpp/012__src__GameState.cpp/request_metadata.json,ced24fb585f3f7def95b013caeedb1913a630242951b199cdc7445e7491d6193,1192725353,Qwen/Qwen3-Coder-30B-A3B-Instruct,chatcmpl-1789279264578,6cd996721f4b6a7be83b87698cb1a44ee22f3b60fbb0ec9094b8b593f8f99a59
p02_flappy_bird_game_cpp,2,flappy_bird_game,cpp,13,src/GameEngine.cpp,0538039766843d95a8cefa9a220a3bca4c3c30609bdafb983f6efa0d5a2438ad,RQ1/02_prompts/stage1/rendered/p02_flappy_bird_game/cpp/013__src__GameEngine.cpp/user_prompt.txt,c387e9ba7a05e5a3e355fee4f804a3abb6b149a7f6feb038f7f8fc6170a9d40e,RQ1/02_prompts/stage1/rendered/p02_flappy_bird_game/cpp/013__src__GameEngine.cpp/input_context.json,afe2fed92bfe962702d59e78091647a47ae2c4afe94048c332ff84a93fd32c02,RQ1/02_prompts/stage1/rendered/p02_flappy_bird_game/cpp/013__src__GameEngine.cpp/request_metadata.json,ced24fb585f3f7def95b013caeedb1913a630242951b199cdc7445e7491d6193,1192725353,Qwen/Qwen3-Coder-30B-A3B-Instruct,chatcmpl-1789279279845,1ffba92ffa03fae961d1db7d86ddd270cd6f02a8d868eb4bcb3c72b2c7282d80
p02_flappy_bird_game_cpp,2,flappy_bird_game,cpp,14,src/Main.cpp,0538039766843d95a8cefa9a220a3bca4c3c30609bdafb983f6efa0d5a2438ad,RQ1/02_prompts/stage1/rendered/p02_flappy_bird_game/cpp/014__src__Main.cpp/user_prompt.txt,df924114614491d0755c0c4d222ff8ddb085ebe6ad3600c0bda72e009cc6f8a7,RQ1/02_prompts/stage1/rendered/p02_flappy_bird_game/cpp/014__src__Main.cpp/input_context.json,f6d0dba2b5f789809fb5534325eaefd3d4ce5c5827f1bc261acb3f486570f62a,RQ1/02_prompts/stage1/rendered/p02_flappy_bird_game/cpp/014__src__Main.cpp/request_metadata.json,ced24fb585f3f7def95b013caeedb1913a630242951b199cdc7445e7491d6193,1192725353,Qwen/Qwen3-Coder-30B-A3B-Instruct,chatcmpl-1789279300802,02dfdc9b5689780daff4972833822753bcfc51983f295b375ec7fcf41e587533
p02_flappy_bird_game_cpp,2,flappy_bird_game,cpp,15,tests/test_main.cpp,0538039766843d95a8cefa9a220a3bca4c3c30609bdafb983f6efa0d5a2438ad,RQ1/02_prompts/stage1/rendered/p02_flappy_bird_game/cpp/015__tests__test_main.cpp/user_prompt.txt,804649c52b492781ad5b13bd1ebcac2543ec761514eb6c4da4e130c488f8e96f,RQ1/02_prompts/stage1/rendered/p02_flappy_bird_game/cpp/015__tests__test_main.cpp/input_context.json,d569c73e7b8360a176b6769d891ee4fbda5d84e4e7c2a4ffd6d840eda02fc65c,RQ1/02_prompts/stage1/rendered/p02_flappy_bird_game/cpp/015__tests__test_main.cpp/request_metadata.json,ced24fb585f3f7def95b013caeedb1913a630242951b199cdc7445e7491d6193,1192725353,Qwen/Qwen3-Coder-30B-A3B-Instruct,chatcmpl-1789279360514,7b2a34c69228d4c5e8fac95a62c89aeb1e407e786050ebb19ae1b556e3aadadd
p02_flappy_bird_game_java,2,flappy_bird_game,java,1,pom.xml,0538039766843d95a8cefa9a220a3bca4c3c30609bdafb983f6efa0d5a2438ad,RQ1/02_prompts/stage1/rendered/p02_flappy_bird_game/java/001__pom.xml/user_prompt.txt,93720e9c3b9042f03116a4e7259c2687a430f840edf43d323d166fa00b1d9017,RQ1/02_prompts/stage1/rendered/p02_flappy_bird_game/java/001__pom.xml/input_context.json,acc5e92d7287e57e22b72c05ae856be7b534d84b779d1cebcbb36758b5b299c0,RQ1/02_prompts/stage1/rendered/p02_flappy_bird_game/java/001__pom.xml/request_metadata.json,8b0e52ae4c7090b792426c2e147b798b0d72baea83f9a3a8004de06284cf07a6,2540127563,Qwen/Qwen3-Coder-30B-A3B-Instruct,chatcmpl-1789310583589,2a6f948b72e2521afc53791789723f35d36c2b616f37b48a9a990c197c994ed6
p02_flappy_bird_game_java,2,flappy_bird_game,java,2,src/main/java/Bird.java,0538039766843d95a8cefa9a220a3bca4c3c30609bdafb983f6efa0d5a2438ad,RQ1/02_prompts/stage1/rendered/p02_flappy_bird_game/java/002__src__main__java__Bird.java/user_prompt.txt,38d96bcbc31279dcfd8880cef18eeedd36f704344784086b5482d8d14cdbfbdf,RQ1/02_prompts/stage1/rendered/p02_flappy_bird_game/java/002__src__main__java__Bird.java/input_context.json,d6fcf4bcd886eeb6e2229e5922d30f5c710527e9caa5798090f512a1c5945eb3,RQ1/02_prompts/stage1/rendered/p02_flappy_bird_game/java/002__src__main__java__Bird.java/request_metadata.json,8b0e52ae4c7090b792426c2e147b798b0d72baea83f9a3a8004de06284cf07a6,2540127563,Qwen/Qwen3-Coder-30B-A3B-Instruct,chatcmpl-1789310612114,13949e43dffe744070cb15157abc0743969213d8be6a5ef790f0e7391306d6cb
p02_flappy_bird_game_java,2,flappy_bird_game,java,3,src/main/java/RNG.java,0538039766843d95a8cefa9a220a3bca4c3c30609bdafb983f6efa0d5a2438ad,RQ1/02_prompts/stage1/rendered/p02_flappy_bird_game/java/003__src__main__java__RNG.java/user_prompt.txt,8ba3295ed1b904fdd228716f6c9ab62b3595dc6cfdaeae0b868db81c332c6247,RQ1/02_prompts/stage1/rendered/p02_flappy_bird_game/java/003__src__main__java__RNG.java/input_context.json,65c4cb25550380804dc6e7167f8e516e0454c57f851e5aa317ffc53286c435a2,RQ1/02_prompts/stage1/rendered/p02_flappy_bird_game/java/003__src__main__java__RNG.java/request_metadata.json,8b0e52ae4c7090b792426c2e147b798b0d72baea83f9a3a8004de06284cf07a6,2540127563,Qwen/Qwen3-Coder-30B-A3B-Instruct,chatcmpl-1789310635542,ea4d4ebaccd26d458066d1be973af9460003ff600629fab2c8259c47fae96ab0
p02_flappy_bird_game_java,2,flappy_bird_game,java,4,src/main/java/PipePair.java,0538039766843d95a8cefa9a220a3bca4c3c30609bdafb983f6efa0d5a2438ad,RQ1/02_prompts/stage1/rendered/p02_flappy_bird_game/java/004__src__main__java__PipePair.java/user_prompt.txt,2d0d7155a5a8a4b472c71a958e52a298ad58ca5256ee7f0b46c7325c757f65d6,RQ1/02_prompts/stage1/rendered/p02_flappy_bird_game/java/004__src__main__java__PipePair.java/input_context.json,cd6ab2b6700a73c0bea90e14066e84e6692dc9f14fa8ff2cfc5ebbf397d10a4a,RQ1/02_prompts/stage1/rendered/p02_flappy_bird_game/java/004__src__main__java__PipePair.java/request_metadata.json,8b0e52ae4c7090b792426c2e147b798b0d72baea83f9a3a8004de06284cf07a6,2540127563,Qwen/Qwen3-Coder-30B-A3B-Instruct,chatcmpl-1789310681348,7d1c4da8f3c2bf4423feae66d5a5811bdd1252ca9da056aea8fe8d697916a346
p02_flappy_bird_game_java,2,flappy_bird_game,java,5,src/main/java/CollisionDetector.java,0538039766843d95a8cefa9a220a3bca4c3c30609bdafb983f6efa0d5a2438ad,RQ1/02_prompts/stage1/rendered/p02_flappy_bird_game/java/005__src__main__java__CollisionDetector.java/user_prompt.txt,4e4371b5648e9406884be090e51851f3ecb09825a973d2ae7c81664604476a07,RQ1/02_prompts/stage1/rendered/p02_flappy_bird_game/java/005__src__main__java__CollisionDetector.java/input_context.json,69aec8e7d8503b41e37e7a687a216db758647f30cdde78bc2a76ac0583443843,RQ1/02_prompts/stage1/rendered/p02_flappy_bird_game/java/005__src__main__java__CollisionDetector.java/request_metadata.json,8b0e52ae4c7090b792426c2e147b798b0d72baea83f9a3a8004de06284cf07a6,2540127563,Qwen/Qwen3-Coder-30B-A3B-Instruct,chatcmpl-1789310729675,e33439eb4406621f0fbba79a2989a7b00f4dd0c664d0905a9db3f595b7090af8
p02_flappy_bird_game_java,2,flappy_bird_game,java,6,src/main/java/ScoreSystem.java,0538039766843d95a8cefa9a220a3bca4c3c30609bdafb983f6efa0d5a2438ad,RQ1/02_prompts/stage1/rendered/p02_flappy_bird_game/java/006__src__main__java__ScoreSystem.java/user_prompt.txt,4e0a8f725c2194b98c249c1fa3a7d96b776c49081cad2a2cbdae3b069b8fbf77,RQ1/02_prompts/stage1/rendered/p02_flappy_bird_game/java/006__src__main__java__ScoreSystem.java/input_context.json,a69e6f853da6b927ccfde33ba36759f1d5e3e00fa43ec171b43dd635946b46e7,RQ1/02_prompts/stage1/rendered/p02_flappy_bird_game/java/006__src__main__java__ScoreSystem.java/request_metadata.json,8b0e52ae4c7090b792426c2e147b798b0d72baea83f9a3a8004de06284cf07a6,2540127563,Qwen/Qwen3-Coder-30B-A3B-Instruct,chatcmpl-1789310749571,b9e2bcc99b9a7b1f386ae5a51ce70717889def8fadc65700f9de8f6b30abce36
p02_flappy_bird_game_java,2,flappy_bird_game,java,7,src/main/java/GameState.java,0538039766843d95a8cefa9a220a3bca4c3c30609bdafb983f6efa0d5a2438ad,RQ1/02_prompts/stage1/rendered/p02_flappy_bird_game/java/007__src__main__java__GameState.java/user_prompt.txt,5ad41d63f3c1a6543d7a049eea0291225e3bc14f5db1a2604a6c83299366ada7,RQ1/02_prompts/stage1/rendered/p02_flappy_bird_game/java/007__src__main__java__GameState.java/input_context.json,712a1dd92305dcbad1dc028d29910ac6316d23fbbfbbd619709a8b43bd97b5c7,RQ1/02_prompts/stage1/rendered/p02_flappy_bird_game/java/007__src__main__java__GameState.java/request_metadata.json,8b0e52ae4c7090b792426c2e147b798b0d72baea83f9a3a8004de06284cf07a6,2540127563,Qwen/Qwen3-Coder-30B-A3B-Instruct,chatcmpl-1789310756487,b997b87989d45fe2f52af71287227311ce74562d553b6d7da2e797508a5b2040
p02_flappy_bird_game_java,2,flappy_bird_game,java,8,src/main/java/Game.java,0538039766843d95a8cefa9a220a3bca4c3c30609bdafb983f6efa0d5a2438ad,RQ1/02_prompts/stage1/rendered/p02_flappy_bird_game/java/008__src__main__java__Game.java/user_prompt.txt,6e91bb3f816b7d32e89fb4029508230260c9538338e9ffc7f81ea3d30a220e8a,RQ1/02_prompts/stage1/rendered/p02_flappy_bird_game/java/008__src__main__java__Game.java/input_context.json,cb6b20b88700d61255df9b0ab753766f76681cd98f021dda63a7c25f5eec5b7c,RQ1/02_prompts/stage1/rendered/p02_flappy_bird_game/java/008__src__main__java__Game.java/request_metadata.json,8b0e52ae4c7090b792426c2e147b798b0d72baea83f9a3a8004de06284cf07a6,2540127563,Qwen/Qwen3-Coder-30B-A3B-Instruct,chatcmpl-1789310860135,bbcf256d38c0db6779c4617a043ac36111d183c6b49cbf1c798eb49c3c8163f9
p02_flappy_bird_game_java,2,flappy_bird_game,java,9,src/main/java/Main.java,0538039766843d95a8cefa9a220a3bca4c3c30609bdafb983f6efa0d5a2438ad,RQ1/02_prompts/stage1/rendered/p02_flappy_bird_game/java/009__src__main__java__Main.java/user_prompt.txt,3f53a1fb7e8e39d90a205f4ae6e1749823ad825e42dc43a906e803ac64a306ba,RQ1/02_prompts/stage1/rendered/p02_flappy_bird_game/java/009__src__main__java__Main.java/input_context.json,600cfa8fb2245f5fb6f0858a78d03d3a91a7bdd175fd3adfda306a4d2bb82904,RQ1/02_prompts/stage1/rendered/p02_flappy_bird_game/java/009__src__main__java__Main.java/request_metadata.json,8b0e52ae4c7090b792426c2e147b798b0d72baea83f9a3a8004de06284cf07a6,2540127563,Qwen/Qwen3-Coder-30B-A3B-Instruct,chatcmpl-1789310875942,e3405d6265a191d18e3be4036ef49b83bc70f8d8de05047fc185f6cce1991f4c
p02_flappy_bird_game_java,2,flappy_bird_game,java,10,src/test/java/MainTest.java,0538039766843d95a8cefa9a220a3bca4c3c30609bdafb983f6efa0d5a2438ad,RQ1/02_prompts/stage1/rendered/p02_flappy_bird_game/java/010__src__test__java__MainTest.java/user_prompt.txt,5acced9be855a41cf11a8753631e9321e70aa59ecb230fd5ce1f5b1dda0a2fe9,RQ1/02_prompts/stage1/rendered/p02_flappy_bird_game/java/010__src__test__java__MainTest.java/input_context.json,e8622504bc0bea40cd6bdb592d9020a4057be92b8d199debd32ffa00808e90fc,RQ1/02_prompts/stage1/rendered/p02_flappy_bird_game/java/010__src__test__java__MainTest.java/request_metadata.json,8b0e52ae4c7090b792426c2e147b798b0d72baea83f9a3a8004de06284cf07a6,2540127563,Qwen/Qwen3-Coder-30B-A3B-Instruct,chatcmpl-1789310980607,93a0a0f1cf74049a0574d8b995206aedc1fca380bd897dedbbfbdcdc4a7ce256
p02_flappy_bird_game_python,2,flappy_bird_game,python,1,requirements.txt,0538039766843d95a8cefa9a220a3bca4c3c30609bdafb983f6efa0d5a2438ad,RQ1/02_prompts/stage1/rendered/p02_flappy_bird_game/python/001__requirements.txt/user_prompt.txt,f601cbe5cdcd9cde9cb85459da04120e0446fdc5bfab36601c650f5b778a08ab,RQ1/02_prompts/stage1/rendered/p02_flappy_bird_game/python/001__requirements.txt/input_context.json,d24b5886ef08d8d2d2b495299df2f4d647de8dc2e1d9e195d7958228fda59491,RQ1/02_prompts/stage1/rendered/p02_flappy_bird_game/python/001__requirements.txt/request_metadata.json,0199e47687655dee3c403fcbe05c29a39e70ded3d5393dadb1ce32edc3b308d5,1298988375,Qwen/Qwen3-Coder-30B-A3B-Instruct,chatcmpl-1789288715843,e2bd74411a0fbdfb3116a0b91772bb2375e26f9afa848c2c8517201a891bdb54
p02_flappy_bird_game_python,2,flappy_bird_game,python,2,flappy_bird/config.py,0538039766843d95a8cefa9a220a3bca4c3c30609bdafb983f6efa0d5a2438ad,RQ1/02_prompts/stage1/rendered/p02_flappy_bird_game/python/002__flappy_bird__config.py/user_prompt.txt,6e2e3b4711ebd400aa998379b9508215b2656bfa9ea2182a305da5e126a5aa4c,RQ1/02_prompts/stage1/rendered/p02_flappy_bird_game/python/002__flappy_bird__config.py/input_context.json,e525d42fa91bea541eb389ac832f6f0a12c2ef2019ba18c9e1ffc624c6983da6,RQ1/02_prompts/stage1/rendered/p02_flappy_bird_game/python/002__flappy_bird__config.py/request_metadata.json,0199e47687655dee3c403fcbe05c29a39e70ded3d5393dadb1ce32edc3b308d5,1298988375,Qwen/Qwen3-Coder-30B-A3B-Instruct,chatcmpl-1789288743278,713bd3f7634f885c8e1f0b30172ff24fb046412f28a79f52c66ad8625b66f9a4
p02_flappy_bird_game_python,2,flappy_bird_game,python,3,flappy_bird/physics.py,0538039766843d95a8cefa9a220a3bca4c3c30609bdafb983f6efa0d5a2438ad,RQ1/02_prompts/stage1/rendered/p02_flappy_bird_game/python/003__flappy_bird__physics.py/user_prompt.txt,6f22827385ad3db9a448831cfa9dfb341492f09c3b8789485bb9d3d47abb6ca3,RQ1/02_prompts/stage1/rendered/p02_flappy_bird_game/python/003__flappy_bird__physics.py/input_context.json,773d66e148555ea8aa05100543dc4f30e8fbb4ecab66e3583f0297f19be24217,RQ1/02_prompts/stage1/rendered/p02_flappy_bird_game/python/003__flappy_bird__physics.py/request_metadata.json,0199e47687655dee3c403fcbe05c29a39e70ded3d5393dadb1ce32edc3b308d5,1298988375,Qwen/Qwen3-Coder-30B-A3B-Instruct,chatcmpl-1789288759391,aafa543a3a7336edd7c63075d475e650b6ce92722d15c71fb8d50185cea130cc
p02_flappy_bird_game_python,2,flappy_bird_game,python,4,flappy_bird/scoring.py,0538039766843d95a8cefa9a220a3bca4c3c30609bdafb983f6efa0d5a2438ad,RQ1/02_prompts/stage1/rendered/p02_flappy_bird_game/python/004__flappy_bird__scoring.py/user_prompt.txt,9555f79353fea20a3a4da6424284c07212a4b1f5e7340c230b0c70c837422530,RQ1/02_prompts/stage1/rendered/p02_flappy_bird_game/python/004__flappy_bird__scoring.py/input_context.json,652b37c51b7522482be8167d37fcd2cf515f54dfc27b685b92ccc6390c7d9c84,RQ1/02_prompts/stage1/rendered/p02_flappy_bird_game/python/004__flappy_bird__scoring.py/request_metadata.json,0199e47687655dee3c403fcbe05c29a39e70ded3d5393dadb1ce32edc3b308d5,1298988375,Qwen/Qwen3-Coder-30B-A3B-Instruct,chatcmpl-1789288777982,7287c8d9473b619298192e97f3aa3ed682fccf542c8a4bf879c463f2806517c4
p02_flappy_bird_game_python,2,flappy_bird_game,python,5,flappy_bird/collision.py,0538039766843d95a8cefa9a220a3bca4c3c30609bdafb983f6efa0d5a2438ad,RQ1/02_prompts/stage1/rendered/p02_flappy_bird_game/python/005__flappy_bird__collision.py/user_prompt.txt,0bd62766698e57210783a2358288e9529f833d136181da9e8ccc0535fecfb81f,RQ1/02_prompts/stage1/rendered/p02_flappy_bird_game/python/005__flappy_bird__collision.py/input_context.json,aec307bdb4e690437ba096191608b4e32b7362ac526cab4eadcf0981b2d49213,RQ1/02_prompts/stage1/rendered/p02_flappy_bird_game/python/005__flappy_bird__collision.py/request_metadata.json,0199e47687655dee3c403fcbe05c29a39e70ded3d5393dadb1ce32edc3b308d5,1298988375,Qwen/Qwen3-Coder-30B-A3B-Instruct,chatcmpl-1789288802192,b24b62b179a16786ff8359cead226e16ad9a34a7ba0b7a25c81b19dccad3a495
p02_flappy_bird_game_python,2,flappy_bird_game,python,6,flappy_bird/pipes.py,0538039766843d95a8cefa9a220a3bca4c3c30609bdafb983f6efa0d5a2438ad,RQ1/02_prompts/stage1/rendered/p02_flappy_bird_game/python/006__flappy_bird__pipes.py/user_prompt.txt,50837880e762023bae415e2ff717c689c90f8495c1fbf931a483c9d0be3d041c,RQ1/02_prompts/stage1/rendered/p02_flappy_bird_game/python/006__flappy_bird__pipes.py/input_context.json,0ef643b930e69ce6078d30fc6e9a00f3f6bc5ba8667f9f6fc5a1fc953a3a7335,RQ1/02_prompts/stage1/rendered/p02_flappy_bird_game/python/006__flappy_bird__pipes.py/request_metadata.json,0199e47687655dee3c403fcbe05c29a39e70ded3d5393dadb1ce32edc3b308d5,1298988375,Qwen/Qwen3-Coder-30B-A3B-Instruct,chatcmpl-1789288818182,caa6f88e19a4bd06ff8103904160fbb40a1d9176657092b98078aa524dcfd1b0
p02_flappy_bird_game_python,2,flappy_bird_game,python,7,flappy_bird/game.py,0538039766843d95a8cefa9a220a3bca4c3c30609bdafb983f6efa0d5a2438ad,RQ1/02_prompts/stage1/rendered/p02_flappy_bird_game/python/007__flappy_bird__game.py/user_prompt.txt,64f61015e12e60bcfaf511ae78ea577c46121af95519bbe322ee9644e7a1f4fc,RQ1/02_prompts/stage1/rendered/p02_flappy_bird_game/python/007__flappy_bird__game.py/input_context.json,2ff2a05def8be3b734faae4e809a3971de9d9137bf63eea3f3ab2c840759ffa3,RQ1/02_prompts/stage1/rendered/p02_flappy_bird_game/python/007__flappy_bird__game.py/request_metadata.json,0199e47687655dee3c403fcbe05c29a39e70ded3d5393dadb1ce32edc3b308d5,1298988375,Qwen/Qwen3-Coder-30B-A3B-Instruct,chatcmpl-1789288889717,8a8554ccc4bf3ac2ae7f5ba9d6ed592f3d0548c4956ff57d531fe4f3f53d154b
p02_flappy_bird_game_python,2,flappy_bird_game,python,8,flappy_bird/__init__.py,0538039766843d95a8cefa9a220a3bca4c3c30609bdafb983f6efa0d5a2438ad,RQ1/02_prompts/stage1/rendered/p02_flappy_bird_game/python/008__flappy_bird____init__.py/user_prompt.txt,9e902d558d4428b579e8539d571846f47851305bb4534c63cbb65ec1c6142af2,RQ1/02_prompts/stage1/rendered/p02_flappy_bird_game/python/008__flappy_bird____init__.py/input_context.json,49b4ed989bc84fc979c3201e5cbd39ff2cd7754887a54b01b72fdf65d032238f,RQ1/02_prompts/stage1/rendered/p02_flappy_bird_game/python/008__flappy_bird____init__.py/request_metadata.json,0199e47687655dee3c403fcbe05c29a39e70ded3d5393dadb1ce32edc3b308d5,1298988375,Qwen/Qwen3-Coder-30B-A3B-Instruct,chatcmpl-1789288896256,821ffaca82bfe82c5ce525a84b93d3fa47abbcbfc34985d3842b9ea29a1c3f0e
p02_flappy_bird_game_python,2,flappy_bird_game,python,9,Main.py,0538039766843d95a8cefa9a220a3bca4c3c30609bdafb983f6efa0d5a2438ad,RQ1/02_prompts/stage1/rendered/p02_flappy_bird_game/python/009__Main.py/user_prompt.txt,bd214ce2bea723da5896908ad4939bb61687a5d3f6c6c27e0c2f7a3ec503cb89,RQ1/02_prompts/stage1/rendered/p02_flappy_bird_game/python/009__Main.py/input_context.json,1e7b80138d33a31b3ea2c666f993bd547e4427168855a2fe5e9733c3e3cf1c6c,RQ1/02_prompts/stage1/rendered/p02_flappy_bird_game/python/009__Main.py/request_metadata.json,0199e47687655dee3c403fcbe05c29a39e70ded3d5393dadb1ce32edc3b308d5,1298988375,Qwen/Qwen3-Coder-30B-A3B-Instruct,chatcmpl-1789288915446,038d8ca1ad5a1292bfa3512d12cb11569f771893e269814f80c41e821706effb
p02_flappy_bird_game_python,2,flappy_bird_game,python,10,tests/test_main.py,0538039766843d95a8cefa9a220a3bca4c3c30609bdafb983f6efa0d5a2438ad,RQ1/02_prompts/stage1/rendered/p02_flappy_bird_game/python/010__tests__test_main.py/user_prompt.txt,40ece0f50261ad912ba68b77ba0a46dc83ae7c0dd6e713ae5102157fe5945a36,RQ1/02_prompts/stage1/rendered/p02_flappy_bird_game/python/010__tests__test_main.py/input_context.json,0edbf0ce99d361e52345c99121978421384cd2d7775766ce03253bb565ad6bd2,RQ1/02_prompts/stage1/rendered/p02_flappy_bird_game/python/010__tests__test_main.py/request_metadata.json,0199e47687655dee3c403fcbe05c29a39e70ded3d5393dadb1ce32edc3b308d5,1298988375,Qwen/Qwen3-Coder-30B-A3B-Instruct,chatcmpl-1789289002062,9f70fb85d3289c00ee9799ff93804d45b0a065a7c6cdd86e742cab68fceec3ef
p03_game_2048_cpp,3,game_2048,cpp,1,CMakeLists.txt,0538039766843d95a8cefa9a220a3bca4c3c30609bdafb983f6efa0d5a2438ad,RQ1/02_prompts/stage1/rendered/p03_game_2048/cpp/001__CMakeLists.txt/user_prompt.txt,75a68d8bc9e5898cc262f153c2339d73d82d65970e6c083e0738c262b25289f1,RQ1/02_prompts/stage1/rendered/p03_game_2048/cpp/001__CMakeLists.txt/input_context.json,578ef0240bc67540ee64b5571d31cadfb0cb0de68779e56966570f1a569f9280,RQ1/02_prompts/stage1/rendered/p03_game_2048/cpp/001__CMakeLists.txt/request_metadata.json,f822e69d7c5c07a133e0431d9c1d70eb643f8378b2cc9e3a3ffda2ad39cb3f1b,1673168053,Qwen/Qwen3-Coder-30B-A3B-Instruct,chatcmpl-1789282337237,493ebefbddd468802c25a8e0bf0343848309d0b0456b0b3dfab12c015b5900df
p03_game_2048_cpp,3,game_2048,cpp,2,include/Board.h,0538039766843d95a8cefa9a220a3bca4c3c30609bdafb983f6efa0d5a2438ad,RQ1/02_prompts/stage1/rendered/p03_game_2048/cpp/002__include__Board.h/user_prompt.txt,9d1e69eedcef04db13cb57393ef37bd302f499bd25732abb7157b07f46e7129b,RQ1/02_prompts/stage1/rendered/p03_game_2048/cpp/002__include__Board.h/input_context.json,ff3e60691c982b3d53897a1a94618d425758cdb1c30cdd2f60b68c8cc5505cd2,RQ1/02_prompts/stage1/rendered/p03_game_2048/cpp/002__include__Board.h/request_metadata.json,f822e69d7c5c07a133e0431d9c1d70eb643f8378b2cc9e3a3ffda2ad39cb3f1b,1673168053,Qwen/Qwen3-Coder-30B-A3B-Instruct,chatcmpl-1789282383232,ac27774b55a03dfd9b9ac5ead906e4ab69b5aafbe46f98792ee0e9b2b8c926e5
p03_game_2048_cpp,3,game_2048,cpp,3,include/Move.h,0538039766843d95a8cefa9a220a3bca4c3c30609bdafb983f6efa0d5a2438ad,RQ1/02_prompts/stage1/rendered/p03_game_2048/cpp/003__include__Move.h/user_prompt.txt,02f2d081be0be40ceb4d618ec5365e9a7e8327107f63f6452b56275d0d68694b,RQ1/02_prompts/stage1/rendered/p03_game_2048/cpp/003__include__Move.h/input_context.json,17f47ae67ad8271dd833a4f59473f49ade34493b5a53163a0c94f1c186ac0e73,RQ1/02_prompts/stage1/rendered/p03_game_2048/cpp/003__include__Move.h/request_metadata.json,f822e69d7c5c07a133e0431d9c1d70eb643f8378b2cc9e3a3ffda2ad39cb3f1b,1673168053,Qwen/Qwen3-Coder-30B-A3B-Instruct,chatcmpl-1789282408558,1e227a588968de9e2a24792b7b952dc554889c44f61dc384b0646bd9260b4b50
p03_game_2048_cpp,3,game_2048,cpp,4,include/Spawner.h,0538039766843d95a8cefa9a220a3bca4c3c30609bdafb983f6efa0d5a2438ad,RQ1/02_prompts/stage1/rendered/p03_game_2048/cpp/004__include__Spawner.h/user_prompt.txt,795fa944de8300ff5a71939bc2e0b49622989c50a5f251a8fb8463a0f184f9fe,RQ1/02_prompts/stage1/rendered/p03_game_2048/cpp/004__include__Spawner.h/input_context.json,13eeb0b0ffce0711040d04082ca7332901827b20b68be2aca41e3400eda19deb,RQ1/02_prompts/stage1/rendered/p03_game_2048/cpp/004__include__Spawner.h/request_metadata.json,f822e69d7c5c07a133e0431d9c1d70eb643f8378b2cc9e3a3ffda2ad39cb3f1b,1673168053,Qwen/Qwen3-Coder-30B-A3B-Instruct,chatcmpl-1789282420634,10a0add90bb1ff4ffaed8c59599f0e9a9d05a010390bdb8efe652636a986ecff
p03_game_2048_cpp,3,game_2048,cpp,5,include/Game.h,0538039766843d95a8cefa9a220a3bca4c3c30609bdafb983f6efa0d5a2438ad,RQ1/02_prompts/stage1/rendered/p03_game_2048/cpp/005__include__Game.h/user_prompt.txt,b5b8657106eebfdbf809fa40e1aae7d53cf931a1267548ad4125141c1dfc71c6,RQ1/02_prompts/stage1/rendered/p03_game_2048/cpp/005__include__Game.h/input_context.json,8030e9420fa20a82187230b8cff84e42044bbb970d4288c67c007bef1c5d6174,RQ1/02_prompts/stage1/rendered/p03_game_2048/cpp/005__include__Game.h/request_metadata.json,f822e69d7c5c07a133e0431d9c1d70eb643f8378b2cc9e3a3ffda2ad39cb3f1b,1673168053,Qwen/Qwen3-Coder-30B-A3B-Instruct,chatcmpl-1789282441547,9dcd9069e141f5ab5dd8abd7813b6ad7c166000e9a390f6ce359bdda515d52f4
p03_game_2048_cpp,3,game_2048,cpp,6,src/Board.cpp,0538039766843d95a8cefa9a220a3bca4c3c30609bdafb983f6efa0d5a2438ad,RQ1/02_prompts/stage1/rendered/p03_game_2048/cpp/006__src__Board.cpp/user_prompt.txt,4936f246a60fad91e6f11b1a36e47165ea1612d20cb03c7df575fb649ef1662e,RQ1/02_prompts/stage1/rendered/p03_game_2048/cpp/006__src__Board.cpp/input_context.json,6baaa6175ff21cb0224ff64987772a21f90b8df9105c7aab7f379040efd71066,RQ1/02_prompts/stage1/rendered/p03_game_2048/cpp/006__src__Board.cpp/request_metadata.json,f822e69d7c5c07a133e0431d9c1d70eb643f8378b2cc9e3a3ffda2ad39cb3f1b,1673168053,Qwen/Qwen3-Coder-30B-A3B-Instruct,chatcmpl-1789282477136,f235ea4c227c3fd550b4db0bf17a11405f6f71b87e0c3c84b2fa1f292d83392f
p03_game_2048_cpp,3,game_2048,cpp,7,src/Move.cpp,0538039766843d95a8cefa9a220a3bca4c3c30609bdafb983f6efa0d5a2438ad,RQ1/02_prompts/stage1/rendered/p03_game_2048/cpp/007__src__Move.cpp/user_prompt.txt,6e3a81f1b810dcbb63a3642c84a6c194f691958f861ccd5d98187ad147960f17,RQ1/02_prompts/stage1/rendered/p03_game_2048/cpp/007__src__Move.cpp/input_context.json,88566e988cf254b42a4534bd92f9c9b80d3b42ce5edd73a4e513e0a86023b3a8,RQ1/02_prompts/stage1/rendered/p03_game_2048/cpp/007__src__Move.cpp/request_metadata.json,f822e69d7c5c07a133e0431d9c1d70eb643f8378b2cc9e3a3ffda2ad39cb3f1b,1673168053,Qwen/Qwen3-Coder-30B-A3B-Instruct,chatcmpl-1789282571662,b44cb5e4849557b7b7cbd1a2158243cf5d2ad50c74a8d7a3650e06dac49f96b9
p03_game_2048_cpp,3,game_2048,cpp,8,src/Spawner.cpp,0538039766843d95a8cefa9a220a3bca4c3c30609bdafb983f6efa0d5a2438ad,RQ1/02_prompts/stage1/rendered/p03_game_2048/cpp/008__src__Spawner.cpp/user_prompt.txt,84ec4b3b0d0ac571299b887e3eaf9898c46a2e80b73378b953de3f5fcd13980d,RQ1/02_prompts/stage1/rendered/p03_game_2048/cpp/008__src__Spawner.cpp/input_context.json,fc76b6e93d56294c3a27be53a740671a9010c6c64d38f515e0ee44ce9f95178f,RQ1/02_prompts/stage1/rendered/p03_game_2048/cpp/008__src__Spawner.cpp/request_metadata.json,f822e69d7c5c07a133e0431d9c1d70eb643f8378b2cc9e3a3ffda2ad39cb3f1b,1673168053,Qwen/Qwen3-Coder-30B-A3B-Instruct,chatcmpl-1789282586499,9a4abe025c35ed3815fab3552dc4fc11cf207fd9ed73ff4930331fbfa2f5fa27
p03_game_2048_cpp,3,game_2048,cpp,9,src/Game.cpp,0538039766843d95a8cefa9a220a3bca4c3c30609bdafb983f6efa0d5a2438ad,RQ1/02_prompts/stage1/rendered/p03_game_2048/cpp/009__src__Game.cpp/user_prompt.txt,e82c436b158233a02f034997f6f7b6fc1cbc9a0e487ff2d3833ce24cc01d6703,RQ1/02_prompts/stage1/rendered/p03_game_2048/cpp/009__src__Game.cpp/input_context.json,a235278af4b247e848e25135355dda1ab8619be1f5048033bf4b97c53276586f,RQ1/02_prompts/stage1/rendered/p03_game_2048/cpp/009__src__Game.cpp/request_metadata.json,f822e69d7c5c07a133e0431d9c1d70eb643f8378b2cc9e3a3ffda2ad39cb3f1b,1673168053,Qwen/Qwen3-Coder-30B-A3B-Instruct,chatcmpl-1789282604762,2064efe40937295f090c1138a5a1075b0b5a852adfd90e7175f708909634f3b7
p03_game_2048_cpp,3,game_2048,cpp,10,src/Main.cpp,0538039766843d95a8cefa9a220a3bca4c3c30609bdafb983f6efa0d5a2438ad,RQ1/02_prompts/stage1/rendered/p03_game_2048/cpp/010__src__Main.cpp/user_prompt.txt,519c95b98b79f348fcb716da7c0ef21dbe6e35182f133d3016c7ca236bb122df,RQ1/02_prompts/stage1/rendered/p03_game_2048/cpp/010__src__Main.cpp/input_context.json,3c3b24fd9ad378d3a755d96a73a8972f755e6938aaf0f2a81d8214e9239cd72b,RQ1/02_prompts/stage1/rendered/p03_game_2048/cpp/010__src__Main.cpp/request_metadata.json,f822e69d7c5c07a133e0431d9c1d70eb643f8378b2cc9e3a3ffda2ad39cb3f1b,1673168053,Qwen/Qwen3-Coder-30B-A3B-Instruct,chatcmpl-1789282621386,0de3864f509068fb309d7d3c8743bb1302426009c3337e100ffa2dd6d01bd8eb
p03_game_2048_cpp,3,game_2048,cpp,11,tests/test_main.cpp,0538039766843d95a8cefa9a220a3bca4c3c30609bdafb983f6efa0d5a2438ad,RQ1/02_prompts/stage1/rendered/p03_game_2048/cpp/011__tests__test_main.cpp/user_prompt.txt,c78b17b5d8c384e34f3963b1f30f3a7a452655280bed169cc21a9ca91951a092,RQ1/02_prompts/stage1/rendered/p03_game_2048/cpp/011__tests__test_main.cpp/input_context.json,5b11e34213da84ff32bc00df9e1e69a50ce0cc3ffc7880aa5e6cff8f85e06411,RQ1/02_prompts/stage1/rendered/p03_game_2048/cpp/011__tests__test_main.cpp/request_metadata.json,f822e69d7c5c07a133e0431d9c1d70eb643f8378b2cc9e3a3ffda2ad39cb3f1b,1673168053,Qwen/Qwen3-Coder-30B-A3B-Instruct,chatcmpl-1789282698118,67ffdd27a60bc981b94be009a7ba2a810d84790c0866e5b930bfd3e487d0f004
p03_game_2048_java,3,game_2048,java,1,pom.xml,0538039766843d95a8cefa9a220a3bca4c3c30609bdafb983f6efa0d5a2438ad,RQ1/02_prompts/stage1/rendered/p03_game_2048/java/001__pom.xml/user_prompt.txt,50c259b1c23dfc219428b2fe9b671cca1b3b1fc2d51e938a7cd8cc56534b0706,RQ1/02_prompts/stage1/rendered/p03_game_2048/java/001__pom.xml/input_context.json,bb2f5417ea9ac0a6d829ac70bda5e76d894f44bf3bb2b7b6e66638c73cd58714,RQ1/02_prompts/stage1/rendered/p03_game_2048/java/001__pom.xml/request_metadata.json,f8f397b2e0ad180d5b702d1aea82987017d02c69b07953f0003c97b2407f41d3,887850646,Qwen/Qwen3-Coder-30B-A3B-Instruct,chatcmpl-1789300694188,75e1fedfa79c244a0fdb7f59da8589725667b8df41bae51147d56a51aa068476
p03_game_2048_java,3,game_2048,java,2,src/main/java/Direction.java,0538039766843d95a8cefa9a220a3bca4c3c30609bdafb983f6efa0d5a2438ad,RQ1/02_prompts/stage1/rendered/p03_game_2048/java/002__src__main__java__Direction.java/user_prompt.txt,1d820211864fbffc871cc70e3a069ecce1c2521510dd989c13cfc628eac58730,RQ1/02_prompts/stage1/rendered/p03_game_2048/java/002__src__main__java__Direction.java/input_context.json,0631a2c3f086a986cbcf18dd518a4e8a15475dcc4c679cf941891f82594fe5ae,RQ1/02_prompts/stage1/rendered/p03_game_2048/java/002__src__main__java__Direction.java/request_metadata.json,f8f397b2e0ad180d5b702d1aea82987017d02c69b07953f0003c97b2407f41d3,887850646,Qwen/Qwen3-Coder-30B-A3B-Instruct,chatcmpl-1789300698732,3759ce81d49cb4cdffaf05739c9abc7e01db7fcbbb357d01cf397a1858986a78
p03_game_2048_java,3,game_2048,java,3,src/main/java/GameStatus.java,0538039766843d95a8cefa9a220a3bca4c3c30609bdafb983f6efa0d5a2438ad,RQ1/02_prompts/stage1/rendered/p03_game_2048/java/003__src__main__java__GameStatus.java/user_prompt.txt,668b22a1c96b3270ab077b25e3647d27c24439d3908c41c656dd9ad63abaf2db,RQ1/02_prompts/stage1/rendered/p03_game_2048/java/003__src__main__java__GameStatus.java/input_context.json,5feb4b1e726f18dbcd6cadcec529983f8567df30c234774bfbc0ea305fcc4cab,RQ1/02_prompts/stage1/rendered/p03_game_2048/java/003__src__main__java__GameStatus.java/request_metadata.json,f8f397b2e0ad180d5b702d1aea82987017d02c69b07953f0003c97b2407f41d3,887850646,Qwen/Qwen3-Coder-30B-A3B-Instruct,chatcmpl-1789300707327,488e2bba79eb04a34ceae2008db7f105651fb8ba16f129656d6176bc5c1d5881
p03_game_2048_java,3,game_2048,java,4,src/main/java/MoveResult.java,0538039766843d95a8cefa9a220a3bca4c3c30609bdafb983f6efa0d5a2438ad,RQ1/02_prompts/stage1/rendered/p03_game_2048/java/004__src__main__java__MoveResult.java/user_prompt.txt,24ed563c05fcd3a5cc56e11c37b8c583747e298c8d37cd1ed54c7e2c1a54368c,RQ1/02_prompts/stage1/rendered/p03_game_2048/java/004__src__main__java__MoveResult.java/input_context.json,3bdbdc57633f866fa17fd48e978e08b6142ec73552c320e8dc147d8d85bc0134,RQ1/02_prompts/stage1/rendered/p03_game_2048/java/004__src__main__java__MoveResult.java/request_metadata.json,f8f397b2e0ad180d5b702d1aea82987017d02c69b07953f0003c97b2407f41d3,887850646,Qwen/Qwen3-Coder-30B-A3B-Instruct,chatcmpl-1789300726325,2255b54a398151a863c9acc7c2116fa81fe8091da1222181d6c83253e8cc327c
p03_game_2048_java,3,game_2048,java,5,src/main/java/Spawner.java,0538039766843d95a8cefa9a220a3bca4c3c30609bdafb983f6efa0d5a2438ad,RQ1/02_prompts/stage1/rendered/p03_game_2048/java/005__src__main__java__Spawner.java/user_prompt.txt,fe3e7292a7ab6675020981578ce2a39d3b51ea3e53e78117d28140f235fb3977,RQ1/02_prompts/stage1/rendered/p03_game_2048/java/005__src__main__java__Spawner.java/input_context.json,632f7726e6203d2973b017474d1ef7310ab269ebb0c318849475f8fc5ed5c14b,RQ1/02_prompts/stage1/rendered/p03_game_2048/java/005__src__main__java__Spawner.java/request_metadata.json,f8f397b2e0ad180d5b702d1aea82987017d02c69b07953f0003c97b2407f41d3,887850646,Qwen/Qwen3-Coder-30B-A3B-Instruct,chatcmpl-1789300734488,f1756a9c8830aa35971c427e7768054c9afafd45f6f41b3ca0ad0ac5db528a87
p03_game_2048_java,3,game_2048,java,6,src/main/java/Spawn.java,0538039766843d95a8cefa9a220a3bca4c3c30609bdafb983f6efa0d5a2438ad,RQ1/02_prompts/stage1/rendered/p03_game_2048/java/006__src__main__java__Spawn.java/user_prompt.txt,7bf6ed249e07d61e1615851d3cf3a3459e6ab61096360171f51ce4a17259d16e,RQ1/02_prompts/stage1/rendered/p03_game_2048/java/006__src__main__java__Spawn.java/input_context.json,3235e372f522896a488dacaff188ba6ca27e2efa2ed3ada98fd06bfc0ea77569,RQ1/02_prompts/stage1/rendered/p03_game_2048/java/006__src__main__java__Spawn.java/request_metadata.json,f8f397b2e0ad180d5b702d1aea82987017d02c69b07953f0003c97b2407f41d3,887850646,Qwen/Qwen3-Coder-30B-A3B-Instruct,chatcmpl-1789300767151,a1697d102abcb1efa53495832ecb4d95034d8e4255f6fdbcd97ca127d3114f99
p03_game_2048_java,3,game_2048,java,7,src/main/java/SequenceSpawner.java,0538039766843d95a8cefa9a220a3bca4c3c30609bdafb983f6efa0d5a2438ad,RQ1/02_prompts/stage1/rendered/p03_game_2048/java/007__src__main__java__SequenceSpawner.java/user_prompt.txt,14331fc27529ef41c5ab5e3ce7a654969c43ba5dff13c7c802a88232cf9763d9,RQ1/02_prompts/stage1/rendered/p03_game_2048/java/007__src__main__java__SequenceSpawner.java/input_context.json,d08203d2aee50c105d0b87432207067e8c5034306e72c8c7f8c91e2d2411fa3b,RQ1/02_prompts/stage1/rendered/p03_game_2048/java/007__src__main__java__SequenceSpawner.java/request_metadata.json,f8f397b2e0ad180d5b702d1aea82987017d02c69b07953f0003c97b2407f41d3,887850646,Qwen/Qwen3-Coder-30B-A3B-Instruct,chatcmpl-1789300826336,1f76bc623100848c54c1a7ab06c55ef1e02f6907fe4ab340d70fbfb3b25cf0f6
p03_game_2048_java,3,game_2048,java,8,src/main/java/Board.java,0538039766843d95a8cefa9a220a3bca4c3c30609bdafb983f6efa0d5a2438ad,RQ1/02_prompts/stage1/rendered/p03_game_2048/java/008__src__main__java__Board.java/user_prompt.txt,6c1ef470ba58a80a8714984340a0a4427ee9a8fb2a08e206112a5d6a0b33e3cb,RQ1/02_prompts/stage1/rendered/p03_game_2048/java/008__src__main__java__Board.java/input_context.json,d35fdd00920d9aebd5973a4d4384abbca42a549d29fdc6fe004cec82c068a7d9,RQ1/02_prompts/stage1/rendered/p03_game_2048/java/008__src__main__java__Board.java/request_metadata.json,f8f397b2e0ad180d5b702d1aea82987017d02c69b07953f0003c97b2407f41d3,887850646,Qwen/Qwen3-Coder-30B-A3B-Instruct,chatcmpl-1789300993922,43a02166a9261df33bcd2ec706eaf226442b139059fb955cda9fbe6885c1c161
p03_game_2048_java,3,game_2048,java,9,src/main/java/Game.java,0538039766843d95a8cefa9a220a3bca4c3c30609bdafb983f6efa0d5a2438ad,RQ1/02_prompts/stage1/rendered/p03_game_2048/java/009__src__main__java__Game.java/user_prompt.txt,2abe502684cc7249b46dfaed278466930c7310d428bfd3227f0170e3cd3ff0b8,RQ1/02_prompts/stage1/rendered/p03_game_2048/java/009__src__main__java__Game.java/input_context.json,6673e4d930ee323abc94ab3214a9330512ea6afccdd6072182bfcc29a60995cc,RQ1/02_prompts/stage1/rendered/p03_game_2048/java/009__src__main__java__Game.java/request_metadata.json,f8f397b2e0ad180d5b702d1aea82987017d02c69b07953f0003c97b2407f41d3,887850646,Qwen/Qwen3-Coder-30B-A3B-Instruct,chatcmpl-1789301045196,944c08709deb03b696ae139e261bdc11836d0a84f7dc67051729094f6e614a78
p03_game_2048_java,3,game_2048,java,10,src/main/java/Main.java,0538039766843d95a8cefa9a220a3bca4c3c30609bdafb983f6efa0d5a2438ad,RQ1/02_prompts/stage1/rendered/p03_game_2048/java/010__src__main__java__Main.java/user_prompt.txt,e65ff1b54542219d3e3427356f78b991c7541988f853fbc29d219b5f143661d7,RQ1/02_prompts/stage1/rendered/p03_game_2048/java/010__src__main__java__Main.java/input_context.json,8cc74af3e79281557e044279273b910c5eda282bd2271d2b382b1e902136e905,RQ1/02_prompts/stage1/rendered/p03_game_2048/java/010__src__main__java__Main.java/request_metadata.json,f8f397b2e0ad180d5b702d1aea82987017d02c69b07953f0003c97b2407f41d3,887850646,Qwen/Qwen3-Coder-30B-A3B-Instruct,chatcmpl-1789301073774,fc8576a25979f34a93bf4ed67333004a5e135b89c95bb3aea64d728152b69bb0
p03_game_2048_java,3,game_2048,java,11,src/test/java/MainTest.java,0538039766843d95a8cefa9a220a3bca4c3c30609bdafb983f6efa0d5a2438ad,RQ1/02_prompts/stage1/rendered/p03_game_2048/java/011__src__test__java__MainTest.java/user_prompt.txt,72aa0a8dbac5c31f436220cba299af2636f43e9e1991407402443f5acd63e6ee,RQ1/02_prompts/stage1/rendered/p03_game_2048/java/011__src__test__java__MainTest.java/input_context.json,fb5079dd97b40a63082280a51a7d663c59afb00bdc03a7acea58021a7a8fbf85,RQ1/02_prompts/stage1/rendered/p03_game_2048/java/011__src__test__java__MainTest.java/request_metadata.json,f8f397b2e0ad180d5b702d1aea82987017d02c69b07953f0003c97b2407f41d3,887850646,Qwen/Qwen3-Coder-30B-A3B-Instruct,chatcmpl-1789301105784,5cdb795f28a70ba6255bcfaed1318671c74ec0b864923d10983750e6c88ce8bd
p03_game_2048_python,3,game_2048,python,1,requirements.txt,0538039766843d95a8cefa9a220a3bca4c3c30609bdafb983f6efa0d5a2438ad,RQ1/02_prompts/stage1/rendered/p03_game_2048/python/001__requirements.txt/user_prompt.txt,952579d2553c36eb5206e5a6e3bbad915bb34cdab2552e78bb1aeab93c9a7361,RQ1/02_prompts/stage1/rendered/p03_game_2048/python/001__requirements.txt/input_context.json,7c11f5d63f9d9c300e7b1f360138f916a6eaa04d04d61099ba02875866b1054b,RQ1/02_prompts/stage1/rendered/p03_game_2048/python/001__requirements.txt/request_metadata.json,dc0c4677df912f39dc9ab08d5364a3fc7e9f333e50bc4b33b4f3a0ad8589577a,100489887,Qwen/Qwen3-Coder-30B-A3B-Instruct,chatcmpl-1789314587929,6c74642dd46209e51ec26fba22a4179eff5cb1acf9ee7f92ebad8b709588ba97
p03_game_2048_python,3,game_2048,python,2,twenty48/types.py,0538039766843d95a8cefa9a220a3bca4c3c30609bdafb983f6efa0d5a2438ad,RQ1/02_prompts/stage1/rendered/p03_game_2048/python/002__twenty48__types.py/user_prompt.txt,53b5dc558416cd9520b1478c41e7fe9308614bc909c2b05628b4104e8b05c3c0,RQ1/02_prompts/stage1/rendered/p03_game_2048/python/002__twenty48__types.py/input_context.json,dec222bd539fcddb06bd45f8ceca4d740025ee0ceb4dc4af2d25b35478ce9d12,RQ1/02_prompts/stage1/rendered/p03_game_2048/python/002__twenty48__types.py/request_metadata.json,dc0c4677df912f39dc9ab08d5364a3fc7e9f333e50bc4b33b4f3a0ad8589577a,100489887,Qwen/Qwen3-Coder-30B-A3B-Instruct,chatcmpl-1789314595598,ee68648a3244f2eb32d84ab044938addf0a254316505c8906d1c5bb91c4f5f34
p03_game_2048_python,3,game_2048,python,3,twenty48/move.py,0538039766843d95a8cefa9a220a3bca4c3c30609bdafb983f6efa0d5a2438ad,RQ1/02_prompts/stage1/rendered/p03_game_2048/python/003__twenty48__move.py/user_prompt.txt,80a422e20169a96e0ff3a7bbe0ca34e3e490e4789580df87aa27439b8548ac6a,RQ1/02_prompts/stage1/rendered/p03_game_2048/python/003__twenty48__move.py/input_context.json,cf753eecefaa54b3a09e8b84bcedf5b3ed1eaef1226c8120d453a58ac5cd23a8,RQ1/02_prompts/stage1/rendered/p03_game_2048/python/003__twenty48__move.py/request_metadata.json,dc0c4677df912f39dc9ab08d5364a3fc7e9f333e50bc4b33b4f3a0ad8589577a,100489887,Qwen/Qwen3-Coder-30B-A3B-Instruct,chatcmpl-1789314622436,efc091fb43335aa270fbb8f5b0067b3c450bf97ede8cc5e3e8e65821759f5941
p03_game_2048_python,3,game_2048,python,4,twenty48/board.py,0538039766843d95a8cefa9a220a3bca4c3c30609bdafb983f6efa0d5a2438ad,RQ1/02_prompts/stage1/rendered/p03_game_2048/python/004__twenty48__board.py/user_prompt.txt,916ffbb77c6e9bdc356eaeb349d6601cf629772a70e01ae9bf3de79ec00869ac,RQ1/02_prompts/stage1/rendered/p03_game_2048/python/004__twenty48__board.py/input_context.json,f1d370429a0b63f94da50a1c0e5fa6f5809e861c179f5915a5200f0b0ec6cd17,RQ1/02_prompts/stage1/rendered/p03_game_2048/python/004__twenty48__board.py/request_metadata.json,dc0c4677df912f39dc9ab08d5364a3fc7e9f333e50bc4b33b4f3a0ad8589577a,100489887,Qwen/Qwen3-Coder-30B-A3B-Instruct,chatcmpl-1789314708304,40629fa1f01f1520c331c205f69321dcc672ed6c9eb9ec926f7fe89d79a0dc1a
p03_game_2048_python,3,game_2048,python,5,twenty48/game.py,0538039766843d95a8cefa9a220a3bca4c3c30609bdafb983f6efa0d5a2438ad,RQ1/02_prompts/stage1/rendered/p03_game_2048/python/005__twenty48__game.py/user_prompt.txt,7c0cdeaaf07551f8e96b6655b1c750444fbf85bdd3a32c3904de18d7d4b9b5b7,RQ1/02_prompts/stage1/rendered/p03_game_2048/python/005__twenty48__game.py/input_context.json,12cdaa7a7e49dae9825523a6cb2855ae5bed3f9fd147bdd41827eb3b973d030d,RQ1/02_prompts/stage1/rendered/p03_game_2048/python/005__twenty48__game.py/request_metadata.json,dc0c4677df912f39dc9ab08d5364a3fc7e9f333e50bc4b33b4f3a0ad8589577a,100489887,Qwen/Qwen3-Coder-30B-A3B-Instruct,chatcmpl-1789314743359,a53b8922270195dacd58126e2c2a836a0e6edd1cbe6d2823e8a068e091221574
p03_game_2048_python,3,game_2048,python,6,twenty48/__init__.py,0538039766843d95a8cefa9a220a3bca4c3c30609bdafb983f6efa0d5a2438ad,RQ1/02_prompts/stage1/rendered/p03_game_2048/python/006__twenty48____init__.py/user_prompt.txt,5de536cf663334216b46c0a5410c9977fedd9bcfeae60e3b09d1dbd8a1ccf5b9,RQ1/02_prompts/stage1/rendered/p03_game_2048/python/006__twenty48____init__.py/input_context.json,adaacd8b72280155e19009db903058ce60d9914053b807e28859051df0bb50ad,RQ1/02_prompts/stage1/rendered/p03_game_2048/python/006__twenty48____init__.py/request_metadata.json,dc0c4677df912f39dc9ab08d5364a3fc7e9f333e50bc4b33b4f3a0ad8589577a,100489887,Qwen/Qwen3-Coder-30B-A3B-Instruct,chatcmpl-1789314749066,670590484b75705cdbe45a8d18a74090449c795e2de8ba91786b754b94156300
p03_game_2048_python,3,game_2048,python,7,Main.py,0538039766843d95a8cefa9a220a3bca4c3c30609bdafb983f6efa0d5a2438ad,RQ1/02_prompts/stage1/rendered/p03_game_2048/python/007__Main.py/user_prompt.txt,cd54bacfa2d9f90ee927bbb379324df7bb4e2f837281bbad1b5208e96910e5ed,RQ1/02_prompts/stage1/rendered/p03_game_2048/python/007__Main.py/input_context.json,63e06b6166a12fa9fe1523d0415bf8bcc0a3509923abf65846a78be779f26aeb,RQ1/02_prompts/stage1/rendered/p03_game_2048/python/007__Main.py/request_metadata.json,dc0c4677df912f39dc9ab08d5364a3fc7e9f333e50bc4b33b4f3a0ad8589577a,100489887,Qwen/Qwen3-Coder-30B-A3B-Instruct,chatcmpl-1789314770387,3c690bbb1148e713d821a8a64abfd719e9f91973f4f3c443dbb05447d1ba596c
p03_game_2048_python,3,game_2048,python,8,tests/test_main.py,0538039766843d95a8cefa9a220a3bca4c3c30609bdafb983f6efa0d5a2438ad,RQ1/02_prompts/stage1/rendered/p03_game_2048/python/008__tests__test_main.py/user_prompt.txt,2055e715ba8e019fcba348af984922ee16206d3d6cca811c685bb2eb10b07c24,RQ1/02_prompts/stage1/rendered/p03_game_2048/python/008__tests__test_main.py/input_context.json,933bf55d586f98b4f42213cab70fa4ddc8e5f28c339a8f6b4a4f629dd1a9e2ef,RQ1/02_prompts/stage1/rendered/p03_game_2048/python/008__tests__test_main.py/request_metadata.json,dc0c4677df912f39dc9ab08d5364a3fc7e9f333e50bc4b33b4f3a0ad8589577a,100489887,Qwen/Qwen3-Coder-30B-A3B-Instruct,chatcmpl-1789314828105,988e8953712113614b1db8a390d38aa843c7ad5cacb25ca440860244350aeffe
p04_caro_game_cpp,4,caro_game,cpp,1,CMakeLists.txt,0538039766843d95a8cefa9a220a3bca4c3c30609bdafb983f6efa0d5a2438ad,RQ1/02_prompts/stage1/rendered/p04_caro_game/cpp/001__CMakeLists.txt/user_prompt.txt,c62e23d3c3950d57e3c1948bd2e86c31ae76bc750c87590f66423b91568dc5c7,RQ1/02_prompts/stage1/rendered/p04_caro_game/cpp/001__CMakeLists.txt/input_context.json,4d78be6552f9f4b3b70a5cd84f28c67fc326cd8afda2f521dd2e8c033453201b,RQ1/02_prompts/stage1/rendered/p04_caro_game/cpp/001__CMakeLists.txt/request_metadata.json,fd330e36d71a5ce72db57a15088c1b3196b620a3efb3f93baf9314a424c5925f,1922813371,Qwen/Qwen3-Coder-30B-A3B-Instruct,chatcmpl-1789303243627,76b5f9a37d36d5c1efb9839e49ff0b7ee642dd0db25aee5c35669a8a59302ca4
p04_caro_game_cpp,4,caro_game,cpp,2,include/Common.h,0538039766843d95a8cefa9a220a3bca4c3c30609bdafb983f6efa0d5a2438ad,RQ1/02_prompts/stage1/rendered/p04_caro_game/cpp/002__include__Common.h/user_prompt.txt,781b0324b1fe54e3f3b560674e4439387d1946ce93d7196ee5e0fbb6c24a32ff,RQ1/02_prompts/stage1/rendered/p04_caro_game/cpp/002__include__Common.h/input_context.json,5faf0330df177f01d976636763c1522824725602496acc94b67e8ec70689eaca,RQ1/02_prompts/stage1/rendered/p04_caro_game/cpp/002__include__Common.h/request_metadata.json,fd330e36d71a5ce72db57a15088c1b3196b620a3efb3f93baf9314a424c5925f,1922813371,Qwen/Qwen3-Coder-30B-A3B-Instruct,chatcmpl-1789303261038,6a4e12a7b9429f6a1260f614c5b5b4d2479b2715ea813e4be6b68d9fb8935fbe
p04_caro_game_cpp,4,caro_game,cpp,3,include/Board.h,0538039766843d95a8cefa9a220a3bca4c3c30609bdafb983f6efa0d5a2438ad,RQ1/02_prompts/stage1/rendered/p04_caro_game/cpp/003__include__Board.h/user_prompt.txt,b0b767ba25fd3b2ce400b3fe164799263c23f89271f2fc6f0d4e8fd967ae931b,RQ1/02_prompts/stage1/rendered/p04_caro_game/cpp/003__include__Board.h/input_context.json,e798f99e144228e756b4f74e42e2f1d12734df0fb3f0e8546bbffee10e53e755,RQ1/02_prompts/stage1/rendered/p04_caro_game/cpp/003__include__Board.h/request_metadata.json,fd330e36d71a5ce72db57a15088c1b3196b620a3efb3f93baf9314a424c5925f,1922813371,Qwen/Qwen3-Coder-30B-A3B-Instruct,chatcmpl-1789303300690,7ee75300fc0acc19fad06de2e83f79992613556b3ee37eea4e21b954f9500906
p04_caro_game_cpp,4,caro_game,cpp,4,include/Move.h,0538039766843d95a8cefa9a220a3bca4c3c30609bdafb983f6efa0d5a2438ad,RQ1/02_prompts/stage1/rendered/p04_caro_game/cpp/004__include__Move.h/user_prompt.txt,1c16f0174fa9f4d1ec75b8303b170fb144a0e6b3293f66add3cd844bef0b450d,RQ1/02_prompts/stage1/rendered/p04_caro_game/cpp/004__include__Move.h/input_context.json,cdebe0ec759d3aa4d58f033bf5a7807e2f7b20fef8e7f4945fa9e492c65d4de7,RQ1/02_prompts/stage1/rendered/p04_caro_game/cpp/004__include__Move.h/request_metadata.json,fd330e36d71a5ce72db57a15088c1b3196b620a3efb3f93baf9314a424c5925f,1922813371,Qwen/Qwen3-Coder-30B-A3B-Instruct,chatcmpl-1789303317104,9ed581abb34b6825ce4f155613709728d2c39432ecb01431206a0ff6b1b64198
p04_caro_game_cpp,4,caro_game,cpp,5,include/MoveHistory.h,0538039766843d95a8cefa9a220a3bca4c3c30609bdafb983f6efa0d5a2438ad,RQ1/02_prompts/stage1/rendered/p04_caro_game/cpp/005__include__MoveHistory.h/user_prompt.txt,a41500cf7b0a7b49f1843a9beaa81f8ab7382cec131d9eadc17e257d24902ac6,RQ1/02_prompts/stage1/rendered/p04_caro_game/cpp/005__include__MoveHistory.h/input_context.json,b74204425f032ba9701603f0effb445779ea0e6c5fe1dffe97760151a9c0e4da,RQ1/02_prompts/stage1/rendered/p04_caro_game/cpp/005__include__MoveHistory.h/request_metadata.json,fd330e36d71a5ce72db57a15088c1b3196b620a3efb3f93baf9314a424c5925f,1922813371,Qwen/Qwen3-Coder-30B-A3B-Instruct,chatcmpl-1789303340209,ffb66efb1c6f8c469180d874a7a13e5dbd9d9e3aa7246295c1194d0b18cc6fe5
p04_caro_game_cpp,4,caro_game,cpp,6,include/WinDetector.h,0538039766843d95a8cefa9a220a3bca4c3c30609bdafb983f6efa0d5a2438ad,RQ1/02_prompts/stage1/rendered/p04_caro_game/cpp/006__include__WinDetector.h/user_prompt.txt,b2f9f5f8bf1c70a1f39dc6dc22b376f571af999c95d2be6181661117e8168800,RQ1/02_prompts/stage1/rendered/p04_caro_game/cpp/006__include__WinDetector.h/input_context.json,ce78c61a0e4601fec9a66287213f9329b8eba07c52eb296e76507780c821528b,RQ1/02_prompts/stage1/rendered/p04_caro_game/cpp/006__include__WinDetector.h/request_metadata.json,fd330e36d71a5ce72db57a15088c1b3196b620a3efb3f93baf9314a424c5925f,1922813371,Qwen/Qwen3-Coder-30B-A3B-Instruct,chatcmpl-1789303369981,735c893af14587ad9c310550157cd106013fc9b5f3cf63c77205cee4ccaa8363
p04_caro_game_cpp,4,caro_game,cpp,7,include/GameEngine.h,0538039766843d95a8cefa9a220a3bca4c3c30609bdafb983f6efa0d5a2438ad,RQ1/02_prompts/stage1/rendered/p04_caro_game/cpp/007__include__GameEngine.h/user_prompt.txt,04b1b24830938550b39855811954c37a917cfa584f9ae6f143ffbebbcc0f9cf6,RQ1/02_prompts/stage1/rendered/p04_caro_game/cpp/007__include__GameEngine.h/input_context.json,531baaf847665a17af75ff5a14e89fd51a09e73ea6dfd04e70bbfa66c09ff258,RQ1/02_prompts/stage1/rendered/p04_caro_game/cpp/007__include__GameEngine.h/request_metadata.json,fd330e36d71a5ce72db57a15088c1b3196b620a3efb3f93baf9314a424c5925f,1922813371,Qwen/Qwen3-Coder-30B-A3B-Instruct,chatcmpl-1789303407044,b418613a039b8353a7e4ebdb15a246e23dd7b7b22557c3e03714b0c5317b7063
p04_caro_game_cpp,4,caro_game,cpp,8,src/Board.cpp,0538039766843d95a8cefa9a220a3bca4c3c30609bdafb983f6efa0d5a2438ad,RQ1/02_prompts/stage1/rendered/p04_caro_game/cpp/008__src__Board.cpp/user_prompt.txt,ce186180dd25b707d6f0650a8cd759d4d7d3621e54a1b13b30e47323237d7427,RQ1/02_prompts/stage1/rendered/p04_caro_game/cpp/008__src__Board.cpp/input_context.json,28b2ebae92d8078fa0e0c101b293fa3de0c1998f80141bcf5c8e2cc5ac73560c,RQ1/02_prompts/stage1/rendered/p04_caro_game/cpp/008__src__Board.cpp/request_metadata.json,fd330e36d71a5ce72db57a15088c1b3196b620a3efb3f93baf9314a424c5925f,1922813371,Qwen/Qwen3-Coder-30B-A3B-Instruct,chatcmpl-1789303428736,47c967cae6fd54808079c240266b7198b200f7077b3372fe690cafa913c97fe7
p04_caro_game_cpp,4,caro_game,cpp,9,src/Move.cpp,0538039766843d95a8cefa9a220a3bca4c3c30609bdafb983f6efa0d5a2438ad,RQ1/02_prompts/stage1/rendered/p04_caro_game/cpp/009__src__Move.cpp/user_prompt.txt,ff91a5b94586a31308f54f54c81792f2cea388267f5d568216f3b629741653a7,RQ1/02_prompts/stage1/rendered/p04_caro_game/cpp/009__src__Move.cpp/input_context.json,1cf15e5b0d8bc8e510c1e50957fa62468e88fe865b37b3b314da361988a7bdfc,RQ1/02_prompts/stage1/rendered/p04_caro_game/cpp/009__src__Move.cpp/request_metadata.json,fd330e36d71a5ce72db57a15088c1b3196b620a3efb3f93baf9314a424c5925f,1922813371,Qwen/Qwen3-Coder-30B-A3B-Instruct,chatcmpl-1789303436036,9c3663fd89c3f6bed84bc5187091258c33f51fa046c7788c0f2b04b2a14b004b
p04_caro_game_cpp,4,caro_game,cpp,10,src/MoveHistory.cpp,0538039766843d95a8cefa9a220a3bca4c3c30609bdafb983f6efa0d5a2438ad,RQ1/02_prompts/stage1/rendered/p04_caro_game/cpp/010__src__MoveHistory.cpp/user_prompt.txt,190b6578f4c431dbc752ae0a91c7ff21154858d61885af7b9df0e3af04ebd497,RQ1/02_prompts/stage1/rendered/p04_caro_game/cpp/010__src__MoveHistory.cpp/input_context.json,2ce381b9e12a7f7a22c05abec766b43a0b206890670700f0ac9f31dda7ffc927,RQ1/02_prompts/stage1/rendered/p04_caro_game/cpp/010__src__MoveHistory.cpp/request_metadata.json,fd330e36d71a5ce72db57a15088c1b3196b620a3efb3f93baf9314a424c5925f,1922813371,Qwen/Qwen3-Coder-30B-A3B-Instruct,chatcmpl-1789303446538,1da27413a0717198c52dd38f034d67ae9b70cfffc4bf1ed78eed670b069fe026
p04_caro_game_cpp,4,caro_game,cpp,11,src/WinDetector.cpp,0538039766843d95a8cefa9a220a3bca4c3c30609bdafb983f6efa0d5a2438ad,RQ1/02_prompts/stage1/rendered/p04_caro_game/cpp/011__src__WinDetector.cpp/user_prompt.txt,6668a5463dd32e37972a2d38be4a0c029c1964d9a2b94bfef62d320e2936e66c,RQ1/02_prompts/stage1/rendered/p04_caro_game/cpp/011__src__WinDetector.cpp/input_context.json,0fa204779a3fe237a8b1981b701c1b1415d7d372f653f04ca9d7cca085b897d5,RQ1/02_prompts/stage1/rendered/p04_caro_game/cpp/011__src__WinDetector.cpp/request_metadata.json,fd330e36d71a5ce72db57a15088c1b3196b620a3efb3f93baf9314a424c5925f,1922813371,Qwen/Qwen3-Coder-30B-A3B-Instruct,chatcmpl-1789303480420,01acaa7c5dd177f30585f5b6c558e18688e917cc5b465c7ad745e28f51d7b7b8
p04_caro_game_cpp,4,caro_game,cpp,12,src/GameEngine.cpp,0538039766843d95a8cefa9a220a3bca4c3c30609bdafb983f6efa0d5a2438ad,RQ1/02_prompts/stage1/rendered/p04_caro_game/cpp/012__src__GameEngine.cpp/user_prompt.txt,dd5d82556a110ff0cbd9b217a9c74ecc63a9c1552a5300650fc9081a839f76e0,RQ1/02_prompts/stage1/rendered/p04_caro_game/cpp/012__src__GameEngine.cpp/input_context.json,b82a782035399f0cd01de17bfc989c8081851e07b23674b694376db6b08f1aa5,RQ1/02_prompts/stage1/rendered/p04_caro_game/cpp/012__src__GameEngine.cpp/request_metadata.json,fd330e36d71a5ce72db57a15088c1b3196b620a3efb3f93baf9314a424c5925f,1922813371,Qwen/Qwen3-Coder-30B-A3B-Instruct,chatcmpl-1789303510465,42e0996e3fb5b7527d4f0d9986491cabc16313c9e327cea9d3c7036d25abe043
p04_caro_game_cpp,4,caro_game,cpp,13,src/Main.cpp,0538039766843d95a8cefa9a220a3bca4c3c30609bdafb983f6efa0d5a2438ad,RQ1/02_prompts/stage1/rendered/p04_caro_game/cpp/013__src__Main.cpp/user_prompt.txt,59d7a7d99042cfecdf153c0343c54189fd4a76742da189aa57e1ba1702998feb,RQ1/02_prompts/stage1/rendered/p04_caro_game/cpp/013__src__Main.cpp/input_context.json,dd71d8b9666e39e44245e536bcf70adbe54cb5d110f5023472eb753647a3d193,RQ1/02_prompts/stage1/rendered/p04_caro_game/cpp/013__src__Main.cpp/request_metadata.json,fd330e36d71a5ce72db57a15088c1b3196b620a3efb3f93baf9314a424c5925f,1922813371,Qwen/Qwen3-Coder-30B-A3B-Instruct,chatcmpl-1789303564161,60a09138b63c544ef127263ddd8f9f874feb5d05c10763bf63c8554122a63f08
p04_caro_game_cpp,4,caro_game,cpp,14,tests/test_main.cpp,0538039766843d95a8cefa9a220a3bca4c3c30609bdafb983f6efa0d5a2438ad,RQ1/02_prompts/stage1/rendered/p04_caro_game/cpp/014__tests__test_main.cpp/user_prompt.txt,a92b3b903c56c86de652e6efe86408411ab050bc4a09da30dd3531e65b9c48e6,RQ1/02_prompts/stage1/rendered/p04_caro_game/cpp/014__tests__test_main.cpp/input_context.json,ad0186f7b7801bf906bfd0bb252077876565b3128d33451d0f1e0efa96ca15d7,RQ1/02_prompts/stage1/rendered/p04_caro_game/cpp/014__tests__test_main.cpp/request_metadata.json,fd330e36d71a5ce72db57a15088c1b3196b620a3efb3f93baf9314a424c5925f,1922813371,Qwen/Qwen3-Coder-30B-A3B-Instruct,chatcmpl-1789303659064,4c3f63f9c6907447bf184b08be59d7916324463ef87a3749a33754b111a623ab
p04_caro_game_java,4,caro_game,java,1,pom.xml,0538039766843d95a8cefa9a220a3bca4c3c30609bdafb983f6efa0d5a2438ad,RQ1/02_prompts/stage1/rendered/p04_caro_game/java/001__pom.xml/user_prompt.txt,4a32a33b6d9a23d9a73c78ea46896adc2e8fda51911cce69c0b1c533af8bf594,RQ1/02_prompts/stage1/rendered/p04_caro_game/java/001__pom.xml/input_context.json,a672ed62a1ceeaf1128d36292b4140fdf8f2cebb3ca561246899dc8101a56490,RQ1/02_prompts/stage1/rendered/p04_caro_game/java/001__pom.xml/request_metadata.json,7277a4988d707a85f7f7fd80ba9d050f787d023d3c2b541ea6d7774281cc43d7,3365300451,Qwen/Qwen3-Coder-30B-A3B-Instruct,chatcmpl-1789318280651,4fbe9d69d7a48ce1cda696fd7965369e6a99cbb8ae39f5b2c70db8ae88ce7c6b
p04_caro_game_java,4,caro_game,java,2,src/main/java/Player.java,0538039766843d95a8cefa9a220a3bca4c3c30609bdafb983f6efa0d5a2438ad,RQ1/02_prompts/stage1/rendered/p04_caro_game/java/002__src__main__java__Player.java/user_prompt.txt,cb8e48596e0ac482a31dce32abddbbdb0cc1f33452d671dbdb77f6e73669b438,RQ1/02_prompts/stage1/rendered/p04_caro_game/java/002__src__main__java__Player.java/input_context.json,987696b7bf1cc6c0717c3be94595efdaf180a88ce5a235ef6645571e6d2b922a,RQ1/02_prompts/stage1/rendered/p04_caro_game/java/002__src__main__java__Player.java/request_metadata.json,7277a4988d707a85f7f7fd80ba9d050f787d023d3c2b541ea6d7774281cc43d7,3365300451,Qwen/Qwen3-Coder-30B-A3B-Instruct,chatcmpl-1789318292009,8f0426d6b5011d2ad18b00a1bfaa2fc0124ab77aaa8b37e1be5ebac3506e3c01
p04_caro_game_java,4,caro_game,java,3,src/main/java/Move.java,0538039766843d95a8cefa9a220a3bca4c3c30609bdafb983f6efa0d5a2438ad,RQ1/02_prompts/stage1/rendered/p04_caro_game/java/003__src__main__java__Move.java/user_prompt.txt,45707f45848af0d1a54cebdee7e3be244b4a7958c0e6e24af4812483f1cbef85,RQ1/02_prompts/stage1/rendered/p04_caro_game/java/003__src__main__java__Move.java/input_context.json,b6ac64a1658a1ef5ac0414c7be02d86f841b48b999d926b2a60fd20bc58e8438,RQ1/02_prompts/stage1/rendered/p04_caro_game/java/003__src__main__java__Move.java/request_metadata.json,7277a4988d707a85f7f7fd80ba9d050f787d023d3c2b541ea6d7774281cc43d7,3365300451,Qwen/Qwen3-Coder-30B-A3B-Instruct,chatcmpl-1789318332619,c1d2b1d84b3e30376c6002b67ac154b94c83d392abc671459d94c660c06af36d
p04_caro_game_java,4,caro_game,java,4,src/main/java/GameState.java,0538039766843d95a8cefa9a220a3bca4c3c30609bdafb983f6efa0d5a2438ad,RQ1/02_prompts/stage1/rendered/p04_caro_game/java/004__src__main__java__GameState.java/user_prompt.txt,55504471729455d7b1c8dd8aad7fc7aa76adf85c658a9e0db879b36b345ebef2,RQ1/02_prompts/stage1/rendered/p04_caro_game/java/004__src__main__java__GameState.java/input_context.json,fda7f4c9b8609696908d41ce6a19d149fd1a9ddcd9f0c32cff2fe8bc073715e6,RQ1/02_prompts/stage1/rendered/p04_caro_game/java/004__src__main__java__GameState.java/request_metadata.json,7277a4988d707a85f7f7fd80ba9d050f787d023d3c2b541ea6d7774281cc43d7,3365300451,Qwen/Qwen3-Coder-30B-A3B-Instruct,chatcmpl-1789318375024,49c98a245d0bcdc3764e8ff6f8c34b1039e695b8b19915ea5509b30ffd6134e8
p04_caro_game_java,4,caro_game,java,5,src/main/java/Board.java,0538039766843d95a8cefa9a220a3bca4c3c30609bdafb983f6efa0d5a2438ad,RQ1/02_prompts/stage1/rendered/p04_caro_game/java/005__src__main__java__Board.java/user_prompt.txt,7bcd078c77df2075c73933f93bf5fd0ed70a7d9e024907127dca91a39cc9bdf3,RQ1/02_prompts/stage1/rendered/p04_caro_game/java/005__src__main__java__Board.java/input_context.json,2dcab5aee2656a23699352ea5b8dc8670c6e5f07263a495e9d8af5823d007d45,RQ1/02_prompts/stage1/rendered/p04_caro_game/java/005__src__main__java__Board.java/request_metadata.json,7277a4988d707a85f7f7fd80ba9d050f787d023d3c2b541ea6d7774281cc43d7,3365300451,Qwen/Qwen3-Coder-30B-A3B-Instruct,chatcmpl-1789318431003,e89e3869709f805841a6220dcc6ea330e0ece0929886fff6acc36cf0d6715d1f
p04_caro_game_java,4,caro_game,java,6,src/main/java/WinDetector.java,0538039766843d95a8cefa9a220a3bca4c3c30609bdafb983f6efa0d5a2438ad,RQ1/02_prompts/stage1/rendered/p04_caro_game/java/006__src__main__java__WinDetector.java/user_prompt.txt,32df0c639f66f5e6413e10999176b7c900148d9d96645be802e57868746ca3c4,RQ1/02_prompts/stage1/rendered/p04_caro_game/java/006__src__main__java__WinDetector.java/input_context.json,2da16cdf6aeba32c437be8ea7037741a8e1e2087684cd81ad7d400663ebf5f8b,RQ1/02_prompts/stage1/rendered/p04_caro_game/java/006__src__main__java__WinDetector.java/request_metadata.json,7277a4988d707a85f7f7fd80ba9d050f787d023d3c2b541ea6d7774281cc43d7,3365300451,Qwen/Qwen3-Coder-30B-A3B-Instruct,chatcmpl-1789318462113,d402618b0b1216568f72841093ffd30327d44ac2d3ac2d1c6644581215f83cac
p04_caro_game_java,4,caro_game,java,7,src/main/java/Game.java,0538039766843d95a8cefa9a220a3bca4c3c30609bdafb983f6efa0d5a2438ad,RQ1/02_prompts/stage1/rendered/p04_caro_game/java/007__src__main__java__Game.java/user_prompt.txt,9a2f5b67cbe03260f1cc44289579ebc70d20c052b8a0bf38ff1aed78e9026196,RQ1/02_prompts/stage1/rendered/p04_caro_game/java/007__src__main__java__Game.java/input_context.json,63310578965f4ad4d363d8ead74d0d903284f47ef49c76bcfb93b3b7fef278c2,RQ1/02_prompts/stage1/rendered/p04_caro_game/java/007__src__main__java__Game.java/request_metadata.json,7277a4988d707a85f7f7fd80ba9d050f787d023d3c2b541ea6d7774281cc43d7,3365300451,Qwen/Qwen3-Coder-30B-A3B-Instruct,chatcmpl-1789318537907,e10311a4149da7e513ed3a479962317ce36dc16f0b8732286dff9a793435e8be
p04_caro_game_java,4,caro_game,java,8,src/main/java/Main.java,0538039766843d95a8cefa9a220a3bca4c3c30609bdafb983f6efa0d5a2438ad,RQ1/02_prompts/stage1/rendered/p04_caro_game/java/008__src__main__java__Main.java/user_prompt.txt,ebb2c171d13c14a65a0914d65416f17d66cef94df52513755918459c19d9ccf6,RQ1/02_prompts/stage1/rendered/p04_caro_game/java/008__src__main__java__Main.java/input_context.json,f7babd27f8b08a4f659ef89e78edf0521a722762c236a7fee9cf3e02df4d68ca,RQ1/02_prompts/stage1/rendered/p04_caro_game/java/008__src__main__java__Main.java/request_metadata.json,7277a4988d707a85f7f7fd80ba9d050f787d023d3c2b541ea6d7774281cc43d7,3365300451,Qwen/Qwen3-Coder-30B-A3B-Instruct,chatcmpl-1789318552076,3722db46aaca4e47c0dc94cfcab82ea948e466bc6035b581a723cfc9593ead31
p04_caro_game_java,4,caro_game,java,9,src/test/java/MainTest.java,0538039766843d95a8cefa9a220a3bca4c3c30609bdafb983f6efa0d5a2438ad,RQ1/02_prompts/stage1/rendered/p04_caro_game/java/009__src__test__java__MainTest.java/user_prompt.txt,90089bee9ac61f6692e0111f1204245ed39d53c8051fc64b664d870dc81c9157,RQ1/02_prompts/stage1/rendered/p04_caro_game/java/009__src__test__java__MainTest.java/input_context.json,b08ef45e83812196c58df31f23fbd45864233ead44f9bb39cb01c0c19d61fa52,RQ1/02_prompts/stage1/rendered/p04_caro_game/java/009__src__test__java__MainTest.java/request_metadata.json,7277a4988d707a85f7f7fd80ba9d050f787d023d3c2b541ea6d7774281cc43d7,3365300451,Qwen/Qwen3-Coder-30B-A3B-Instruct,chatcmpl-1789318617873,2e58a9e77c484eb31b803b643282f39fa6a4288b1bb7ead8c2ed002a43a7fc0e
p04_caro_game_python,4,caro_game,python,1,requirements.txt,0538039766843d95a8cefa9a220a3bca4c3c30609bdafb983f6efa0d5a2438ad,RQ1/02_prompts/stage1/rendered/p04_caro_game/python/001__requirements.txt/user_prompt.txt,6ba486c9a44fde8e80218615d10c884d2bdb6478ab2b457108fca11cacadf987,RQ1/02_prompts/stage1/rendered/p04_caro_game/python/001__requirements.txt/input_context.json,6fbf35e74ad727aba757a07e89034c893ed181fee2cf7b9d703eb10d4cc87d8c,RQ1/02_prompts/stage1/rendered/p04_caro_game/python/001__requirements.txt/request_metadata.json,8ab8042fa8dc789cad1d74394df431bf9753d27f1d6d5d91c944f6e183c699fe,812711061,Qwen/Qwen3-Coder-30B-A3B-Instruct,chatcmpl-1789304514695,8b88dfb271ffc4996fce09911dabb86d9d82a4fda0f3615be1cf6c6ee9cb5935
p04_caro_game_python,4,caro_game,python,2,caro/errors.py,0538039766843d95a8cefa9a220a3bca4c3c30609bdafb983f6efa0d5a2438ad,RQ1/02_prompts/stage1/rendered/p04_caro_game/python/002__caro__errors.py/user_prompt.txt,f7cf337dfec846853c611ed0ac23fc32ff724e00e91b6cd56e9771b51435d7c7,RQ1/02_prompts/stage1/rendered/p04_caro_game/python/002__caro__errors.py/input_context.json,69ace2b93fe58c4233d56c79a2194c4a6a97ccce8a1d42d2e445e1d9feb9af0c,RQ1/02_prompts/stage1/rendered/p04_caro_game/python/002__caro__errors.py/request_metadata.json,8ab8042fa8dc789cad1d74394df431bf9753d27f1d6d5d91c944f6e183c699fe,812711061,Qwen/Qwen3-Coder-30B-A3B-Instruct,chatcmpl-1789304523078,f70cec6bed7c17b32fb8277e49facfbec73bb30fb4d172728aa0cfec69689a41
p04_caro_game_python,4,caro_game,python,3,caro/types.py,0538039766843d95a8cefa9a220a3bca4c3c30609bdafb983f6efa0d5a2438ad,RQ1/02_prompts/stage1/rendered/p04_caro_game/python/003__caro__types.py/user_prompt.txt,9494d1dce15fbbacddf7a34341e2924ec02da4bcf679d0aed5db84fc26c59ea9,RQ1/02_prompts/stage1/rendered/p04_caro_game/python/003__caro__types.py/input_context.json,b1670090964fb6ea8156753fe1b4e732b086957db805195b8eeeebc980a3482c,RQ1/02_prompts/stage1/rendered/p04_caro_game/python/003__caro__types.py/request_metadata.json,8ab8042fa8dc789cad1d74394df431bf9753d27f1d6d5d91c944f6e183c699fe,812711061,Qwen/Qwen3-Coder-30B-A3B-Instruct,chatcmpl-1789304530589,9fee686d1694a9f463f7b87866cb58b370ab5f54782fec97e9110093bbc4adab
p04_caro_game_python,4,caro_game,python,4,caro/move.py,0538039766843d95a8cefa9a220a3bca4c3c30609bdafb983f6efa0d5a2438ad,RQ1/02_prompts/stage1/rendered/p04_caro_game/python/004__caro__move.py/user_prompt.txt,5970fe4499777712dbed301843434ed824bb58438818c4fe6146800b93139103,RQ1/02_prompts/stage1/rendered/p04_caro_game/python/004__caro__move.py/input_context.json,eebaf444f12546942004caadd19fee2306cdd2d6144dd53e0bc373bd72297119,RQ1/02_prompts/stage1/rendered/p04_caro_game/python/004__caro__move.py/request_metadata.json,8ab8042fa8dc789cad1d74394df431bf9753d27f1d6d5d91c944f6e183c699fe,812711061,Qwen/Qwen3-Coder-30B-A3B-Instruct,chatcmpl-1789304538351,797108e8854b67cadf73d79eb95463a87d3e48c7cf7b8009b9129b9fbe5d4259
p04_caro_game_python,4,caro_game,python,5,caro/board.py,0538039766843d95a8cefa9a220a3bca4c3c30609bdafb983f6efa0d5a2438ad,RQ1/02_prompts/stage1/rendered/p04_caro_game/python/005__caro__board.py/user_prompt.txt,24b9812df12eaa22f185c3957173a03203553dfbad480ee136374aad388c269b,RQ1/02_prompts/stage1/rendered/p04_caro_game/python/005__caro__board.py/input_context.json,1c4e1d7d0970d1ec0d62a8107e1b294f07f2cf1118f1f31a82ce565306d1f2cf,RQ1/02_prompts/stage1/rendered/p04_caro_game/python/005__caro__board.py/request_metadata.json,8ab8042fa8dc789cad1d74394df431bf9753d27f1d6d5d91c944f6e183c699fe,812711061,Qwen/Qwen3-Coder-30B-A3B-Instruct,chatcmpl-1789304586778,1da099112a280515f53c27cdc8653860477d232f54d91828682a7908e2ab6e29
p04_caro_game_python,4,caro_game,python,6,caro/rules.py,0538039766843d95a8cefa9a220a3bca4c3c30609bdafb983f6efa0d5a2438ad,RQ1/02_prompts/stage1/rendered/p04_caro_game/python/006__caro__rules.py/user_prompt.txt,a828e45d7c9a4b71337938c046b71421efb284725d00a6dba9ef343ef9bd6df7,RQ1/02_prompts/stage1/rendered/p04_caro_game/python/006__caro__rules.py/input_context.json,d2144428e01fbf3a73b2443c88dfd6f1e34e33348c5848e2678c173511e7604a,RQ1/02_prompts/stage1/rendered/p04_caro_game/python/006__caro__rules.py/request_metadata.json,8ab8042fa8dc789cad1d74394df431bf9753d27f1d6d5d91c944f6e183c699fe,812711061,Qwen/Qwen3-Coder-30B-A3B-Instruct,chatcmpl-1789304615220,cedb375c5859a4672ee9e0ee1fff07437f7b92165228bca6ec5bdf59d8f138a0
p04_caro_game_python,4,caro_game,python,7,caro/game.py,0538039766843d95a8cefa9a220a3bca4c3c30609bdafb983f6efa0d5a2438ad,RQ1/02_prompts/stage1/rendered/p04_caro_game/python/007__caro__game.py/user_prompt.txt,c345b85f2d30500844b19fa2907a92b65fbb16592d0cb07100d072968417a33b,RQ1/02_prompts/stage1/rendered/p04_caro_game/python/007__caro__game.py/input_context.json,db86b3974e8670fd920812f14dcb44b2d57a3bf8597e82cc6b1a798e38b94ee7,RQ1/02_prompts/stage1/rendered/p04_caro_game/python/007__caro__game.py/request_metadata.json,8ab8042fa8dc789cad1d74394df431bf9753d27f1d6d5d91c944f6e183c699fe,812711061,Qwen/Qwen3-Coder-30B-A3B-Instruct,chatcmpl-1789304677691,a60e17a4c1186f1230823e40f97bea8edb427660c6a334f707ed042e0f053eb2
p04_caro_game_python,4,caro_game,python,8,caro/__init__.py,0538039766843d95a8cefa9a220a3bca4c3c30609bdafb983f6efa0d5a2438ad,RQ1/02_prompts/stage1/rendered/p04_caro_game/python/008__caro____init__.py/user_prompt.txt,90498d80c6fae46bc53deaf64034ac0af431e599ccf80ea58ac9b06185d64e5a,RQ1/02_prompts/stage1/rendered/p04_caro_game/python/008__caro____init__.py/input_context.json,d866817e5b4a744883885908c5c7d15a8a9e8237cc23b30838f70b3018735504,RQ1/02_prompts/stage1/rendered/p04_caro_game/python/008__caro____init__.py/request_metadata.json,8ab8042fa8dc789cad1d74394df431bf9753d27f1d6d5d91c944f6e183c699fe,812711061,Qwen/Qwen3-Coder-30B-A3B-Instruct,chatcmpl-1789304688512,5d0c9f89165bbfb0e74f0e1ddeedfe0bb98409915b295361181b2c123151d090
p04_caro_game_python,4,caro_game,python,9,Main.py,0538039766843d95a8cefa9a220a3bca4c3c30609bdafb983f6efa0d5a2438ad,RQ1/02_prompts/stage1/rendered/p04_caro_game/python/009__Main.py/user_prompt.txt,28b3c3488ffba18970cce6a3fbd7418689cad66d7939d0426fdb217f89e8dd9f,RQ1/02_prompts/stage1/rendered/p04_caro_game/python/009__Main.py/input_context.json,9d9eabe972445263d902e01f00837de749111afcdf52b7042674b1cbff429ec9,RQ1/02_prompts/stage1/rendered/p04_caro_game/python/009__Main.py/request_metadata.json,8ab8042fa8dc789cad1d74394df431bf9753d27f1d6d5d91c944f6e183c699fe,812711061,Qwen/Qwen3-Coder-30B-A3B-Instruct,chatcmpl-1789304707666,ee282535bbe84bca04e5d39afc2ae4606af128077f334f4ad585f166fe471b86
p04_caro_game_python,4,caro_game,python,10,tests/test_main.py,0538039766843d95a8cefa9a220a3bca4c3c30609bdafb983f6efa0d5a2438ad,RQ1/02_prompts/stage1/rendered/p04_caro_game/python/010__tests__test_main.py/user_prompt.txt,01a86abbbc23125e8a34d7b4e35b1129b0251fc9c7f9046c929ccecf12f137fe,RQ1/02_prompts/stage1/rendered/p04_caro_game/python/010__tests__test_main.py/input_context.json,efba21c88c98ede46e9b11f2e95dcd005767e36c41b4f0917de2063dd16a9362,RQ1/02_prompts/stage1/rendered/p04_caro_game/python/010__tests__test_main.py/request_metadata.json,8ab8042fa8dc789cad1d74394df431bf9753d27f1d6d5d91c944f6e183c699fe,812711061,Qwen/Qwen3-Coder-30B-A3B-Instruct,chatcmpl-1789304768609,b79c282722bd20ef632e336a20667a331677674798da909fd1b1b1b1f2257b54
p05_brick_breaker_game_cpp,5,brick_breaker_game,cpp,1,CMakeLists.txt,0538039766843d95a8cefa9a220a3bca4c3c30609bdafb983f6efa0d5a2438ad,RQ1/02_prompts/stage1/rendered/p05_brick_breaker_game/cpp/001__CMakeLists.txt/user_prompt.txt,ac1b41c0a690fe63a0b6f7cfe064e8c8e40bbd0aa5721dff41a6d9708c83fb27,RQ1/02_prompts/stage1/rendered/p05_brick_breaker_game/cpp/001__CMakeLists.txt/input_context.json,6d15bb6a807c1f89a6c54236d560c87729a6a7a3f1ea20fa18ac231b42a54be1,RQ1/02_prompts/stage1/rendered/p05_brick_breaker_game/cpp/001__CMakeLists.txt/request_metadata.json,ca42b769e11a04a99e246503fb81f240028f04967e3cc3b602cc2a2993e71f10,1300987923,Qwen/Qwen3-Coder-30B-A3B-Instruct,chatcmpl-1789322600064,7834c58de6bce8d6baa2e86dab975777e6650ff314009aa9ec428f985be1e33f
p05_brick_breaker_game_cpp,5,brick_breaker_game,cpp,2,include/Vector2.h,0538039766843d95a8cefa9a220a3bca4c3c30609bdafb983f6efa0d5a2438ad,RQ1/02_prompts/stage1/rendered/p05_brick_breaker_game/cpp/002__include__Vector2.h/user_prompt.txt,e094bc894894111f835bb6b1354fafc7ef8026d72c9509b7bf4edaf165f1202b,RQ1/02_prompts/stage1/rendered/p05_brick_breaker_game/cpp/002__include__Vector2.h/input_context.json,3bc0f76f768f7d05183beb3a7caa8a2da2ec32fa9418cd3ec74b26b964bc253f,RQ1/02_prompts/stage1/rendered/p05_brick_breaker_game/cpp/002__include__Vector2.h/request_metadata.json,ca42b769e11a04a99e246503fb81f240028f04967e3cc3b602cc2a2993e71f10,1300987923,Qwen/Qwen3-Coder-30B-A3B-Instruct,chatcmpl-1789322614176,403d5b28e2a268a45523b929b45c20fc9c86c944c8c0a6422ee2312817b3d670
p05_brick_breaker_game_cpp,5,brick_breaker_game,cpp,3,include/Playfield.h,0538039766843d95a8cefa9a220a3bca4c3c30609bdafb983f6efa0d5a2438ad,RQ1/02_prompts/stage1/rendered/p05_brick_breaker_game/cpp/003__include__Playfield.h/user_prompt.txt,2ca3851c5f29b93fcd299dc7e76ddb9ee0bb33372971d2bcee532922be49b5ef,RQ1/02_prompts/stage1/rendered/p05_brick_breaker_game/cpp/003__include__Playfield.h/input_context.json,e25862bed2ccb95f6eea938676e914b1bdb91261dcd657d1cb6cdb403f616b18,RQ1/02_prompts/stage1/rendered/p05_brick_breaker_game/cpp/003__include__Playfield.h/request_metadata.json,ca42b769e11a04a99e246503fb81f240028f04967e3cc3b602cc2a2993e71f10,1300987923,Qwen/Qwen3-Coder-30B-A3B-Instruct,chatcmpl-1789322621378,68d9e74a1d77c84b2a3185c0d48444f1f1f36c5260bd776dc45f7bfc33533a16
p05_brick_breaker_game_cpp,5,brick_breaker_game,cpp,4,include/Ball.h,0538039766843d95a8cefa9a220a3bca4c3c30609bdafb983f6efa0d5a2438ad,RQ1/02_prompts/stage1/rendered/p05_brick_breaker_game/cpp/004__include__Ball.h/user_prompt.txt,22838b07352a1cc42ac7fd3df78787c01411dd05429164dbd5e68733929c2635,RQ1/02_prompts/stage1/rendered/p05_brick_breaker_game/cpp/004__include__Ball.h/input_context.json,1f192f70844ffde99398e52da78d050420e414b3424764d481f1e35829a7962c,RQ1/02_prompts/stage1/rendered/p05_brick_breaker_game/cpp/004__include__Ball.h/request_metadata.json,ca42b769e11a04a99e246503fb81f240028f04967e3cc3b602cc2a2993e71f10,1300987923,Qwen/Qwen3-Coder-30B-A3B-Instruct,chatcmpl-1789322627702,e755a253d441c5c7bffaa326ba158d8d93f6f5919c528b3d8f743ad6d3416a1d
p05_brick_breaker_game_cpp,5,brick_breaker_game,cpp,5,include/Paddle.h,0538039766843d95a8cefa9a220a3bca4c3c30609bdafb983f6efa0d5a2438ad,RQ1/02_prompts/stage1/rendered/p05_brick_breaker_game/cpp/005__include__Paddle.h/user_prompt.txt,cd7640710315851d58ff9b6a74834f433cdda1ba8626780745767cc46573941e,RQ1/02_prompts/stage1/rendered/p05_brick_breaker_game/cpp/005__include__Paddle.h/input_context.json,1ae15f17d32feccccefc128563ee0e16b6d7a02b8f4bc5bf880f6a4ee1963310,RQ1/02_prompts/stage1/rendered/p05_brick_breaker_game/cpp/005__include__Paddle.h/request_metadata.json,ca42b769e11a04a99e246503fb81f240028f04967e3cc3b602cc2a2993e71f10,1300987923,Qwen/Qwen3-Coder-30B-A3B-Instruct,chatcmpl-1789322636700,2cf86e872168db51ae1b800d4a5dfbb24d0c8f96051fc329f6f8c56d8f7e92b5
p05_brick_breaker_game_cpp,5,brick_breaker_game,cpp,6,include/Brick.h,0538039766843d95a8cefa9a220a3bca4c3c30609bdafb983f6efa0d5a2438ad,RQ1/02_prompts/stage1/rendered/p05_brick_breaker_game/cpp/006__include__Brick.h/user_prompt.txt,7fe4057f7400789ad21ee9d3a6df28e0311374d7a2c39b8faa5e959ae364f64f,RQ1/02_prompts/stage1/rendered/p05_brick_breaker_game/cpp/006__include__Brick.h/input_context.json,df3b7a5c1660b6b5bee28fe095a47057250a8a946a2b2fdeaade235323055d6e,RQ1/02_prompts/stage1/rendered/p05_brick_breaker_game/cpp/006__include__Brick.h/request_metadata.json,ca42b769e11a04a99e246503fb81f240028f04967e3cc3b602cc2a2993e71f10,1300987923,Qwen/Qwen3-Coder-30B-A3B-Instruct,chatcmpl-1789322645318,ca3cb922c7a47a97426610c969498427f83d61baf54d6af7a209f0236b4a6e88
p05_brick_breaker_game_cpp,5,brick_breaker_game,cpp,7,include/Level.h,0538039766843d95a8cefa9a220a3bca4c3c30609bdafb983f6efa0d5a2438ad,RQ1/02_prompts/stage1/rendered/p05_brick_breaker_game/cpp/007__include__Level.h/user_prompt.txt,9e3d93573ce198d98d9b55e66c9611368042d1cb59f7fd431832c721a9df1180,RQ1/02_prompts/stage1/rendered/p05_brick_breaker_game/cpp/007__include__Level.h/input_context.json,bdf0331332fd90725c4ed8870a481f58a443e2993303675a855faac744ecee5e,RQ1/02_prompts/stage1/rendered/p05_brick_breaker_game/cpp/007__include__Level.h/request_metadata.json,ca42b769e11a04a99e246503fb81f240028f04967e3cc3b602cc2a2993e71f10,1300987923,Qwen/Qwen3-Coder-30B-A3B-Instruct,chatcmpl-1789322653416,755ca5389c61b0c0518fedfdf275e80e72bb513fda4fd606987bf70d3cb1d2ac
p05_brick_breaker_game_cpp,5,brick_breaker_game,cpp,8,include/Collision.h,0538039766843d95a8cefa9a220a3bca4c3c30609bdafb983f6efa0d5a2438ad,RQ1/02_prompts/stage1/rendered/p05_brick_breaker_game/cpp/008__include__Collision.h/user_prompt.txt,7ca81c31e0163ac2f9a997fef6eeaec6a979e1c023a98733f1afa8e83f4c8308,RQ1/02_prompts/stage1/rendered/p05_brick_breaker_game/cpp/008__include__Collision.h/input_context.json,026ff072b825f730fdbc2abb203ff1753f9d18ee3bbac2c245e2acd073a75910,RQ1/02_prompts/stage1/rendered/p05_brick_breaker_game/cpp/008__include__Collision.h/request_metadata.json,ca42b769e11a04a99e246503fb81f240028f04967e3cc3b602cc2a2993e71f10,1300987923,Qwen/Qwen3-Coder-30B-A3B-Instruct,chatcmpl-1789322669700,8d6590aeffd820e98e3c3c29bf3e3a8467b7fb66ae86784f38550a954dc327d0
p05_brick_breaker_game_cpp,5,brick_breaker_game,cpp,9,include/GameEngine.h,0538039766843d95a8cefa9a220a3bca4c3c30609bdafb983f6efa0d5a2438ad,RQ1/02_prompts/stage1/rendered/p05_brick_breaker_game/cpp/009__include__GameEngine.h/user_prompt.txt,e0a14a1a23295943e7a480c5a8019582824cecfb33de7d2cc24b88b4a30661eb,RQ1/02_prompts/stage1/rendered/p05_brick_breaker_game/cpp/009__include__GameEngine.h/input_context.json,6b554adaee6720fac74c16afdb16bb83bf26c3f94c10efeb9e96160ee7cb1e0a,RQ1/02_prompts/stage1/rendered/p05_brick_breaker_game/cpp/009__include__GameEngine.h/request_metadata.json,ca42b769e11a04a99e246503fb81f240028f04967e3cc3b602cc2a2993e71f10,1300987923,Qwen/Qwen3-Coder-30B-A3B-Instruct,chatcmpl-1789322682652,70e952fa3b64ba7c3407c2b997d6b07bc0ecaadd9971c0fd30e8870db8d59d7a
p05_brick_breaker_game_cpp,5,brick_breaker_game,cpp,10,src/Vector2.cpp,0538039766843d95a8cefa9a220a3bca4c3c30609bdafb983f6efa0d5a2438ad,RQ1/02_prompts/stage1/rendered/p05_brick_breaker_game/cpp/010__src__Vector2.cpp/user_prompt.txt,26416a4a63a14df2d90a1a2420c24183a83a65fd16f1b77a95760ba3ae28b128,RQ1/02_prompts/stage1/rendered/p05_brick_breaker_game/cpp/010__src__Vector2.cpp/input_context.json,ad9df5bd32a7c8f5bf80bfa19a7f837ab275fdf5daf62ac6129bc548c42ce5d5,RQ1/02_prompts/stage1/rendered/p05_brick_breaker_game/cpp/010__src__Vector2.cpp/request_metadata.json,ca42b769e11a04a99e246503fb81f240028f04967e3cc3b602cc2a2993e71f10,1300987923,Qwen/Qwen3-Coder-30B-A3B-Instruct,chatcmpl-1789322687361,62299e9683d66a6188658a0a875856cc10362f4c93dfe73937d68869c42ff272
p05_brick_breaker_game_cpp,5,brick_breaker_game,cpp,11,src/Playfield.cpp,0538039766843d95a8cefa9a220a3bca4c3c30609bdafb983f6efa0d5a2438ad,RQ1/02_prompts/stage1/rendered/p05_brick_breaker_game/cpp/011__src__Playfield.cpp/user_prompt.txt,dd535543af82a6e53b513185748b3da84c00250a731c4a5dbcfa3be83c9dc007,RQ1/02_prompts/stage1/rendered/p05_brick_breaker_game/cpp/011__src__Playfield.cpp/input_context.json,5207b85290545092af4aa85216c66f25634b622d2c2831571da6ac90bf4759be,RQ1/02_prompts/stage1/rendered/p05_brick_breaker_game/cpp/011__src__Playfield.cpp/request_metadata.json,ca42b769e11a04a99e246503fb81f240028f04967e3cc3b602cc2a2993e71f10,1300987923,Qwen/Qwen3-Coder-30B-A3B-Instruct,chatcmpl-1789322696423,03157c3669ff1d68ff0e6616a7ebe9b6f7832964732494570328bcb09bf79679
p05_brick_breaker_game_cpp,5,brick_breaker_game,cpp,12,src/Ball.cpp,0538039766843d95a8cefa9a220a3bca4c3c30609bdafb983f6efa0d5a2438ad,RQ1/02_prompts/stage1/rendered/p05_brick_breaker_game/cpp/012__src__Ball.cpp/user_prompt.txt,262e8a3f58751fa9199673adba5c90923f85330e86b2940d0f40d2d2b24f08b3,RQ1/02_prompts/stage1/rendered/p05_brick_breaker_game/cpp/012__src__Ball.cpp/input_context.json,eb714624760e12dd491cbbe60f5c7e0286bb673caf05f06a911afed13a6d0d21,RQ1/02_prompts/stage1/rendered/p05_brick_breaker_game/cpp/012__src__Ball.cpp/request_metadata.json,ca42b769e11a04a99e246503fb81f240028f04967e3cc3b602cc2a2993e71f10,1300987923,Qwen/Qwen3-Coder-30B-A3B-Instruct,chatcmpl-1789322701868,029bdd75b185b48d64672c33670bd91469fb930d1ddf4bd81a3fbb51898e49d3
p05_brick_breaker_game_cpp,5,brick_breaker_game,cpp,13,src/Paddle.cpp,0538039766843d95a8cefa9a220a3bca4c3c30609bdafb983f6efa0d5a2438ad,RQ1/02_prompts/stage1/rendered/p05_brick_breaker_game/cpp/013__src__Paddle.cpp/user_prompt.txt,9d743f03ccb15b589ef73e4fe32a485e951ead0447e2258ae0eb0aec9898faf4,RQ1/02_prompts/stage1/rendered/p05_brick_breaker_game/cpp/013__src__Paddle.cpp/input_context.json,8c3813e5e40bcb674eb8b23dfa0d5adad67acde0819f8e6dca3384850554ff21,RQ1/02_prompts/stage1/rendered/p05_brick_breaker_game/cpp/013__src__Paddle.cpp/request_metadata.json,ca42b769e11a04a99e246503fb81f240028f04967e3cc3b602cc2a2993e71f10,1300987923,Qwen/Qwen3-Coder-30B-A3B-Instruct,chatcmpl-1789322718543,9ec24f9b8c6330a22794bce28635246e35cc7ee7383a978302d8054215d1a1d1
p05_brick_breaker_game_cpp,5,brick_breaker_game,cpp,14,src/Brick.cpp,0538039766843d95a8cefa9a220a3bca4c3c30609bdafb983f6efa0d5a2438ad,RQ1/02_prompts/stage1/rendered/p05_brick_breaker_game/cpp/014__src__Brick.cpp/user_prompt.txt,72cae6a7d0c7310f7586bece5b2e1fe3db973c7ea71ba6737dbeab071811c12d,RQ1/02_prompts/stage1/rendered/p05_brick_breaker_game/cpp/014__src__Brick.cpp/input_context.json,fcac7445e050126399462d06f1b441bf7fc41a260c9aedf4e05ce78440723a07,RQ1/02_prompts/stage1/rendered/p05_brick_breaker_game/cpp/014__src__Brick.cpp/request_metadata.json,ca42b769e11a04a99e246503fb81f240028f04967e3cc3b602cc2a2993e71f10,1300987923,Qwen/Qwen3-Coder-30B-A3B-Instruct,chatcmpl-1789322731467,85dcccdcb4375a3cd543e085a1df082fdea4fc197d0972a31dc7cb8c2aba7b6e
p05_brick_breaker_game_cpp,5,brick_breaker_game,cpp,15,src/Level.cpp,0538039766843d95a8cefa9a220a3bca4c3c30609bdafb983f6efa0d5a2438ad,RQ1/02_prompts/stage1/rendered/p05_brick_breaker_game/cpp/015__src__Level.cpp/user_prompt.txt,8ae343566b3809dc746f594098c9ddfd2133876d03d2a6ba763ef7c2d191e6af,RQ1/02_prompts/stage1/rendered/p05_brick_breaker_game/cpp/015__src__Level.cpp/input_context.json,7c80b8d266d6ed45a7adc4d0af130a5751ea1c78762b1b729f801dab91787b74,RQ1/02_prompts/stage1/rendered/p05_brick_breaker_game/cpp/015__src__Level.cpp/request_metadata.json,ca42b769e11a04a99e246503fb81f240028f04967e3cc3b602cc2a2993e71f10,1300987923,Qwen/Qwen3-Coder-30B-A3B-Instruct,chatcmpl-1789322745284,85a9a8b40e763465bfbb7ca95dfd83da4bff3dc2cabc80a61164c46f1505f214
p05_brick_breaker_game_cpp,5,brick_breaker_game,cpp,16,src/Collision.cpp,0538039766843d95a8cefa9a220a3bca4c3c30609bdafb983f6efa0d5a2438ad,RQ1/02_prompts/stage1/rendered/p05_brick_breaker_game/cpp/016__src__Collision.cpp/user_prompt.txt,988f96f0ce162b5e29c8668eebbfa553f169650cc7082f93160fd5e858204e5e,RQ1/02_prompts/stage1/rendered/p05_brick_breaker_game/cpp/016__src__Collision.cpp/input_context.json,dd4536e18aa465d29148a661637165ce83ce35c44f0b3d3b639cc1c010e86d79,RQ1/02_prompts/stage1/rendered/p05_brick_breaker_game/cpp/016__src__Collision.cpp/request_metadata.json,ca42b769e11a04a99e246503fb81f240028f04967e3cc3b602cc2a2993e71f10,1300987923,Qwen/Qwen3-Coder-30B-A3B-Instruct,chatcmpl-1789322762212,dfaa4989d0c5b14073f4977a9e70e973a45d8285ac37ba1da26cd8b6fa532b3b
p05_brick_breaker_game_cpp,5,brick_breaker_game,cpp,17,src/GameEngine.cpp,0538039766843d95a8cefa9a220a3bca4c3c30609bdafb983f6efa0d5a2438ad,RQ1/02_prompts/stage1/rendered/p05_brick_breaker_game/cpp/017__src__GameEngine.cpp/user_prompt.txt,09236cdbaa0831e505ecc10fa43dbd971da9d1d36eb016b09b743076b16a3c71,RQ1/02_prompts/stage1/rendered/p05_brick_breaker_game/cpp/017__src__GameEngine.cpp/input_context.json,951eadb521d295d5f99eabe6a3329ead9c7019b835e4b35a60077cba35f7039b,RQ1/02_prompts/stage1/rendered/p05_brick_breaker_game/cpp/017__src__GameEngine.cpp/request_metadata.json,ca42b769e11a04a99e246503fb81f240028f04967e3cc3b602cc2a2993e71f10,1300987923,Qwen/Qwen3-Coder-30B-A3B-Instruct,chatcmpl-1789322808453,0f26d73eb03098858864de6e129b6013200ee1128d93641db0c526b29bcd270c
p05_brick_breaker_game_cpp,5,brick_breaker_game,cpp,18,src/Main.cpp,0538039766843d95a8cefa9a220a3bca4c3c30609bdafb983f6efa0d5a2438ad,RQ1/02_prompts/stage1/rendered/p05_brick_breaker_game/cpp/018__src__Main.cpp/user_prompt.txt,78f43d08928a70e599999f466983c4856ba1fae8d8d37befb7c8b35d70620b3a,RQ1/02_prompts/stage1/rendered/p05_brick_breaker_game/cpp/018__src__Main.cpp/input_context.json,a2ee263a2aad2cadeb6cf814daacc021efd8858910eafbf3cac1e2901545a530,RQ1/02_prompts/stage1/rendered/p05_brick_breaker_game/cpp/018__src__Main.cpp/request_metadata.json,ca42b769e11a04a99e246503fb81f240028f04967e3cc3b602cc2a2993e71f10,1300987923,Qwen/Qwen3-Coder-30B-A3B-Instruct,chatcmpl-1789322834160,829506f63dcbf0f3a2132900f13064f7cdd4fd1fea81ad63d6558113d6a7a4be
p05_brick_breaker_game_cpp,5,brick_breaker_game,cpp,19,tests/test_main.cpp,0538039766843d95a8cefa9a220a3bca4c3c30609bdafb983f6efa0d5a2438ad,RQ1/02_prompts/stage1/rendered/p05_brick_breaker_game/cpp/019__tests__test_main.cpp/user_prompt.txt,9871c9cafe53edf9651ff3d2c40d9f302d4f6b3f018de4783077f0e462caefcf,RQ1/02_prompts/stage1/rendered/p05_brick_breaker_game/cpp/019__tests__test_main.cpp/input_context.json,2c32bef3eace5373d93637ec43bf643a3086468140c7161a54658fd1d20362cc,RQ1/02_prompts/stage1/rendered/p05_brick_breaker_game/cpp/019__tests__test_main.cpp/request_metadata.json,ca42b769e11a04a99e246503fb81f240028f04967e3cc3b602cc2a2993e71f10,1300987923,Qwen/Qwen3-Coder-30B-A3B-Instruct,chatcmpl-1789322875578,542bc2f50aa3eadaf28c6cab699290175af0b33a73541fc5007fdcf2fed6a739
p05_brick_breaker_game_java,5,brick_breaker_game,java,1,pom.xml,0538039766843d95a8cefa9a220a3bca4c3c30609bdafb983f6efa0d5a2438ad,RQ1/02_prompts/stage1/rendered/p05_brick_breaker_game/java/001__pom.xml/user_prompt.txt,f2619f47b8cd90534ad33dcf8c6586857f1e538672b127ddffe563d7d3eae663,RQ1/02_prompts/stage1/rendered/p05_brick_breaker_game/java/001__pom.xml/input_context.json,855a3d49c519b0b2c33f16e51160fd0c325fdef9868e34c4c407894d2437a486,RQ1/02_prompts/stage1/rendered/p05_brick_breaker_game/java/001__pom.xml/request_metadata.json,fd409171b75f9ae34cee44c935e48b5236c55f6661e9e0eba1a17f0c60cd328c,2697919693,Qwen/Qwen3-Coder-30B-A3B-Instruct,chatcmpl-1789314190474,740c72e9d18e5407dd7d24bd0960f59c82ba970511db86b823ea69ce0cbf4fe0
p05_brick_breaker_game_java,5,brick_breaker_game,java,2,src/main/java/Rect.java,0538039766843d95a8cefa9a220a3bca4c3c30609bdafb983f6efa0d5a2438ad,RQ1/02_prompts/stage1/rendered/p05_brick_breaker_game/java/002__src__main__java__Rect.java/user_prompt.txt,9635e332a6a0674a55f3647a8bf5db468e7a84ce83846e1ddfe929f780a97c1b,RQ1/02_prompts/stage1/rendered/p05_brick_breaker_game/java/002__src__main__java__Rect.java/input_context.json,a7b5e420d00fd0edc5d7897bcd062594521346a98692b54a3cb99c2793041b1d,RQ1/02_prompts/stage1/rendered/p05_brick_breaker_game/java/002__src__main__java__Rect.java/request_metadata.json,fd409171b75f9ae34cee44c935e48b5236c55f6661e9e0eba1a17f0c60cd328c,2697919693,Qwen/Qwen3-Coder-30B-A3B-Instruct,chatcmpl-1789314216434,4c31bd4308028da70e6969e5978cc8ae1cdf2c9e56219821360d90f5310c6390
p05_brick_breaker_game_java,5,brick_breaker_game,java,3,src/main/java/Ball.java,0538039766843d95a8cefa9a220a3bca4c3c30609bdafb983f6efa0d5a2438ad,RQ1/02_prompts/stage1/rendered/p05_brick_breaker_game/java/003__src__main__java__Ball.java/user_prompt.txt,34f3c1aa9ca8466706825d353baee18d4628dffccbb0f8d3ee1a7984daccd9b8,RQ1/02_prompts/stage1/rendered/p05_brick_breaker_game/java/003__src__main__java__Ball.java/input_context.json,8dcfa5e8d2a8fc6b95909152fa0fc2c36f101960ca910e18105f48f831ad9f07,RQ1/02_prompts/stage1/rendered/p05_brick_breaker_game/java/003__src__main__java__Ball.java/request_metadata.json,fd409171b75f9ae34cee44c935e48b5236c55f6661e9e0eba1a17f0c60cd328c,2697919693,Qwen/Qwen3-Coder-30B-A3B-Instruct,chatcmpl-1789314256037,69e1d527a3efeac7858653f85338f820c95b2ce5d4351c501c97e459af6b9b28
p05_brick_breaker_game_java,5,brick_breaker_game,java,4,src/main/java/Paddle.java,0538039766843d95a8cefa9a220a3bca4c3c30609bdafb983f6efa0d5a2438ad,RQ1/02_prompts/stage1/rendered/p05_brick_breaker_game/java/004__src__main__java__Paddle.java/user_prompt.txt,52e0d5b7e9d783ad53a027499180a30d04ea1841e1ce5ba7e3bfae8f5add923c,RQ1/02_prompts/stage1/rendered/p05_brick_breaker_game/java/004__src__main__java__Paddle.java/input_context.json,160b70870ab0d0127a73797958e1b6083fd6421881cbd76a5755ffa2cfde7020,RQ1/02_prompts/stage1/rendered/p05_brick_breaker_game/java/004__src__main__java__Paddle.java/request_metadata.json,fd409171b75f9ae34cee44c935e48b5236c55f6661e9e0eba1a17f0c60cd328c,2697919693,Qwen/Qwen3-Coder-30B-A3B-Instruct,chatcmpl-1789314295636,5f0211b561f61fd407b71f8e9ffc893eed26fa976b8180b1129ee8a2686e255c
p05_brick_breaker_game_java,5,brick_breaker_game,java,5,src/main/java/Brick.java,0538039766843d95a8cefa9a220a3bca4c3c30609bdafb983f6efa0d5a2438ad,RQ1/02_prompts/stage1/rendered/p05_brick_breaker_game/java/005__src__main__java__Brick.java/user_prompt.txt,092f1afaffdf373b7e1843b2143bfff684e3bb9069d13cc789ce424de416ea88,RQ1/02_prompts/stage1/rendered/p05_brick_breaker_game/java/005__src__main__java__Brick.java/input_context.json,75ea1740f2f532748298ae72102843c68b25773fcbcb87afa1c0302d2fc37c87,RQ1/02_prompts/stage1/rendered/p05_brick_breaker_game/java/005__src__main__java__Brick.java/request_metadata.json,fd409171b75f9ae34cee44c935e48b5236c55f6661e9e0eba1a17f0c60cd328c,2697919693,Qwen/Qwen3-Coder-30B-A3B-Instruct,chatcmpl-1789314326919,7705b4234ccf998d2a28f1b67fa48a026a9e63aba01044905d7170f48c5f5157
p05_brick_breaker_game_java,5,brick_breaker_game,java,6,src/main/java/Collision.java,0538039766843d95a8cefa9a220a3bca4c3c30609bdafb983f6efa0d5a2438ad,RQ1/02_prompts/stage1/rendered/p05_brick_breaker_game/java/006__src__main__java__Collision.java/user_prompt.txt,188e639369af75db4aa01ad4aba3eb7ba9581e70012c316dd6ed9ceac579e570,RQ1/02_prompts/stage1/rendered/p05_brick_breaker_game/java/006__src__main__java__Collision.java/input_context.json,979e99d445295c26408efc3fad0e5c4556f30029c89de8a53673b8bdce0459b3,RQ1/02_prompts/stage1/rendered/p05_brick_breaker_game/java/006__src__main__java__Collision.java/request_metadata.json,fd409171b75f9ae34cee44c935e48b5236c55f6661e9e0eba1a17f0c60cd328c,2697919693,Qwen/Qwen3-Coder-30B-A3B-Instruct,chatcmpl-1789314367859,594c581fc3c29a3d290304e018972980c6bcab543c26d9a13124ac1272648414
p05_brick_breaker_game_java,5,brick_breaker_game,java,7,src/main/java/Game.java,0538039766843d95a8cefa9a220a3bca4c3c30609bdafb983f6efa0d5a2438ad,RQ1/02_prompts/stage1/rendered/p05_brick_breaker_game/java/007__src__main__java__Game.java/user_prompt.txt,03946c5716345af21f6923623d99f3e05765537f70543a197ec065bc2751dcb3,RQ1/02_prompts/stage1/rendered/p05_brick_breaker_game/java/007__src__main__java__Game.java/input_context.json,3415f62562cace83647bcc88002cb471c9f2f176fb5305140db76ecd79427144,RQ1/02_prompts/stage1/rendered/p05_brick_breaker_game/java/007__src__main__java__Game.java/request_metadata.json,fd409171b75f9ae34cee44c935e48b5236c55f6661e9e0eba1a17f0c60cd328c,2697919693,Qwen/Qwen3-Coder-30B-A3B-Instruct,chatcmpl-1789314484516,a355caaca666d7aa4afe2f62e7f760beaa84aaefc1588fe40503f8725cabd339
p05_brick_breaker_game_java,5,brick_breaker_game,java,8,src/main/java/Main.java,0538039766843d95a8cefa9a220a3bca4c3c30609bdafb983f6efa0d5a2438ad,RQ1/02_prompts/stage1/rendered/p05_brick_breaker_game/java/008__src__main__java__Main.java/user_prompt.txt,8db3bf18c7cf71d4ab97044955dc9e9a7b7279f1e51a27d42d4afb1c2de18f4c,RQ1/02_prompts/stage1/rendered/p05_brick_breaker_game/java/008__src__main__java__Main.java/input_context.json,3b32dfdce0ad7e93cc9c0ea2f7d0c5425babaa242703c8cda0ff3e3340822cc4,RQ1/02_prompts/stage1/rendered/p05_brick_breaker_game/java/008__src__main__java__Main.java/request_metadata.json,fd409171b75f9ae34cee44c935e48b5236c55f6661e9e0eba1a17f0c60cd328c,2697919693,Qwen/Qwen3-Coder-30B-A3B-Instruct,chatcmpl-1789314512296,15a3439ddcdcf01a82005ff23669e4dc38e13c44e5b886627b139f8e5300bf11
p05_brick_breaker_game_java,5,brick_breaker_game,java,9,src/test/java/MainTest.java,0538039766843d95a8cefa9a220a3bca4c3c30609bdafb983f6efa0d5a2438ad,RQ1/02_prompts/stage1/rendered/p05_brick_breaker_game/java/009__src__test__java__MainTest.java/user_prompt.txt,31035a3ff1616761a190cb4525c2a765dfeaae462ff70638d21d7b3bc51086ae,RQ1/02_prompts/stage1/rendered/p05_brick_breaker_game/java/009__src__test__java__MainTest.java/input_context.json,c68c0a32c96816085da8dbc76a8ce1e64992b1904356c2f195d8fea751e88ad2,RQ1/02_prompts/stage1/rendered/p05_brick_breaker_game/java/009__src__test__java__MainTest.java/request_metadata.json,fd409171b75f9ae34cee44c935e48b5236c55f6661e9e0eba1a17f0c60cd328c,2697919693,Qwen/Qwen3-Coder-30B-A3B-Instruct,chatcmpl-1789314609066,b95cf7a5a95f1ecfc61808bba0c725ddf31ca0ea506658603fe679d8f58117ca
p05_brick_breaker_game_python,5,brick_breaker_game,python,1,requirements.txt,0538039766843d95a8cefa9a220a3bca4c3c30609bdafb983f6efa0d5a2438ad,RQ1/02_prompts/stage1/rendered/p05_brick_breaker_game/python/001__requirements.txt/user_prompt.txt,41c7415b8189c2063df0586802fa5e90840ec39a86ad062939daefe1a7359a32,RQ1/02_prompts/stage1/rendered/p05_brick_breaker_game/python/001__requirements.txt/input_context.json,93ab51513944d34cd1036db70aa2b0bbded2ce928f1ea577523e66f7e5eacc7a,RQ1/02_prompts/stage1/rendered/p05_brick_breaker_game/python/001__requirements.txt/request_metadata.json,a4cefc0c1231e6b901c0ac7efe530e1ef103e3dc4a7a104cf50bfa87d77ddf18,432197098,Qwen/Qwen3-Coder-30B-A3B-Instruct,chatcmpl-1789329507334,e2bd74411a0fbdfb3116a0b91772bb2375e26f9afa848c2c8517201a891bdb54
p05_brick_breaker_game_python,5,brick_breaker_game,python,2,brick_breaker/config.py,0538039766843d95a8cefa9a220a3bca4c3c30609bdafb983f6efa0d5a2438ad,RQ1/02_prompts/stage1/rendered/p05_brick_breaker_game/python/002__brick_breaker__config.py/user_prompt.txt,84a22add7b5b1f6ddc6ae1289b839ee7b563b62b4260f4ae6bc0cd560e59aa94,RQ1/02_prompts/stage1/rendered/p05_brick_breaker_game/python/002__brick_breaker__config.py/input_context.json,7a019bfa11fcd9b1737e6bbe4596cc90e6976167c5f53793227a8c505b170193,RQ1/02_prompts/stage1/rendered/p05_brick_breaker_game/python/002__brick_breaker__config.py/request_metadata.json,a4cefc0c1231e6b901c0ac7efe530e1ef103e3dc4a7a104cf50bfa87d77ddf18,432197098,Qwen/Qwen3-Coder-30B-A3B-Instruct,chatcmpl-1789329546700,27fa4479c85ed5f752e8a79b48381b7bdde6d3ce519b52066b387666b66f0fb7
p05_brick_breaker_game_python,5,brick_breaker_game,python,3,brick_breaker/ball.py,0538039766843d95a8cefa9a220a3bca4c3c30609bdafb983f6efa0d5a2438ad,RQ1/02_prompts/stage1/rendered/p05_brick_breaker_game/python/003__brick_breaker__ball.py/user_prompt.txt,bdf3f21790b8bd8670a45b257640c1c9d3168623358922fd10e823f3d28994a1,RQ1/02_prompts/stage1/rendered/p05_brick_breaker_game/python/003__brick_breaker__ball.py/input_context.json,ab8717d0a4b0c3e5f7e700d75a3591f25029263ea700887240a27a9779a86a91,RQ1/02_prompts/stage1/rendered/p05_brick_breaker_game/python/003__brick_breaker__ball.py/request_metadata.json,a4cefc0c1231e6b901c0ac7efe530e1ef103e3dc4a7a104cf50bfa87d77ddf18,432197098,Qwen/Qwen3-Coder-30B-A3B-Instruct,chatcmpl-1789329568223,5a7f139dfadb62b5f88ab67f9a644c53925533c3174c381e0953f01f7d070532
p05_brick_breaker_game_python,5,brick_breaker_game,python,4,brick_breaker/paddle.py,0538039766843d95a8cefa9a220a3bca4c3c30609bdafb983f6efa0d5a2438ad,RQ1/02_prompts/stage1/rendered/p05_brick_breaker_game/python/004__brick_breaker__paddle.py/user_prompt.txt,664171bad2dd7ba0c7328b365a8564ee7fd103fff42eef9bd4ddc5699cd9e45b,RQ1/02_prompts/stage1/rendered/p05_brick_breaker_game/python/004__brick_breaker__paddle.py/input_context.json,088fd75f7093ee24e96fc5e060f768aeed03299a885b0e4ea361a954e7841045,RQ1/02_prompts/stage1/rendered/p05_brick_breaker_game/python/004__brick_breaker__paddle.py/request_metadata.json,a4cefc0c1231e6b901c0ac7efe530e1ef103e3dc4a7a104cf50bfa87d77ddf18,432197098,Qwen/Qwen3-Coder-30B-A3B-Instruct,chatcmpl-1789329593941,0aba9d5576764f2d1716acf83097cc5034044d1c406b4073da4a3661ac355542
p05_brick_breaker_game_python,5,brick_breaker_game,python,5,brick_breaker/brick.py,0538039766843d95a8cefa9a220a3bca4c3c30609bdafb983f6efa0d5a2438ad,RQ1/02_prompts/stage1/rendered/p05_brick_breaker_game/python/005__brick_breaker__brick.py/user_prompt.txt,4ba6b5cd5d4b5d0a9b974028bebbe387d084322d88c33ea6f8829d4cce259cf9,RQ1/02_prompts/stage1/rendered/p05_brick_breaker_game/python/005__brick_breaker__brick.py/input_context.json,22a8cf03bd6137f9a9dcf1d6b1f18ad09e8f44c3952e995969cd1ba9e0f40ed9,RQ1/02_prompts/stage1/rendered/p05_brick_breaker_game/python/005__brick_breaker__brick.py/request_metadata.json,a4cefc0c1231e6b901c0ac7efe530e1ef103e3dc4a7a104cf50bfa87d77ddf18,432197098,Qwen/Qwen3-Coder-30B-A3B-Instruct,chatcmpl-1789329617158,8583b9a6a4b2f28fbd4c58f4cbf92311c5a1f8d548e66a92baf1673e4e5438de
p05_brick_breaker_game_python,5,brick_breaker_game,python,6,brick_breaker/level.py,0538039766843d95a8cefa9a220a3bca4c3c30609bdafb983f6efa0d5a2438ad,RQ1/02_prompts/stage1/rendered/p05_brick_breaker_game/python/006__brick_breaker__level.py/user_prompt.txt,8b3561aa72fbe30b5c216752c286bff840fba9a58fd916d6a128ca84e2f1b28d,RQ1/02_prompts/stage1/rendered/p05_brick_breaker_game/python/006__brick_breaker__level.py/input_context.json,eaa07f5943ba0262ef038fd4f84a3295545f55668530f1d84cf06b42ea84efd3,RQ1/02_prompts/stage1/rendered/p05_brick_breaker_game/python/006__brick_breaker__level.py/request_metadata.json,a4cefc0c1231e6b901c0ac7efe530e1ef103e3dc4a7a104cf50bfa87d77ddf18,432197098,Qwen/Qwen3-Coder-30B-A3B-Instruct,chatcmpl-1789329647864,167f0580c883dc79bc50a781a88df65f0507d9d65afbe4c5f965310ff94af303
p05_brick_breaker_game_python,5,brick_breaker_game,python,7,brick_breaker/collision.py,0538039766843d95a8cefa9a220a3bca4c3c30609bdafb983f6efa0d5a2438ad,RQ1/02_prompts/stage1/rendered/p05_brick_breaker_game/python/007__brick_breaker__collision.py/user_prompt.txt,372e4d3bc9b36e3e26375c98a981e17586e746a1da23234a75118d0ff6681d63,RQ1/02_prompts/stage1/rendered/p05_brick_breaker_game/python/007__brick_breaker__collision.py/input_context.json,0e33bd5cfd830724ccbb4811560dcdc76e7e5f7b5cf33a0d00fd06683a99084c,RQ1/02_prompts/stage1/rendered/p05_brick_breaker_game/python/007__brick_breaker__collision.py/request_metadata.json,a4cefc0c1231e6b901c0ac7efe530e1ef103e3dc4a7a104cf50bfa87d77ddf18,432197098,Qwen/Qwen3-Coder-30B-A3B-Instruct,chatcmpl-1789329713724,1a57137f78c082771792dc54d545eef25fb5e831be5235d98343726152b07180
p05_brick_breaker_game_python,5,brick_breaker_game,python,8,brick_breaker/game.py,0538039766843d95a8cefa9a220a3bca4c3c30609bdafb983f6efa0d5a2438ad,RQ1/02_prompts/stage1/rendered/p05_brick_breaker_game/python/008__brick_breaker__game.py/user_prompt.txt,359f36743cfc1f92849dd133f70a5f2d8793609c10257f2125aa571b30afad9d,RQ1/02_prompts/stage1/rendered/p05_brick_breaker_game/python/008__brick_breaker__game.py/input_context.json,19b9d670214c241bf2c3a603fb51160721d4c9709af3618ee31a65f2e14f55b5,RQ1/02_prompts/stage1/rendered/p05_brick_breaker_game/python/008__brick_breaker__game.py/request_metadata.json,a4cefc0c1231e6b901c0ac7efe530e1ef103e3dc4a7a104cf50bfa87d77ddf18,432197098,Qwen/Qwen3-Coder-30B-A3B-Instruct,chatcmpl-1789329784964,d2151e89155f8579c3a7baee1b6ccc69cba532942d333f2b70a854f42ff0c0cb
p05_brick_breaker_game_python,5,brick_breaker_game,python,9,brick_breaker/__init__.py,0538039766843d95a8cefa9a220a3bca4c3c30609bdafb983f6efa0d5a2438ad,RQ1/02_prompts/stage1/rendered/p05_brick_breaker_game/python/009__brick_breaker____init__.py/user_prompt.txt,1e93691d97f8b785d728a97158c037de365f45e641786711781226d9aafec0ee,RQ1/02_prompts/stage1/rendered/p05_brick_breaker_game/python/009__brick_breaker____init__.py/input_context.json,452471c113003c1c1daf132ec3f30f75330a9896b1303dce68e2ffe658d2b8dd,RQ1/02_prompts/stage1/rendered/p05_brick_breaker_game/python/009__brick_breaker____init__.py/request_metadata.json,a4cefc0c1231e6b901c0ac7efe530e1ef103e3dc4a7a104cf50bfa87d77ddf18,432197098,Qwen/Qwen3-Coder-30B-A3B-Instruct,chatcmpl-1789329791287,748f34458b0e074006aa70475aeded17e4430493c87efee08f65760f3166bdbe
p05_brick_breaker_game_python,5,brick_breaker_game,python,10,Main.py,0538039766843d95a8cefa9a220a3bca4c3c30609bdafb983f6efa0d5a2438ad,RQ1/02_prompts/stage1/rendered/p05_brick_breaker_game/python/010__Main.py/user_prompt.txt,854e2495d8e43bb85b272fe6b84bae54fa0dc88e3f99df20127095b3795bb480,RQ1/02_prompts/stage1/rendered/p05_brick_breaker_game/python/010__Main.py/input_context.json,a5d6656890ffb0112a7548cd19c7d80fac196f52e6470b966634cf139e382bed,RQ1/02_prompts/stage1/rendered/p05_brick_breaker_game/python/010__Main.py/request_metadata.json,a4cefc0c1231e6b901c0ac7efe530e1ef103e3dc4a7a104cf50bfa87d77ddf18,432197098,Qwen/Qwen3-Coder-30B-A3B-Instruct,chatcmpl-1789329803932,6b742ae0ca467266bc83f49bc32396ece464cd7333f43508a6a9cb8f98689526
p05_brick_breaker_game_python,5,brick_breaker_game,python,11,tests/test_main.py,0538039766843d95a8cefa9a220a3bca4c3c30609bdafb983f6efa0d5a2438ad,RQ1/02_prompts/stage1/rendered/p05_brick_breaker_game/python/011__tests__test_main.py/user_prompt.txt,8861883076a15191837f0f6be24c1ebd63f5840a1d92d5891c6198abe3178e47,RQ1/02_prompts/stage1/rendered/p05_brick_breaker_game/python/011__tests__test_main.py/input_context.json,38ea4063558262fe1551e28ed700dac3be5bf971f00e2a262adb848c3144fa5f,RQ1/02_prompts/stage1/rendered/p05_brick_breaker_game/python/011__tests__test_main.py/request_metadata.json,a4cefc0c1231e6b901c0ac7efe530e1ef103e3dc4a7a104cf50bfa87d77ddf18,432197098,Qwen/Qwen3-Coder-30B-A3B-Instruct,chatcmpl-1789329863862,23bd460dca7216a1165757a1ef6120eb2a1818d3bece7a5f0b62fd20e02994e6
p06_tank_battle_game_cpp,6,tank_battle_game,cpp,1,CMakeLists.txt,0538039766843d95a8cefa9a220a3bca4c3c30609bdafb983f6efa0d5a2438ad,RQ1/02_prompts/stage1/rendered/p06_tank_battle_game/cpp/001__CMakeLists.txt/user_prompt.txt,9df64ef3f7365dc239ca2cec1e1ce12f2a99a147d0a473bfae64f628a5614ebd,RQ1/02_prompts/stage1/rendered/p06_tank_battle_game/cpp/001__CMakeLists.txt/input_context.json,c7a7152c9667054c009e26f3a4c77174de99cb707d107004c1657051ffad937f,RQ1/02_prompts/stage1/rendered/p06_tank_battle_game/cpp/001__CMakeLists.txt/request_metadata.json,1dee866f73858b8d671c2bdd6385f3832d968dcab058184d0338e3cffda421d7,1423652811,Qwen/Qwen3-Coder-30B-A3B-Instruct,chatcmpl-1789262429434,e34570ce8b2f54267729eedc37179d045a3eada754bbced797b2d0e85b1fea5e
p06_tank_battle_game_cpp,6,tank_battle_game,cpp,2,src/Main.cpp,0538039766843d95a8cefa9a220a3bca4c3c30609bdafb983f6efa0d5a2438ad,RQ1/02_prompts/stage1/rendered/p06_tank_battle_game/cpp/002__src__Main.cpp/user_prompt.txt,ebf65b9e2a4aca5e2f0ee58e295994d87fa3700cb539b125d8a4ad2d98c9fe62,RQ1/02_prompts/stage1/rendered/p06_tank_battle_game/cpp/002__src__Main.cpp/input_context.json,1a8308feed8f15d1cd8d8bd1cebd3ae2d3db24894ac4850df036f56c089b9b60,RQ1/02_prompts/stage1/rendered/p06_tank_battle_game/cpp/002__src__Main.cpp/request_metadata.json,1dee866f73858b8d671c2bdd6385f3832d968dcab058184d0338e3cffda421d7,1423652811,Qwen/Qwen3-Coder-30B-A3B-Instruct,chatcmpl-1789262476525,35c4e129b6dc6f758a8f786ae29c796bfd702c430fb36810b53484cfb4bfe30c
p06_tank_battle_game_cpp,6,tank_battle_game,cpp,3,tests/test_main.cpp,0538039766843d95a8cefa9a220a3bca4c3c30609bdafb983f6efa0d5a2438ad,RQ1/02_prompts/stage1/rendered/p06_tank_battle_game/cpp/003__tests__test_main.cpp/user_prompt.txt,bf82397b9239b887a1ee9f289f437b4fa70e514fddacfcb67ccbb2fc2f7284e7,RQ1/02_prompts/stage1/rendered/p06_tank_battle_game/cpp/003__tests__test_main.cpp/input_context.json,a1197f6906f0cb71226b7cfed59178c0fffa2f2e0881ff2e2028c8fb07edabe2,RQ1/02_prompts/stage1/rendered/p06_tank_battle_game/cpp/003__tests__test_main.cpp/request_metadata.json,1dee866f73858b8d671c2bdd6385f3832d968dcab058184d0338e3cffda421d7,1423652811,Qwen/Qwen3-Coder-30B-A3B-Instruct,chatcmpl-1789262549816,16b727e89f289fa129fcd008b5db15519fbd3b389e75e0494e076e4c8c784ca3
p06_tank_battle_game_cpp,6,tank_battle_game,cpp,4,include/Geometry.h,0538039766843d95a8cefa9a220a3bca4c3c30609bdafb983f6efa0d5a2438ad,RQ1/02_prompts/stage1/rendered/p06_tank_battle_game/cpp/004__include__Geometry.h/user_prompt.txt,bae75f9af44108fff3ff4f8b41b80f030b188fc02659e4dc44d5998cf9857ffb,RQ1/02_prompts/stage1/rendered/p06_tank_battle_game/cpp/004__include__Geometry.h/input_context.json,1c3e98247bb8c86eb39fcb5c1a7e90187581ed40d8aaff0081bf0764b3a5f478,RQ1/02_prompts/stage1/rendered/p06_tank_battle_game/cpp/004__include__Geometry.h/request_metadata.json,1dee866f73858b8d671c2bdd6385f3832d968dcab058184d0338e3cffda421d7,1423652811,Qwen/Qwen3-Coder-30B-A3B-Instruct,chatcmpl-1789262597177,c3f53dc6e5b05b91efde6b7b85f61a892df8dcaa1b0b24856eb69b4d03d63df8
p06_tank_battle_game_cpp,6,tank_battle_game,cpp,5,src/Geometry.cpp,0538039766843d95a8cefa9a220a3bca4c3c30609bdafb983f6efa0d5a2438ad,RQ1/02_prompts/stage1/rendered/p06_tank_battle_game/cpp/005__src__Geometry.cpp/user_prompt.txt,d21d449687b2c7e3bfda8394667d4dfe5c43ac68521addc84d35f2b8f31a36cc,RQ1/02_prompts/stage1/rendered/p06_tank_battle_game/cpp/005__src__Geometry.cpp/input_context.json,8f814b18cf32b15cc2601a3b3405fa3b64ba3cece6116ea67e3b138b1a92bf0f,RQ1/02_prompts/stage1/rendered/p06_tank_battle_game/cpp/005__src__Geometry.cpp/request_metadata.json,1dee866f73858b8d671c2bdd6385f3832d968dcab058184d0338e3cffda421d7,1423652811,Qwen/Qwen3-Coder-30B-A3B-Instruct,chatcmpl-1789262618942,7792fe0c6acdd74b69d623c20cd31a1d35d1a480f004d55bba945a68139b8a9f
p06_tank_battle_game_cpp,6,tank_battle_game,cpp,6,include/Entities.h,0538039766843d95a8cefa9a220a3bca4c3c30609bdafb983f6efa0d5a2438ad,RQ1/02_prompts/stage1/rendered/p06_tank_battle_game/cpp/006__include__Entities.h/user_prompt.txt,bf3fe0ae2c944662287161dc042d4070ce127a7f110dd265cd9f00774d349316,RQ1/02_prompts/stage1/rendered/p06_tank_battle_game/cpp/006__include__Entities.h/input_context.json,518b578fbbf7ea7b4909ec6bba6998ed9ed3f2808d7febce4e6ee1a8b51e23b3,RQ1/02_prompts/stage1/rendered/p06_tank_battle_game/cpp/006__include__Entities.h/request_metadata.json,1dee866f73858b8d671c2bdd6385f3832d968dcab058184d0338e3cffda421d7,1423652811,Qwen/Qwen3-Coder-30B-A3B-Instruct,chatcmpl-1789262674685,2d2a0599de41d51fed49d5d45d25c801f41d35cfcd1f51b702a139770cd9cce6
p06_tank_battle_game_cpp,6,tank_battle_game,cpp,7,src/Entities.cpp,0538039766843d95a8cefa9a220a3bca4c3c30609bdafb983f6efa0d5a2438ad,RQ1/02_prompts/stage1/rendered/p06_tank_battle_game/cpp/007__src__Entities.cpp/user_prompt.txt,b91c9c896bca08784171c823d5fe6a3576722a0a6dda9720af000147b7325bf7,RQ1/02_prompts/stage1/rendered/p06_tank_battle_game/cpp/007__src__Entities.cpp/input_context.json,d620c4d8f6f11e3f84bbe17f4d184a80e19d427415e771746a9f2811b6c1d335,RQ1/02_prompts/stage1/rendered/p06_tank_battle_game/cpp/007__src__Entities.cpp/request_metadata.json,1dee866f73858b8d671c2bdd6385f3832d968dcab058184d0338e3cffda421d7,1423652811,Qwen/Qwen3-Coder-30B-A3B-Instruct,chatcmpl-1789262696574,192ffaabc3ba35d3c9f0f5e74893e46764d52d2b1b351859bf7c7fd59c892499
p06_tank_battle_game_cpp,6,tank_battle_game,cpp,8,include/Game.h,0538039766843d95a8cefa9a220a3bca4c3c30609bdafb983f6efa0d5a2438ad,RQ1/02_prompts/stage1/rendered/p06_tank_battle_game/cpp/008__include__Game.h/user_prompt.txt,c6fdc73b04629ea7af8bcaf7a1a44a93e4356002f4bf0e5fe875d0a124b3e64d,RQ1/02_prompts/stage1/rendered/p06_tank_battle_game/cpp/008__include__Game.h/input_context.json,d3d8ab405bb879e8abe3bfe08ff2188abc078c9a7e9f2e811cbf3d536d6a69d8,RQ1/02_prompts/stage1/rendered/p06_tank_battle_game/cpp/008__include__Game.h/request_metadata.json,1dee866f73858b8d671c2bdd6385f3832d968dcab058184d0338e3cffda421d7,1423652811,Qwen/Qwen3-Coder-30B-A3B-Instruct,chatcmpl-1789262750982,aa26a1768583b60b1d1ef7cf8aa6f009efe79e4aae831f1c28f460d28c0fe691
p06_tank_battle_game_cpp,6,tank_battle_game,cpp,9,src/Game.cpp,0538039766843d95a8cefa9a220a3bca4c3c30609bdafb983f6efa0d5a2438ad,RQ1/02_prompts/stage1/rendered/p06_tank_battle_game/cpp/009__src__Game.cpp/user_prompt.txt,c209a3e748d3bb0b94b6058f09df18ed1e16d3754e07a48571f5c71f5a105f33,RQ1/02_prompts/stage1/rendered/p06_tank_battle_game/cpp/009__src__Game.cpp/input_context.json,97b41a8f5ca55d4a3b3eb304943d5fd43fb4bc294c668fee9828a5daf2441125,RQ1/02_prompts/stage1/rendered/p06_tank_battle_game/cpp/009__src__Game.cpp/request_metadata.json,1dee866f73858b8d671c2bdd6385f3832d968dcab058184d0338e3cffda421d7,1423652811,Qwen/Qwen3-Coder-30B-A3B-Instruct,chatcmpl-1789262822646,f8eb2dd65d2d7ec09138196cfd1c7c62899827f19f1125dd1501ecd3720c298c
p06_tank_battle_game_java,6,tank_battle_game,java,1,pom.xml,0538039766843d95a8cefa9a220a3bca4c3c30609bdafb983f6efa0d5a2438ad,RQ1/02_prompts/stage1/rendered/p06_tank_battle_game/java/001__pom.xml/user_prompt.txt,0b8ffd96acc76b4a47aeb55a5a439dbcd97e4d242c90c943e70bd3362319ae82,RQ1/02_prompts/stage1/rendered/p06_tank_battle_game/java/001__pom.xml/input_context.json,b4ca1cf5475a3b3ff1b7a0145db3152d86a11e0918495cf8d650f7e66ec69835,RQ1/02_prompts/stage1/rendered/p06_tank_battle_game/java/001__pom.xml/request_metadata.json,ffd84b34deb72ac8b8cca4a83df026458047e882d4d6b81a1c38f6e441008c6b,573870900,Qwen/Qwen3-Coder-30B-A3B-Instruct,chatcmpl-1789394272275,64ae04f4266f3169e3deb9962165d3f3ed9cdf119a0a1daec5268e235a3e0b3b
p06_tank_battle_game_java,6,tank_battle_game,java,2,src/main/java/Position.java,0538039766843d95a8cefa9a220a3bca4c3c30609bdafb983f6efa0d5a2438ad,RQ1/02_prompts/stage1/rendered/p06_tank_battle_game/java/002__src__main__java__Position.java/user_prompt.txt,07927d62ba9ff513eb9c779df0529480cc606653806a515afef836a5b6d77378,RQ1/02_prompts/stage1/rendered/p06_tank_battle_game/java/002__src__main__java__Position.java/input_context.json,4c075267a95aebfc2d8186a7977206856af94051b174fdbd2f4037f4ad161d66,RQ1/02_prompts/stage1/rendered/p06_tank_battle_game/java/002__src__main__java__Position.java/request_metadata.json,ffd84b34deb72ac8b8cca4a83df026458047e882d4d6b81a1c38f6e441008c6b,573870900,Qwen/Qwen3-Coder-30B-A3B-Instruct,chatcmpl-1789394299634,a2f4498b46d037d64b585b94aee72345f11a500a835b4f676e02e49a91b44b7b
p06_tank_battle_game_java,6,tank_battle_game,java,3,src/main/java/Orientation.java,0538039766843d95a8cefa9a220a3bca4c3c30609bdafb983f6efa0d5a2438ad,RQ1/02_prompts/stage1/rendered/p06_tank_battle_game/java/003__src__main__java__Orientation.java/user_prompt.txt,c7a90986559b1098b1f2be4006400bf03c2f9f7a5cd179e5e16ada74e3a1600b,RQ1/02_prompts/stage1/rendered/p06_tank_battle_game/java/003__src__main__java__Orientation.java/input_context.json,57d0b9cfa50af5243b61b77b85d06ec4366a9c1e1866a0eedde962d6fd4b43ad,RQ1/02_prompts/stage1/rendered/p06_tank_battle_game/java/003__src__main__java__Orientation.java/request_metadata.json,ffd84b34deb72ac8b8cca4a83df026458047e882d4d6b81a1c38f6e441008c6b,573870900,Qwen/Qwen3-Coder-30B-A3B-Instruct,chatcmpl-1789394326101,31e0558a51e894411abecdcff8dfde7f92d2800e5aa7ca459363fbacfb773d32
p06_tank_battle_game_java,6,tank_battle_game,java,4,src/main/java/Command.java,0538039766843d95a8cefa9a220a3bca4c3c30609bdafb983f6efa0d5a2438ad,RQ1/02_prompts/stage1/rendered/p06_tank_battle_game/java/004__src__main__java__Command.java/user_prompt.txt,124d3f02f080480bb641f1e0bb918a7551986963a282fc69379b080396f9117f,RQ1/02_prompts/stage1/rendered/p06_tank_battle_game/java/004__src__main__java__Command.java/input_context.json,25660a13de609421fc84ed75cd03d559d769c0d836c879576027217f4610d5fb,RQ1/02_prompts/stage1/rendered/p06_tank_battle_game/java/004__src__main__java__Command.java/request_metadata.json,ffd84b34deb72ac8b8cca4a83df026458047e882d4d6b81a1c38f6e441008c6b,573870900,Qwen/Qwen3-Coder-30B-A3B-Instruct,chatcmpl-1789394330955,8f0dc99658b6871f4dc6bc2fe63c937cc31045112bd203aa9e5df9522476a901
p06_tank_battle_game_java,6,tank_battle_game,java,5,src/main/java/Tank.java,0538039766843d95a8cefa9a220a3bca4c3c30609bdafb983f6efa0d5a2438ad,RQ1/02_prompts/stage1/rendered/p06_tank_battle_game/java/005__src__main__java__Tank.java/user_prompt.txt,c019c9fa74e3313a30f454b8a24c27af04c119fd29f766f228825cb577a9b2e6,RQ1/02_prompts/stage1/rendered/p06_tank_battle_game/java/005__src__main__java__Tank.java/input_context.json,b76b58042ab62c64e7047d3bdfe61163316e2131af5fa4aac13bd9e3215b60d4,RQ1/02_prompts/stage1/rendered/p06_tank_battle_game/java/005__src__main__java__Tank.java/request_metadata.json,ffd84b34deb72ac8b8cca4a83df026458047e882d4d6b81a1c38f6e441008c6b,573870900,Qwen/Qwen3-Coder-30B-A3B-Instruct,chatcmpl-1789394381363,3c4554b6e279f2ec0c61807a8850364bb6a705f18de94782953fc7e940568021
p06_tank_battle_game_java,6,tank_battle_game,java,6,src/main/java/Projectile.java,0538039766843d95a8cefa9a220a3bca4c3c30609bdafb983f6efa0d5a2438ad,RQ1/02_prompts/stage1/rendered/p06_tank_battle_game/java/006__src__main__java__Projectile.java/user_prompt.txt,acb3a1b2482aa62222d6d6b50b1455a4a4e562e5a1f175ca7c45b43a9136d847,RQ1/02_prompts/stage1/rendered/p06_tank_battle_game/java/006__src__main__java__Projectile.java/input_context.json,c38e317d4cec3663445d29eb99f4c0d7114a385b09578d609378f9b18bcbaf0f,RQ1/02_prompts/stage1/rendered/p06_tank_battle_game/java/006__src__main__java__Projectile.java/request_metadata.json,ffd84b34deb72ac8b8cca4a83df026458047e882d4d6b81a1c38f6e441008c6b,573870900,Qwen/Qwen3-Coder-30B-A3B-Instruct,chatcmpl-1789394413903,0693f95b65c746f92d13b28ead7048bfa45b36dd1c9a6b486f98873b51cbcc34
p06_tank_battle_game_java,6,tank_battle_game,java,7,src/main/java/ObstacleMap.java,0538039766843d95a8cefa9a220a3bca4c3c30609bdafb983f6efa0d5a2438ad,RQ1/02_prompts/stage1/rendered/p06_tank_battle_game/java/007__src__main__java__ObstacleMap.java/user_prompt.txt,c2816ea4a37a2398f6d4768be2ee5d8ce50b01c5b9e0f7303ef79e2bd61ae458,RQ1/02_prompts/stage1/rendered/p06_tank_battle_game/java/007__src__main__java__ObstacleMap.java/input_context.json,d7d047aed7cdbece8bfc9059f554bd009723bfa0985a433eaeaec860c0548d1a,RQ1/02_prompts/stage1/rendered/p06_tank_battle_game/java/007__src__main__java__ObstacleMap.java/request_metadata.json,ffd84b34deb72ac8b8cca4a83df026458047e882d4d6b81a1c38f6e441008c6b,573870900,Qwen/Qwen3-Coder-30B-A3B-Instruct,chatcmpl-1789394436471,d7b9d45878c30ee7a5bcaf7300bedafc9994a06cba19a813c8d7f2483ccde9c1
p06_tank_battle_game_java,6,tank_battle_game,java,8,src/main/java/Arena.java,0538039766843d95a8cefa9a220a3bca4c3c30609bdafb983f6efa0d5a2438ad,RQ1/02_prompts/stage1/rendered/p06_tank_battle_game/java/008__src__main__java__Arena.java/user_prompt.txt,1b1889deb9219aca5c311e93c8b4275a101a444842adf4e43445ad1534268c0c,RQ1/02_prompts/stage1/rendered/p06_tank_battle_game/java/008__src__main__java__Arena.java/input_context.json,3bbddfa0128538eced48ac9c67346d2cff3b51da77777cf2ad79704c1261a448,RQ1/02_prompts/stage1/rendered/p06_tank_battle_game/java/008__src__main__java__Arena.java/request_metadata.json,ffd84b34deb72ac8b8cca4a83df026458047e882d4d6b81a1c38f6e441008c6b,573870900,Qwen/Qwen3-Coder-30B-A3B-Instruct,chatcmpl-1789394464892,639bc74cf45b2195754bfdc49ccab9b0d160a1f19837df588fbe41d8ae84a9c2
p06_tank_battle_game_java,6,tank_battle_game,java,9,src/main/java/ScoreBoard.java,0538039766843d95a8cefa9a220a3bca4c3c30609bdafb983f6efa0d5a2438ad,RQ1/02_prompts/stage1/rendered/p06_tank_battle_game/java/009__src__main__java__ScoreBoard.java/user_prompt.txt,72b71e1f4a04ec3dbb31581cfa5f2ea7452e014f0bf2c93c09ba338947bd1645,RQ1/02_prompts/stage1/rendered/p06_tank_battle_game/java/009__src__main__java__ScoreBoard.java/input_context.json,a4a0668112bff1b0ee7e7c186c89e99f54a8e3c2846f30dbb16eff4cd44cfd82,RQ1/02_prompts/stage1/rendered/p06_tank_battle_game/java/009__src__main__java__ScoreBoard.java/request_metadata.json,ffd84b34deb72ac8b8cca4a83df026458047e882d4d6b81a1c38f6e441008c6b,573870900,Qwen/Qwen3-Coder-30B-A3B-Instruct,chatcmpl-1789394510055,a4d8d4fe80dafb429ba746e53fa24e0fa833b961fa625433d4352f4d06900b26
p06_tank_battle_game_java,6,tank_battle_game,java,10,src/main/java/GameEngine.java,0538039766843d95a8cefa9a220a3bca4c3c30609bdafb983f6efa0d5a2438ad,RQ1/02_prompts/stage1/rendered/p06_tank_battle_game/java/010__src__main__java__GameEngine.java/user_prompt.txt,cfc2fba2360b4fc4f291308921e074f9cccd1e9637efd85096c96fe20c6246a1,RQ1/02_prompts/stage1/rendered/p06_tank_battle_game/java/010__src__main__java__GameEngine.java/input_context.json,1174b381c82a2a609902e3657e684f7c87225f671640eb1b0cb0750ae8f01adf,RQ1/02_prompts/stage1/rendered/p06_tank_battle_game/java/010__src__main__java__GameEngine.java/request_metadata.json,ffd84b34deb72ac8b8cca4a83df026458047e882d4d6b81a1c38f6e441008c6b,573870900,Qwen/Qwen3-Coder-30B-A3B-Instruct,chatcmpl-1789394649763,b454a1e1d18c86e376ccb94e74e9ec433fed83c276f12fb72115e3101d9c3bf7
p06_tank_battle_game_java,6,tank_battle_game,java,11,src/main/java/Main.java,0538039766843d95a8cefa9a220a3bca4c3c30609bdafb983f6efa0d5a2438ad,RQ1/02_prompts/stage1/rendered/p06_tank_battle_game/java/011__src__main__java__Main.java/user_prompt.txt,ffcc2fc01134485e33881199f0acc4fb54ab5fb34d7b6c1398d1ff320635aae1,RQ1/02_prompts/stage1/rendered/p06_tank_battle_game/java/011__src__main__java__Main.java/input_context.json,d609a87975b1f2e6249d5b38b94b2d0109c67e0fafb460e133994b689deac078,RQ1/02_prompts/stage1/rendered/p06_tank_battle_game/java/011__src__main__java__Main.java/request_metadata.json,ffd84b34deb72ac8b8cca4a83df026458047e882d4d6b81a1c38f6e441008c6b,573870900,Qwen/Qwen3-Coder-30B-A3B-Instruct,chatcmpl-1789394673518,44eebf85778e46adcaa75e4a9d6f0e51f764c88a7ff7257ed824e64539fc4030
p06_tank_battle_game_java,6,tank_battle_game,java,12,src/test/java/MainTest.java,0538039766843d95a8cefa9a220a3bca4c3c30609bdafb983f6efa0d5a2438ad,RQ1/02_prompts/stage1/rendered/p06_tank_battle_game/java/012__src__test__java__MainTest.java/user_prompt.txt,05bc9ec3b133ae2c78f89748483cf15d001d6a75ef1dc90ab36266a3aabb337a,RQ1/02_prompts/stage1/rendered/p06_tank_battle_game/java/012__src__test__java__MainTest.java/input_context.json,c42f1b78fb3833c0a99c62ff9438e8e3b2edd3c924db5c1909f96cd0d3a48116,RQ1/02_prompts/stage1/rendered/p06_tank_battle_game/java/012__src__test__java__MainTest.java/request_metadata.json,ffd84b34deb72ac8b8cca4a83df026458047e882d4d6b81a1c38f6e441008c6b,573870900,Qwen/Qwen3-Coder-30B-A3B-Instruct,chatcmpl-1789394731822,a9555e1c848ea425e43be5b1fc553247861cd6f1925f215248193944bb194645
p06_tank_battle_game_python,6,tank_battle_game,python,1,requirements.txt,0538039766843d95a8cefa9a220a3bca4c3c30609bdafb983f6efa0d5a2438ad,RQ1/02_prompts/stage1/rendered/p06_tank_battle_game/python/001__requirements.txt/user_prompt.txt,63e3358fffb22bfae1d5f65c241fc71bb685a005bf116cf96eea8c957c7c639d,RQ1/02_prompts/stage1/rendered/p06_tank_battle_game/python/001__requirements.txt/input_context.json,c1631e41040e366b389ccf5b4c9d1e14d05a190fede9aa3d7bd7350cd639f29d,RQ1/02_prompts/stage1/rendered/p06_tank_battle_game/python/001__requirements.txt/request_metadata.json,eccf1d8d0c25fc9135ec4977f6c34f89c8d889962f86b0a5ee02346c5b6aea66,2408978515,Qwen/Qwen3-Coder-30B-A3B-Instruct,chatcmpl-1789391369059,4ab5ae75ce01d7f22f3db1439db42d36fb820ef0f103030b2eb2707a9a9cef17
p06_tank_battle_game_python,6,tank_battle_game,python,2,tank_battle/directions.py,0538039766843d95a8cefa9a220a3bca4c3c30609bdafb983f6efa0d5a2438ad,RQ1/02_prompts/stage1/rendered/p06_tank_battle_game/python/002__tank_battle__directions.py/user_prompt.txt,c7af70f5e1ddeccd6609591da17bf0ab990dbbe50947a65a3b6995f8c9fc8cb6,RQ1/02_prompts/stage1/rendered/p06_tank_battle_game/python/002__tank_battle__directions.py/input_context.json,37ed5a23f51c362740f8b5d05223112808d9db01141d0011396076cd9d6deafd,RQ1/02_prompts/stage1/rendered/p06_tank_battle_game/python/002__tank_battle__directions.py/request_metadata.json,eccf1d8d0c25fc9135ec4977f6c34f89c8d889962f86b0a5ee02346c5b6aea66,2408978515,Qwen/Qwen3-Coder-30B-A3B-Instruct,chatcmpl-1789391384744,601e40eb784810f072c12e95907e6ca52968ce4d6200b11a1c3db5526063a036
p06_tank_battle_game_python,6,tank_battle_game,python,3,tank_battle/geometry.py,0538039766843d95a8cefa9a220a3bca4c3c30609bdafb983f6efa0d5a2438ad,RQ1/02_prompts/stage1/rendered/p06_tank_battle_game/python/003__tank_battle__geometry.py/user_prompt.txt,eb1263305c06f4a74ae0cd2f930945db4498ec9dd4859e39fab6046318d71914,RQ1/02_prompts/stage1/rendered/p06_tank_battle_game/python/003__tank_battle__geometry.py/input_context.json,ec685b2a93c372eb6fd3ef597a9185ad2a808ea611566e3a39ebb3e9be7e64ad,RQ1/02_prompts/stage1/rendered/p06_tank_battle_game/python/003__tank_battle__geometry.py/request_metadata.json,eccf1d8d0c25fc9135ec4977f6c34f89c8d889962f86b0a5ee02346c5b6aea66,2408978515,Qwen/Qwen3-Coder-30B-A3B-Instruct,chatcmpl-1789391410873,7f9e4af8e9648bc0b6ba9def498974b516d46b8347f85da99c80c1ac90571dd5
p06_tank_battle_game_python,6,tank_battle_game,python,4,tank_battle/obstacle.py,0538039766843d95a8cefa9a220a3bca4c3c30609bdafb983f6efa0d5a2438ad,RQ1/02_prompts/stage1/rendered/p06_tank_battle_game/python/004__tank_battle__obstacle.py/user_prompt.txt,3cce1f74ad4e66395b7cb488830fc9663859e4e4f98a2d7db998355a50704a2b,RQ1/02_prompts/stage1/rendered/p06_tank_battle_game/python/004__tank_battle__obstacle.py/input_context.json,0705389837e1b68d9728fbb5b46266c9678e9057ca8408c20063d9213e28c66c,RQ1/02_prompts/stage1/rendered/p06_tank_battle_game/python/004__tank_battle__obstacle.py/request_metadata.json,eccf1d8d0c25fc9135ec4977f6c34f89c8d889962f86b0a5ee02346c5b6aea66,2408978515,Qwen/Qwen3-Coder-30B-A3B-Instruct,chatcmpl-1789391419575,b0e1c5fdc42b24c4955d688e67d0b6abc3f4e314a514fbcd85c9cf26e1e5e6f3
p06_tank_battle_game_python,6,tank_battle_game,python,5,tank_battle/arena.py,0538039766843d95a8cefa9a220a3bca4c3c30609bdafb983f6efa0d5a2438ad,RQ1/02_prompts/stage1/rendered/p06_tank_battle_game/python/005__tank_battle__arena.py/user_prompt.txt,8f64c14119047c11c9a34fb339f11203cb66dac66331c5867be7bd73ab4fd2c8,RQ1/02_prompts/stage1/rendered/p06_tank_battle_game/python/005__tank_battle__arena.py/input_context.json,869f8c4b789547542259b62cfc3f229fd216dc01a6bbfce3cecd22628afe2772,RQ1/02_prompts/stage1/rendered/p06_tank_battle_game/python/005__tank_battle__arena.py/request_metadata.json,eccf1d8d0c25fc9135ec4977f6c34f89c8d889962f86b0a5ee02346c5b6aea66,2408978515,Qwen/Qwen3-Coder-30B-A3B-Instruct,chatcmpl-1789391450398,eaa0242fae862402fd70629e81547f6eec581178f173c790d64e22831c614c2a
p06_tank_battle_game_python,6,tank_battle_game,python,6,tank_battle/tank.py,0538039766843d95a8cefa9a220a3bca4c3c30609bdafb983f6efa0d5a2438ad,RQ1/02_prompts/stage1/rendered/p06_tank_battle_game/python/006__tank_battle__tank.py/user_prompt.txt,7afe91695aacf0a70694c899597132eebd41f77246f8cdedd82a10204d3734c7,RQ1/02_prompts/stage1/rendered/p06_tank_battle_game/python/006__tank_battle__tank.py/input_context.json,30c901f82712ef9a74931c60f2fc8dc20902780116538a96489077b1b4b845d6,RQ1/02_prompts/stage1/rendered/p06_tank_battle_game/python/006__tank_battle__tank.py/request_metadata.json,eccf1d8d0c25fc9135ec4977f6c34f89c8d889962f86b0a5ee02346c5b6aea66,2408978515,Qwen/Qwen3-Coder-30B-A3B-Instruct,chatcmpl-1789391483083,793a9d1d87b178c1ad2535be1d5b0e6f6318cef6a979e783ec72024afadbdca4
p06_tank_battle_game_python,6,tank_battle_game,python,7,tank_battle/projectile.py,0538039766843d95a8cefa9a220a3bca4c3c30609bdafb983f6efa0d5a2438ad,RQ1/02_prompts/stage1/rendered/p06_tank_battle_game/python/007__tank_battle__projectile.py/user_prompt.txt,a0204777f7206f27496f12f1ffd35c66556c56d6d1be5acacc5f849b16ae081a,RQ1/02_prompts/stage1/rendered/p06_tank_battle_game/python/007__tank_battle__projectile.py/input_context.json,da2801487383427c10583e30da81781101205cbccf5597c46d1b2ade2093c05e,RQ1/02_prompts/stage1/rendered/p06_tank_battle_game/python/007__tank_battle__projectile.py/request_metadata.json,eccf1d8d0c25fc9135ec4977f6c34f89c8d889962f86b0a5ee02346c5b6aea66,2408978515,Qwen/Qwen3-Coder-30B-A3B-Instruct,chatcmpl-1789391509665,28eaf9d9d3acabaec964227c7afbd6430f4deb568f3afa7b2702a7374369ad94
p06_tank_battle_game_python,6,tank_battle_game,python,8,tank_battle/commands.py,0538039766843d95a8cefa9a220a3bca4c3c30609bdafb983f6efa0d5a2438ad,RQ1/02_prompts/stage1/rendered/p06_tank_battle_game/python/008__tank_battle__commands.py/user_prompt.txt,01462283c202de3b076193a85a5b4297a0e6d0014bfb66c23f8e8b974db087ef,RQ1/02_prompts/stage1/rendered/p06_tank_battle_game/python/008__tank_battle__commands.py/input_context.json,3ece6df58b784e9dc1878b4294b7037f8974a3ae137043d7daf185ac29d6ec0b,RQ1/02_prompts/stage1/rendered/p06_tank_battle_game/python/008__tank_battle__commands.py/request_metadata.json,eccf1d8d0c25fc9135ec4977f6c34f89c8d889962f86b0a5ee02346c5b6aea66,2408978515,Qwen/Qwen3-Coder-30B-A3B-Instruct,chatcmpl-1789391530243,55663bd390e294541600d2596c2508abb2b675991feca17fdbc62bd6eded2a53
p06_tank_battle_game_python,6,tank_battle_game,python,9,tank_battle/scoring.py,0538039766843d95a8cefa9a220a3bca4c3c30609bdafb983f6efa0d5a2438ad,RQ1/02_prompts/stage1/rendered/p06_tank_battle_game/python/009__tank_battle__scoring.py/user_prompt.txt,ee1c590278d8ef8cf59eee9591d924705e4b2851826294bfad5da545abc452b4,RQ1/02_prompts/stage1/rendered/p06_tank_battle_game/python/009__tank_battle__scoring.py/input_context.json,91ab983efbda966c7d93f3b9b143db45b8d4aedd04ee13f86fea845d7f332136,RQ1/02_prompts/stage1/rendered/p06_tank_battle_game/python/009__tank_battle__scoring.py/request_metadata.json,eccf1d8d0c25fc9135ec4977f6c34f89c8d889962f86b0a5ee02346c5b6aea66,2408978515,Qwen/Qwen3-Coder-30B-A3B-Instruct,chatcmpl-1789391554761,3a36436f6a2c62f82b75e793d1715c09041fd36d18d2d3dba09557fb6e8e5294
p06_tank_battle_game_python,6,tank_battle_game,python,10,tank_battle/game.py,0538039766843d95a8cefa9a220a3bca4c3c30609bdafb983f6efa0d5a2438ad,RQ1/02_prompts/stage1/rendered/p06_tank_battle_game/python/010__tank_battle__game.py/user_prompt.txt,60f2560025e8939a9ceae4c24b777eafdbd0c910b5cd3f001e7af00fb72df9be,RQ1/02_prompts/stage1/rendered/p06_tank_battle_game/python/010__tank_battle__game.py/input_context.json,eee9ee5f8d236549c7959f1ae57ec5e2742026de7df3eeaccc7a7f74a88985ef,RQ1/02_prompts/stage1/rendered/p06_tank_battle_game/python/010__tank_battle__game.py/request_metadata.json,eccf1d8d0c25fc9135ec4977f6c34f89c8d889962f86b0a5ee02346c5b6aea66,2408978515,Qwen/Qwen3-Coder-30B-A3B-Instruct,chatcmpl-1789391704683,274d795740bc395c6ecb230174b7828539d215ae3351303c1e2379643064b3f7
p06_tank_battle_game_python,6,tank_battle_game,python,11,tank_battle/configs.py,0538039766843d95a8cefa9a220a3bca4c3c30609bdafb983f6efa0d5a2438ad,RQ1/02_prompts/stage1/rendered/p06_tank_battle_game/python/011__tank_battle__configs.py/user_prompt.txt,1213482eb2f76fc5885811a5a232d0014a876024e1d3931b94ab8d3b622af283,RQ1/02_prompts/stage1/rendered/p06_tank_battle_game/python/011__tank_battle__configs.py/input_context.json,c3925bfef639446acfee4a4cf8fac92b1c162b488f6377b1b63df70daed30288,RQ1/02_prompts/stage1/rendered/p06_tank_battle_game/python/011__tank_battle__configs.py/request_metadata.json,eccf1d8d0c25fc9135ec4977f6c34f89c8d889962f86b0a5ee02346c5b6aea66,2408978515,Qwen/Qwen3-Coder-30B-A3B-Instruct,chatcmpl-1789391723641,7e608add115ef871a2e7a1883a1b0ec350f49f632f53e5f051f7eab96173cf9d
p06_tank_battle_game_python,6,tank_battle_game,python,12,tank_battle/__init__.py,0538039766843d95a8cefa9a220a3bca4c3c30609bdafb983f6efa0d5a2438ad,RQ1/02_prompts/stage1/rendered/p06_tank_battle_game/python/012__tank_battle____init__.py/user_prompt.txt,6252105ddd01398ce8312af47cbbc271e2efa8e7e0ced6609ee2fb2865ee488a,RQ1/02_prompts/stage1/rendered/p06_tank_battle_game/python/012__tank_battle____init__.py/input_context.json,f1c42da75300f94a204c4e74ce375bdeab2d49e6582f2d8be03ddb33f1d05360,RQ1/02_prompts/stage1/rendered/p06_tank_battle_game/python/012__tank_battle____init__.py/request_metadata.json,eccf1d8d0c25fc9135ec4977f6c34f89c8d889962f86b0a5ee02346c5b6aea66,2408978515,Qwen/Qwen3-Coder-30B-A3B-Instruct,chatcmpl-1789391738641,8b9d53dfc4a296f3876749a615c2b611ff6e16d0ee8ee223fba26bb649e2c707
p06_tank_battle_game_python,6,tank_battle_game,python,13,Main.py,0538039766843d95a8cefa9a220a3bca4c3c30609bdafb983f6efa0d5a2438ad,RQ1/02_prompts/stage1/rendered/p06_tank_battle_game/python/013__Main.py/user_prompt.txt,f944148efeda12cc112003da484482e4b24a0ce7c1779885bac13e81a2af9405,RQ1/02_prompts/stage1/rendered/p06_tank_battle_game/python/013__Main.py/input_context.json,714de747eb90bd61cf102cf8a23820ba875d67e660b5d0232fc81647df744f15,RQ1/02_prompts/stage1/rendered/p06_tank_battle_game/python/013__Main.py/request_metadata.json,eccf1d8d0c25fc9135ec4977f6c34f89c8d889962f86b0a5ee02346c5b6aea66,2408978515,Qwen/Qwen3-Coder-30B-A3B-Instruct,chatcmpl-1789391751489,96e940a1e87c2e9cbb85a9a978843b0977fec4dd8ab9a6753a6fd3e06d3d546b
p06_tank_battle_game_python,6,tank_battle_game,python,14,tests/test_main.py,0538039766843d95a8cefa9a220a3bca4c3c30609bdafb983f6efa0d5a2438ad,RQ1/02_prompts/stage1/rendered/p06_tank_battle_game/python/014__tests__test_main.py/user_prompt.txt,b0a091f059d4a5d5eb0901ff622f4867a0cb37ec750840bd95f17e6b9f3c1c31,RQ1/02_prompts/stage1/rendered/p06_tank_battle_game/python/014__tests__test_main.py/input_context.json,3d74e13e443d2e11cf782cba30581650b89d1cc75b5f5cffa2feeb6bacee9456,RQ1/02_prompts/stage1/rendered/p06_tank_battle_game/python/014__tests__test_main.py/request_metadata.json,eccf1d8d0c25fc9135ec4977f6c34f89c8d889962f86b0a5ee02346c5b6aea66,2408978515,Qwen/Qwen3-Coder-30B-A3B-Instruct,chatcmpl-1789391820062,7262bc32780d7604eb8113612d25001f44ded0279d11c3543dcd73ea6a329d36
p07_calculator_cpp,7,calculator,cpp,1,CMakeLists.txt,0538039766843d95a8cefa9a220a3bca4c3c30609bdafb983f6efa0d5a2438ad,RQ1/02_prompts/stage1/rendered/p07_calculator/cpp/001__CMakeLists.txt/user_prompt.txt,61b70d03787cd8332e019b890bb9bc99eaeaea375faa07cd5f4a94595f8652d8,RQ1/02_prompts/stage1/rendered/p07_calculator/cpp/001__CMakeLists.txt/input_context.json,21603e7c3c048054e6e7f0081b24ef00d7edbbf526153fb8a840c43aa280794a,RQ1/02_prompts/stage1/rendered/p07_calculator/cpp/001__CMakeLists.txt/request_metadata.json,6f7e137031b1f55acf336cea35297407e6ab234e3faac823f7b26911d2ea96ef,3978176900,Qwen/Qwen3-Coder-30B-A3B-Instruct,chatcmpl-1789395285455,d6f7129dcacf1f8a6dcde36bcc4b5961cdd301a99e0b1aa90368de9d2a43ea57
p07_calculator_cpp,7,calculator,cpp,2,include/Tokens.h,0538039766843d95a8cefa9a220a3bca4c3c30609bdafb983f6efa0d5a2438ad,RQ1/02_prompts/stage1/rendered/p07_calculator/cpp/002__include__Tokens.h/user_prompt.txt,98bc86d9e70e7ca4ce5bae262aca867f887241c495d201edbb297e2f42979b27,RQ1/02_prompts/stage1/rendered/p07_calculator/cpp/002__include__Tokens.h/input_context.json,77ec488f0da80af428b55e1cb4b248b289cb014c4cdfcc52d073378dc57fe988,RQ1/02_prompts/stage1/rendered/p07_calculator/cpp/002__include__Tokens.h/request_metadata.json,6f7e137031b1f55acf336cea35297407e6ab234e3faac823f7b26911d2ea96ef,3978176900,Qwen/Qwen3-Coder-30B-A3B-Instruct,chatcmpl-1789395294176,8c60b6feaa0db420267dbc4d7e53af00ad9709a60f5e205295b841492af2df55
p07_calculator_cpp,7,calculator,cpp,3,include/Lexer.h,0538039766843d95a8cefa9a220a3bca4c3c30609bdafb983f6efa0d5a2438ad,RQ1/02_prompts/stage1/rendered/p07_calculator/cpp/003__include__Lexer.h/user_prompt.txt,b7b89f7b35be504aed2b24ad131afa50374b436d0128b52ed7af4a0e9dfd9ed8,RQ1/02_prompts/stage1/rendered/p07_calculator/cpp/003__include__Lexer.h/input_context.json,70ea35f3ffee6ab54da27e95f1206170e04ef7f15586a9e4b2d70f54c195ca54,RQ1/02_prompts/stage1/rendered/p07_calculator/cpp/003__include__Lexer.h/request_metadata.json,6f7e137031b1f55acf336cea35297407e6ab234e3faac823f7b26911d2ea96ef,3978176900,Qwen/Qwen3-Coder-30B-A3B-Instruct,chatcmpl-1789395301731,0cd7f91dac34386dd942d0c2ce365dec62fb1ffba05cab2540f12d7741239cc9
p07_calculator_cpp,7,calculator,cpp,4,include/Parser.h,0538039766843d95a8cefa9a220a3bca4c3c30609bdafb983f6efa0d5a2438ad,RQ1/02_prompts/stage1/rendered/p07_calculator/cpp/004__include__Parser.h/user_prompt.txt,1c79395260c0f253dce7f119bf5fdf1aa6332a22ac59c6d87d6f0f0d373941a6,RQ1/02_prompts/stage1/rendered/p07_calculator/cpp/004__include__Parser.h/input_context.json,7b2ca920f644bbf3d2e8bd83203c9fa3575d7714587d7b9354af0d1f2d859d3e,RQ1/02_prompts/stage1/rendered/p07_calculator/cpp/004__include__Parser.h/request_metadata.json,6f7e137031b1f55acf336cea35297407e6ab234e3faac823f7b26911d2ea96ef,3978176900,Qwen/Qwen3-Coder-30B-A3B-Instruct,chatcmpl-1789395309202,bc057e51291705ed1064ce5f2694448521f27705e0bcb8bc49cd00a14396be8d
p07_calculator_cpp,7,calculator,cpp,5,include/Evaluator.h,0538039766843d95a8cefa9a220a3bca4c3c30609bdafb983f6efa0d5a2438ad,RQ1/02_prompts/stage1/rendered/p07_calculator/cpp/005__include__Evaluator.h/user_prompt.txt,16c55c2b142224be0af712d0f01d2fcc5d0cffc51ff454b1c194c492ec0b412e,RQ1/02_prompts/stage1/rendered/p07_calculator/cpp/005__include__Evaluator.h/input_context.json,966dcf89914393585e87023ec24e289dc23b8d553f315a4f47e8506d04c45eeb,RQ1/02_prompts/stage1/rendered/p07_calculator/cpp/005__include__Evaluator.h/request_metadata.json,6f7e137031b1f55acf336cea35297407e6ab234e3faac823f7b26911d2ea96ef,3978176900,Qwen/Qwen3-Coder-30B-A3B-Instruct,chatcmpl-1789395316824,f6a9cf4c891f0e01e378b6400eefc9bf3f742d4535b76b77755ce658b5ee36ed
p07_calculator_cpp,7,calculator,cpp,6,include/History.h,0538039766843d95a8cefa9a220a3bca4c3c30609bdafb983f6efa0d5a2438ad,RQ1/02_prompts/stage1/rendered/p07_calculator/cpp/006__include__History.h/user_prompt.txt,0f68f18ffa5d9052e8a7f86181e1bae86d4b7659be861af960a80f7b5171b168,RQ1/02_prompts/stage1/rendered/p07_calculator/cpp/006__include__History.h/input_context.json,4b48e1fc66f445e99f276ccefa9d599e401cbb6b58cf8793d9d1c65e17f575fd,RQ1/02_prompts/stage1/rendered/p07_calculator/cpp/006__include__History.h/request_metadata.json,6f7e137031b1f55acf336cea35297407e6ab234e3faac823f7b26911d2ea96ef,3978176900,Qwen/Qwen3-Coder-30B-A3B-Instruct,chatcmpl-1789395324899,f476888c080375595169350e69eddfc11da1906f5cf10cfc704fff23b3c83d4c
p07_calculator_cpp,7,calculator,cpp,7,include/Calculator.h,0538039766843d95a8cefa9a220a3bca4c3c30609bdafb983f6efa0d5a2438ad,RQ1/02_prompts/stage1/rendered/p07_calculator/cpp/007__include__Calculator.h/user_prompt.txt,5b85ddab53ca970eeaff8d1c9d680788a02be2033c022e2a63bd2a4f860c5b27,RQ1/02_prompts/stage1/rendered/p07_calculator/cpp/007__include__Calculator.h/input_context.json,da2165fb5cfa75a07699b8563274a7625c519dbdaffd2d402267f6ff0584c7b1,RQ1/02_prompts/stage1/rendered/p07_calculator/cpp/007__include__Calculator.h/request_metadata.json,6f7e137031b1f55acf336cea35297407e6ab234e3faac823f7b26911d2ea96ef,3978176900,Qwen/Qwen3-Coder-30B-A3B-Instruct,chatcmpl-1789395333621,ddf5ab4fa3f194c6d3b2dbfa4116511f60065a3e0f557ad504b61f6213e12941
p07_calculator_cpp,7,calculator,cpp,8,src/Tokens.cpp,0538039766843d95a8cefa9a220a3bca4c3c30609bdafb983f6efa0d5a2438ad,RQ1/02_prompts/stage1/rendered/p07_calculator/cpp/008__src__Tokens.cpp/user_prompt.txt,35a037af0bcdea632f9bad701d47b7cb89a8ff16eadaf6bd336ceafe7ce8d7fc,RQ1/02_prompts/stage1/rendered/p07_calculator/cpp/008__src__Tokens.cpp/input_context.json,e2a41d780d89596868006799c7b64cd3986a4a2b875262620bc9ccb10fe9df39,RQ1/02_prompts/stage1/rendered/p07_calculator/cpp/008__src__Tokens.cpp/request_metadata.json,6f7e137031b1f55acf336cea35297407e6ab234e3faac823f7b26911d2ea96ef,3978176900,Qwen/Qwen3-Coder-30B-A3B-Instruct,chatcmpl-1789395343414,906273ec7e1258231422a002d99311f12a5a1e49eb5c83c11710070256fbc319
p07_calculator_cpp,7,calculator,cpp,9,src/Lexer.cpp,0538039766843d95a8cefa9a220a3bca4c3c30609bdafb983f6efa0d5a2438ad,RQ1/02_prompts/stage1/rendered/p07_calculator/cpp/009__src__Lexer.cpp/user_prompt.txt,9306bc10add2e6dffaff070c4fbbe0eeca5d00d338c21e7b6ee81b2e89697ac3,RQ1/02_prompts/stage1/rendered/p07_calculator/cpp/009__src__Lexer.cpp/input_context.json,1a26a430e0026e47a7543045376100dc6c728bebc3f95d22ca526ddb151d0d0a,RQ1/02_prompts/stage1/rendered/p07_calculator/cpp/009__src__Lexer.cpp/request_metadata.json,6f7e137031b1f55acf336cea35297407e6ab234e3faac823f7b26911d2ea96ef,3978176900,Qwen/Qwen3-Coder-30B-A3B-Instruct,chatcmpl-1789395373577,d3e958b77ae68a2570da8f3e08c74f1b1c5b88aa308719b7c99b79367c4b42ce
p07_calculator_cpp,7,calculator,cpp,10,src/Parser.cpp,0538039766843d95a8cefa9a220a3bca4c3c30609bdafb983f6efa0d5a2438ad,RQ1/02_prompts/stage1/rendered/p07_calculator/cpp/010__src__Parser.cpp/user_prompt.txt,8fe6c2ee420a2120cb601d5b8d8c610f4b65999b521cc82ba2dbfc598fefbee8,RQ1/02_prompts/stage1/rendered/p07_calculator/cpp/010__src__Parser.cpp/input_context.json,21d5e307b36380e218fd9279d14346a6481b6fbc1e874495f4e5168085052ab0,RQ1/02_prompts/stage1/rendered/p07_calculator/cpp/010__src__Parser.cpp/request_metadata.json,6f7e137031b1f55acf336cea35297407e6ab234e3faac823f7b26911d2ea96ef,3978176900,Qwen/Qwen3-Coder-30B-A3B-Instruct,chatcmpl-1789395399528,dc4440e762fe7024f873fb8d2116b02e4bfa92e6b8c41446c39891cc9587fbcf
p07_calculator_cpp,7,calculator,cpp,11,src/Evaluator.cpp,0538039766843d95a8cefa9a220a3bca4c3c30609bdafb983f6efa0d5a2438ad,RQ1/02_prompts/stage1/rendered/p07_calculator/cpp/011__src__Evaluator.cpp/user_prompt.txt,084e5729f3c3c43b31020079bc030c39734e26d2872d8b73fef9f0d7d1b738e2,RQ1/02_prompts/stage1/rendered/p07_calculator/cpp/011__src__Evaluator.cpp/input_context.json,ada54af95c9a7c8e2563831a43c3baa94b472136e5bc8198a76e8768b09aa129,RQ1/02_prompts/stage1/rendered/p07_calculator/cpp/011__src__Evaluator.cpp/request_metadata.json,6f7e137031b1f55acf336cea35297407e6ab234e3faac823f7b26911d2ea96ef,3978176900,Qwen/Qwen3-Coder-30B-A3B-Instruct,chatcmpl-1789395427793,6de0c9a6ac49bda293aa6cfea9cd0f95b4dcc6012fb79064a704dbafd31c46d2
p07_calculator_cpp,7,calculator,cpp,12,src/History.cpp,0538039766843d95a8cefa9a220a3bca4c3c30609bdafb983f6efa0d5a2438ad,RQ1/02_prompts/stage1/rendered/p07_calculator/cpp/012__src__History.cpp/user_prompt.txt,c6dd980f1ce1809334216529e7950640ccd2d0dd1670d6e144b05a840134f36e,RQ1/02_prompts/stage1/rendered/p07_calculator/cpp/012__src__History.cpp/input_context.json,0f6baa524c5a6fb26b5398bd0ea0b09701454661a26b60844f0b7f2d9778356f,RQ1/02_prompts/stage1/rendered/p07_calculator/cpp/012__src__History.cpp/request_metadata.json,6f7e137031b1f55acf336cea35297407e6ab234e3faac823f7b26911d2ea96ef,3978176900,Qwen/Qwen3-Coder-30B-A3B-Instruct,chatcmpl-1789395435119,3f4630e63f952d72231cee8703857b24c1d2d94a2b3edde6fc10859675118ab3
p07_calculator_cpp,7,calculator,cpp,13,src/Calculator.cpp,0538039766843d95a8cefa9a220a3bca4c3c30609bdafb983f6efa0d5a2438ad,RQ1/02_prompts/stage1/rendered/p07_calculator/cpp/013__src__Calculator.cpp/user_prompt.txt,0551d59cf35dc195a5384feae1c24f27aba554e56e928f27ac41791c560c7e58,RQ1/02_prompts/stage1/rendered/p07_calculator/cpp/013__src__Calculator.cpp/input_context.json,e33a3baa9abc6415ac70724355d3646737e405f379641e9315918bb4d5ed1550,RQ1/02_prompts/stage1/rendered/p07_calculator/cpp/013__src__Calculator.cpp/request_metadata.json,6f7e137031b1f55acf336cea35297407e6ab234e3faac823f7b26911d2ea96ef,3978176900,Qwen/Qwen3-Coder-30B-A3B-Instruct,chatcmpl-1789395454542,0ac90e680961f243471b12c8275adec35ca593a292dc2f87fc1a7ac36e6e0c0a
p07_calculator_cpp,7,calculator,cpp,14,src/Main.cpp,0538039766843d95a8cefa9a220a3bca4c3c30609bdafb983f6efa0d5a2438ad,RQ1/02_prompts/stage1/rendered/p07_calculator/cpp/014__src__Main.cpp/user_prompt.txt,558f59d48779b7279ef5bf5d72dde5d2e04c82970d457efd9a7ae1ac386d9db0,RQ1/02_prompts/stage1/rendered/p07_calculator/cpp/014__src__Main.cpp/input_context.json,69d1d1de8624e3652ab8975dd25513e5a6f33c6812016e9039fb4192976451c2,RQ1/02_prompts/stage1/rendered/p07_calculator/cpp/014__src__Main.cpp/request_metadata.json,6f7e137031b1f55acf336cea35297407e6ab234e3faac823f7b26911d2ea96ef,3978176900,Qwen/Qwen3-Coder-30B-A3B-Instruct,chatcmpl-1789395473141,79fbb9fa02229b3709d858bba509f12ae4edcb5dbfc36fd93ad0327998ebf4a4
p07_calculator_cpp,7,calculator,cpp,15,tests/test_main.cpp,0538039766843d95a8cefa9a220a3bca4c3c30609bdafb983f6efa0d5a2438ad,RQ1/02_prompts/stage1/rendered/p07_calculator/cpp/015__tests__test_main.cpp/user_prompt.txt,7ca56b247d9eccfe10e8afa8a7389e32f0331a9ead36d2c55148d8c60f75b2df,RQ1/02_prompts/stage1/rendered/p07_calculator/cpp/015__tests__test_main.cpp/input_context.json,7795f83a354d8657219043003335fb3a23c6bb4c6e9cb180391a9ed32a56895e,RQ1/02_prompts/stage1/rendered/p07_calculator/cpp/015__tests__test_main.cpp/request_metadata.json,6f7e137031b1f55acf336cea35297407e6ab234e3faac823f7b26911d2ea96ef,3978176900,Qwen/Qwen3-Coder-30B-A3B-Instruct,chatcmpl-1789395497968,9acec9da599b138b7cf933378f3eb0e352a157ae5d1c7ff4b1391a651dbd209f
p07_calculator_java,7,calculator,java,1,pom.xml,0538039766843d95a8cefa9a220a3bca4c3c30609bdafb983f6efa0d5a2438ad,RQ1/02_prompts/stage1/rendered/p07_calculator/java/001__pom.xml/user_prompt.txt,6bd45b82526e8bc7e3a1e0e8eee8fa2423b03b771e6bdd9a4784c2fc2f48caba,RQ1/02_prompts/stage1/rendered/p07_calculator/java/001__pom.xml/input_context.json,4c68f1f386edb33f84bd9a79182f51bd5b469e54b66fcd81ee3d1401911c3451,RQ1/02_prompts/stage1/rendered/p07_calculator/java/001__pom.xml/request_metadata.json,5ac9209cf64e5f3ee76152de30272816532264cc2344a68cf2de98661dfd6e39,1570566783,Qwen/Qwen3-Coder-30B-A3B-Instruct,chatcmpl-1789392381528,a4e34e0ef770efb98f1f3644b09770d8941777093682b4c07473d6329b1e7dfc
p07_calculator_java,7,calculator,java,2,src/main/java/TokenType.java,0538039766843d95a8cefa9a220a3bca4c3c30609bdafb983f6efa0d5a2438ad,RQ1/02_prompts/stage1/rendered/p07_calculator/java/002__src__main__java__TokenType.java/user_prompt.txt,b5e869b13264b494ed747ec6ae960fcd23c8c63ae31e0dfa69e59c475db0f2f8,RQ1/02_prompts/stage1/rendered/p07_calculator/java/002__src__main__java__TokenType.java/input_context.json,abd6119db3842168ded382962630e3a0a137f79b832d97e1caa583e0b76ac125,RQ1/02_prompts/stage1/rendered/p07_calculator/java/002__src__main__java__TokenType.java/request_metadata.json,5ac9209cf64e5f3ee76152de30272816532264cc2344a68cf2de98661dfd6e39,1570566783,Qwen/Qwen3-Coder-30B-A3B-Instruct,chatcmpl-1789392391040,80f3d08c48fc046d403050b9e926ea95de04699b63741cec2988592608440020
p07_calculator_java,7,calculator,java,3,src/main/java/Token.java,0538039766843d95a8cefa9a220a3bca4c3c30609bdafb983f6efa0d5a2438ad,RQ1/02_prompts/stage1/rendered/p07_calculator/java/003__src__main__java__Token.java/user_prompt.txt,345d286117b79725c8891dbcb8ed6bbfc71307c04381561603f232ba8a96ebf2,RQ1/02_prompts/stage1/rendered/p07_calculator/java/003__src__main__java__Token.java/input_context.json,f66fe01c07ef15a1d948af0c3d5147b6f4d92c79b4b837d9aa330b06f38283dc,RQ1/02_prompts/stage1/rendered/p07_calculator/java/003__src__main__java__Token.java/request_metadata.json,5ac9209cf64e5f3ee76152de30272816532264cc2344a68cf2de98661dfd6e39,1570566783,Qwen/Qwen3-Coder-30B-A3B-Instruct,chatcmpl-1789392409068,945a7a5aee82941258c58ab8e3140ff620f8e916895bd3878140a8860f32669d
p07_calculator_java,7,calculator,java,4,src/main/java/CalculatorException.java,0538039766843d95a8cefa9a220a3bca4c3c30609bdafb983f6efa0d5a2438ad,RQ1/02_prompts/stage1/rendered/p07_calculator/java/004__src__main__java__CalculatorException.java/user_prompt.txt,a2cce3a3ef417800351f69f1b41f8fc26842562250aa372efcba988ed01e9062,RQ1/02_prompts/stage1/rendered/p07_calculator/java/004__src__main__java__CalculatorException.java/input_context.json,0c5885e1ce3e5a3a53a3125c377b1556b55483994b864185e02abd83d01ae58a,RQ1/02_prompts/stage1/rendered/p07_calculator/java/004__src__main__java__CalculatorException.java/request_metadata.json,5ac9209cf64e5f3ee76152de30272816532264cc2344a68cf2de98661dfd6e39,1570566783,Qwen/Qwen3-Coder-30B-A3B-Instruct,chatcmpl-1789392415415,7f6a70e452f3b963ab436565e65ba93497b4edac8a30bcdf66b06ae3c8237efd
p07_calculator_java,7,calculator,java,5,src/main/java/TokenizationException.java,0538039766843d95a8cefa9a220a3bca4c3c30609bdafb983f6efa0d5a2438ad,RQ1/02_prompts/stage1/rendered/p07_calculator/java/005__src__main__java__TokenizationException.java/user_prompt.txt,08857a1c111466150f454b1042eed279be806c3e6afd4398d03e4a2ce8d70bad,RQ1/02_prompts/stage1/rendered/p07_calculator/java/005__src__main__java__TokenizationException.java/input_context.json,76d2099fa3f9780b3c7e274177bda71e6e2cfea1fe05b53d826216ec7a1e6f2b,RQ1/02_prompts/stage1/rendered/p07_calculator/java/005__src__main__java__TokenizationException.java/request_metadata.json,5ac9209cf64e5f3ee76152de30272816532264cc2344a68cf2de98661dfd6e39,1570566783,Qwen/Qwen3-Coder-30B-A3B-Instruct,chatcmpl-1789392424141,590d79ee1352d8ad9c1d25c3179a1efa02a00da62386cdab770a93d82fc0c664
p07_calculator_java,7,calculator,java,6,src/main/java/ParseException.java,0538039766843d95a8cefa9a220a3bca4c3c30609bdafb983f6efa0d5a2438ad,RQ1/02_prompts/stage1/rendered/p07_calculator/java/006__src__main__java__ParseException.java/user_prompt.txt,3d7d5de93cb7f150e19154e157ed7a9d609a74958047d23a397e1cb223df050d,RQ1/02_prompts/stage1/rendered/p07_calculator/java/006__src__main__java__ParseException.java/input_context.json,ba3927f45307c63f85c99c4b1a16b6e5f798a1f27c6c49083c64d198940b13d7,RQ1/02_prompts/stage1/rendered/p07_calculator/java/006__src__main__java__ParseException.java/request_metadata.json,5ac9209cf64e5f3ee76152de30272816532264cc2344a68cf2de98661dfd6e39,1570566783,Qwen/Qwen3-Coder-30B-A3B-Instruct,chatcmpl-1789392430917,89fddf4fc57648f5e09e30d017d08525c9ffe84f23b260f7012d9bfee1d2c14b
p07_calculator_java,7,calculator,java,7,src/main/java/EvaluationException.java,0538039766843d95a8cefa9a220a3bca4c3c30609bdafb983f6efa0d5a2438ad,RQ1/02_prompts/stage1/rendered/p07_calculator/java/007__src__main__java__EvaluationException.java/user_prompt.txt,84e22d81dd009a45bf85ad84bb4150c38495738d8d11bedb7161a7fef4e432c1,RQ1/02_prompts/stage1/rendered/p07_calculator/java/007__src__main__java__EvaluationException.java/input_context.json,23bbc3b1a8ff006cdc362422d277d8974848a4cd2de914d3e56a865fe89ae524,RQ1/02_prompts/stage1/rendered/p07_calculator/java/007__src__main__java__EvaluationException.java/request_metadata.json,5ac9209cf64e5f3ee76152de30272816532264cc2344a68cf2de98661dfd6e39,1570566783,Qwen/Qwen3-Coder-30B-A3B-Instruct,chatcmpl-1789392439471,01acf6deac649ebb90af53b8d4325d624cea70c65ab8d8bb76738896fc939240
p07_calculator_java,7,calculator,java,8,src/main/java/DivisionByZeroException.java,0538039766843d95a8cefa9a220a3bca4c3c30609bdafb983f6efa0d5a2438ad,RQ1/02_prompts/stage1/rendered/p07_calculator/java/008__src__main__java__DivisionByZeroException.java/user_prompt.txt,1c786e893c25e837b7aed9a164d9b2491d0dd6dfab16997d4ab58fd3157107aa,RQ1/02_prompts/stage1/rendered/p07_calculator/java/008__src__main__java__DivisionByZeroException.java/input_context.json,f64de096aefc5570b7f005285c9833d2ba0c83ba353ff60bb077db5d11319690,RQ1/02_prompts/stage1/rendered/p07_calculator/java/008__src__main__java__DivisionByZeroException.java/request_metadata.json,5ac9209cf64e5f3ee76152de30272816532264cc2344a68cf2de98661dfd6e39,1570566783,Qwen/Qwen3-Coder-30B-A3B-Instruct,chatcmpl-1789392446257,163de218454c264c727ae25a9569c66ad9089884ee89b11aa9dba4e3d2e1c1c3
p07_calculator_java,7,calculator,java,9,src/main/java/CalculationResult.java,0538039766843d95a8cefa9a220a3bca4c3c30609bdafb983f6efa0d5a2438ad,RQ1/02_prompts/stage1/rendered/p07_calculator/java/009__src__main__java__CalculationResult.java/user_prompt.txt,fc79f62ec2ff5e11ec124fab1f4aca435357b2d18305089acbb325e39d63c826,RQ1/02_prompts/stage1/rendered/p07_calculator/java/009__src__main__java__CalculationResult.java/input_context.json,832d267e66fc2d8aa25c05c80ea660e470a2f9017c09085c91df94f510b6e0aa,RQ1/02_prompts/stage1/rendered/p07_calculator/java/009__src__main__java__CalculationResult.java/request_metadata.json,5ac9209cf64e5f3ee76152de30272816532264cc2344a68cf2de98661dfd6e39,1570566783,Qwen/Qwen3-Coder-30B-A3B-Instruct,chatcmpl-1789392477578,246c5ba8db0181a276a40a9c1c6f616dd57cb9c6797c4ca4adfeeffe314f9784
p07_calculator_java,7,calculator,java,10,src/main/java/HistoryEntry.java,0538039766843d95a8cefa9a220a3bca4c3c30609bdafb983f6efa0d5a2438ad,RQ1/02_prompts/stage1/rendered/p07_calculator/java/010__src__main__java__HistoryEntry.java/user_prompt.txt,669cbcdb2906af63575ccadf7885704d3506eab7e5ef619b8677c789a4c89bfa,RQ1/02_prompts/stage1/rendered/p07_calculator/java/010__src__main__java__HistoryEntry.java/input_context.json,9d5abaf97b31b0796169f8141e978e6f2ba281244c693d9150bfcce6dae44500,RQ1/02_prompts/stage1/rendered/p07_calculator/java/010__src__main__java__HistoryEntry.java/request_metadata.json,5ac9209cf64e5f3ee76152de30272816532264cc2344a68cf2de98661dfd6e39,1570566783,Qwen/Qwen3-Coder-30B-A3B-Instruct,chatcmpl-1789392513301,972df71bafb0cb83707f2e43cce8d13c8b6edcc7e1b3fa5326f1779a55293f6f
p07_calculator_java,7,calculator,java,11,src/main/java/CalculationHistory.java,0538039766843d95a8cefa9a220a3bca4c3c30609bdafb983f6efa0d5a2438ad,RQ1/02_prompts/stage1/rendered/p07_calculator/java/011__src__main__java__CalculationHistory.java/user_prompt.txt,c4b24dec7809f0dced3df170cd7e6626fdf67a79b2743b8e18f844592dd70aeb,RQ1/02_prompts/stage1/rendered/p07_calculator/java/011__src__main__java__CalculationHistory.java/input_context.json,9b95c759ff1a80d9eb6d51caebb5812a179d8caf10b5f2ad45c22d0b5ba118ba,RQ1/02_prompts/stage1/rendered/p07_calculator/java/011__src__main__java__CalculationHistory.java/request_metadata.json,5ac9209cf64e5f3ee76152de30272816532264cc2344a68cf2de98661dfd6e39,1570566783,Qwen/Qwen3-Coder-30B-A3B-Instruct,chatcmpl-1789392539406,e6d5893643b597ab763128f63aad161245530ef1aca6d2d4265c13b7d2d3b91f
p07_calculator_java,7,calculator,java,12,src/main/java/Tokenizer.java,0538039766843d95a8cefa9a220a3bca4c3c30609bdafb983f6efa0d5a2438ad,RQ1/02_prompts/stage1/rendered/p07_calculator/java/012__src__main__java__Tokenizer.java/user_prompt.txt,dae11f22c816f1e434d7bd7a552bad83b8d84c8f61d6ce3299bb0f26ef64319c,RQ1/02_prompts/stage1/rendered/p07_calculator/java/012__src__main__java__Tokenizer.java/input_context.json,33b7c7039c30696eaa2b14b9a94d2591721efce2833c464c1258d1203714c282,RQ1/02_prompts/stage1/rendered/p07_calculator/java/012__src__main__java__Tokenizer.java/request_metadata.json,5ac9209cf64e5f3ee76152de30272816532264cc2344a68cf2de98661dfd6e39,1570566783,Qwen/Qwen3-Coder-30B-A3B-Instruct,chatcmpl-1789392585385,ba4ee782cab89e3da5ec4f2dafd4320d42e81e0856edf393cc0fa83afcf8f643
p07_calculator_java,7,calculator,java,13,src/main/java/Parser.java,0538039766843d95a8cefa9a220a3bca4c3c30609bdafb983f6efa0d5a2438ad,RQ1/02_prompts/stage1/rendered/p07_calculator/java/013__src__main__java__Parser.java/user_prompt.txt,b5d7775ef0e0f6d39dd98bdd62d39c818bf38ff02af4d143e837bc90987521d2,RQ1/02_prompts/stage1/rendered/p07_calculator/java/013__src__main__java__Parser.java/input_context.json,5286cfaa804c7a4110dbf88169c3932f5a50a08f9308a1392a73739369d20d4e,RQ1/02_prompts/stage1/rendered/p07_calculator/java/013__src__main__java__Parser.java/request_metadata.json,5ac9209cf64e5f3ee76152de30272816532264cc2344a68cf2de98661dfd6e39,1570566783,Qwen/Qwen3-Coder-30B-A3B-Instruct,chatcmpl-1789392643832,64c91359385afd3113e9867d6c3729a21864bf448e4044821182f81f04cc7a1c
p07_calculator_java,7,calculator,java,14,src/main/java/Calculator.java,0538039766843d95a8cefa9a220a3bca4c3c30609bdafb983f6efa0d5a2438ad,RQ1/02_prompts/stage1/rendered/p07_calculator/java/014__src__main__java__Calculator.java/user_prompt.txt,ddce6c3fb8edf662439bbb5b62a63090c1bd9447ee1843b327eafe9940bdcff0,RQ1/02_prompts/stage1/rendered/p07_calculator/java/014__src__main__java__Calculator.java/input_context.json,bfff90877f1044b4f5ec1069dbf3fadec69bcda2b3ba1a42ad612e1379ce3a80,RQ1/02_prompts/stage1/rendered/p07_calculator/java/014__src__main__java__Calculator.java/request_metadata.json,5ac9209cf64e5f3ee76152de30272816532264cc2344a68cf2de98661dfd6e39,1570566783,Qwen/Qwen3-Coder-30B-A3B-Instruct,chatcmpl-1789392674961,3e836a52fd1abf605d836c8c6ab3d62a38b361d8b4b6e130effd517e5dda624c
p07_calculator_java,7,calculator,java,15,src/main/java/Main.java,0538039766843d95a8cefa9a220a3bca4c3c30609bdafb983f6efa0d5a2438ad,RQ1/02_prompts/stage1/rendered/p07_calculator/java/015__src__main__java__Main.java/user_prompt.txt,45607ce431d9233839d7ca826d2accf90048040e557d02acd1c5b9c863f8bf8f,RQ1/02_prompts/stage1/rendered/p07_calculator/java/015__src__main__java__Main.java/input_context.json,0c6d04c202bf9be6fef803ca6ce63afdd6da24fde071a7be725f3365d2b4b3b5,RQ1/02_prompts/stage1/rendered/p07_calculator/java/015__src__main__java__Main.java/request_metadata.json,5ac9209cf64e5f3ee76152de30272816532264cc2344a68cf2de98661dfd6e39,1570566783,Qwen/Qwen3-Coder-30B-A3B-Instruct,chatcmpl-1789392698926,da24a22f23f6fea035bab6cd1aecf93676274ac856b244fb1b4a798a39bc5946
p07_calculator_java,7,calculator,java,16,src/test/java/MainTest.java,0538039766843d95a8cefa9a220a3bca4c3c30609bdafb983f6efa0d5a2438ad,RQ1/02_prompts/stage1/rendered/p07_calculator/java/016__src__test__java__MainTest.java/user_prompt.txt,00641d4aa5f5dbe583afb517037ea65b04ebd02aa626709810d801fe7269341c,RQ1/02_prompts/stage1/rendered/p07_calculator/java/016__src__test__java__MainTest.java/input_context.json,a67179a0bfdce26e412aa11cc445ebf4fce770ff0e3793e98c62175d56f87ffc,RQ1/02_prompts/stage1/rendered/p07_calculator/java/016__src__test__java__MainTest.java/request_metadata.json,5ac9209cf64e5f3ee76152de30272816532264cc2344a68cf2de98661dfd6e39,1570566783,Qwen/Qwen3-Coder-30B-A3B-Instruct,chatcmpl-1789392723788,fe0bb2448b96bd4295d78ae24cd639b45fe05a9a553890a9d94096520ae31a7c
p07_calculator_python,7,calculator,python,1,requirements.txt,0538039766843d95a8cefa9a220a3bca4c3c30609bdafb983f6efa0d5a2438ad,RQ1/02_prompts/stage1/rendered/p07_calculator/python/001__requirements.txt/user_prompt.txt,7be6303725bd4923040c4ecc3cd0b63b31fce59c0a90bbc22447c8be9976ade7,RQ1/02_prompts/stage1/rendered/p07_calculator/python/001__requirements.txt/input_context.json,dbd7e06699694d2e045c0ede43cde46458de13ad3ae3604946ab354ae759c824,RQ1/02_prompts/stage1/rendered/p07_calculator/python/001__requirements.txt/request_metadata.json,e96b5fb247b1c963b6cd998968bb38bd2f670e05ea6f2dba13cff27268a0060d,2109135578,Qwen/Qwen3-Coder-30B-A3B-Instruct,chatcmpl-1789397169137,4ab5ae75ce01d7f22f3db1439db42d36fb820ef0f103030b2eb2707a9a9cef17
p07_calculator_python,7,calculator,python,2,calculator/errors.py,0538039766843d95a8cefa9a220a3bca4c3c30609bdafb983f6efa0d5a2438ad,RQ1/02_prompts/stage1/rendered/p07_calculator/python/002__calculator__errors.py/user_prompt.txt,92c1499a6eca914c19812fbbbc162ff81f0c9527b1c1f9fa0d1b0970d0739da4,RQ1/02_prompts/stage1/rendered/p07_calculator/python/002__calculator__errors.py/input_context.json,59c2dd52816976c1853d6a3e70f0db28a9a18404ba5d8da3b641aa6f2843acbc,RQ1/02_prompts/stage1/rendered/p07_calculator/python/002__calculator__errors.py/request_metadata.json,e96b5fb247b1c963b6cd998968bb38bd2f670e05ea6f2dba13cff27268a0060d,2109135578,Qwen/Qwen3-Coder-30B-A3B-Instruct,chatcmpl-1789397176807,30ee1333d61b596feac7bf7141ba0371154fb382bf4ae3084c89d30a1546d5c2
p07_calculator_python,7,calculator,python,3,calculator/history.py,0538039766843d95a8cefa9a220a3bca4c3c30609bdafb983f6efa0d5a2438ad,RQ1/02_prompts/stage1/rendered/p07_calculator/python/003__calculator__history.py/user_prompt.txt,e727c3857d0cac4bbeb8d1e673e9fb69dc48f065ceb11958a8a606106adc5475,RQ1/02_prompts/stage1/rendered/p07_calculator/python/003__calculator__history.py/input_context.json,1ee672766187ceadbe33aee7dfe1dd39a90cb749255b5cc8628630cf59805b30,RQ1/02_prompts/stage1/rendered/p07_calculator/python/003__calculator__history.py/request_metadata.json,e96b5fb247b1c963b6cd998968bb38bd2f670e05ea6f2dba13cff27268a0060d,2109135578,Qwen/Qwen3-Coder-30B-A3B-Instruct,chatcmpl-1789397193148,4299a6839565a0bc349d404fd91c0f25eb3b4a0489a04ff71d1081aa5b3b1c9d
p07_calculator_python,7,calculator,python,4,calculator/tokenizer.py,0538039766843d95a8cefa9a220a3bca4c3c30609bdafb983f6efa0d5a2438ad,RQ1/02_prompts/stage1/rendered/p07_calculator/python/004__calculator__tokenizer.py/user_prompt.txt,7d76c001245f9c5fc1527c50ab06c732b3cc61bd658f0e1047024927d897f745,RQ1/02_prompts/stage1/rendered/p07_calculator/python/004__calculator__tokenizer.py/input_context.json,f13af2c0cfd596fcd9f782fdfd52bfadf8ebb515c607e0412bc7a16dfc670869,RQ1/02_prompts/stage1/rendered/p07_calculator/python/004__calculator__tokenizer.py/request_metadata.json,e96b5fb247b1c963b6cd998968bb38bd2f670e05ea6f2dba13cff27268a0060d,2109135578,Qwen/Qwen3-Coder-30B-A3B-Instruct,chatcmpl-1789397252977,830d6271a7993a2f5312b61040c1dca3d182fb031efbf40ee979c1a4b717ec88
p07_calculator_python,7,calculator,python,5,calculator/engine.py,0538039766843d95a8cefa9a220a3bca4c3c30609bdafb983f6efa0d5a2438ad,RQ1/02_prompts/stage1/rendered/p07_calculator/python/005__calculator__engine.py/user_prompt.txt,bdacf814017ce0ec0d2144dc75176b9196358fe687bb934e6b5e90d1605344e7,RQ1/02_prompts/stage1/rendered/p07_calculator/python/005__calculator__engine.py/input_context.json,e6d495b19e1ae4ae07ecf3a6aa4ffcd8c6b417be6cdc0774f37c10aded223098,RQ1/02_prompts/stage1/rendered/p07_calculator/python/005__calculator__engine.py/request_metadata.json,e96b5fb247b1c963b6cd998968bb38bd2f670e05ea6f2dba13cff27268a0060d,2109135578,Qwen/Qwen3-Coder-30B-A3B-Instruct,chatcmpl-1789397298993,3731488de3cf3808598abe6b1ca501823dc27b7da4a04922276304914b2eb8a7
p07_calculator_python,7,calculator,python,6,calculator/api.py,0538039766843d95a8cefa9a220a3bca4c3c30609bdafb983f6efa0d5a2438ad,RQ1/02_prompts/stage1/rendered/p07_calculator/python/006__calculator__api.py/user_prompt.txt,7882aa7ca5495100c52a696b74ebefa98b248a7b7e1c2a7e126caae47c45ca44,RQ1/02_prompts/stage1/rendered/p07_calculator/python/006__calculator__api.py/input_context.json,2e322d8f17ab670ed953dfb5390aa04fb488482b386d33dcf74c159d3679563d,RQ1/02_prompts/stage1/rendered/p07_calculator/python/006__calculator__api.py/request_metadata.json,e96b5fb247b1c963b6cd998968bb38bd2f670e05ea6f2dba13cff27268a0060d,2109135578,Qwen/Qwen3-Coder-30B-A3B-Instruct,chatcmpl-1789397319599,2a2d39eccea041e5749a831bcd56e50aa2e65a3f4da6bdd42784fed0bab36b91
p07_calculator_python,7,calculator,python,7,calculator/__init__.py,0538039766843d95a8cefa9a220a3bca4c3c30609bdafb983f6efa0d5a2438ad,RQ1/02_prompts/stage1/rendered/p07_calculator/python/007__calculator____init__.py/user_prompt.txt,e5e65bf5425a87d3ec6dfdef65eb4f7c98f20f169b9a9494861e9ddfaf2d492c,RQ1/02_prompts/stage1/rendered/p07_calculator/python/007__calculator____init__.py/input_context.json,648d5800d5773ad9838f8931f39b78cbec9e839f18f51048d7a662811eb2d640,RQ1/02_prompts/stage1/rendered/p07_calculator/python/007__calculator____init__.py/request_metadata.json,e96b5fb247b1c963b6cd998968bb38bd2f670e05ea6f2dba13cff27268a0060d,2109135578,Qwen/Qwen3-Coder-30B-A3B-Instruct,chatcmpl-1789397328080,5f80a5fab2538ad32953a720e340763f2ea805927d2ec1059d88365927ae6445
p07_calculator_python,7,calculator,python,8,Main.py,0538039766843d95a8cefa9a220a3bca4c3c30609bdafb983f6efa0d5a2438ad,RQ1/02_prompts/stage1/rendered/p07_calculator/python/008__Main.py/user_prompt.txt,d2c217517760b4aff1923820824f62aeb28e8be67b2d77073ca7632b74c47f78,RQ1/02_prompts/stage1/rendered/p07_calculator/python/008__Main.py/input_context.json,6374276406cffd6389d4f9595f0beeacdc33f1af7bcc6fa6d42a64dc84c25910,RQ1/02_prompts/stage1/rendered/p07_calculator/python/008__Main.py/request_metadata.json,e96b5fb247b1c963b6cd998968bb38bd2f670e05ea6f2dba13cff27268a0060d,2109135578,Qwen/Qwen3-Coder-30B-A3B-Instruct,chatcmpl-1789397340961,61dcda2b0b537cbbf17867e16fe8ade67e582803c45c3fc8557cf73d8c473ae6
p07_calculator_python,7,calculator,python,9,tests/test_main.py,0538039766843d95a8cefa9a220a3bca4c3c30609bdafb983f6efa0d5a2438ad,RQ1/02_prompts/stage1/rendered/p07_calculator/python/009__tests__test_main.py/user_prompt.txt,689712ebb5c76703669006b9d9a712b90af3fbb9b2ed3b292a1e8eff8b0c41ed,RQ1/02_prompts/stage1/rendered/p07_calculator/python/009__tests__test_main.py/input_context.json,b42d2e7ca3dea9e4454d62471708d5a88333b67bed83b12a667729b7154e3f8a,RQ1/02_prompts/stage1/rendered/p07_calculator/python/009__tests__test_main.py/request_metadata.json,e96b5fb247b1c963b6cd998968bb38bd2f670e05ea6f2dba13cff27268a0060d,2109135578,Qwen/Qwen3-Coder-30B-A3B-Instruct,chatcmpl-1789397367897,f7dfea5355c27ec446fffcb47893a27326dd47968cbc831cb377eab43d3293e6
p08_excel_data_processing_cpp,8,excel_data_processing,cpp,1,CMakeLists.txt,0538039766843d95a8cefa9a220a3bca4c3c30609bdafb983f6efa0d5a2438ad,RQ1/02_prompts/stage1/rendered/p08_excel_data_processing/cpp/001__CMakeLists.txt/user_prompt.txt,7177bd60e5d723d40f70796911499cf88faf9f594c58e011018ff5996b3461a3,RQ1/02_prompts/stage1/rendered/p08_excel_data_processing/cpp/001__CMakeLists.txt/input_context.json,892519fba586ad4b52a9f0a97f42931ea47731acd47db21e8d7cbbe75a8fe117,RQ1/02_prompts/stage1/rendered/p08_excel_data_processing/cpp/001__CMakeLists.txt/request_metadata.json,ba0b641569ac16a5d80e47d25a412b770de8095e130b9a26b33ec5aaf8c2bfe7,3698866069,Qwen/Qwen3-Coder-30B-A3B-Instruct,chatcmpl-1789263504431,531d343f1c09dbc5c6a2aeb5ac4df74a9897f79fabc39a8e5d95eb2f54aa0f96
p08_excel_data_processing_cpp,8,excel_data_processing,cpp,2,include/ExcelCore.h,0538039766843d95a8cefa9a220a3bca4c3c30609bdafb983f6efa0d5a2438ad,RQ1/02_prompts/stage1/rendered/p08_excel_data_processing/cpp/002__include__ExcelCore.h/user_prompt.txt,6e08c443d20bdca8ccbbaf20316bedb52a33f20d531626ed6f8c00862f404f76,RQ1/02_prompts/stage1/rendered/p08_excel_data_processing/cpp/002__include__ExcelCore.h/input_context.json,5a55fe5e292d431d9ca2c78b0327be96b44a288ac71d7ff1411ca1b365a258fa,RQ1/02_prompts/stage1/rendered/p08_excel_data_processing/cpp/002__include__ExcelCore.h/request_metadata.json,ba0b641569ac16a5d80e47d25a412b770de8095e130b9a26b33ec5aaf8c2bfe7,3698866069,Qwen/Qwen3-Coder-30B-A3B-Instruct,chatcmpl-1789263590955,fdd6751d1486396aa48f4328d78f383908c75fcb8c8f5d318071b3e813279ace
p08_excel_data_processing_cpp,8,excel_data_processing,cpp,3,include/ExcelOps.h,0538039766843d95a8cefa9a220a3bca4c3c30609bdafb983f6efa0d5a2438ad,RQ1/02_prompts/stage1/rendered/p08_excel_data_processing/cpp/003__include__ExcelOps.h/user_prompt.txt,ce3bca9584e11ad8be49a334c12e0520b5cd67fc43c91f962a159e23dc40fa4d,RQ1/02_prompts/stage1/rendered/p08_excel_data_processing/cpp/003__include__ExcelOps.h/input_context.json,dc4fcf6402c44e954f58c2d4dcceeefd7cfaf72e521316f1a8a7e6480894cb50,RQ1/02_prompts/stage1/rendered/p08_excel_data_processing/cpp/003__include__ExcelOps.h/request_metadata.json,ba0b641569ac16a5d80e47d25a412b770de8095e130b9a26b33ec5aaf8c2bfe7,3698866069,Qwen/Qwen3-Coder-30B-A3B-Instruct,chatcmpl-1789263650685,6dd1c48182d4f2b5c10bed5a8e013c5c5b3146e9f2c092258a3c997583c32f43
p08_excel_data_processing_cpp,8,excel_data_processing,cpp,4,src/ExcelCore.cpp,0538039766843d95a8cefa9a220a3bca4c3c30609bdafb983f6efa0d5a2438ad,RQ1/02_prompts/stage1/rendered/p08_excel_data_processing/cpp/004__src__ExcelCore.cpp/user_prompt.txt,7681566b7e985d92155da3a235d559278a28b7e27ed1935d9b6bb6292aad7db0,RQ1/02_prompts/stage1/rendered/p08_excel_data_processing/cpp/004__src__ExcelCore.cpp/input_context.json,0a4d58505b3602784351d81b9b4addb886f1eef5c520ac2f46ccf43221db8f84,RQ1/02_prompts/stage1/rendered/p08_excel_data_processing/cpp/004__src__ExcelCore.cpp/request_metadata.json,ba0b641569ac16a5d80e47d25a412b770de8095e130b9a26b33ec5aaf8c2bfe7,3698866069,Qwen/Qwen3-Coder-30B-A3B-Instruct,chatcmpl-1789263820305,2be607bf980f2e501417b8577291398524d8f74c481dd4407f2052aa6edbab9e
p08_excel_data_processing_cpp,8,excel_data_processing,cpp,5,src/ExcelOps.cpp,0538039766843d95a8cefa9a220a3bca4c3c30609bdafb983f6efa0d5a2438ad,RQ1/02_prompts/stage1/rendered/p08_excel_data_processing/cpp/005__src__ExcelOps.cpp/user_prompt.txt,5e3eaa8b68178e4d0b2a4fb0cf6a62bbd7b5d949cc5079a63c0053ea7b46ab6a,RQ1/02_prompts/stage1/rendered/p08_excel_data_processing/cpp/005__src__ExcelOps.cpp/input_context.json,78b013847c1fd8b34db72734f622926349cffabfeaedc0b477226da7a17472b4,RQ1/02_prompts/stage1/rendered/p08_excel_data_processing/cpp/005__src__ExcelOps.cpp/request_metadata.json,ba0b641569ac16a5d80e47d25a412b770de8095e130b9a26b33ec5aaf8c2bfe7,3698866069,Qwen/Qwen3-Coder-30B-A3B-Instruct,chatcmpl-1789263958248,898a10dcf92b8ea648295624ddaf0fd2bb6dba5625e9890e425f57029c8dd05d
p08_excel_data_processing_cpp,8,excel_data_processing,cpp,6,src/Main.cpp,0538039766843d95a8cefa9a220a3bca4c3c30609bdafb983f6efa0d5a2438ad,RQ1/02_prompts/stage1/rendered/p08_excel_data_processing/cpp/006__src__Main.cpp/user_prompt.txt,8b57ae08a3767f14a1ce776049d1e621b16727f837c5b12109e1fe9782ca6aeb,RQ1/02_prompts/stage1/rendered/p08_excel_data_processing/cpp/006__src__Main.cpp/input_context.json,375ae0dc243e33a316a58552bfa5827f6493c156cbfae51c02b063212efacad5,RQ1/02_prompts/stage1/rendered/p08_excel_data_processing/cpp/006__src__Main.cpp/request_metadata.json,ba0b641569ac16a5d80e47d25a412b770de8095e130b9a26b33ec5aaf8c2bfe7,3698866069,Qwen/Qwen3-Coder-30B-A3B-Instruct,chatcmpl-1789263989181,86613dfacb4811bc779d87d9f332811cde6b81e24fc1a57b1c3cff3c4a35282d
p08_excel_data_processing_cpp,8,excel_data_processing,cpp,7,tests/test_main.cpp,0538039766843d95a8cefa9a220a3bca4c3c30609bdafb983f6efa0d5a2438ad,RQ1/02_prompts/stage1/rendered/p08_excel_data_processing/cpp/007__tests__test_main.cpp/user_prompt.txt,400a5cfd9ee0101af0b768e620eb59d21885f9b63d170239cf95892acf3910e1,RQ1/02_prompts/stage1/rendered/p08_excel_data_processing/cpp/007__tests__test_main.cpp/input_context.json,97f8d1155cb1da4be5103e4f0e7dab5957756bd68b3e62155ac2c5fa6bab6b5a,RQ1/02_prompts/stage1/rendered/p08_excel_data_processing/cpp/007__tests__test_main.cpp/request_metadata.json,ba0b641569ac16a5d80e47d25a412b770de8095e130b9a26b33ec5aaf8c2bfe7,3698866069,Qwen/Qwen3-Coder-30B-A3B-Instruct,chatcmpl-1789264067321,a97abb36070c2d60e6f0e07a5e1820db78190b23b7dc58608fc1c0681c559d64
p08_excel_data_processing_java,8,excel_data_processing,java,1,pom.xml,0538039766843d95a8cefa9a220a3bca4c3c30609bdafb983f6efa0d5a2438ad,RQ1/02_prompts/stage1/rendered/p08_excel_data_processing/java/001__pom.xml/user_prompt.txt,5f668fcccfc36e338b5765af89cc00b9328e583a6ff1ed3f5dbac78d1584d95d,RQ1/02_prompts/stage1/rendered/p08_excel_data_processing/java/001__pom.xml/input_context.json,6093e7be403cad345b438621b1c16f72622af7ed7ae87831ed6f891491aec6b5,RQ1/02_prompts/stage1/rendered/p08_excel_data_processing/java/001__pom.xml/request_metadata.json,306fbfbd9341437f7f9047d8a21c3b01a199fa95a267f35e2c149a2b60e96ee9,290543147,Qwen/Qwen3-Coder-30B-A3B-Instruct,chatcmpl-1789401842764,944004ed47c708b1fc1c905e342fc2a54e27ed67fd5aeb1be86c5ed9cc7005f4
p08_excel_data_processing_java,8,excel_data_processing,java,2,src/main/java/ProcessingReport.java,0538039766843d95a8cefa9a220a3bca4c3c30609bdafb983f6efa0d5a2438ad,RQ1/02_prompts/stage1/rendered/p08_excel_data_processing/java/002__src__main__java__ProcessingReport.java/user_prompt.txt,9276fd89be2aa450b82d5bdde295e2e3d7780de0cc9eb9aad9145b2eefcfa403,RQ1/02_prompts/stage1/rendered/p08_excel_data_processing/java/002__src__main__java__ProcessingReport.java/input_context.json,04aaddf5e0b788961a1293b25fe14e0076856c99d6900c979a5705a2ee2dd37e,RQ1/02_prompts/stage1/rendered/p08_excel_data_processing/java/002__src__main__java__ProcessingReport.java/request_metadata.json,306fbfbd9341437f7f9047d8a21c3b01a199fa95a267f35e2c149a2b60e96ee9,290543147,Qwen/Qwen3-Coder-30B-A3B-Instruct,chatcmpl-1789401859883,48995c447a5c74e68b89d6e2b3ba25143b5e1f898bc8fa4348194adca4118654
p08_excel_data_processing_java,8,excel_data_processing,java,3,src/main/java/Cell.java,0538039766843d95a8cefa9a220a3bca4c3c30609bdafb983f6efa0d5a2438ad,RQ1/02_prompts/stage1/rendered/p08_excel_data_processing/java/003__src__main__java__Cell.java/user_prompt.txt,d240465343083e8c0fe1aae3448ec5630557497322f2b1de3f043953d507157b,RQ1/02_prompts/stage1/rendered/p08_excel_data_processing/java/003__src__main__java__Cell.java/input_context.json,8540905040744cb91c99453774a473ad3d930bf8779e48b6e9478a6b0820d5b7,RQ1/02_prompts/stage1/rendered/p08_excel_data_processing/java/003__src__main__java__Cell.java/request_metadata.json,306fbfbd9341437f7f9047d8a21c3b01a199fa95a267f35e2c149a2b60e96ee9,290543147,Qwen/Qwen3-Coder-30B-A3B-Instruct,chatcmpl-1789401867422,2f510d101b4192a799b9ecef135251dd82639d96af58390f1495f0c7b56cc5ff
p08_excel_data_processing_java,8,excel_data_processing,java,4,src/main/java/Row.java,0538039766843d95a8cefa9a220a3bca4c3c30609bdafb983f6efa0d5a2438ad,RQ1/02_prompts/stage1/rendered/p08_excel_data_processing/java/004__src__main__java__Row.java/user_prompt.txt,fe1f72a6b7b09c7eb76e0456bd5d8cb224513a3fa38bea07eacc195cd4b63049,RQ1/02_prompts/stage1/rendered/p08_excel_data_processing/java/004__src__main__java__Row.java/input_context.json,4fd1c2197a07ca50b37ee3e239380b8fe498970343b1228f0e90c2a873fd85be,RQ1/02_prompts/stage1/rendered/p08_excel_data_processing/java/004__src__main__java__Row.java/request_metadata.json,306fbfbd9341437f7f9047d8a21c3b01a199fa95a267f35e2c149a2b60e96ee9,290543147,Qwen/Qwen3-Coder-30B-A3B-Instruct,chatcmpl-1789401884792,faf6d649e7f84540b51673f2206a7e3bb310c141d501b1b3cb7fbfeff0003127
p08_excel_data_processing_java,8,excel_data_processing,java,5,src/main/java/Sorters.java,0538039766843d95a8cefa9a220a3bca4c3c30609bdafb983f6efa0d5a2438ad,RQ1/02_prompts/stage1/rendered/p08_excel_data_processing/java/005__src__main__java__Sorters.java/user_prompt.txt,abda9f4edbc919edaebfef66db78b5f6ef713937fc8cf0067692b58362b10e62,RQ1/02_prompts/stage1/rendered/p08_excel_data_processing/java/005__src__main__java__Sorters.java/input_context.json,02b6c24b4d6bf9e9dab63fe0b08f77d7ede34e25607dfd4a741b39708741fe3d,RQ1/02_prompts/stage1/rendered/p08_excel_data_processing/java/005__src__main__java__Sorters.java/request_metadata.json,306fbfbd9341437f7f9047d8a21c3b01a199fa95a267f35e2c149a2b60e96ee9,290543147,Qwen/Qwen3-Coder-30B-A3B-Instruct,chatcmpl-1789401910625,96035493f632a7ea876af65c4fe60e23c315260b9ca57b917a8fe0e7cdfd7efe
p08_excel_data_processing_java,8,excel_data_processing,java,6,src/main/java/Sheet.java,0538039766843d95a8cefa9a220a3bca4c3c30609bdafb983f6efa0d5a2438ad,RQ1/02_prompts/stage1/rendered/p08_excel_data_processing/java/006__src__main__java__Sheet.java/user_prompt.txt,c9d28c8fb26cd641e67ee7d8878a278e20947739eae21aeaab740830ed8bb4f5,RQ1/02_prompts/stage1/rendered/p08_excel_data_processing/java/006__src__main__java__Sheet.java/input_context.json,69b92bcbf2fe7bccc97042c45d7345db8b6d431e9c9ce94db6dc66ccec81feb9,RQ1/02_prompts/stage1/rendered/p08_excel_data_processing/java/006__src__main__java__Sheet.java/request_metadata.json,306fbfbd9341437f7f9047d8a21c3b01a199fa95a267f35e2c149a2b60e96ee9,290543147,Qwen/Qwen3-Coder-30B-A3B-Instruct,chatcmpl-1789401930140,dbf60ea84263cb2828ea16b89c04c111aca92afa3f8fe6242e46a533adb1418b
p08_excel_data_processing_java,8,excel_data_processing,java,7,src/main/java/Workbook.java,0538039766843d95a8cefa9a220a3bca4c3c30609bdafb983f6efa0d5a2438ad,RQ1/02_prompts/stage1/rendered/p08_excel_data_processing/java/007__src__main__java__Workbook.java/user_prompt.txt,2a6a87744f77299c37b0a241f48e65938c63bad8a678b5ed938b6fecec3892da,RQ1/02_prompts/stage1/rendered/p08_excel_data_processing/java/007__src__main__java__Workbook.java/input_context.json,f533ee1ebba5595e41aaa5369b1fa14bab0782795e06cfbd0e5085333a1c112d,RQ1/02_prompts/stage1/rendered/p08_excel_data_processing/java/007__src__main__java__Workbook.java/request_metadata.json,306fbfbd9341437f7f9047d8a21c3b01a199fa95a267f35e2c149a2b60e96ee9,290543147,Qwen/Qwen3-Coder-30B-A3B-Instruct,chatcmpl-1789401940666,d2e4ae7f50ebee009ae0e8bdd03ce8bb3a9417a2577fc50995d4bdd6c3bbbb40
p08_excel_data_processing_java,8,excel_data_processing,java,8,src/main/java/ValueParser.java,0538039766843d95a8cefa9a220a3bca4c3c30609bdafb983f6efa0d5a2438ad,RQ1/02_prompts/stage1/rendered/p08_excel_data_processing/java/008__src__main__java__ValueParser.java/user_prompt.txt,7e2a0849e0474f5196bfc8048351b2b59081e8809fa0ec59d3e88db8cc8f1706,RQ1/02_prompts/stage1/rendered/p08_excel_data_processing/java/008__src__main__java__ValueParser.java/input_context.json,53b72af8e56616415c89b962460e960ca295d5b80e9ad2b5926454d3ae5a7af4,RQ1/02_prompts/stage1/rendered/p08_excel_data_processing/java/008__src__main__java__ValueParser.java/request_metadata.json,306fbfbd9341437f7f9047d8a21c3b01a199fa95a267f35e2c149a2b60e96ee9,290543147,Qwen/Qwen3-Coder-30B-A3B-Instruct,chatcmpl-1789401947842,749e4f297358127f3d09e26e687f74a0c81287f35e2ae760c9bb85857668bac3
p08_excel_data_processing_java,8,excel_data_processing,java,9,src/main/java/Filters.java,0538039766843d95a8cefa9a220a3bca4c3c30609bdafb983f6efa0d5a2438ad,RQ1/02_prompts/stage1/rendered/p08_excel_data_processing/java/009__src__main__java__Filters.java/user_prompt.txt,81accff0f8f94930b7d74f13733aec9b6847825123c2d6ee9cf44eb2b3c874bb,RQ1/02_prompts/stage1/rendered/p08_excel_data_processing/java/009__src__main__java__Filters.java/input_context.json,cbfd680d1668aadb57db47ecc8ea78870a48c64e8a7c091b95fc7ba1c360f592,RQ1/02_prompts/stage1/rendered/p08_excel_data_processing/java/009__src__main__java__Filters.java/request_metadata.json,306fbfbd9341437f7f9047d8a21c3b01a199fa95a267f35e2c149a2b60e96ee9,290543147,Qwen/Qwen3-Coder-30B-A3B-Instruct,chatcmpl-1789401959450,2d415d175995cd470c0a2d350daf5e15e43a296043f46a76891c311e0655c241
p08_excel_data_processing_java,8,excel_data_processing,java,10,src/main/java/Aggregations.java,0538039766843d95a8cefa9a220a3bca4c3c30609bdafb983f6efa0d5a2438ad,RQ1/02_prompts/stage1/rendered/p08_excel_data_processing/java/010__src__main__java__Aggregations.java/user_prompt.txt,6fd8af5490cd59f677728d271f8201ea00fcb65dfa5aba753faa280ca7475e09,RQ1/02_prompts/stage1/rendered/p08_excel_data_processing/java/010__src__main__java__Aggregations.java/input_context.json,a84339098df665ab067c89f205fa41b01c1662809c00ecb5522872ea10f25a09,RQ1/02_prompts/stage1/rendered/p08_excel_data_processing/java/010__src__main__java__Aggregations.java/request_metadata.json,306fbfbd9341437f7f9047d8a21c3b01a199fa95a267f35e2c149a2b60e96ee9,290543147,Qwen/Qwen3-Coder-30B-A3B-Instruct,chatcmpl-1789401983054,ab714711fb0ec33c62ec86b024bd6122f148e473abc65b321fae97f93affd4ce
p08_excel_data_processing_java,8,excel_data_processing,java,11,src/main/java/CsvIO.java,0538039766843d95a8cefa9a220a3bca4c3c30609bdafb983f6efa0d5a2438ad,RQ1/02_prompts/stage1/rendered/p08_excel_data_processing/java/011__src__main__java__CsvIO.java/user_prompt.txt,1f6ae8f3dec27a53a203de49f02eb93b697e2f2655452cc28e76c7fe9e34f5c8,RQ1/02_prompts/stage1/rendered/p08_excel_data_processing/java/011__src__main__java__CsvIO.java/input_context.json,81a46a7ac64ee07f194e523dd25588cb9b2e4e50789ee2cc6133295510a5048d,RQ1/02_prompts/stage1/rendered/p08_excel_data_processing/java/011__src__main__java__CsvIO.java/request_metadata.json,306fbfbd9341437f7f9047d8a21c3b01a199fa95a267f35e2c149a2b60e96ee9,290543147,Qwen/Qwen3-Coder-30B-A3B-Instruct,chatcmpl-1789402015865,1cfd8014157f5694dd58ed995092532b09b53116104649ed7bdce5010f40ee02
p08_excel_data_processing_java,8,excel_data_processing,java,12,src/main/java/Main.java,0538039766843d95a8cefa9a220a3bca4c3c30609bdafb983f6efa0d5a2438ad,RQ1/02_prompts/stage1/rendered/p08_excel_data_processing/java/012__src__main__java__Main.java/user_prompt.txt,edeb9470823d43b299877e10f3f5a78029a92dfec2a0b52e75e8e2f785ed2dc9,RQ1/02_prompts/stage1/rendered/p08_excel_data_processing/java/012__src__main__java__Main.java/input_context.json,29423c3117f81dc6af64c9f0d1f39b23533958adbe211e9bffd9ade9ca303c51,RQ1/02_prompts/stage1/rendered/p08_excel_data_processing/java/012__src__main__java__Main.java/request_metadata.json,306fbfbd9341437f7f9047d8a21c3b01a199fa95a267f35e2c149a2b60e96ee9,290543147,Qwen/Qwen3-Coder-30B-A3B-Instruct,chatcmpl-1789402041230,e0a3cd02962aaa901b9ce3dd05c3f8d3cab19c3c8f529eab78940020ff009e36
p08_excel_data_processing_java,8,excel_data_processing,java,13,src/test/java/MainTest.java,0538039766843d95a8cefa9a220a3bca4c3c30609bdafb983f6efa0d5a2438ad,RQ1/02_prompts/stage1/rendered/p08_excel_data_processing/java/013__src__test__java__MainTest.java/user_prompt.txt,4695d082a243e6928e340653fa973f0f516d6240b7d79842ade8ca7c17b5fbd7,RQ1/02_prompts/stage1/rendered/p08_excel_data_processing/java/013__src__test__java__MainTest.java/input_context.json,dbaefdfbd0a8562c00e816709a1c4b0d7db3b4430cb04fbf1c96b7cc98c64af2,RQ1/02_prompts/stage1/rendered/p08_excel_data_processing/java/013__src__test__java__MainTest.java/request_metadata.json,306fbfbd9341437f7f9047d8a21c3b01a199fa95a267f35e2c149a2b60e96ee9,290543147,Qwen/Qwen3-Coder-30B-A3B-Instruct,chatcmpl-1789402088065,2602cb59d31f215e57151fbfbb74fe4d4c24cd80704978645d8bc3c777a7a819
p08_excel_data_processing_python,8,excel_data_processing,python,1,requirements.txt,0538039766843d95a8cefa9a220a3bca4c3c30609bdafb983f6efa0d5a2438ad,RQ1/02_prompts/stage1/rendered/p08_excel_data_processing/python/001__requirements.txt/user_prompt.txt,4f79bd7a16813b5d9370884a8accfc15ae6f5002217630cb622950d4e41f2f74,RQ1/02_prompts/stage1/rendered/p08_excel_data_processing/python/001__requirements.txt/input_context.json,e9ccfa1142209c5aa0a1331975b3ff82c06115eefda2447f1ff643f05940a704,RQ1/02_prompts/stage1/rendered/p08_excel_data_processing/python/001__requirements.txt/request_metadata.json,62f48ba9a7452cff9d1a85d6f40eea424f63c5f74b246b7cabf8db13ec347c24,306770503,Qwen/Qwen3-Coder-30B-A3B-Instruct,chatcmpl-1789393119334,4ab5ae75ce01d7f22f3db1439db42d36fb820ef0f103030b2eb2707a9a9cef17
p08_excel_data_processing_python,8,excel_data_processing,python,2,excel_processor/model.py,0538039766843d95a8cefa9a220a3bca4c3c30609bdafb983f6efa0d5a2438ad,RQ1/02_prompts/stage1/rendered/p08_excel_data_processing/python/002__excel_processor__model.py/user_prompt.txt,5aaf9edbeb3a3fde8320cb1f41d5dd1cc9f01208f919028a1a94f4a584b2c7c4,RQ1/02_prompts/stage1/rendered/p08_excel_data_processing/python/002__excel_processor__model.py/input_context.json,2621e1a12b686419cbb1c35fcf357b2b8dba2db3134234fbbbb73e4cd95545a7,RQ1/02_prompts/stage1/rendered/p08_excel_data_processing/python/002__excel_processor__model.py/request_metadata.json,62f48ba9a7452cff9d1a85d6f40eea424f63c5f74b246b7cabf8db13ec347c24,306770503,Qwen/Qwen3-Coder-30B-A3B-Instruct,chatcmpl-1789393194783,0beea512ff90a550a881dbe3726ad68332e256adf604099051a600875ee946a8
p08_excel_data_processing_python,8,excel_data_processing,python,3,excel_processor/operations.py,0538039766843d95a8cefa9a220a3bca4c3c30609bdafb983f6efa0d5a2438ad,RQ1/02_prompts/stage1/rendered/p08_excel_data_processing/python/003__excel_processor__operations.py/user_prompt.txt,6d8f36ae047d1d5353b42422bf87c6d47b681a8b33bfd7e82c18f071d09b430a,RQ1/02_prompts/stage1/rendered/p08_excel_data_processing/python/003__excel_processor__operations.py/input_context.json,7b06ade9ccf2ffa1866da27abdafa4a69fe5afcef54bf0619f1589c5b11b3636,RQ1/02_prompts/stage1/rendered/p08_excel_data_processing/python/003__excel_processor__operations.py/request_metadata.json,62f48ba9a7452cff9d1a85d6f40eea424f63c5f74b246b7cabf8db13ec347c24,306770503,Qwen/Qwen3-Coder-30B-A3B-Instruct,chatcmpl-1789393241914,e8f47adc918ad973b69c5bb23a0428373369683580a07b2505a84e12f03cb65f
p08_excel_data_processing_python,8,excel_data_processing,python,4,excel_processor/csv_io.py,0538039766843d95a8cefa9a220a3bca4c3c30609bdafb983f6efa0d5a2438ad,RQ1/02_prompts/stage1/rendered/p08_excel_data_processing/python/004__excel_processor__csv_io.py/user_prompt.txt,383d9505864c54d42d8cebb2125db3793ed35994e0dfec37e9361f00b04cf20a,RQ1/02_prompts/stage1/rendered/p08_excel_data_processing/python/004__excel_processor__csv_io.py/input_context.json,adf282796a10ed29ddd735d628512d9ddc11e92e7283f71eae64efdc850ad28c,RQ1/02_prompts/stage1/rendered/p08_excel_data_processing/python/004__excel_processor__csv_io.py/request_metadata.json,62f48ba9a7452cff9d1a85d6f40eea424f63c5f74b246b7cabf8db13ec347c24,306770503,Qwen/Qwen3-Coder-30B-A3B-Instruct,chatcmpl-1789393272372,e001277a15055583291a05f95ce1bfdbf258cd6fd319d8489ca3ac8eb5bda35b
p08_excel_data_processing_python,8,excel_data_processing,python,5,excel_processor/report.py,0538039766843d95a8cefa9a220a3bca4c3c30609bdafb983f6efa0d5a2438ad,RQ1/02_prompts/stage1/rendered/p08_excel_data_processing/python/005__excel_processor__report.py/user_prompt.txt,c6b406dbf15665dd7a0fbbe3fd84e9a6bbe0a02e4c700d4388644f7d35ebe445,RQ1/02_prompts/stage1/rendered/p08_excel_data_processing/python/005__excel_processor__report.py/input_context.json,f492c585ec459a53ca6e858855f149ddaff86a9854f0f4c4272c0d9e77351715,RQ1/02_prompts/stage1/rendered/p08_excel_data_processing/python/005__excel_processor__report.py/request_metadata.json,62f48ba9a7452cff9d1a85d6f40eea424f63c5f74b246b7cabf8db13ec347c24,306770503,Qwen/Qwen3-Coder-30B-A3B-Instruct,chatcmpl-1789393289647,b93b49aa520211347e9d9e8872a0c55a3d3fb9f0e31219978ae09293a77645fb
p08_excel_data_processing_python,8,excel_data_processing,python,6,excel_processor/__init__.py,0538039766843d95a8cefa9a220a3bca4c3c30609bdafb983f6efa0d5a2438ad,RQ1/02_prompts/stage1/rendered/p08_excel_data_processing/python/006__excel_processor____init__.py/user_prompt.txt,5d33cbc0a49ffd2711c7a5cacce4a2d965be7b175e4f0e29e99f18adf496c70f,RQ1/02_prompts/stage1/rendered/p08_excel_data_processing/python/006__excel_processor____init__.py/input_context.json,e38f2ceec537efffa496261831414f25a43e74fa5f64b97d94f5340da17fa1bb,RQ1/02_prompts/stage1/rendered/p08_excel_data_processing/python/006__excel_processor____init__.py/request_metadata.json,62f48ba9a7452cff9d1a85d6f40eea424f63c5f74b246b7cabf8db13ec347c24,306770503,Qwen/Qwen3-Coder-30B-A3B-Instruct,chatcmpl-1789393300467,2fcc8d255b95a987d54734bfd31ddc1924c2bc3a144ff3cc460a8df3a61370b5
p08_excel_data_processing_python,8,excel_data_processing,python,7,Main.py,0538039766843d95a8cefa9a220a3bca4c3c30609bdafb983f6efa0d5a2438ad,RQ1/02_prompts/stage1/rendered/p08_excel_data_processing/python/007__Main.py/user_prompt.txt,3a2f13de8f60f1bbe3f186cecd694e9b6df73390f8c1de82e564d8cb401da72e,RQ1/02_prompts/stage1/rendered/p08_excel_data_processing/python/007__Main.py/input_context.json,c7f79ccaa64dd5b971b6565a2bd74b93e2cf2e7136b741227671f31057ac6a4a,RQ1/02_prompts/stage1/rendered/p08_excel_data_processing/python/007__Main.py/request_metadata.json,62f48ba9a7452cff9d1a85d6f40eea424f63c5f74b246b7cabf8db13ec347c24,306770503,Qwen/Qwen3-Coder-30B-A3B-Instruct,chatcmpl-1789393325617,11ccc7413fab1639bc67174ce8eb5b9a7be149c62f34395fb90dc8f818728863
p08_excel_data_processing_python,8,excel_data_processing,python,8,tests/test_main.py,0538039766843d95a8cefa9a220a3bca4c3c30609bdafb983f6efa0d5a2438ad,RQ1/02_prompts/stage1/rendered/p08_excel_data_processing/python/008__tests__test_main.py/user_prompt.txt,825c94def7187d60ee020bc0c80ef0ddc9e823f60f3e97ea8a131f5e5f709d05,RQ1/02_prompts/stage1/rendered/p08_excel_data_processing/python/008__tests__test_main.py/input_context.json,cc91980119592229856a3777dcb12df9c5389291a87fc95e2794f97c86dd91c8,RQ1/02_prompts/stage1/rendered/p08_excel_data_processing/python/008__tests__test_main.py/request_metadata.json,62f48ba9a7452cff9d1a85d6f40eea424f63c5f74b246b7cabf8db13ec347c24,306770503,Qwen/Qwen3-Coder-30B-A3B-Instruct,chatcmpl-1789393363536,2e3e41b6ba9b21f30909ab9e016913a20ceb3689e4a765b430fae501b8f09ef6
p09_qr_code_gen_det_cpp,9,qr_code_gen_det,cpp,1,CMakeLists.txt,0538039766843d95a8cefa9a220a3bca4c3c30609bdafb983f6efa0d5a2438ad,RQ1/02_prompts/stage1/rendered/p09_qr_code_gen_det/cpp/001__CMakeLists.txt/user_prompt.txt,381aa90ac930b1f09583353ffc4a45fd9b01e53f699ad722c2af92fd331fcff0,RQ1/02_prompts/stage1/rendered/p09_qr_code_gen_det/cpp/001__CMakeLists.txt/input_context.json,3d58acde05d9ebcacaf09afaa109ac70405e9cb7d3678ce4c7b9be16ee9664d1,RQ1/02_prompts/stage1/rendered/p09_qr_code_gen_det/cpp/001__CMakeLists.txt/request_metadata.json,e45b9a7c66533f526b9dd5fbad1980d56e48f6e2a9e19381edc6ecf107c46fcc,779839335,Qwen/Qwen3-Coder-30B-A3B-Instruct,chatcmpl-1789409047053,4264882b9caa1cf0eb3ba35cb3a73a8d9bfc043530e5b25dfeb32938c0dd8fbe
p09_qr_code_gen_det_cpp,9,qr_code_gen_det,cpp,2,include/QRMatrix.h,0538039766843d95a8cefa9a220a3bca4c3c30609bdafb983f6efa0d5a2438ad,RQ1/02_prompts/stage1/rendered/p09_qr_code_gen_det/cpp/002__include__QRMatrix.h/user_prompt.txt,73b083aae8a4616717c64c2358fa65bc6d51c909c4d0a8647355bb52b9a04f7a,RQ1/02_prompts/stage1/rendered/p09_qr_code_gen_det/cpp/002__include__QRMatrix.h/input_context.json,e37d2a77c52417a9a578b80c0751fc20401fafa337fbf60fc27cd9d473e64baa,RQ1/02_prompts/stage1/rendered/p09_qr_code_gen_det/cpp/002__include__QRMatrix.h/request_metadata.json,e45b9a7c66533f526b9dd5fbad1980d56e48f6e2a9e19381edc6ecf107c46fcc,779839335,Qwen/Qwen3-Coder-30B-A3B-Instruct,chatcmpl-1789409058325,1748e80315ee86e67bf0a6e88d5eb1c198c06b45efc6cbbc912c00b3815655e7
p09_qr_code_gen_det_cpp,9,qr_code_gen_det,cpp,3,src/QRMatrix.cpp,0538039766843d95a8cefa9a220a3bca4c3c30609bdafb983f6efa0d5a2438ad,RQ1/02_prompts/stage1/rendered/p09_qr_code_gen_det/cpp/003__src__QRMatrix.cpp/user_prompt.txt,7bb1676398ca47d1dbeb2686c630172108b8c1d30966562bdac1cec79f9c1ed0,RQ1/02_prompts/stage1/rendered/p09_qr_code_gen_det/cpp/003__src__QRMatrix.cpp/input_context.json,c914cc2c93d58befc1355860682dbe8c5706530c9a88bdd8b17ca7f4999d630c,RQ1/02_prompts/stage1/rendered/p09_qr_code_gen_det/cpp/003__src__QRMatrix.cpp/request_metadata.json,e45b9a7c66533f526b9dd5fbad1980d56e48f6e2a9e19381edc6ecf107c46fcc,779839335,Qwen/Qwen3-Coder-30B-A3B-Instruct,chatcmpl-1789409123499,669c3053cf79f12c6985ff7af78dd981d724cc82fd5e5f9337834d5a5c47128e
p09_qr_code_gen_det_cpp,9,qr_code_gen_det,cpp,4,include/QRCodec.h,0538039766843d95a8cefa9a220a3bca4c3c30609bdafb983f6efa0d5a2438ad,RQ1/02_prompts/stage1/rendered/p09_qr_code_gen_det/cpp/004__include__QRCodec.h/user_prompt.txt,a84f418c8e0f4b5cba3ee2954d55ac8e1e42b57482c4997722e1ddcfd87f1791,RQ1/02_prompts/stage1/rendered/p09_qr_code_gen_det/cpp/004__include__QRCodec.h/input_context.json,889b49cc0c2e312e5b1f79eeb3505f47432fb9816776e28536dbbc35f9c0b667,RQ1/02_prompts/stage1/rendered/p09_qr_code_gen_det/cpp/004__include__QRCodec.h/request_metadata.json,e45b9a7c66533f526b9dd5fbad1980d56e48f6e2a9e19381edc6ecf107c46fcc,779839335,Qwen/Qwen3-Coder-30B-A3B-Instruct,chatcmpl-1789409129220,c4fcb22774f6c91e79602cf70c384b2e4fccb5c72b76449cf65e1954fbea81d8
p09_qr_code_gen_det_cpp,9,qr_code_gen_det,cpp,5,src/QRCodec.cpp,0538039766843d95a8cefa9a220a3bca4c3c30609bdafb983f6efa0d5a2438ad,RQ1/02_prompts/stage1/rendered/p09_qr_code_gen_det/cpp/005__src__QRCodec.cpp/user_prompt.txt,164f76bf4c8265ad78186e8a9e8e8e3459219817e343bf1c2e5cd94b72a2f3aa,RQ1/02_prompts/stage1/rendered/p09_qr_code_gen_det/cpp/005__src__QRCodec.cpp/input_context.json,b1ac6a266bc68cbf81f9498492ad0096d56d9856734636362ee8901f2505ed6a,RQ1/02_prompts/stage1/rendered/p09_qr_code_gen_det/cpp/005__src__QRCodec.cpp/request_metadata.json,e45b9a7c66533f526b9dd5fbad1980d56e48f6e2a9e19381edc6ecf107c46fcc,779839335,Qwen/Qwen3-Coder-30B-A3B-Instruct,chatcmpl-1789409201717,9a342aa1e2626ce7cccc80168787c4972a0d86331ca6c2d923bc3ead223fd829
p09_qr_code_gen_det_cpp,9,qr_code_gen_det,cpp,6,include/QRRenderer.h,0538039766843d95a8cefa9a220a3bca4c3c30609bdafb983f6efa0d5a2438ad,RQ1/02_prompts/stage1/rendered/p09_qr_code_gen_det/cpp/006__include__QRRenderer.h/user_prompt.txt,5bf10a991940513a43879c572822676b434fb6352cbc2c5cc7ae78a04469a7b4,RQ1/02_prompts/stage1/rendered/p09_qr_code_gen_det/cpp/006__include__QRRenderer.h/input_context.json,7dac0a3cd438fe0c1b96afef02ecbf40b6dbb821aeae338ecf71482666775b2c,RQ1/02_prompts/stage1/rendered/p09_qr_code_gen_det/cpp/006__include__QRRenderer.h/request_metadata.json,e45b9a7c66533f526b9dd5fbad1980d56e48f6e2a9e19381edc6ecf107c46fcc,779839335,Qwen/Qwen3-Coder-30B-A3B-Instruct,chatcmpl-1789409207335,c720a11a4c49c07ed2e7695cfbb318e3228492e5e6c273aa9fbf2112ba227b5d
p09_qr_code_gen_det_cpp,9,qr_code_gen_det,cpp,7,src/QRRenderer.cpp,0538039766843d95a8cefa9a220a3bca4c3c30609bdafb983f6efa0d5a2438ad,RQ1/02_prompts/stage1/rendered/p09_qr_code_gen_det/cpp/007__src__QRRenderer.cpp/user_prompt.txt,654873c824e863099626f60264b8c1014f6fa73423764867fc6f3b07304d426f,RQ1/02_prompts/stage1/rendered/p09_qr_code_gen_det/cpp/007__src__QRRenderer.cpp/input_context.json,e3900b813371a528afba185b77760b269892c4f76cfc1d7d6b193964765c97fe,RQ1/02_prompts/stage1/rendered/p09_qr_code_gen_det/cpp/007__src__QRRenderer.cpp/request_metadata.json,e45b9a7c66533f526b9dd5fbad1980d56e48f6e2a9e19381edc6ecf107c46fcc,779839335,Qwen/Qwen3-Coder-30B-A3B-Instruct,chatcmpl-1789409230710,cead4cf62b5efd9a9e4e2420ff7e60bba5ce84b39d90773c5533feaaec5d139f
p09_qr_code_gen_det_cpp,9,qr_code_gen_det,cpp,8,src/Main.cpp,0538039766843d95a8cefa9a220a3bca4c3c30609bdafb983f6efa0d5a2438ad,RQ1/02_prompts/stage1/rendered/p09_qr_code_gen_det/cpp/008__src__Main.cpp/user_prompt.txt,c2ab8320c4b9c8c7b1c7165d5da108096cc3caf9fc106adac5ea9ecdac7261af,RQ1/02_prompts/stage1/rendered/p09_qr_code_gen_det/cpp/008__src__Main.cpp/input_context.json,ff99e25b76b8b4b0e3272b7f98f2ebdf9614da9b97aab06634a316a5638e525b,RQ1/02_prompts/stage1/rendered/p09_qr_code_gen_det/cpp/008__src__Main.cpp/request_metadata.json,e45b9a7c66533f526b9dd5fbad1980d56e48f6e2a9e19381edc6ecf107c46fcc,779839335,Qwen/Qwen3-Coder-30B-A3B-Instruct,chatcmpl-1789409240464,bf1408684e8b5a12f2dcda5189bfc01f3114361e2d39f46ec376bce6cfc02f29
p09_qr_code_gen_det_cpp,9,qr_code_gen_det,cpp,9,tests/test_main.cpp,0538039766843d95a8cefa9a220a3bca4c3c30609bdafb983f6efa0d5a2438ad,RQ1/02_prompts/stage1/rendered/p09_qr_code_gen_det/cpp/009__tests__test_main.cpp/user_prompt.txt,51ab84f4df827908867ba857e540b7384a82df70f07377657c35dabf4ced55ef,RQ1/02_prompts/stage1/rendered/p09_qr_code_gen_det/cpp/009__tests__test_main.cpp/input_context.json,1b225156d4da48a176e73f924bfd752f50881d3129d907646437f25432a2ec0d,RQ1/02_prompts/stage1/rendered/p09_qr_code_gen_det/cpp/009__tests__test_main.cpp/request_metadata.json,e45b9a7c66533f526b9dd5fbad1980d56e48f6e2a9e19381edc6ecf107c46fcc,779839335,Qwen/Qwen3-Coder-30B-A3B-Instruct,chatcmpl-1789409265635,00e39a4e11584cf794c194d839b8ea54f5ca6cbeeb3200c20f7c53cd9859b541
p09_qr_code_gen_det_java,9,qr_code_gen_det,java,1,pom.xml,0538039766843d95a8cefa9a220a3bca4c3c30609bdafb983f6efa0d5a2438ad,RQ1/02_prompts/stage1/rendered/p09_qr_code_gen_det/java/001__pom.xml/user_prompt.txt,50923a2c862cd2431059e7c55cf95e553c371b15cf1bcd3a43421cddd85f6b27,RQ1/02_prompts/stage1/rendered/p09_qr_code_gen_det/java/001__pom.xml/input_context.json,329c5e4174464c0d61506ed96a3acb0a06c95bb606daa7bf3405378939fae76c,RQ1/02_prompts/stage1/rendered/p09_qr_code_gen_det/java/001__pom.xml/request_metadata.json,49e3f2f3b934092fc1361464575fd7ab23559ff70bda598db86644cb239fc920,3719859282,Qwen/Qwen3-Coder-30B-A3B-Instruct,chatcmpl-1789400392676,45686c118570d9efd300faa84c4f8b6c0d0ef1a7f79d66d65ed01a41af2111e1
p09_qr_code_gen_det_java,9,qr_code_gen_det,java,2,src/main/java/QRMatrix.java,0538039766843d95a8cefa9a220a3bca4c3c30609bdafb983f6efa0d5a2438ad,RQ1/02_prompts/stage1/rendered/p09_qr_code_gen_det/java/002__src__main__java__QRMatrix.java/user_prompt.txt,ee23c90e46011c56b05a3b96a1f458b97bfe15433b6fd1e9fc02078e8b9155b4,RQ1/02_prompts/stage1/rendered/p09_qr_code_gen_det/java/002__src__main__java__QRMatrix.java/input_context.json,3be9fe2bcb873eda35861e874c5eb19c5258e8fa790222096c5d0297330e7de9,RQ1/02_prompts/stage1/rendered/p09_qr_code_gen_det/java/002__src__main__java__QRMatrix.java/request_metadata.json,49e3f2f3b934092fc1361464575fd7ab23559ff70bda598db86644cb239fc920,3719859282,Qwen/Qwen3-Coder-30B-A3B-Instruct,chatcmpl-1789400427067,b059a6760327c84ff591f7fbab015b93923543d7c61b7e1f7fd6ca18e0e8e600
p09_qr_code_gen_det_java,9,qr_code_gen_det,java,3,src/main/java/Checksum.java,0538039766843d95a8cefa9a220a3bca4c3c30609bdafb983f6efa0d5a2438ad,RQ1/02_prompts/stage1/rendered/p09_qr_code_gen_det/java/003__src__main__java__Checksum.java/user_prompt.txt,f11fea559974f17fe16c2d3ec4eb00bb8d4d459471b4212e63c946d97d048ac7,RQ1/02_prompts/stage1/rendered/p09_qr_code_gen_det/java/003__src__main__java__Checksum.java/input_context.json,6eb6bd9df194747256565de193e56b84db3ad2e736a3d5cf023dcbb15b19d12d,RQ1/02_prompts/stage1/rendered/p09_qr_code_gen_det/java/003__src__main__java__Checksum.java/request_metadata.json,49e3f2f3b934092fc1361464575fd7ab23559ff70bda598db86644cb239fc920,3719859282,Qwen/Qwen3-Coder-30B-A3B-Instruct,chatcmpl-1789400437846,2a8baebe1158262bb9c36216cae43310a4fc280d2f817489e43cb0089378e054
p09_qr_code_gen_det_java,9,qr_code_gen_det,java,4,src/main/java/ZigZag.java,0538039766843d95a8cefa9a220a3bca4c3c30609bdafb983f6efa0d5a2438ad,RQ1/02_prompts/stage1/rendered/p09_qr_code_gen_det/java/004__src__main__java__ZigZag.java/user_prompt.txt,e96f9d699ec59478282a16a56ba2cf6818e09e416233218908837abeb53f424d,RQ1/02_prompts/stage1/rendered/p09_qr_code_gen_det/java/004__src__main__java__ZigZag.java/input_context.json,4bf43c7b5ac453735cff7c0f087a418e19b268cedbb54250b2af0384b59254a3,RQ1/02_prompts/stage1/rendered/p09_qr_code_gen_det/java/004__src__main__java__ZigZag.java/request_metadata.json,49e3f2f3b934092fc1361464575fd7ab23559ff70bda598db86644cb239fc920,3719859282,Qwen/Qwen3-Coder-30B-A3B-Instruct,chatcmpl-1789400471961,9927fe96578c584c58285c8a764d7d602f41b20e12926a7470ce2df467ce581a
p09_qr_code_gen_det_java,9,qr_code_gen_det,java,5,src/main/java/FinderPattern.java,0538039766843d95a8cefa9a220a3bca4c3c30609bdafb983f6efa0d5a2438ad,RQ1/02_prompts/stage1/rendered/p09_qr_code_gen_det/java/005__src__main__java__FinderPattern.java/user_prompt.txt,2c3699890b75cc3fd11a3ee3b0684027a980d9d13bc87fc0561800cdf9447155,RQ1/02_prompts/stage1/rendered/p09_qr_code_gen_det/java/005__src__main__java__FinderPattern.java/input_context.json,3b403b23ecb0bf5b8b43225a2bdd5e00097db2ec0369fba91a5f7de1ce196929,RQ1/02_prompts/stage1/rendered/p09_qr_code_gen_det/java/005__src__main__java__FinderPattern.java/request_metadata.json,49e3f2f3b934092fc1361464575fd7ab23559ff70bda598db86644cb239fc920,3719859282,Qwen/Qwen3-Coder-30B-A3B-Instruct,chatcmpl-1789400534801,9adc6e51ea81cc8ff3c0d77955c81900b2d947792b5d369af427b37a29cb6dc2
p09_qr_code_gen_det_java,9,qr_code_gen_det,java,6,src/main/java/TextEncoder.java,0538039766843d95a8cefa9a220a3bca4c3c30609bdafb983f6efa0d5a2438ad,RQ1/02_prompts/stage1/rendered/p09_qr_code_gen_det/java/006__src__main__java__TextEncoder.java/user_prompt.txt,685992629fb9a21c37b67701bed2146fc2a630b3a6299d39df9199004c8454bc,RQ1/02_prompts/stage1/rendered/p09_qr_code_gen_det/java/006__src__main__java__TextEncoder.java/input_context.json,d2327530af7303c8652f6f44b9f346cfa3288ec9dd580be89e6659dbcebd3c20,RQ1/02_prompts/stage1/rendered/p09_qr_code_gen_det/java/006__src__main__java__TextEncoder.java/request_metadata.json,49e3f2f3b934092fc1361464575fd7ab23559ff70bda598db86644cb239fc920,3719859282,Qwen/Qwen3-Coder-30B-A3B-Instruct,chatcmpl-1789400602433,1f259e15628eb4859f44c0481aa693a291fb79378ba2c65d3e4158092dced130
p09_qr_code_gen_det_java,9,qr_code_gen_det,java,7,src/main/java/MatrixValidator.java,0538039766843d95a8cefa9a220a3bca4c3c30609bdafb983f6efa0d5a2438ad,RQ1/02_prompts/stage1/rendered/p09_qr_code_gen_det/java/007__src__main__java__MatrixValidator.java/user_prompt.txt,d906fd293b27c655e13db7bb95fd616648ca4336adebaf2746dbf8fb56134854,RQ1/02_prompts/stage1/rendered/p09_qr_code_gen_det/java/007__src__main__java__MatrixValidator.java/input_context.json,5a4e986e533d679b9ff9475630ed6f9fa1b6dc5b9738157fe0057b02d70a0cf1,RQ1/02_prompts/stage1/rendered/p09_qr_code_gen_det/java/007__src__main__java__MatrixValidator.java/request_metadata.json,49e3f2f3b934092fc1361464575fd7ab23559ff70bda598db86644cb239fc920,3719859282,Qwen/Qwen3-Coder-30B-A3B-Instruct,chatcmpl-1789400629594,5239562c0fe49d9d045fb50a12d9d28bae092261b19ec153ea998a5ff3c21adf
p09_qr_code_gen_det_java,9,qr_code_gen_det,java,8,src/main/java/QRDetector.java,0538039766843d95a8cefa9a220a3bca4c3c30609bdafb983f6efa0d5a2438ad,RQ1/02_prompts/stage1/rendered/p09_qr_code_gen_det/java/008__src__main__java__QRDetector.java/user_prompt.txt,cd85d9242fe174ae20c43fb8fd7ef1568a5676f7ed77a3c321e8e957ad5d1131,RQ1/02_prompts/stage1/rendered/p09_qr_code_gen_det/java/008__src__main__java__QRDetector.java/input_context.json,675602818e1a9dde22cc557a647028d1dff16f024fd546abd9b278b63376760f,RQ1/02_prompts/stage1/rendered/p09_qr_code_gen_det/java/008__src__main__java__QRDetector.java/request_metadata.json,49e3f2f3b934092fc1361464575fd7ab23559ff70bda598db86644cb239fc920,3719859282,Qwen/Qwen3-Coder-30B-A3B-Instruct,chatcmpl-1789400665674,268443f2c8e78130b74cedb8d0cb449745653b463550f00aecc0e53f1f1d5176
p09_qr_code_gen_det_java,9,qr_code_gen_det,java,9,src/main/java/QRCodec.java,0538039766843d95a8cefa9a220a3bca4c3c30609bdafb983f6efa0d5a2438ad,RQ1/02_prompts/stage1/rendered/p09_qr_code_gen_det/java/009__src__main__java__QRCodec.java/user_prompt.txt,b5a6f8ae936ccae9bcdb956d7335584d4b4200df8c4fa2035f9013186ea38073,RQ1/02_prompts/stage1/rendered/p09_qr_code_gen_det/java/009__src__main__java__QRCodec.java/input_context.json,a9841236e6cd7d3a495a1b559031273321df25f3d073fe52d7265ccb7e7c2052,RQ1/02_prompts/stage1/rendered/p09_qr_code_gen_det/java/009__src__main__java__QRCodec.java/request_metadata.json,49e3f2f3b934092fc1361464575fd7ab23559ff70bda598db86644cb239fc920,3719859282,Qwen/Qwen3-Coder-30B-A3B-Instruct,chatcmpl-1789400712803,ce6696f920ddd5418748e5a793b03ccecdc13b17d36f86d451d11163c8dd9983
p09_qr_code_gen_det_java,9,qr_code_gen_det,java,10,src/main/java/QRRenderer.java,0538039766843d95a8cefa9a220a3bca4c3c30609bdafb983f6efa0d5a2438ad,RQ1/02_prompts/stage1/rendered/p09_qr_code_gen_det/java/010__src__main__java__QRRenderer.java/user_prompt.txt,dea994e4a8620d18eb2a40d6b1844e92d9d9ec9046320839882411c452ebfd49,RQ1/02_prompts/stage1/rendered/p09_qr_code_gen_det/java/010__src__main__java__QRRenderer.java/input_context.json,49042b543933d1fc22a2c73d2f85212ecda2169ef1e0abf3bb658e95321120a6,RQ1/02_prompts/stage1/rendered/p09_qr_code_gen_det/java/010__src__main__java__QRRenderer.java/request_metadata.json,49e3f2f3b934092fc1361464575fd7ab23559ff70bda598db86644cb239fc920,3719859282,Qwen/Qwen3-Coder-30B-A3B-Instruct,chatcmpl-1789400730180,8e3f4e63994713066eb32364fb51219b9f114b3e03a9456a648f3d69b31f70e8
p09_qr_code_gen_det_java,9,qr_code_gen_det,java,11,src/main/java/Main.java,0538039766843d95a8cefa9a220a3bca4c3c30609bdafb983f6efa0d5a2438ad,RQ1/02_prompts/stage1/rendered/p09_qr_code_gen_det/java/011__src__main__java__Main.java/user_prompt.txt,d91f52355eb1598a91869e9eb36546b4f6f72e02396d24ea43e14d64a4279e14,RQ1/02_prompts/stage1/rendered/p09_qr_code_gen_det/java/011__src__main__java__Main.java/input_context.json,bce5e00bcda6da316a2832c28e372a1fdad12dcda3151a9d1ca7cb023fdd7db4,RQ1/02_prompts/stage1/rendered/p09_qr_code_gen_det/java/011__src__main__java__Main.java/request_metadata.json,49e3f2f3b934092fc1361464575fd7ab23559ff70bda598db86644cb239fc920,3719859282,Qwen/Qwen3-Coder-30B-A3B-Instruct,chatcmpl-1789400747506,87a94e4e9e95b65bebe0dc25c2b06874c8730b936bb74d2ed3813313d7c8b122
p09_qr_code_gen_det_java,9,qr_code_gen_det,java,12,src/test/java/MainTest.java,0538039766843d95a8cefa9a220a3bca4c3c30609bdafb983f6efa0d5a2438ad,RQ1/02_prompts/stage1/rendered/p09_qr_code_gen_det/java/012__src__test__java__MainTest.java/user_prompt.txt,da9e87b086a073fd4ce2f0709064eede73f006c24c97d2e634061b7da6ea56ce,RQ1/02_prompts/stage1/rendered/p09_qr_code_gen_det/java/012__src__test__java__MainTest.java/input_context.json,735979aa1074801ec19bd1af2f8f04e8399634c475ef72922d7229a4b8c43fa2,RQ1/02_prompts/stage1/rendered/p09_qr_code_gen_det/java/012__src__test__java__MainTest.java/request_metadata.json,49e3f2f3b934092fc1361464575fd7ab23559ff70bda598db86644cb239fc920,3719859282,Qwen/Qwen3-Coder-30B-A3B-Instruct,chatcmpl-1789400785358,180b52c665d6f4a54ba69da25050f6e8ee9e6d4dd395876512dd4b922c0d0dfa
p09_qr_code_gen_det_python,9,qr_code_gen_det,python,1,requirements.txt,0538039766843d95a8cefa9a220a3bca4c3c30609bdafb983f6efa0d5a2438ad,RQ1/02_prompts/stage1/rendered/p09_qr_code_gen_det/python/001__requirements.txt/user_prompt.txt,9b1707dd40a2b5c57d7c9f577f9a68e2a1adf51f560c5ec9e33a40a8c3f35f45,RQ1/02_prompts/stage1/rendered/p09_qr_code_gen_det/python/001__requirements.txt/input_context.json,5d58ae6d327bf315ea9c146b0402535393d68fda1165ec7ccdb2783fe44c6d4d,RQ1/02_prompts/stage1/rendered/p09_qr_code_gen_det/python/001__requirements.txt/request_metadata.json,8a894c2f7908bfb64d4c6459637759a895541fcc8d2fa49a29a5c37d1dd80ec2,3206008263,Qwen/Qwen3-Coder-30B-A3B-Instruct,chatcmpl-1789409529228,8ac1e40f27df19bacaf77520593306efe880ca33417c4ba285a8f9e158714207
p09_qr_code_gen_det_python,9,qr_code_gen_det,python,2,qr_code/payload.py,0538039766843d95a8cefa9a220a3bca4c3c30609bdafb983f6efa0d5a2438ad,RQ1/02_prompts/stage1/rendered/p09_qr_code_gen_det/python/002__qr_code__payload.py/user_prompt.txt,fe6549548fdddc914d4ee968dfe73b50054df9bdd2e21221f935705d799413ed,RQ1/02_prompts/stage1/rendered/p09_qr_code_gen_det/python/002__qr_code__payload.py/input_context.json,9bb8ac44e53eb2e1d52afbcb4ad59998d8d44d48f5c97a0e6ec493d9545667ae,RQ1/02_prompts/stage1/rendered/p09_qr_code_gen_det/python/002__qr_code__payload.py/request_metadata.json,8a894c2f7908bfb64d4c6459637759a895541fcc8d2fa49a29a5c37d1dd80ec2,3206008263,Qwen/Qwen3-Coder-30B-A3B-Instruct,chatcmpl-1789409586646,fccdf79b38d3de275426a700754ea31968c6eca76f931f99426f6a22ab51234f
p09_qr_code_gen_det_python,9,qr_code_gen_det,python,3,qr_code/matrix.py,0538039766843d95a8cefa9a220a3bca4c3c30609bdafb983f6efa0d5a2438ad,RQ1/02_prompts/stage1/rendered/p09_qr_code_gen_det/python/003__qr_code__matrix.py/user_prompt.txt,fb9853eea6ce3dedd61fad55837a23e55a95a667fdf34a10264d221b551ca20e,RQ1/02_prompts/stage1/rendered/p09_qr_code_gen_det/python/003__qr_code__matrix.py/input_context.json,f9ea59d0aaaf82d92f0d3044c5bd1a573b057e88105033ee5f43cd2ce92975e6,RQ1/02_prompts/stage1/rendered/p09_qr_code_gen_det/python/003__qr_code__matrix.py/request_metadata.json,8a894c2f7908bfb64d4c6459637759a895541fcc8d2fa49a29a5c37d1dd80ec2,3206008263,Qwen/Qwen3-Coder-30B-A3B-Instruct,chatcmpl-1789409683322,1e3399b143b4d051dad724913d01e52a43806cfef68815bd3d8e0b14e7303ebd
p09_qr_code_gen_det_python,9,qr_code_gen_det,python,4,qr_code/codec.py,0538039766843d95a8cefa9a220a3bca4c3c30609bdafb983f6efa0d5a2438ad,RQ1/02_prompts/stage1/rendered/p09_qr_code_gen_det/python/004__qr_code__codec.py/user_prompt.txt,965618835d4068747acd98e08b42ec929470be3a5b7cd24ccfd372edc5676029,RQ1/02_prompts/stage1/rendered/p09_qr_code_gen_det/python/004__qr_code__codec.py/input_context.json,aec4d4d53da564c140fc2af08f06483807c4fdb52886d05c11c4e0306be30718,RQ1/02_prompts/stage1/rendered/p09_qr_code_gen_det/python/004__qr_code__codec.py/request_metadata.json,8a894c2f7908bfb64d4c6459637759a895541fcc8d2fa49a29a5c37d1dd80ec2,3206008263,Qwen/Qwen3-Coder-30B-A3B-Instruct,chatcmpl-1789409710068,de0e13d3aeac17a4ab60f9d75e9bb053455162812190d0169d45997a8de892e6
p09_qr_code_gen_det_python,9,qr_code_gen_det,python,5,qr_code/render.py,0538039766843d95a8cefa9a220a3bca4c3c30609bdafb983f6efa0d5a2438ad,RQ1/02_prompts/stage1/rendered/p09_qr_code_gen_det/python/005__qr_code__render.py/user_prompt.txt,d8006bcd417c8ed54f51119c878920ed33aa204b0f2f065321a9e2153c571efb,RQ1/02_prompts/stage1/rendered/p09_qr_code_gen_det/python/005__qr_code__render.py/input_context.json,4eecf50f0178c152acb6cdd78477ced2eb52fa74c4d8e0c0dfbf976c69acaa6f,RQ1/02_prompts/stage1/rendered/p09_qr_code_gen_det/python/005__qr_code__render.py/request_metadata.json,8a894c2f7908bfb64d4c6459637759a895541fcc8d2fa49a29a5c37d1dd80ec2,3206008263,Qwen/Qwen3-Coder-30B-A3B-Instruct,chatcmpl-1789409727565,35fdf2c132cb602ec2d3d177b6e02a64d977a8af97a0fb4c2d6a0dda38269587
p09_qr_code_gen_det_python,9,qr_code_gen_det,python,6,qr_code/__init__.py,0538039766843d95a8cefa9a220a3bca4c3c30609bdafb983f6efa0d5a2438ad,RQ1/02_prompts/stage1/rendered/p09_qr_code_gen_det/python/006__qr_code____init__.py/user_prompt.txt,4b7a4942ab9b5ff4cba71ce8a19abe7309d6520db894864ce203ce807d1df821,RQ1/02_prompts/stage1/rendered/p09_qr_code_gen_det/python/006__qr_code____init__.py/input_context.json,1a58c7d73f2707d305996b7175a7568cd3f6999a7b1687aeaa744c7c51f000f2,RQ1/02_prompts/stage1/rendered/p09_qr_code_gen_det/python/006__qr_code____init__.py/request_metadata.json,8a894c2f7908bfb64d4c6459637759a895541fcc8d2fa49a29a5c37d1dd80ec2,3206008263,Qwen/Qwen3-Coder-30B-A3B-Instruct,chatcmpl-1789409740061,4457e690675cfef5ab693f863aa11d6582333d6b59aa58c1879c723153cca859
p09_qr_code_gen_det_python,9,qr_code_gen_det,python,7,Main.py,0538039766843d95a8cefa9a220a3bca4c3c30609bdafb983f6efa0d5a2438ad,RQ1/02_prompts/stage1/rendered/p09_qr_code_gen_det/python/007__Main.py/user_prompt.txt,5fb60c13a2cd271d1d29f077ea91b3482d331c917416eadb2fc38b9ebbbabf34,RQ1/02_prompts/stage1/rendered/p09_qr_code_gen_det/python/007__Main.py/input_context.json,c3b7d25e444ad581923a8a82157534fd3735fdeed774bc5908799563cb414df6,RQ1/02_prompts/stage1/rendered/p09_qr_code_gen_det/python/007__Main.py/request_metadata.json,8a894c2f7908bfb64d4c6459637759a895541fcc8d2fa49a29a5c37d1dd80ec2,3206008263,Qwen/Qwen3-Coder-30B-A3B-Instruct,chatcmpl-1789409761641,bed1264598fca477e47edf1e155542134d8bba4078aa3883d0ebf1bf72853ac6
p09_qr_code_gen_det_python,9,qr_code_gen_det,python,8,tests/test_main.py,0538039766843d95a8cefa9a220a3bca4c3c30609bdafb983f6efa0d5a2438ad,RQ1/02_prompts/stage1/rendered/p09_qr_code_gen_det/python/008__tests__test_main.py/user_prompt.txt,c76a2abb259903b4746d01ca82ed898143a0fa000f3c71c832b3938c6d0651f6,RQ1/02_prompts/stage1/rendered/p09_qr_code_gen_det/python/008__tests__test_main.py/input_context.json,b102bb7ea2f8791ce41de635925e24de18cb77f0c660681ff3d45a089ab64f04,RQ1/02_prompts/stage1/rendered/p09_qr_code_gen_det/python/008__tests__test_main.py/request_metadata.json,8a894c2f7908bfb64d4c6459637759a895541fcc8d2fa49a29a5c37d1dd80ec2,3206008263,Qwen/Qwen3-Coder-30B-A3B-Instruct,chatcmpl-1789409792946,48fe5c2924083b9eb041d8ed01749ac8ae662040821e30628a6e582cebf1352b
p10_crud_system_cpp,10,crud_system,cpp,1,CMakeLists.txt,0538039766843d95a8cefa9a220a3bca4c3c30609bdafb983f6efa0d5a2438ad,RQ1/02_prompts/stage1/rendered/p10_crud_system/cpp/001__CMakeLists.txt/user_prompt.txt,753cef7bce52e1fbfa57815acbecb4af0a62769f45564263c400b348220390d9,RQ1/02_prompts/stage1/rendered/p10_crud_system/cpp/001__CMakeLists.txt/input_context.json,4935283b32fd80e58e20b1c13bff722ec88583dcd1c0ccd107e71a11dbc5b9b6,RQ1/02_prompts/stage1/rendered/p10_crud_system/cpp/001__CMakeLists.txt/request_metadata.json,a6227045543c639189a87850281882afa83629637f2f74f48dff418627f61cda,252729447,Qwen/Qwen3-Coder-30B-A3B-Instruct,chatcmpl-1789406073764,05febd8cce44b4038f38874463d8612f01e55c0a5f74cfdbe00d6a99612f7337
p10_crud_system_cpp,10,crud_system,cpp,2,include/Record.h,0538039766843d95a8cefa9a220a3bca4c3c30609bdafb983f6efa0d5a2438ad,RQ1/02_prompts/stage1/rendered/p10_crud_system/cpp/002__include__Record.h/user_prompt.txt,a79207132d1db68eb661d4a2a82d879bbb43ee370bc8ed44f0c4fd62a635cba6,RQ1/02_prompts/stage1/rendered/p10_crud_system/cpp/002__include__Record.h/input_context.json,fd0effd51fd418200a26dd3f89ea30416fe6c1187bae8b22288996df80ac6889,RQ1/02_prompts/stage1/rendered/p10_crud_system/cpp/002__include__Record.h/request_metadata.json,a6227045543c639189a87850281882afa83629637f2f74f48dff418627f61cda,252729447,Qwen/Qwen3-Coder-30B-A3B-Instruct,chatcmpl-1789406085751,b88476b2361c50c417eb21dcc93f594ef59d92d84935f6997201f1def8cd0335
p10_crud_system_cpp,10,crud_system,cpp,3,src/Record.cpp,0538039766843d95a8cefa9a220a3bca4c3c30609bdafb983f6efa0d5a2438ad,RQ1/02_prompts/stage1/rendered/p10_crud_system/cpp/003__src__Record.cpp/user_prompt.txt,62baf983229dc09ec00d77207f85f7b749ec7556fbed859c142044f0955b1728,RQ1/02_prompts/stage1/rendered/p10_crud_system/cpp/003__src__Record.cpp/input_context.json,28d7c933108cef0b334f3c8cdc675e535afda9bebdc2a8a8e39d2cf936332a3a,RQ1/02_prompts/stage1/rendered/p10_crud_system/cpp/003__src__Record.cpp/request_metadata.json,a6227045543c639189a87850281882afa83629637f2f74f48dff418627f61cda,252729447,Qwen/Qwen3-Coder-30B-A3B-Instruct,chatcmpl-1789406093200,c09e28bc760459efaea0cd465b8fc1cd1d25d20a11c0369fcae23b05a86529ab
p10_crud_system_cpp,10,crud_system,cpp,4,include/ManualClock.h,0538039766843d95a8cefa9a220a3bca4c3c30609bdafb983f6efa0d5a2438ad,RQ1/02_prompts/stage1/rendered/p10_crud_system/cpp/004__include__ManualClock.h/user_prompt.txt,7cf3e44ae24b41bf603b215d3916e564dc2776612bbbfcf551be73d079980604,RQ1/02_prompts/stage1/rendered/p10_crud_system/cpp/004__include__ManualClock.h/input_context.json,d71a4af9e264a63667f7fa7a13709eca34fff5a39916c579b82766b8efbdb344,RQ1/02_prompts/stage1/rendered/p10_crud_system/cpp/004__include__ManualClock.h/request_metadata.json,a6227045543c639189a87850281882afa83629637f2f74f48dff418627f61cda,252729447,Qwen/Qwen3-Coder-30B-A3B-Instruct,chatcmpl-1789406099032,45100ceeeb6dccf18b1e16c4a509f8cc8e6843e9bd38d697b44c5383ec43bfc8
p10_crud_system_cpp,10,crud_system,cpp,5,src/ManualClock.cpp,0538039766843d95a8cefa9a220a3bca4c3c30609bdafb983f6efa0d5a2438ad,RQ1/02_prompts/stage1/rendered/p10_crud_system/cpp/005__src__ManualClock.cpp/user_prompt.txt,327001db5fe3640033a0775fe9d9765c850ee449ab454591e1beee4c55d99fa1,RQ1/02_prompts/stage1/rendered/p10_crud_system/cpp/005__src__ManualClock.cpp/input_context.json,08e2771dfe6130d652298e57aabedac28627cd76eaa51b281e823c5fad20b02d,RQ1/02_prompts/stage1/rendered/p10_crud_system/cpp/005__src__ManualClock.cpp/request_metadata.json,a6227045543c639189a87850281882afa83629637f2f74f48dff418627f61cda,252729447,Qwen/Qwen3-Coder-30B-A3B-Instruct,chatcmpl-1789406105199,d6f63162fdc14da3f8b6ed3966f00fe29defe4c94cb7106489705c5a5604d8f0
p10_crud_system_cpp,10,crud_system,cpp,6,include/Repository.h,0538039766843d95a8cefa9a220a3bca4c3c30609bdafb983f6efa0d5a2438ad,RQ1/02_prompts/stage1/rendered/p10_crud_system/cpp/006__include__Repository.h/user_prompt.txt,697f9fb4b7044020afddbc24c73c90137523ef315c3b3017b6dc96fe65a606f8,RQ1/02_prompts/stage1/rendered/p10_crud_system/cpp/006__include__Repository.h/input_context.json,094a132e8ce34446592a00791954d7e7bc16298f969912f7a8f950926a7eb012,RQ1/02_prompts/stage1/rendered/p10_crud_system/cpp/006__include__Repository.h/request_metadata.json,a6227045543c639189a87850281882afa83629637f2f74f48dff418627f61cda,252729447,Qwen/Qwen3-Coder-30B-A3B-Instruct,chatcmpl-1789406113205,66316bf222d3b245bfd66380b9683670412b00f577d1098289f30646192e656d
p10_crud_system_cpp,10,crud_system,cpp,7,src/Repository.cpp,0538039766843d95a8cefa9a220a3bca4c3c30609bdafb983f6efa0d5a2438ad,RQ1/02_prompts/stage1/rendered/p10_crud_system/cpp/007__src__Repository.cpp/user_prompt.txt,32cf329ac56ee59f049c254a02ab55ca0a1cf92343a6d2b2c6d8a0f28e859d16,RQ1/02_prompts/stage1/rendered/p10_crud_system/cpp/007__src__Repository.cpp/input_context.json,bbf2fd4318fb0da319b66f1a35561ca12d7203aae1ae90d94d886ac651d73dbd,RQ1/02_prompts/stage1/rendered/p10_crud_system/cpp/007__src__Repository.cpp/request_metadata.json,a6227045543c639189a87850281882afa83629637f2f74f48dff418627f61cda,252729447,Qwen/Qwen3-Coder-30B-A3B-Instruct,chatcmpl-1789406128217,f85caeeade5216199a2bfcb8daa04451bf7cf6474ef406658394233fbe035806
p10_crud_system_cpp,10,crud_system,cpp,8,include/CrudService.h,0538039766843d95a8cefa9a220a3bca4c3c30609bdafb983f6efa0d5a2438ad,RQ1/02_prompts/stage1/rendered/p10_crud_system/cpp/008__include__CrudService.h/user_prompt.txt,3cfb1455c56179c5937fbe551959669a0b2013d8ffc2e24113e529d967be2fd6,RQ1/02_prompts/stage1/rendered/p10_crud_system/cpp/008__include__CrudService.h/input_context.json,532d270943e7d1eee25c14b114c5104be43c4ef14048f2d465b419fcae2ee84f,RQ1/02_prompts/stage1/rendered/p10_crud_system/cpp/008__include__CrudService.h/request_metadata.json,a6227045543c639189a87850281882afa83629637f2f74f48dff418627f61cda,252729447,Qwen/Qwen3-Coder-30B-A3B-Instruct,chatcmpl-1789406139448,cd2d093afe44d666a1dcb919a9767042f4aa60357929a294790bc6a51aa0aaa2
p10_crud_system_cpp,10,crud_system,cpp,9,src/CrudService.cpp,0538039766843d95a8cefa9a220a3bca4c3c30609bdafb983f6efa0d5a2438ad,RQ1/02_prompts/stage1/rendered/p10_crud_system/cpp/009__src__CrudService.cpp/user_prompt.txt,b680a95d9db38ffee05ee5fdb4be923509f1c3325061bad02201cb3441f15893,RQ1/02_prompts/stage1/rendered/p10_crud_system/cpp/009__src__CrudService.cpp/input_context.json,c12c8ef7433d5f45ee107d992acded556edae14d9d630a91117ac90a3197b38e,RQ1/02_prompts/stage1/rendered/p10_crud_system/cpp/009__src__CrudService.cpp/request_metadata.json,a6227045543c639189a87850281882afa83629637f2f74f48dff418627f61cda,252729447,Qwen/Qwen3-Coder-30B-A3B-Instruct,chatcmpl-1789406185393,503880239363483c45a17bdce852fa0334f5c38680dbf2bd0322e2b303b978eb
p10_crud_system_cpp,10,crud_system,cpp,10,src/Main.cpp,0538039766843d95a8cefa9a220a3bca4c3c30609bdafb983f6efa0d5a2438ad,RQ1/02_prompts/stage1/rendered/p10_crud_system/cpp/010__src__Main.cpp/user_prompt.txt,4394eb9b30deb06f05981e3cca43ca5a8d01db13970d7236a34d47e31aacf969,RQ1/02_prompts/stage1/rendered/p10_crud_system/cpp/010__src__Main.cpp/input_context.json,2a6fb69f0861cbc9348387a7833884166d79275c5b5c5582ecde45076a42ff8c,RQ1/02_prompts/stage1/rendered/p10_crud_system/cpp/010__src__Main.cpp/request_metadata.json,a6227045543c639189a87850281882afa83629637f2f74f48dff418627f61cda,252729447,Qwen/Qwen3-Coder-30B-A3B-Instruct,chatcmpl-1789406194986,2da4cf8d0b4e7c26ba84ef5a3ca832ec2621f856affc7560b66c0c6eb2867e09
p10_crud_system_cpp,10,crud_system,cpp,11,tests/test_main.cpp,0538039766843d95a8cefa9a220a3bca4c3c30609bdafb983f6efa0d5a2438ad,RQ1/02_prompts/stage1/rendered/p10_crud_system/cpp/011__tests__test_main.cpp/user_prompt.txt,04e818a9910d3bfb16c314c2511a03129095c12434684abf6786bdd8938b02e4,RQ1/02_prompts/stage1/rendered/p10_crud_system/cpp/011__tests__test_main.cpp/input_context.json,48ecab6b76b21ba17db0d558baf048197a0f56cc2b586396430fb36f6b394d85,RQ1/02_prompts/stage1/rendered/p10_crud_system/cpp/011__tests__test_main.cpp/request_metadata.json,a6227045543c639189a87850281882afa83629637f2f74f48dff418627f61cda,252729447,Qwen/Qwen3-Coder-30B-A3B-Instruct,chatcmpl-1789406243091,34dc9db655baa59e5b74b53ac5944ec8ffcbf933d9ca4a521e1f43f357ffba79
p10_crud_system_java,10,crud_system,java,1,pom.xml,0538039766843d95a8cefa9a220a3bca4c3c30609bdafb983f6efa0d5a2438ad,RQ1/02_prompts/stage1/rendered/p10_crud_system/java/001__pom.xml/user_prompt.txt,8fdfc580dc8bfd4fcb8f00187a3be3e327285d5cd18f7d72198c3e9b69f100ae,RQ1/02_prompts/stage1/rendered/p10_crud_system/java/001__pom.xml/input_context.json,805186d9b5cc1f04e3506b984e89cbc868fae3b48247f8e22963cdfddaec496e,RQ1/02_prompts/stage1/rendered/p10_crud_system/java/001__pom.xml/request_metadata.json,9bef45c1de998cdb31b61c312d416b98b97c5a2a95c5f3aa49a65eab42762003,3479630733,Qwen/Qwen3-Coder-30B-A3B-Instruct,chatcmpl-1789388427859,ff97f364b836a1825d76b26ae1d8eebfc326af7773018986a41425bbb0583882
p10_crud_system_java,10,crud_system,java,2,src/main/java/User.java,0538039766843d95a8cefa9a220a3bca4c3c30609bdafb983f6efa0d5a2438ad,RQ1/02_prompts/stage1/rendered/p10_crud_system/java/002__src__main__java__User.java/user_prompt.txt,be7ed147395e2d67289588def2d7610f412e37d3372c4cc848e94353874d97dc,RQ1/02_prompts/stage1/rendered/p10_crud_system/java/002__src__main__java__User.java/input_context.json,2d39c55fbd0e86aa53af1375e40d9df23803fe97ad80496563df0f527afcdec6,RQ1/02_prompts/stage1/rendered/p10_crud_system/java/002__src__main__java__User.java/request_metadata.json,9bef45c1de998cdb31b61c312d416b98b97c5a2a95c5f3aa49a65eab42762003,3479630733,Qwen/Qwen3-Coder-30B-A3B-Instruct,chatcmpl-1789388469941,c0e8f719bb79612c687aa095e8dd6774878a18b32835313964c62ce492b03532
p10_crud_system_java,10,crud_system,java,3,src/main/java/AuditEvent.java,0538039766843d95a8cefa9a220a3bca4c3c30609bdafb983f6efa0d5a2438ad,RQ1/02_prompts/stage1/rendered/p10_crud_system/java/003__src__main__java__AuditEvent.java/user_prompt.txt,6e73a054d4675d30670ad0fe757b53ea2ebcdf10fe7148cf737361970124e2a5,RQ1/02_prompts/stage1/rendered/p10_crud_system/java/003__src__main__java__AuditEvent.java/input_context.json,1354024dccbd9544fb1caefec3423ed78be7cb506aaa9e5fe585d033a545f298,RQ1/02_prompts/stage1/rendered/p10_crud_system/java/003__src__main__java__AuditEvent.java/request_metadata.json,9bef45c1de998cdb31b61c312d416b98b97c5a2a95c5f3aa49a65eab42762003,3479630733,Qwen/Qwen3-Coder-30B-A3B-Instruct,chatcmpl-1789388515290,f7aa29b576d6cb199581cc6c27187a78df41c707937fb343c22138c98b4bf3e3
p10_crud_system_java,10,crud_system,java,4,src/main/java/UserValidator.java,0538039766843d95a8cefa9a220a3bca4c3c30609bdafb983f6efa0d5a2438ad,RQ1/02_prompts/stage1/rendered/p10_crud_system/java/004__src__main__java__UserValidator.java/user_prompt.txt,4d187ea9304a0a0337aa10ffb6261638358688ec4e633f5160367b628a6e4c5a,RQ1/02_prompts/stage1/rendered/p10_crud_system/java/004__src__main__java__UserValidator.java/input_context.json,ff258c01d68f072ec4d58f7741ba06ec5573eee7649143729a77349bd112e795,RQ1/02_prompts/stage1/rendered/p10_crud_system/java/004__src__main__java__UserValidator.java/request_metadata.json,9bef45c1de998cdb31b61c312d416b98b97c5a2a95c5f3aa49a65eab42762003,3479630733,Qwen/Qwen3-Coder-30B-A3B-Instruct,chatcmpl-1789388531725,a81c0c2dc3009d41f841d77125e12b101bb13f149c67e61109d351d03077763f
p10_crud_system_java,10,crud_system,java,5,src/main/java/SearchService.java,0538039766843d95a8cefa9a220a3bca4c3c30609bdafb983f6efa0d5a2438ad,RQ1/02_prompts/stage1/rendered/p10_crud_system/java/005__src__main__java__SearchService.java/user_prompt.txt,2d33ec33a340c86ba80b6be1319f2d0dc31908942feeab8875f861251f8c8e68,RQ1/02_prompts/stage1/rendered/p10_crud_system/java/005__src__main__java__SearchService.java/input_context.json,c27140ae46002e057b4fe539fb69cd87413787bffa6ce9223c157859d354aec0,RQ1/02_prompts/stage1/rendered/p10_crud_system/java/005__src__main__java__SearchService.java/request_metadata.json,9bef45c1de998cdb31b61c312d416b98b97c5a2a95c5f3aa49a65eab42762003,3479630733,Qwen/Qwen3-Coder-30B-A3B-Instruct,chatcmpl-1789388562604,778af7ff65f9152bb19a420b8b7c509612eba1672ec528c67192e0b84e5ce34d
p10_crud_system_java,10,crud_system,java,6,src/main/java/AuditLogService.java,0538039766843d95a8cefa9a220a3bca4c3c30609bdafb983f6efa0d5a2438ad,RQ1/02_prompts/stage1/rendered/p10_crud_system/java/006__src__main__java__AuditLogService.java/user_prompt.txt,87458741809824b652fdf40aae61b3b0e5eb4a661590f1190ef9e3d42478aaf1,RQ1/02_prompts/stage1/rendered/p10_crud_system/java/006__src__main__java__AuditLogService.java/input_context.json,e49e3a9a976a09c44264dead96b4a0d937aed479054968b2abee1bf871106965,RQ1/02_prompts/stage1/rendered/p10_crud_system/java/006__src__main__java__AuditLogService.java/request_metadata.json,9bef45c1de998cdb31b61c312d416b98b97c5a2a95c5f3aa49a65eab42762003,3479630733,Qwen/Qwen3-Coder-30B-A3B-Instruct,chatcmpl-1789388579555,29473c4010c0ce992eb724479fcbbd813afbeea98dc0d98fc116c24c811470e2
p10_crud_system_java,10,crud_system,java,7,src/main/java/UserRepository.java,0538039766843d95a8cefa9a220a3bca4c3c30609bdafb983f6efa0d5a2438ad,RQ1/02_prompts/stage1/rendered/p10_crud_system/java/007__src__main__java__UserRepository.java/user_prompt.txt,d4d0dfe77ce32616c7f9f35af8bcd40d4f59e557357710596adf5a1ff29d1785,RQ1/02_prompts/stage1/rendered/p10_crud_system/java/007__src__main__java__UserRepository.java/input_context.json,2a53fff49d77ae21a4fd9db33583b0f8b31390c451a6069282fab0856a307375,RQ1/02_prompts/stage1/rendered/p10_crud_system/java/007__src__main__java__UserRepository.java/request_metadata.json,9bef45c1de998cdb31b61c312d416b98b97c5a2a95c5f3aa49a65eab42762003,3479630733,Qwen/Qwen3-Coder-30B-A3B-Instruct,chatcmpl-1789388598870,9b53efc95cabf9d0d54e69c344cb419614b46b845db04a4ddd775d5531080218
p10_crud_system_java,10,crud_system,java,8,src/main/java/InMemoryUserRepository.java,0538039766843d95a8cefa9a220a3bca4c3c30609bdafb983f6efa0d5a2438ad,RQ1/02_prompts/stage1/rendered/p10_crud_system/java/008__src__main__java__InMemoryUserRepository.java/user_prompt.txt,df008466a20d5ea8345ca5d0de4488a280fae51bd61c0612784f0f1ea3bba3e8,RQ1/02_prompts/stage1/rendered/p10_crud_system/java/008__src__main__java__InMemoryUserRepository.java/input_context.json,3444c449a65d8831c14ac8c075defe659306f478574301d472173152fc5e2547,RQ1/02_prompts/stage1/rendered/p10_crud_system/java/008__src__main__java__InMemoryUserRepository.java/request_metadata.json,9bef45c1de998cdb31b61c312d416b98b97c5a2a95c5f3aa49a65eab42762003,3479630733,Qwen/Qwen3-Coder-30B-A3B-Instruct,chatcmpl-1789388630307,99c283f1b3ef2990df67aa3f947cb988e262f456554c9225a5fcdf6c71228d37
p10_crud_system_java,10,crud_system,java,9,src/main/java/Main.java,0538039766843d95a8cefa9a220a3bca4c3c30609bdafb983f6efa0d5a2438ad,RQ1/02_prompts/stage1/rendered/p10_crud_system/java/009__src__main__java__Main.java/user_prompt.txt,353ad9853281c172563b5a08364dc8602fd7ae056c7b92fafdcc9d48d427b216,RQ1/02_prompts/stage1/rendered/p10_crud_system/java/009__src__main__java__Main.java/input_context.json,67630fe9a11b229462af930f307b3004d17f3ea8fef8b2867359d2e20de7a6b8,RQ1/02_prompts/stage1/rendered/p10_crud_system/java/009__src__main__java__Main.java/request_metadata.json,9bef45c1de998cdb31b61c312d416b98b97c5a2a95c5f3aa49a65eab42762003,3479630733,Qwen/Qwen3-Coder-30B-A3B-Instruct,chatcmpl-1789388643038,720a8b52422cbea05ade83dd9a8721b1eab1406b166b96ece6c7f08b22da48ce
p10_crud_system_java,10,crud_system,java,10,src/test/java/MainTest.java,0538039766843d95a8cefa9a220a3bca4c3c30609bdafb983f6efa0d5a2438ad,RQ1/02_prompts/stage1/rendered/p10_crud_system/java/010__src__test__java__MainTest.java/user_prompt.txt,4d3b0402cc8a2276fe67fa9bd2428d0e1d9b0542d30cc6db81168eea07eac5e7,RQ1/02_prompts/stage1/rendered/p10_crud_system/java/010__src__test__java__MainTest.java/input_context.json,be8e61708460dd7708dfdeb1d68b394c3c0b15fb8cc2ed6fb45e02778928d6e2,RQ1/02_prompts/stage1/rendered/p10_crud_system/java/010__src__test__java__MainTest.java/request_metadata.json,9bef45c1de998cdb31b61c312d416b98b97c5a2a95c5f3aa49a65eab42762003,3479630733,Qwen/Qwen3-Coder-30B-A3B-Instruct,chatcmpl-1789388702876,17cfd0538b8162523e10266697ea6c80be7719d0289c9ad3f468d6a2b6e0f29c
p10_crud_system_python,10,crud_system,python,1,requirements.txt,0538039766843d95a8cefa9a220a3bca4c3c30609bdafb983f6efa0d5a2438ad,RQ1/02_prompts/stage1/rendered/p10_crud_system/python/001__requirements.txt/user_prompt.txt,01c1435832bb83a12887afb09697df0feba93055955731e8dbdc2e319c14943a,RQ1/02_prompts/stage1/rendered/p10_crud_system/python/001__requirements.txt/input_context.json,1e86463e2da2b7d9c7f8d1b3ad94d654ecf73a63daee215d13439be78e834124,RQ1/02_prompts/stage1/rendered/p10_crud_system/python/001__requirements.txt/request_metadata.json,ad3cf2956b5a629e646643466da4d71a6906947ac492c610e1276e1000d7de88,1014069831,Qwen/Qwen3-Coder-30B-A3B-Instruct,chatcmpl-1789408770680,4ab5ae75ce01d7f22f3db1439db42d36fb820ef0f103030b2eb2707a9a9cef17
p10_crud_system_python,10,crud_system,python,2,crud_system/errors.py,0538039766843d95a8cefa9a220a3bca4c3c30609bdafb983f6efa0d5a2438ad,RQ1/02_prompts/stage1/rendered/p10_crud_system/python/002__crud_system__errors.py/user_prompt.txt,627a62ddcf6bacde36ceeac2c5be9584b40da4c079c4e0bfaf1e4f1a08bcf2e2,RQ1/02_prompts/stage1/rendered/p10_crud_system/python/002__crud_system__errors.py/input_context.json,d1fdfd7000231f6cb2d1484f53be83a178b091aa6443296f3db743b0c4fbd949,RQ1/02_prompts/stage1/rendered/p10_crud_system/python/002__crud_system__errors.py/request_metadata.json,ad3cf2956b5a629e646643466da4d71a6906947ac492c610e1276e1000d7de88,1014069831,Qwen/Qwen3-Coder-30B-A3B-Instruct,chatcmpl-1789408777977,8f30c3d4590bc3fd9e6fba8095a46fbbf75f7deacf54eb1ec654be72a88a29ff
p10_crud_system_python,10,crud_system,python,3,crud_system/types.py,0538039766843d95a8cefa9a220a3bca4c3c30609bdafb983f6efa0d5a2438ad,RQ1/02_prompts/stage1/rendered/p10_crud_system/python/003__crud_system__types.py/user_prompt.txt,6506780dc7ce5f072426bb6393c6211544d1e52a79b56bc2b72fc8fb1ac00f7f,RQ1/02_prompts/stage1/rendered/p10_crud_system/python/003__crud_system__types.py/input_context.json,0040a36c21501584399c632b03f9062d9e557718849a870b542a0ce0a55cabce,RQ1/02_prompts/stage1/rendered/p10_crud_system/python/003__crud_system__types.py/request_metadata.json,ad3cf2956b5a629e646643466da4d71a6906947ac492c610e1276e1000d7de88,1014069831,Qwen/Qwen3-Coder-30B-A3B-Instruct,chatcmpl-1789408789812,e470fbc7f298402fca7c33e45938c4ae20cb2e9bdae1b5f9c46e06cccb5098a2
p10_crud_system_python,10,crud_system,python,4,crud_system/clock.py,0538039766843d95a8cefa9a220a3bca4c3c30609bdafb983f6efa0d5a2438ad,RQ1/02_prompts/stage1/rendered/p10_crud_system/python/004__crud_system__clock.py/user_prompt.txt,9092f172a209bf46ab358c245b244b7594592a7f57328ef35eb2af4824caa469,RQ1/02_prompts/stage1/rendered/p10_crud_system/python/004__crud_system__clock.py/input_context.json,221ac506d4b66132d8ba9d7098bf81ef2b5e92e0b50748d1e50440a5fb755665,RQ1/02_prompts/stage1/rendered/p10_crud_system/python/004__crud_system__clock.py/request_metadata.json,ad3cf2956b5a629e646643466da4d71a6906947ac492c610e1276e1000d7de88,1014069831,Qwen/Qwen3-Coder-30B-A3B-Instruct,chatcmpl-1789408803503,17736c8fac393a6ab3a2357e81e4fa8f7490909d250255d9e701cd9e252de110
p10_crud_system_python,10,crud_system,python,5,crud_system/validation.py,0538039766843d95a8cefa9a220a3bca4c3c30609bdafb983f6efa0d5a2438ad,RQ1/02_prompts/stage1/rendered/p10_crud_system/python/005__crud_system__validation.py/user_prompt.txt,b31fba6618eadb3147e73c4707c2989db47a8040e1b0b9ef3854e45af30e2f27,RQ1/02_prompts/stage1/rendered/p10_crud_system/python/005__crud_system__validation.py/input_context.json,c3f19bd97ed5ea692465b7c100218301047e7a69345c8cbeeb67717a56217f9d,RQ1/02_prompts/stage1/rendered/p10_crud_system/python/005__crud_system__validation.py/request_metadata.json,ad3cf2956b5a629e646643466da4d71a6906947ac492c610e1276e1000d7de88,1014069831,Qwen/Qwen3-Coder-30B-A3B-Instruct,chatcmpl-1789408810648,55b2eb257852371238ce25adf4075b8dd94b8ac9690083e3426f611ec79cbf6d
p10_crud_system_python,10,crud_system,python,6,crud_system/repository.py,0538039766843d95a8cefa9a220a3bca4c3c30609bdafb983f6efa0d5a2438ad,RQ1/02_prompts/stage1/rendered/p10_crud_system/python/006__crud_system__repository.py/user_prompt.txt,3bc2b6925cd1d36eaac7fc36603ce97f21a7eaf3f58dc8641684290ca8d2f57f,RQ1/02_prompts/stage1/rendered/p10_crud_system/python/006__crud_system__repository.py/input_context.json,1a0a73df6e9bb6f46558b72db0aa2b632230982adf5760d0bf2c31e96acf6c3d,RQ1/02_prompts/stage1/rendered/p10_crud_system/python/006__crud_system__repository.py/request_metadata.json,ad3cf2956b5a629e646643466da4d71a6906947ac492c610e1276e1000d7de88,1014069831,Qwen/Qwen3-Coder-30B-A3B-Instruct,chatcmpl-1789408866234,4540ae6e774be6c063ad311d3364fb1b559f59c2e15f58d9e980357cae1280d6
p10_crud_system_python,10,crud_system,python,7,crud_system/search.py,0538039766843d95a8cefa9a220a3bca4c3c30609bdafb983f6efa0d5a2438ad,RQ1/02_prompts/stage1/rendered/p10_crud_system/python/007__crud_system__search.py/user_prompt.txt,88770043a4c06de4fc03aef9738560d179552892a72893088562dc47f81d7d79,RQ1/02_prompts/stage1/rendered/p10_crud_system/python/007__crud_system__search.py/input_context.json,75e03de59bda5c9add1950fa3979021b5e30904a28a0cb318df50afcc6716af8,RQ1/02_prompts/stage1/rendered/p10_crud_system/python/007__crud_system__search.py/request_metadata.json,ad3cf2956b5a629e646643466da4d71a6906947ac492c610e1276e1000d7de88,1014069831,Qwen/Qwen3-Coder-30B-A3B-Instruct,chatcmpl-1789408886325,6800359dd5ffc7e046470c5158f008af1a75da1bed945dbcdf0e3ffb79ccd108
p10_crud_system_python,10,crud_system,python,8,crud_system/audit.py,0538039766843d95a8cefa9a220a3bca4c3c30609bdafb983f6efa0d5a2438ad,RQ1/02_prompts/stage1/rendered/p10_crud_system/python/008__crud_system__audit.py/user_prompt.txt,6f1f1cd6fd4e01eb38f41e5f79f0eb4e8fee4474e64fa98ef7fc7afd9c700c23,RQ1/02_prompts/stage1/rendered/p10_crud_system/python/008__crud_system__audit.py/input_context.json,8788504c817bf3d422e45d9bb18143f8fe44ba8115e1182d00ba0fbf96506030,RQ1/02_prompts/stage1/rendered/p10_crud_system/python/008__crud_system__audit.py/request_metadata.json,ad3cf2956b5a629e646643466da4d71a6906947ac492c610e1276e1000d7de88,1014069831,Qwen/Qwen3-Coder-30B-A3B-Instruct,chatcmpl-1789408903712,dc5df2953ed554bcd3f878b95587fad2c1e784b8518299af4f2181a69f330658
p10_crud_system_python,10,crud_system,python,9,crud_system/service.py,0538039766843d95a8cefa9a220a3bca4c3c30609bdafb983f6efa0d5a2438ad,RQ1/02_prompts/stage1/rendered/p10_crud_system/python/009__crud_system__service.py/user_prompt.txt,1c1651610eaf858aa2f65c46816a71db3fe9e04cf49635c4f339f72da08ae035,RQ1/02_prompts/stage1/rendered/p10_crud_system/python/009__crud_system__service.py/input_context.json,2aab9107505554dd52b72c4ff5c5b775955a585f610f5966beb339ee4ce60b90,RQ1/02_prompts/stage1/rendered/p10_crud_system/python/009__crud_system__service.py/request_metadata.json,ad3cf2956b5a629e646643466da4d71a6906947ac492c610e1276e1000d7de88,1014069831,Qwen/Qwen3-Coder-30B-A3B-Instruct,chatcmpl-1789408962163,0a2ad21c5beaf8cf3b7a7fa3caec9caa5357c82057864f1db9bc6dbdc2db8ab3
p10_crud_system_python,10,crud_system,python,10,crud_system/__init__.py,0538039766843d95a8cefa9a220a3bca4c3c30609bdafb983f6efa0d5a2438ad,RQ1/02_prompts/stage1/rendered/p10_crud_system/python/010__crud_system____init__.py/user_prompt.txt,bde3ccf32594191e193b5a17d025fbe24e4e840c044f3019d9953ae6302a9e41,RQ1/02_prompts/stage1/rendered/p10_crud_system/python/010__crud_system____init__.py/input_context.json,2eb47d7b426e558ac9b84478aa121c1c3a0b7f3f41a4711d72bff83e79c5f46b,RQ1/02_prompts/stage1/rendered/p10_crud_system/python/010__crud_system____init__.py/request_metadata.json,ad3cf2956b5a629e646643466da4d71a6906947ac492c610e1276e1000d7de88,1014069831,Qwen/Qwen3-Coder-30B-A3B-Instruct,chatcmpl-1789408973852,90d7a53876a344c68e09b4576a84d28cbb9c7fdbbe164a5d360092da2362956d
p10_crud_system_python,10,crud_system,python,11,Main.py,0538039766843d95a8cefa9a220a3bca4c3c30609bdafb983f6efa0d5a2438ad,RQ1/02_prompts/stage1/rendered/p10_crud_system/python/011__Main.py/user_prompt.txt,6e0aeea369887c70f558c1a9ac775898a9320d6f8ba91f825c3fc121afbe8b41,RQ1/02_prompts/stage1/rendered/p10_crud_system/python/011__Main.py/input_context.json,31491233fece87675b6d281d8f0d0796a4bbfe3d566fbe15ee8849db3671660b,RQ1/02_prompts/stage1/rendered/p10_crud_system/python/011__Main.py/request_metadata.json,ad3cf2956b5a629e646643466da4d71a6906947ac492c610e1276e1000d7de88,1014069831,Qwen/Qwen3-Coder-30B-A3B-Instruct,chatcmpl-1789408993248,9e1e7f2219b135b0d4100febbbdc48ac7a73414f992e6c7b1efbc691d8c399c3
p10_crud_system_python,10,crud_system,python,12,tests/test_main.py,0538039766843d95a8cefa9a220a3bca4c3c30609bdafb983f6efa0d5a2438ad,RQ1/02_prompts/stage1/rendered/p10_crud_system/python/012__tests__test_main.py/user_prompt.txt,daf5293a41e1faf7708da000f09df816ece2efa05b118cb98de12a013f582c6c,RQ1/02_prompts/stage1/rendered/p10_crud_system/python/012__tests__test_main.py/input_context.json,3390debffc3e5433f709310dc29b3877965d6afb753669e41009c3e35d09259b,RQ1/02_prompts/stage1/rendered/p10_crud_system/python/012__tests__test_main.py/request_metadata.json,ad3cf2956b5a629e646643466da4d71a6906947ac492c610e1276e1000d7de88,1014069831,Qwen/Qwen3-Coder-30B-A3B-Instruct,chatcmpl-1789409049026,8382960fecb2befd462b47ca192bbf61c970be03c073d6b257c254d9c8495dee
p11_custom_press_releases_cpp,11,custom_press_releases,cpp,1,CMakeLists.txt,0538039766843d95a8cefa9a220a3bca4c3c30609bdafb983f6efa0d5a2438ad,RQ1/02_prompts/stage1/rendered/p11_custom_press_releases/cpp/001__CMakeLists.txt/user_prompt.txt,8f59c7cb9ef9788cb3bb4cef254df586521d1fc511fca9b9f04a2478ef32e151,RQ1/02_prompts/stage1/rendered/p11_custom_press_releases/cpp/001__CMakeLists.txt/input_context.json,4701bcaafb3957bf2e6a264cf1726cd595b0774655552b1e33682ed8b0147d18,RQ1/02_prompts/stage1/rendered/p11_custom_press_releases/cpp/001__CMakeLists.txt/request_metadata.json,7477675543c8222b512b02a3fabad429a1856d9620cdc10af3de397cea4d444e,1221104095,Qwen/Qwen3-Coder-30B-A3B-Instruct,chatcmpl-1789410297885,a9b25708f9d03f7977e0965617fce268b1efebc1fb72b201a215619141456935
p11_custom_press_releases_cpp,11,custom_press_releases,cpp,2,include/Clock.h,0538039766843d95a8cefa9a220a3bca4c3c30609bdafb983f6efa0d5a2438ad,RQ1/02_prompts/stage1/rendered/p11_custom_press_releases/cpp/002__include__Clock.h/user_prompt.txt,7e4703897f980182494ac52e78d51ade38acac14047c4e2cbe3c80bb7be38545,RQ1/02_prompts/stage1/rendered/p11_custom_press_releases/cpp/002__include__Clock.h/input_context.json,b25e3fb080bf837a56a034e7b31d2bf6756897a656d9d3d658d726647ee64f07,RQ1/02_prompts/stage1/rendered/p11_custom_press_releases/cpp/002__include__Clock.h/request_metadata.json,7477675543c8222b512b02a3fabad429a1856d9620cdc10af3de397cea4d444e,1221104095,Qwen/Qwen3-Coder-30B-A3B-Instruct,chatcmpl-1789410311013,5130a820d4bbe5e121e7dd0c2cca56e37d276d26a0c3ceb56d1def934aa6aa79
p11_custom_press_releases_cpp,11,custom_press_releases,cpp,3,include/VersionHistory.h,0538039766843d95a8cefa9a220a3bca4c3c30609bdafb983f6efa0d5a2438ad,RQ1/02_prompts/stage1/rendered/p11_custom_press_releases/cpp/003__include__VersionHistory.h/user_prompt.txt,d6334e608a5c6caa7d22de6e47455397380bbc7e08b274009edb94cdc0e6d0a5,RQ1/02_prompts/stage1/rendered/p11_custom_press_releases/cpp/003__include__VersionHistory.h/input_context.json,86b0db3f1cce3c1a96bf9fd9c7c4a5c4fb031664017b010f5cb95cf2c9a7c93d,RQ1/02_prompts/stage1/rendered/p11_custom_press_releases/cpp/003__include__VersionHistory.h/request_metadata.json,7477675543c8222b512b02a3fabad429a1856d9620cdc10af3de397cea4d444e,1221104095,Qwen/Qwen3-Coder-30B-A3B-Instruct,chatcmpl-1789410330415,6b12b32c9c33481daaa7f672d0d655c71baca07898ce55f56345db10e7c499a8
p11_custom_press_releases_cpp,11,custom_press_releases,cpp,4,include/TemplateEngine.h,0538039766843d95a8cefa9a220a3bca4c3c30609bdafb983f6efa0d5a2438ad,RQ1/02_prompts/stage1/rendered/p11_custom_press_releases/cpp/004__include__TemplateEngine.h/user_prompt.txt,bf6266e66a2f90c8a947b6572b365f4cd1e91fbcaf19b578e144b286813028cc,RQ1/02_prompts/stage1/rendered/p11_custom_press_releases/cpp/004__include__TemplateEngine.h/input_context.json,27539e54b580a1ef3124f6109eb40f3841f6c6115f20aeedfbb01f65719efdd7,RQ1/02_prompts/stage1/rendered/p11_custom_press_releases/cpp/004__include__TemplateEngine.h/request_metadata.json,7477675543c8222b512b02a3fabad429a1856d9620cdc10af3de397cea4d444e,1221104095,Qwen/Qwen3-Coder-30B-A3B-Instruct,chatcmpl-1789410344213,b62005ab647f84abbd35b514a3ef9941cad6955bf3fd1e9cfcf9f8811448f742
p11_custom_press_releases_cpp,11,custom_press_releases,cpp,5,include/Validator.h,0538039766843d95a8cefa9a220a3bca4c3c30609bdafb983f6efa0d5a2438ad,RQ1/02_prompts/stage1/rendered/p11_custom_press_releases/cpp/005__include__Validator.h/user_prompt.txt,56f838cd69c9c0ef348f190ebc6992892dfa9cec746bff6a517e97b4fbb424ec,RQ1/02_prompts/stage1/rendered/p11_custom_press_releases/cpp/005__include__Validator.h/input_context.json,a97d120eaeac835fd5443d432bdc90fd27db98e83176c45409c673b5bcafad24,RQ1/02_prompts/stage1/rendered/p11_custom_press_releases/cpp/005__include__Validator.h/request_metadata.json,7477675543c8222b512b02a3fabad429a1856d9620cdc10af3de397cea4d444e,1221104095,Qwen/Qwen3-Coder-30B-A3B-Instruct,chatcmpl-1789410357953,00e60b32dafb5634aadd924920e58ce31d239e8e8bcdaa94b3133b0fffe0ed5a
p11_custom_press_releases_cpp,11,custom_press_releases,cpp,6,include/PressRelease.h,0538039766843d95a8cefa9a220a3bca4c3c30609bdafb983f6efa0d5a2438ad,RQ1/02_prompts/stage1/rendered/p11_custom_press_releases/cpp/006__include__PressRelease.h/user_prompt.txt,a77934ba9b114052fc8d5929b72638fd003ee8688af87772e9f2b51253b57ee4,RQ1/02_prompts/stage1/rendered/p11_custom_press_releases/cpp/006__include__PressRelease.h/input_context.json,e7418ecea18acaad0cb4275008876f3c10e05886561fddd8dd465412553107a3,RQ1/02_prompts/stage1/rendered/p11_custom_press_releases/cpp/006__include__PressRelease.h/request_metadata.json,7477675543c8222b512b02a3fabad429a1856d9620cdc10af3de397cea4d444e,1221104095,Qwen/Qwen3-Coder-30B-A3B-Instruct,chatcmpl-1789410429067,738040a7e4bae3ecb78386705765bc306d56e9ef2f9608294104e6bf9626b03b
p11_custom_press_releases_cpp,11,custom_press_releases,cpp,7,include/Renderer.h,0538039766843d95a8cefa9a220a3bca4c3c30609bdafb983f6efa0d5a2438ad,RQ1/02_prompts/stage1/rendered/p11_custom_press_releases/cpp/007__include__Renderer.h/user_prompt.txt,d08b9b2c40bce4256539dfb8e09139445e435e3f44efeadfb8bfa30573d0d90f,RQ1/02_prompts/stage1/rendered/p11_custom_press_releases/cpp/007__include__Renderer.h/input_context.json,0d269c1e5040c50b43e70bda8c25f7762b9811a9dd2767effa548ddfde5d657b,RQ1/02_prompts/stage1/rendered/p11_custom_press_releases/cpp/007__include__Renderer.h/request_metadata.json,7477675543c8222b512b02a3fabad429a1856d9620cdc10af3de397cea4d444e,1221104095,Qwen/Qwen3-Coder-30B-A3B-Instruct,chatcmpl-1789410439715,d1f0cc85b3d58524827958e764b018485ff62fead5b8eedc10c0c5deb69b224d
p11_custom_press_releases_cpp,11,custom_press_releases,cpp,8,include/SearchIndex.h,0538039766843d95a8cefa9a220a3bca4c3c30609bdafb983f6efa0d5a2438ad,RQ1/02_prompts/stage1/rendered/p11_custom_press_releases/cpp/008__include__SearchIndex.h/user_prompt.txt,b1451c39dfc5c8d06e85cd0dee07902dd8db98e4857b5e3301c0d7b3c2c0c2f3,RQ1/02_prompts/stage1/rendered/p11_custom_press_releases/cpp/008__include__SearchIndex.h/input_context.json,cc6d83bd51be0b3665456f1803dd7688b03c105120743f4a9466e08f417ddd2f,RQ1/02_prompts/stage1/rendered/p11_custom_press_releases/cpp/008__include__SearchIndex.h/request_metadata.json,7477675543c8222b512b02a3fabad429a1856d9620cdc10af3de397cea4d444e,1221104095,Qwen/Qwen3-Coder-30B-A3B-Instruct,chatcmpl-1789410459623,bbb9f78a4fb0f97a172c1e1d19e5abaea7162905431ea3abc195d8599becb26d
p11_custom_press_releases_cpp,11,custom_press_releases,cpp,9,src/Clock.cpp,0538039766843d95a8cefa9a220a3bca4c3c30609bdafb983f6efa0d5a2438ad,RQ1/02_prompts/stage1/rendered/p11_custom_press_releases/cpp/009__src__Clock.cpp/user_prompt.txt,aacc0a4e8e3409bf2687d96eb61d30dfad94f8307ffcb92ccfead51fdd505309,RQ1/02_prompts/stage1/rendered/p11_custom_press_releases/cpp/009__src__Clock.cpp/input_context.json,6236f9fd10e40a2bb6d66da4e975458082efd42e72c5ce6cebbc1b45f3050fba,RQ1/02_prompts/stage1/rendered/p11_custom_press_releases/cpp/009__src__Clock.cpp/request_metadata.json,7477675543c8222b512b02a3fabad429a1856d9620cdc10af3de397cea4d444e,1221104095,Qwen/Qwen3-Coder-30B-A3B-Instruct,chatcmpl-1789410464446,435e058182da0998aca78ace6669091a4c44669a86f5b2cf3a81498b73681bf0
p11_custom_press_releases_cpp,11,custom_press_releases,cpp,10,src/VersionHistory.cpp,0538039766843d95a8cefa9a220a3bca4c3c30609bdafb983f6efa0d5a2438ad,RQ1/02_prompts/stage1/rendered/p11_custom_press_releases/cpp/010__src__VersionHistory.cpp/user_prompt.txt,e4df22393bf935e040a1b9fc1a728b2571a7083dd946576d00b649249ae782fa,RQ1/02_prompts/stage1/rendered/p11_custom_press_releases/cpp/010__src__VersionHistory.cpp/input_context.json,269ae8c1c2c730856686bfd12b41f6eb2391d7ea60263b39bc1d2f234e22a374,RQ1/02_prompts/stage1/rendered/p11_custom_press_releases/cpp/010__src__VersionHistory.cpp/request_metadata.json,7477675543c8222b512b02a3fabad429a1856d9620cdc10af3de397cea4d444e,1221104095,Qwen/Qwen3-Coder-30B-A3B-Instruct,chatcmpl-1789410475947,ddf91c85f30e0deb43103d21ed62a1b6563b73ee4fcfff09a336d4d1100e0dcc
p11_custom_press_releases_cpp,11,custom_press_releases,cpp,11,src/TemplateEngine.cpp,0538039766843d95a8cefa9a220a3bca4c3c30609bdafb983f6efa0d5a2438ad,RQ1/02_prompts/stage1/rendered/p11_custom_press_releases/cpp/011__src__TemplateEngine.cpp/user_prompt.txt,228647ab0a8b8083fc5a8b53dda7289b16798e398ec09f1fac4339445b7720b4,RQ1/02_prompts/stage1/rendered/p11_custom_press_releases/cpp/011__src__TemplateEngine.cpp/input_context.json,7f325a169995afffa75141abe341698e02a4f1525532a1885466494471a6a5e3,RQ1/02_prompts/stage1/rendered/p11_custom_press_releases/cpp/011__src__TemplateEngine.cpp/request_metadata.json,7477675543c8222b512b02a3fabad429a1856d9620cdc10af3de397cea4d444e,1221104095,Qwen/Qwen3-Coder-30B-A3B-Instruct,chatcmpl-1789410517830,7c5f7582bc854b3e6c786d9f5100ae9b5dc35d49f0db9dbca698cec2ebb4fcd0
p11_custom_press_releases_cpp,11,custom_press_releases,cpp,12,src/Validator.cpp,0538039766843d95a8cefa9a220a3bca4c3c30609bdafb983f6efa0d5a2438ad,RQ1/02_prompts/stage1/rendered/p11_custom_press_releases/cpp/012__src__Validator.cpp/user_prompt.txt,50bd1226ac65c40d10d8f048c5baf57536a834bfb66f43885833f3d80222b324,RQ1/02_prompts/stage1/rendered/p11_custom_press_releases/cpp/012__src__Validator.cpp/input_context.json,bcac65b0317c7090582c68aaed399fc9237e989b50b722af24b83d60d4f2c8ea,RQ1/02_prompts/stage1/rendered/p11_custom_press_releases/cpp/012__src__Validator.cpp/request_metadata.json,7477675543c8222b512b02a3fabad429a1856d9620cdc10af3de397cea4d444e,1221104095,Qwen/Qwen3-Coder-30B-A3B-Instruct,chatcmpl-1789410542537,7ac17c2617738afadc3d4849a6697df4c3fb3f4f863df2e2f1f8c3e949463911
p11_custom_press_releases_cpp,11,custom_press_releases,cpp,13,src/PressRelease.cpp,0538039766843d95a8cefa9a220a3bca4c3c30609bdafb983f6efa0d5a2438ad,RQ1/02_prompts/stage1/rendered/p11_custom_press_releases/cpp/013__src__PressRelease.cpp/user_prompt.txt,c531af67ab8be673e5f5be83963449150d5b2c13544c3763df3da6843b33cf4e,RQ1/02_prompts/stage1/rendered/p11_custom_press_releases/cpp/013__src__PressRelease.cpp/input_context.json,ba6d02e437a627a3a54093697b480d17a0da4aebf33e76439adae53b3ac49c77,RQ1/02_prompts/stage1/rendered/p11_custom_press_releases/cpp/013__src__PressRelease.cpp/request_metadata.json,7477675543c8222b512b02a3fabad429a1856d9620cdc10af3de397cea4d444e,1221104095,Qwen/Qwen3-Coder-30B-A3B-Instruct,chatcmpl-1789410591275,0adf8f29bd8e6567179ebee6783cf5a6cbcc4f3f01f8696556154cf43ce6da70
p11_custom_press_releases_cpp,11,custom_press_releases,cpp,14,src/Renderer.cpp,0538039766843d95a8cefa9a220a3bca4c3c30609bdafb983f6efa0d5a2438ad,RQ1/02_prompts/stage1/rendered/p11_custom_press_releases/cpp/014__src__Renderer.cpp/user_prompt.txt,d885a5270af1c3300fb4cbdcb8d929f1a9c5c5e540bc79d3556eb36f9776f5c0,RQ1/02_prompts/stage1/rendered/p11_custom_press_releases/cpp/014__src__Renderer.cpp/input_context.json,3b275b41d4de691758b7879ea08b3225259dc54cc0dd58dbc54cb58c01092858,RQ1/02_prompts/stage1/rendered/p11_custom_press_releases/cpp/014__src__Renderer.cpp/request_metadata.json,7477675543c8222b512b02a3fabad429a1856d9620cdc10af3de397cea4d444e,1221104095,Qwen/Qwen3-Coder-30B-A3B-Instruct,chatcmpl-1789410597961,07cbb9f734272cb751d37f0f91add7f3f253c9d577ae01ac35de639f0cf69f53
p11_custom_press_releases_cpp,11,custom_press_releases,cpp,15,src/SearchIndex.cpp,0538039766843d95a8cefa9a220a3bca4c3c30609bdafb983f6efa0d5a2438ad,RQ1/02_prompts/stage1/rendered/p11_custom_press_releases/cpp/015__src__SearchIndex.cpp/user_prompt.txt,f82d533a348a66b9b634fe5fedcdc1fec63632fea6ec31210fafd6bf90950eb9,RQ1/02_prompts/stage1/rendered/p11_custom_press_releases/cpp/015__src__SearchIndex.cpp/input_context.json,df58ec64172a6ac8cf4e1df491104193cedd00645f58fc8485ce8ba8dea72bd6,RQ1/02_prompts/stage1/rendered/p11_custom_press_releases/cpp/015__src__SearchIndex.cpp/request_metadata.json,7477675543c8222b512b02a3fabad429a1856d9620cdc10af3de397cea4d444e,1221104095,Qwen/Qwen3-Coder-30B-A3B-Instruct,chatcmpl-1789410625304,e9847e54761b1ec02ec502daa3ba056764d0b800695400dac77fe869eacb4f61
p11_custom_press_releases_cpp,11,custom_press_releases,cpp,16,src/Main.cpp,0538039766843d95a8cefa9a220a3bca4c3c30609bdafb983f6efa0d5a2438ad,RQ1/02_prompts/stage1/rendered/p11_custom_press_releases/cpp/016__src__Main.cpp/user_prompt.txt,acbbadc6e348795428a7465c995bb92766493474889459512467220f68a6d038,RQ1/02_prompts/stage1/rendered/p11_custom_press_releases/cpp/016__src__Main.cpp/input_context.json,3500ee9f1638064750acea8d885ce0eb386a26ffc897d16ab4e97480a11086d2,RQ1/02_prompts/stage1/rendered/p11_custom_press_releases/cpp/016__src__Main.cpp/request_metadata.json,7477675543c8222b512b02a3fabad429a1856d9620cdc10af3de397cea4d444e,1221104095,Qwen/Qwen3-Coder-30B-A3B-Instruct,chatcmpl-1789410667988,f96df804e3fbe7fb1103df07bf5994efb63c13fec816402119be6279cb809e08
p11_custom_press_releases_cpp,11,custom_press_releases,cpp,17,tests/test_main.cpp,0538039766843d95a8cefa9a220a3bca4c3c30609bdafb983f6efa0d5a2438ad,RQ1/02_prompts/stage1/rendered/p11_custom_press_releases/cpp/017__tests__test_main.cpp/user_prompt.txt,4c8acd450d00875d2a98ad16aded6dc90187d3ba6fe553f8781f8ffa9733f5b3,RQ1/02_prompts/stage1/rendered/p11_custom_press_releases/cpp/017__tests__test_main.cpp/input_context.json,fc1353b95ea8ecf306eeed21602bcd705d6f3a1270e26fcd740444c3bafbe59a,RQ1/02_prompts/stage1/rendered/p11_custom_press_releases/cpp/017__tests__test_main.cpp/request_metadata.json,7477675543c8222b512b02a3fabad429a1856d9620cdc10af3de397cea4d444e,1221104095,Qwen/Qwen3-Coder-30B-A3B-Instruct,chatcmpl-1789410736753,28c56cf85149df1b90db3d9ce5efde274fd9417aa44c8bfacd2ec2bd8212ea16
p11_custom_press_releases_java,11,custom_press_releases,java,1,pom.xml,0538039766843d95a8cefa9a220a3bca4c3c30609bdafb983f6efa0d5a2438ad,RQ1/02_prompts/stage1/rendered/p11_custom_press_releases/java/001__pom.xml/user_prompt.txt,b7714223bc9a100094ef979bcd8243602bc240fb5f272cbd6f8d1e81eb55ac4d,RQ1/02_prompts/stage1/rendered/p11_custom_press_releases/java/001__pom.xml/input_context.json,2e266029efabde6e003328779555e86db5f652f4efa5a3def689f3fefafb9fcc,RQ1/02_prompts/stage1/rendered/p11_custom_press_releases/java/001__pom.xml/request_metadata.json,cbde9d424f9c118bb034209266d1e48c24bde1a1daaad08aa8cffe7986a22e13,2810241787,Qwen/Qwen3-Coder-30B-A3B-Instruct,chatcmpl-1789386202240,6821e4dda2d52c43ec0a7b580ad571f22e00640ed789cbf0200d724c23b98dee
p11_custom_press_releases_java,11,custom_press_releases,java,2,src/main/java/ReleaseState.java,0538039766843d95a8cefa9a220a3bca4c3c30609bdafb983f6efa0d5a2438ad,RQ1/02_prompts/stage1/rendered/p11_custom_press_releases/java/002__src__main__java__ReleaseState.java/user_prompt.txt,1a60c4c84176ead66fe3c664aad21f8c199506a951fdedf42376fde01f05005c,RQ1/02_prompts/stage1/rendered/p11_custom_press_releases/java/002__src__main__java__ReleaseState.java/input_context.json,dce72be07f98cea5347d29fac829b0ade55bb88aba87c09dfc12477c6446482e,RQ1/02_prompts/stage1/rendered/p11_custom_press_releases/java/002__src__main__java__ReleaseState.java/request_metadata.json,cbde9d424f9c118bb034209266d1e48c24bde1a1daaad08aa8cffe7986a22e13,2810241787,Qwen/Qwen3-Coder-30B-A3B-Instruct,chatcmpl-1789386209637,6293088521ccbe43fbe956d74ff1d3e1f5a5d2803d070c287674e1bfeb38f10d
p11_custom_press_releases_java,11,custom_press_releases,java,3,src/main/java/Version.java,0538039766843d95a8cefa9a220a3bca4c3c30609bdafb983f6efa0d5a2438ad,RQ1/02_prompts/stage1/rendered/p11_custom_press_releases/java/003__src__main__java__Version.java/user_prompt.txt,b3cf2d1e6f9cdbf5a2d9c3bfc4b773340e7b5ee56197e513c0defc832f4e0955,RQ1/02_prompts/stage1/rendered/p11_custom_press_releases/java/003__src__main__java__Version.java/input_context.json,65c8a922f98ab1751eac0a2d98945c1c88fd31d29dd0a0ee357aa5d025b3d77b,RQ1/02_prompts/stage1/rendered/p11_custom_press_releases/java/003__src__main__java__Version.java/request_metadata.json,cbde9d424f9c118bb034209266d1e48c24bde1a1daaad08aa8cffe7986a22e13,2810241787,Qwen/Qwen3-Coder-30B-A3B-Instruct,chatcmpl-1789386245794,262bc3b404e6202cf0c4327d3a49c7bcf300b4acd494457b32fea5c4562406f7
p11_custom_press_releases_java,11,custom_press_releases,java,4,src/main/java/Template.java,0538039766843d95a8cefa9a220a3bca4c3c30609bdafb983f6efa0d5a2438ad,RQ1/02_prompts/stage1/rendered/p11_custom_press_releases/java/004__src__main__java__Template.java/user_prompt.txt,cf15c0c51adcc7776d89e3ffb954ae89aa306a99a65b1c967be4534fe344318e,RQ1/02_prompts/stage1/rendered/p11_custom_press_releases/java/004__src__main__java__Template.java/input_context.json,aca89f3c23f064e41d56aeb0aaa4de1d9cfd2ac6fe8c804293fafb79cf7c667a,RQ1/02_prompts/stage1/rendered/p11_custom_press_releases/java/004__src__main__java__Template.java/request_metadata.json,cbde9d424f9c118bb034209266d1e48c24bde1a1daaad08aa8cffe7986a22e13,2810241787,Qwen/Qwen3-Coder-30B-A3B-Instruct,chatcmpl-1789386280343,2af75c0a8ac23d522964156b7f6b693c07e3f91a7435db10b67bf0643d6a516e
p11_custom_press_releases_java,11,custom_press_releases,java,5,src/main/java/Validator.java,0538039766843d95a8cefa9a220a3bca4c3c30609bdafb983f6efa0d5a2438ad,RQ1/02_prompts/stage1/rendered/p11_custom_press_releases/java/005__src__main__java__Validator.java/user_prompt.txt,c111237fba57369d8e0c3be045643b1372ffc9caf15cdd51d5f8446a5b80f9c1,RQ1/02_prompts/stage1/rendered/p11_custom_press_releases/java/005__src__main__java__Validator.java/input_context.json,1eb6a2aea7dcffc0e1fa652579273f40e3aaf908e5357e5c88ba352920b74898,RQ1/02_prompts/stage1/rendered/p11_custom_press_releases/java/005__src__main__java__Validator.java/request_metadata.json,cbde9d424f9c118bb034209266d1e48c24bde1a1daaad08aa8cffe7986a22e13,2810241787,Qwen/Qwen3-Coder-30B-A3B-Instruct,chatcmpl-1789386308465,42f2be2557ca26b4406fb53ff8e13cfb1e7bb42b5787f45d1d9896047f77206c
p11_custom_press_releases_java,11,custom_press_releases,java,6,src/main/java/PressRelease.java,0538039766843d95a8cefa9a220a3bca4c3c30609bdafb983f6efa0d5a2438ad,RQ1/02_prompts/stage1/rendered/p11_custom_press_releases/java/006__src__main__java__PressRelease.java/user_prompt.txt,19b2880cd53345896ff07a0df7d7e62c0518fb3d00d7e76d18986ec737ba63e8,RQ1/02_prompts/stage1/rendered/p11_custom_press_releases/java/006__src__main__java__PressRelease.java/input_context.json,46160b8b7c83eadb261e03d1d15e4272fe117dcd7e93c21bbbe8935bee71e0e8,RQ1/02_prompts/stage1/rendered/p11_custom_press_releases/java/006__src__main__java__PressRelease.java/request_metadata.json,cbde9d424f9c118bb034209266d1e48c24bde1a1daaad08aa8cffe7986a22e13,2810241787,Qwen/Qwen3-Coder-30B-A3B-Instruct,chatcmpl-1789386391494,0813510d5beb82be1cde26bf7da3da66323fdfbf1b14fe3b38ae5a3c9b6bf76d
p11_custom_press_releases_java,11,custom_press_releases,java,7,src/main/java/TaggingSystem.java,0538039766843d95a8cefa9a220a3bca4c3c30609bdafb983f6efa0d5a2438ad,RQ1/02_prompts/stage1/rendered/p11_custom_press_releases/java/007__src__main__java__TaggingSystem.java/user_prompt.txt,bef5e95753a7f9750f22059792e7072cfeda09e2f8d427389f7618d968e6a25f,RQ1/02_prompts/stage1/rendered/p11_custom_press_releases/java/007__src__main__java__TaggingSystem.java/input_context.json,723427df489c659c17e63acc8ad19063f66403d3e9b18fc52065953aeae74239,RQ1/02_prompts/stage1/rendered/p11_custom_press_releases/java/007__src__main__java__TaggingSystem.java/request_metadata.json,cbde9d424f9c118bb034209266d1e48c24bde1a1daaad08aa8cffe7986a22e13,2810241787,Qwen/Qwen3-Coder-30B-A3B-Instruct,chatcmpl-1789386412629,b41086b6257f4c3158c3deda21c2c67c0d476e1ae04d66c0b338fa95f141d44c
p11_custom_press_releases_java,11,custom_press_releases,java,8,src/main/java/RenderService.java,0538039766843d95a8cefa9a220a3bca4c3c30609bdafb983f6efa0d5a2438ad,RQ1/02_prompts/stage1/rendered/p11_custom_press_releases/java/008__src__main__java__RenderService.java/user_prompt.txt,3c575be1e796ebea641522e2e5e461f2d0a14a33d5c19516a76d9be1ab82c627,RQ1/02_prompts/stage1/rendered/p11_custom_press_releases/java/008__src__main__java__RenderService.java/input_context.json,4ffc9252ed40b9267f33e802b0d127352c145fb0cbbc6a2cb0c1695a1706aec7,RQ1/02_prompts/stage1/rendered/p11_custom_press_releases/java/008__src__main__java__RenderService.java/request_metadata.json,cbde9d424f9c118bb034209266d1e48c24bde1a1daaad08aa8cffe7986a22e13,2810241787,Qwen/Qwen3-Coder-30B-A3B-Instruct,chatcmpl-1789386424635,c7278478309d6313cc3ace43c56907b3d7dbbaaaeaf4820123eaed0c15c82e08
p11_custom_press_releases_java,11,custom_press_releases,java,9,src/main/java/Main.java,0538039766843d95a8cefa9a220a3bca4c3c30609bdafb983f6efa0d5a2438ad,RQ1/02_prompts/stage1/rendered/p11_custom_press_releases/java/009__src__main__java__Main.java/user_prompt.txt,09f8902c480065bc8447ad1dc34ded402bd175982160063ed6c468df11d2e6d4,RQ1/02_prompts/stage1/rendered/p11_custom_press_releases/java/009__src__main__java__Main.java/input_context.json,7e2cdfab81854b601fe8098d70fced411927e7ec6d28ee65a70028ea4efb1db8,RQ1/02_prompts/stage1/rendered/p11_custom_press_releases/java/009__src__main__java__Main.java/request_metadata.json,cbde9d424f9c118bb034209266d1e48c24bde1a1daaad08aa8cffe7986a22e13,2810241787,Qwen/Qwen3-Coder-30B-A3B-Instruct,chatcmpl-1789386452366,d478a09fba4817144429fd0e835adc6021e14961d97144eb09e4ba53aab4b0c7
p11_custom_press_releases_java,11,custom_press_releases,java,10,src/test/java/MainTest.java,0538039766843d95a8cefa9a220a3bca4c3c30609bdafb983f6efa0d5a2438ad,RQ1/02_prompts/stage1/rendered/p11_custom_press_releases/java/010__src__test__java__MainTest.java/user_prompt.txt,e73f1471468bfc9e15afca962bca4c4bb782ca74b55d2dc57758c94ba0bbd7e3,RQ1/02_prompts/stage1/rendered/p11_custom_press_releases/java/010__src__test__java__MainTest.java/input_context.json,fe8691e215f2573f08e12e30d1594d2b4f7dc98a0edb2ca4054329f51b1a4db0,RQ1/02_prompts/stage1/rendered/p11_custom_press_releases/java/010__src__test__java__MainTest.java/request_metadata.json,cbde9d424f9c118bb034209266d1e48c24bde1a1daaad08aa8cffe7986a22e13,2810241787,Qwen/Qwen3-Coder-30B-A3B-Instruct,chatcmpl-1789386490928,23a185a45c39b66de1105c90f8183c6c5ec632749e09c7f64a9aa56aa493df9a
p11_custom_press_releases_python,11,custom_press_releases,python,1,requirements.txt,0538039766843d95a8cefa9a220a3bca4c3c30609bdafb983f6efa0d5a2438ad,RQ1/02_prompts/stage1/rendered/p11_custom_press_releases/python/001__requirements.txt/user_prompt.txt,6688e72c58c160194488250bf6f7ca3bf3571bf1fdd3b0410f877527df6f6f08,RQ1/02_prompts/stage1/rendered/p11_custom_press_releases/python/001__requirements.txt/input_context.json,6fc9da9a062c8a434446667c87762b7ea2e42b9d788f251d2d939eb79f133291,RQ1/02_prompts/stage1/rendered/p11_custom_press_releases/python/001__requirements.txt/request_metadata.json,f67bc069acc08232a21476897a035b276f762ab6e664e520d25d4debc7c7ac7b,2037595148,Qwen/Qwen3-Coder-30B-A3B-Instruct,chatcmpl-1789414550904,4ab5ae75ce01d7f22f3db1439db42d36fb820ef0f103030b2eb2707a9a9cef17
p11_custom_press_releases_python,11,custom_press_releases,python,2,press_releases/errors.py,0538039766843d95a8cefa9a220a3bca4c3c30609bdafb983f6efa0d5a2438ad,RQ1/02_prompts/stage1/rendered/p11_custom_press_releases/python/002__press_releases__errors.py/user_prompt.txt,4c0449c64b633c5679b9ef4925ad6d66a7018a5e9d542a9f9519387bc3ff0328,RQ1/02_prompts/stage1/rendered/p11_custom_press_releases/python/002__press_releases__errors.py/input_context.json,ac2877d696263c89dac8e67d71da34f0d579673c41db01cd703aa967e79f28aa,RQ1/02_prompts/stage1/rendered/p11_custom_press_releases/python/002__press_releases__errors.py/request_metadata.json,f67bc069acc08232a21476897a035b276f762ab6e664e520d25d4debc7c7ac7b,2037595148,Qwen/Qwen3-Coder-30B-A3B-Instruct,chatcmpl-1789414556526,fdbad9d5d6cc1209a67bb23d8415f3c00c8d872bb40127ecf3cda9d60eb93eed
p11_custom_press_releases_python,11,custom_press_releases,python,3,press_releases/types.py,0538039766843d95a8cefa9a220a3bca4c3c30609bdafb983f6efa0d5a2438ad,RQ1/02_prompts/stage1/rendered/p11_custom_press_releases/python/003__press_releases__types.py/user_prompt.txt,1fed208df105b9f922107d53e530babd0b702d789906e5d8fbdce76eb1a2f107,RQ1/02_prompts/stage1/rendered/p11_custom_press_releases/python/003__press_releases__types.py/input_context.json,56702e39725a2d46629fc582d91eca64d4cb18f990b98ab8ba27d15da18dc170,RQ1/02_prompts/stage1/rendered/p11_custom_press_releases/python/003__press_releases__types.py/request_metadata.json,f67bc069acc08232a21476897a035b276f762ab6e664e520d25d4debc7c7ac7b,2037595148,Qwen/Qwen3-Coder-30B-A3B-Instruct,chatcmpl-1789414568075,082c91eb1c7649304825e3561c11b358c138ec7fc34204cb7c0e59c5fe43ecd3
p11_custom_press_releases_python,11,custom_press_releases,python,4,press_releases/template.py,0538039766843d95a8cefa9a220a3bca4c3c30609bdafb983f6efa0d5a2438ad,RQ1/02_prompts/stage1/rendered/p11_custom_press_releases/python/004__press_releases__template.py/user_prompt.txt,221438e720a9f90a330b9adbbc815d1c099767f99ce24e7ed57faf5e81403755,RQ1/02_prompts/stage1/rendered/p11_custom_press_releases/python/004__press_releases__template.py/input_context.json,7749a31676cb1bb5293180a696885e4445dbbd530e4d304c16ab365711aac20f,RQ1/02_prompts/stage1/rendered/p11_custom_press_releases/python/004__press_releases__template.py/request_metadata.json,f67bc069acc08232a21476897a035b276f762ab6e664e520d25d4debc7c7ac7b,2037595148,Qwen/Qwen3-Coder-30B-A3B-Instruct,chatcmpl-1789414585124,37c2d8c6ac3bfe69f0f4fdbcff099c970ea40f3c2d750136d45e573ca55e84ee
p11_custom_press_releases_python,11,custom_press_releases,python,5,press_releases/validation.py,0538039766843d95a8cefa9a220a3bca4c3c30609bdafb983f6efa0d5a2438ad,RQ1/02_prompts/stage1/rendered/p11_custom_press_releases/python/005__press_releases__validation.py/user_prompt.txt,34b63a496571744dd67c0f08d46efed1b0af1177b4b8cc8f93024c4e3afe06d5,RQ1/02_prompts/stage1/rendered/p11_custom_press_releases/python/005__press_releases__validation.py/input_context.json,557bd7a5cd211eacb2ac9878d95cfa6cdf6dc24fc3c789743a5f35e01d8150b1,RQ1/02_prompts/stage1/rendered/p11_custom_press_releases/python/005__press_releases__validation.py/request_metadata.json,f67bc069acc08232a21476897a035b276f762ab6e664e520d25d4debc7c7ac7b,2037595148,Qwen/Qwen3-Coder-30B-A3B-Instruct,chatcmpl-1789414609571,1401a836a78917d6fe10b09927a999eae04b68caf44ea5447c4ecdbac947e975
p11_custom_press_releases_python,11,custom_press_releases,python,6,press_releases/press_release.py,0538039766843d95a8cefa9a220a3bca4c3c30609bdafb983f6efa0d5a2438ad,RQ1/02_prompts/stage1/rendered/p11_custom_press_releases/python/006__press_releases__press_release.py/user_prompt.txt,103ecab1c5e8cf0200d75e68f70292434328fd789051317af52278b343aaeb21,RQ1/02_prompts/stage1/rendered/p11_custom_press_releases/python/006__press_releases__press_release.py/input_context.json,972344c1a0aef876c4e84dd0db41826de1d6b48d7ed324bc14e903c06f3cd7bd,RQ1/02_prompts/stage1/rendered/p11_custom_press_releases/python/006__press_releases__press_release.py/request_metadata.json,f67bc069acc08232a21476897a035b276f762ab6e664e520d25d4debc7c7ac7b,2037595148,Qwen/Qwen3-Coder-30B-A3B-Instruct,chatcmpl-1789414677954,b99ec2cf5aa9b4667641c9599535059d8f7c38fc10e99119d59dc2614665e7ca
p11_custom_press_releases_python,11,custom_press_releases,python,7,press_releases/search.py,0538039766843d95a8cefa9a220a3bca4c3c30609bdafb983f6efa0d5a2438ad,RQ1/02_prompts/stage1/rendered/p11_custom_press_releases/python/007__press_releases__search.py/user_prompt.txt,f6324d36144be32412daec1cc7771accb6e641793df376328e04fe5e320ebe5b,RQ1/02_prompts/stage1/rendered/p11_custom_press_releases/python/007__press_releases__search.py/input_context.json,9f2b9d04207403dcabb28ae541ff4de04a752f9a5a4b22dd74d35dc819f29ef4,RQ1/02_prompts/stage1/rendered/p11_custom_press_releases/python/007__press_releases__search.py/request_metadata.json,f67bc069acc08232a21476897a035b276f762ab6e664e520d25d4debc7c7ac7b,2037595148,Qwen/Qwen3-Coder-30B-A3B-Instruct,chatcmpl-1789414700982,7e5393900fa97f0f35463abacdb77608b09bee8e4721a9e6f57819607783b8fa
p11_custom_press_releases_python,11,custom_press_releases,python,8,press_releases/__init__.py,0538039766843d95a8cefa9a220a3bca4c3c30609bdafb983f6efa0d5a2438ad,RQ1/02_prompts/stage1/rendered/p11_custom_press_releases/python/008__press_releases____init__.py/user_prompt.txt,d04feb51ed03f08c049e8fdd8ce3b9da4216666db9d055aaf579f188ed042aa9,RQ1/02_prompts/stage1/rendered/p11_custom_press_releases/python/008__press_releases____init__.py/input_context.json,0404f6a04bce270679332918e71b278efd0765e164d785993e4067c025374957,RQ1/02_prompts/stage1/rendered/p11_custom_press_releases/python/008__press_releases____init__.py/request_metadata.json,f67bc069acc08232a21476897a035b276f762ab6e664e520d25d4debc7c7ac7b,2037595148,Qwen/Qwen3-Coder-30B-A3B-Instruct,chatcmpl-1789414713164,9f4b7d372f519ec188bb1a57afd7aa2401d0d569b48d4694522ae0b8eb2e32c9
p11_custom_press_releases_python,11,custom_press_releases,python,9,Main.py,0538039766843d95a8cefa9a220a3bca4c3c30609bdafb983f6efa0d5a2438ad,RQ1/02_prompts/stage1/rendered/p11_custom_press_releases/python/009__Main.py/user_prompt.txt,f99b176a2aaa41feee5b935a5e5f95b80fe8fe33b11898ebabaf0b59734d17d6,RQ1/02_prompts/stage1/rendered/p11_custom_press_releases/python/009__Main.py/input_context.json,41354e4703b7008a4ab6e8b8560db1bf9fe53e816be51b33905100e1cc3d3b3b,RQ1/02_prompts/stage1/rendered/p11_custom_press_releases/python/009__Main.py/request_metadata.json,f67bc069acc08232a21476897a035b276f762ab6e664e520d25d4debc7c7ac7b,2037595148,Qwen/Qwen3-Coder-30B-A3B-Instruct,chatcmpl-1789414742852,16669c24c080051a1ec2882721df66c635bfaa8d7ff0cb644adffcfbe828d648
p11_custom_press_releases_python,11,custom_press_releases,python,10,tests/test_main.py,0538039766843d95a8cefa9a220a3bca4c3c30609bdafb983f6efa0d5a2438ad,RQ1/02_prompts/stage1/rendered/p11_custom_press_releases/python/010__tests__test_main.py/user_prompt.txt,f198f8163fe9067a39529c1112c279901c45111cd93fa2bfc47d930c50d4f87e,RQ1/02_prompts/stage1/rendered/p11_custom_press_releases/python/010__tests__test_main.py/input_context.json,b438915e80f8a532bb8d659320ea7982b8caf77e523fd6b0686a79756db7bc6f,RQ1/02_prompts/stage1/rendered/p11_custom_press_releases/python/010__tests__test_main.py/request_metadata.json,f67bc069acc08232a21476897a035b276f762ab6e664e520d25d4debc7c7ac7b,2037595148,Qwen/Qwen3-Coder-30B-A3B-Instruct,chatcmpl-1789414799145,abb8df9676305ce427a9ea8269dbeb4e1548c72e29e2dced0f827a1f581d3e59
p12_video_player_cpp,12,video_player,cpp,1,CMakeLists.txt,0538039766843d95a8cefa9a220a3bca4c3c30609bdafb983f6efa0d5a2438ad,RQ1/02_prompts/stage1/rendered/p12_video_player/cpp/001__CMakeLists.txt/user_prompt.txt,63418e6b1f730cde0527c77b92ca3ee0db9ca739105e5dbbddba6f02ad3c815d,RQ1/02_prompts/stage1/rendered/p12_video_player/cpp/001__CMakeLists.txt/input_context.json,0ab11103f2589a719ff5e6d286be0addaffb1539720c3839e9e29cb710f0e80c,RQ1/02_prompts/stage1/rendered/p12_video_player/cpp/001__CMakeLists.txt/request_metadata.json,4f12f81f243a334dfecf9b89147d1c57e09d3ca18f6df9e370b495a350331a1a,1700920662,Qwen/Qwen3-Coder-30B-A3B-Instruct,chatcmpl-1789390199333,28c81ba05cbb2620754237a88e4751bee81d1a29a55a9bc3bd9fcede927c2568
p12_video_player_cpp,12,video_player,cpp,2,include/Time/IClock.h,0538039766843d95a8cefa9a220a3bca4c3c30609bdafb983f6efa0d5a2438ad,RQ1/02_prompts/stage1/rendered/p12_video_player/cpp/002__include__Time__IClock.h/user_prompt.txt,40ab838534c9fdef25956d12bed6a37c1da11f52ab27bd4b4c6dc0391b130c8e,RQ1/02_prompts/stage1/rendered/p12_video_player/cpp/002__include__Time__IClock.h/input_context.json,8efd0ecf4fa54cb0edb17aed71bb3e2d412d4fd70b4294849a670589792d0638,RQ1/02_prompts/stage1/rendered/p12_video_player/cpp/002__include__Time__IClock.h/request_metadata.json,4f12f81f243a334dfecf9b89147d1c57e09d3ca18f6df9e370b495a350331a1a,1700920662,Qwen/Qwen3-Coder-30B-A3B-Instruct,chatcmpl-1789390211490,c6dbfcfe0904d2d2df878c61be2948d3f49b3939f2cf8390e1df50718d0e9192
p12_video_player_cpp,12,video_player,cpp,3,include/Time/ManualClock.h,0538039766843d95a8cefa9a220a3bca4c3c30609bdafb983f6efa0d5a2438ad,RQ1/02_prompts/stage1/rendered/p12_video_player/cpp/003__include__Time__ManualClock.h/user_prompt.txt,4c5f9c99714c3f748ead9bac28c99534fdb6fa3d8aa882a842ea352d541c5962,RQ1/02_prompts/stage1/rendered/p12_video_player/cpp/003__include__Time__ManualClock.h/input_context.json,0639f6d368b41ace4d716f47971d41176fef84fe5407e6d4b3753e2fa476512a,RQ1/02_prompts/stage1/rendered/p12_video_player/cpp/003__include__Time__ManualClock.h/request_metadata.json,4f12f81f243a334dfecf9b89147d1c57e09d3ca18f6df9e370b495a350331a1a,1700920662,Qwen/Qwen3-Coder-30B-A3B-Instruct,chatcmpl-1789390234076,b7fa3883fe139b5b97bb3127c09994eef34ee104c67ed50cd7bdd0407471912b
p12_video_player_cpp,12,video_player,cpp,4,include/Time/MonotonicClock.h,0538039766843d95a8cefa9a220a3bca4c3c30609bdafb983f6efa0d5a2438ad,RQ1/02_prompts/stage1/rendered/p12_video_player/cpp/004__include__Time__MonotonicClock.h/user_prompt.txt,64e1af72e87d4a00752ff160e60c2f1dfede202064964bcd40eba3049128ec71,RQ1/02_prompts/stage1/rendered/p12_video_player/cpp/004__include__Time__MonotonicClock.h/input_context.json,70cfe4fbd221116a825121bcfed5a65c517a509e50667bcae13dcfd9a45b2274,RQ1/02_prompts/stage1/rendered/p12_video_player/cpp/004__include__Time__MonotonicClock.h/request_metadata.json,4f12f81f243a334dfecf9b89147d1c57e09d3ca18f6df9e370b495a350331a1a,1700920662,Qwen/Qwen3-Coder-30B-A3B-Instruct,chatcmpl-1789390249457,4cb6d8234e138090511ed49fc15d0155b61a062ed5bbcfc6067a9bef515f6fb6
p12_video_player_cpp,12,video_player,cpp,5,include/Media/MediaMetadata.h,0538039766843d95a8cefa9a220a3bca4c3c30609bdafb983f6efa0d5a2438ad,RQ1/02_prompts/stage1/rendered/p12_video_player/cpp/005__include__Media__MediaMetadata.h/user_prompt.txt,c2834187887fba533c4423191f46b1bd7f53cdc073551276012b53f3d6accc67,RQ1/02_prompts/stage1/rendered/p12_video_player/cpp/005__include__Media__MediaMetadata.h/input_context.json,910a97719d44c98da265a695ed535a21d2542e3a4f02f3528c83ce6fb478e988,RQ1/02_prompts/stage1/rendered/p12_video_player/cpp/005__include__Media__MediaMetadata.h/request_metadata.json,4f12f81f243a334dfecf9b89147d1c57e09d3ca18f6df9e370b495a350331a1a,1700920662,Qwen/Qwen3-Coder-30B-A3B-Instruct,chatcmpl-1789390271492,092cf2b07ee28263bd14582dab8a78325ccb4e8bb31bb1fbcc89491acebc40cd
p12_video_player_cpp,12,video_player,cpp,6,include/Playlist/Playlist.h,0538039766843d95a8cefa9a220a3bca4c3c30609bdafb983f6efa0d5a2438ad,RQ1/02_prompts/stage1/rendered/p12_video_player/cpp/006__include__Playlist__Playlist.h/user_prompt.txt,19a3dfb509dbbe9071ba205c27302b45d3effce06f0e049c52e7b8eb47a23d15,RQ1/02_prompts/stage1/rendered/p12_video_player/cpp/006__include__Playlist__Playlist.h/input_context.json,af9a65e59cf46d9cc28c898862e2daccd132373b7e24190d1d666cebb635980f,RQ1/02_prompts/stage1/rendered/p12_video_player/cpp/006__include__Playlist__Playlist.h/request_metadata.json,4f12f81f243a334dfecf9b89147d1c57e09d3ca18f6df9e370b495a350331a1a,1700920662,Qwen/Qwen3-Coder-30B-A3B-Instruct,chatcmpl-1789390312357,978879d8ba8534b95926095b194cf772c8fcb384a12a4de6d1e58c9497f84c1a
p12_video_player_cpp,12,video_player,cpp,7,include/Player/PlaybackState.h,0538039766843d95a8cefa9a220a3bca4c3c30609bdafb983f6efa0d5a2438ad,RQ1/02_prompts/stage1/rendered/p12_video_player/cpp/007__include__Player__PlaybackState.h/user_prompt.txt,7b31a4b6e48469d69480fa90c295ccf823ef40182c57098c096cac0d4001b9cc,RQ1/02_prompts/stage1/rendered/p12_video_player/cpp/007__include__Player__PlaybackState.h/input_context.json,ae19355e9c5920db1af2dc001d712972a08632c3f70e11e19ff619ad39534076,RQ1/02_prompts/stage1/rendered/p12_video_player/cpp/007__include__Player__PlaybackState.h/request_metadata.json,4f12f81f243a334dfecf9b89147d1c57e09d3ca18f6df9e370b495a350331a1a,1700920662,Qwen/Qwen3-Coder-30B-A3B-Instruct,chatcmpl-1789390320059,99006f01cc7894b4b9fc624c0b84c30edb73344ff76618b7b70b6f92f8f92183
p12_video_player_cpp,12,video_player,cpp,8,include/Player/Player.h,0538039766843d95a8cefa9a220a3bca4c3c30609bdafb983f6efa0d5a2438ad,RQ1/02_prompts/stage1/rendered/p12_video_player/cpp/008__include__Player__Player.h/user_prompt.txt,e305874914c722a0019dec9aefb172b6558ad7bcabc1acb9af9e185e61db4680,RQ1/02_prompts/stage1/rendered/p12_video_player/cpp/008__include__Player__Player.h/input_context.json,1c7599d361d3ba93a1a01fdd928b80ecfc0f46c9d0e62160844a263081d8cbe0,RQ1/02_prompts/stage1/rendered/p12_video_player/cpp/008__include__Player__Player.h/request_metadata.json,4f12f81f243a334dfecf9b89147d1c57e09d3ca18f6df9e370b495a350331a1a,1700920662,Qwen/Qwen3-Coder-30B-A3B-Instruct,chatcmpl-1789390377020,25298028f6a90456ca7e6a3113ca1b8b77905cca2466224e45e72f3dc78904d4
p12_video_player_cpp,12,video_player,cpp,9,include/Runtime/App.h,0538039766843d95a8cefa9a220a3bca4c3c30609bdafb983f6efa0d5a2438ad,RQ1/02_prompts/stage1/rendered/p12_video_player/cpp/009__include__Runtime__App.h/user_prompt.txt,75282254a243cb31442cf0cf5366785d0d8c4ee66894218d9fb0b1c1f34dc09f,RQ1/02_prompts/stage1/rendered/p12_video_player/cpp/009__include__Runtime__App.h/input_context.json,46ce84640e817b31c8983c274bba15404e81b8b58275a801c2e980a582591ae5,RQ1/02_prompts/stage1/rendered/p12_video_player/cpp/009__include__Runtime__App.h/request_metadata.json,4f12f81f243a334dfecf9b89147d1c57e09d3ca18f6df9e370b495a350331a1a,1700920662,Qwen/Qwen3-Coder-30B-A3B-Instruct,chatcmpl-1789390387345,e23dc8450a93913dd0298e12f1ad70baf48c8fb4eaa7f262b9164b7ba4a42b3a
p12_video_player_cpp,12,video_player,cpp,10,src/Time/ManualClock.cpp,0538039766843d95a8cefa9a220a3bca4c3c30609bdafb983f6efa0d5a2438ad,RQ1/02_prompts/stage1/rendered/p12_video_player/cpp/010__src__Time__ManualClock.cpp/user_prompt.txt,b81e1eaf6d8b9b08d5a09cd1c8200f503e026d94f6457a56feddf7074bf58ca0,RQ1/02_prompts/stage1/rendered/p12_video_player/cpp/010__src__Time__ManualClock.cpp/input_context.json,6db83b016b0fe432574a47fe81160b4bd8f4a392139d3e24388a7c6c5943da26,RQ1/02_prompts/stage1/rendered/p12_video_player/cpp/010__src__Time__ManualClock.cpp/request_metadata.json,4f12f81f243a334dfecf9b89147d1c57e09d3ca18f6df9e370b495a350331a1a,1700920662,Qwen/Qwen3-Coder-30B-A3B-Instruct,chatcmpl-1789390398871,1dc3e059897f8c189480633b1bd711aeda75192c2c05bcae835232a9d38e98ed
p12_video_player_cpp,12,video_player,cpp,11,src/Time/MonotonicClock.cpp,0538039766843d95a8cefa9a220a3bca4c3c30609bdafb983f6efa0d5a2438ad,RQ1/02_prompts/stage1/rendered/p12_video_player/cpp/011__src__Time__MonotonicClock.cpp/user_prompt.txt,1fbfc9f139a8771228fab219b4f3e7fce0274b21fcf62ce5a4e2588a245460d7,RQ1/02_prompts/stage1/rendered/p12_video_player/cpp/011__src__Time__MonotonicClock.cpp/input_context.json,8578a38d453c5e98359a79d1f5cadb4574b4462ef20f071faf8315b25be352d7,RQ1/02_prompts/stage1/rendered/p12_video_player/cpp/011__src__Time__MonotonicClock.cpp/request_metadata.json,4f12f81f243a334dfecf9b89147d1c57e09d3ca18f6df9e370b495a350331a1a,1700920662,Qwen/Qwen3-Coder-30B-A3B-Instruct,chatcmpl-1789390407218,1de804eaba3c8d1d18b5e07982e706eb5560c5e3ce2eb4cd1c461e3c35731a6e
p12_video_player_cpp,12,video_player,cpp,12,src/Media/MediaMetadata.cpp,0538039766843d95a8cefa9a220a3bca4c3c30609bdafb983f6efa0d5a2438ad,RQ1/02_prompts/stage1/rendered/p12_video_player/cpp/012__src__Media__MediaMetadata.cpp/user_prompt.txt,8ff270822f8af4393d739aefaf00b986a94126c2032a4f77211cc9252ac6fde8,RQ1/02_prompts/stage1/rendered/p12_video_player/cpp/012__src__Media__MediaMetadata.cpp/input_context.json,fb8a2ad3d0928dd103bf316cc12b6726a62072690ad22e691adbba551b21e2cb,RQ1/02_prompts/stage1/rendered/p12_video_player/cpp/012__src__Media__MediaMetadata.cpp/request_metadata.json,4f12f81f243a334dfecf9b89147d1c57e09d3ca18f6df9e370b495a350331a1a,1700920662,Qwen/Qwen3-Coder-30B-A3B-Instruct,chatcmpl-1789390419813,9f4f29073aa647ec65bbbbb5e8d8d97039ff9856ffbc31affe78877bb7d6bc0e
p12_video_player_cpp,12,video_player,cpp,13,src/Playlist/Playlist.cpp,0538039766843d95a8cefa9a220a3bca4c3c30609bdafb983f6efa0d5a2438ad,RQ1/02_prompts/stage1/rendered/p12_video_player/cpp/013__src__Playlist__Playlist.cpp/user_prompt.txt,2d785ff321c621cb005eb5a957dc4e7bc6bedc69590fea5e939d63bcca541452,RQ1/02_prompts/stage1/rendered/p12_video_player/cpp/013__src__Playlist__Playlist.cpp/input_context.json,ca81b7cabe3e48ddfda1312422233f274062253eabadd7b55c9020df0e6291cc,RQ1/02_prompts/stage1/rendered/p12_video_player/cpp/013__src__Playlist__Playlist.cpp/request_metadata.json,4f12f81f243a334dfecf9b89147d1c57e09d3ca18f6df9e370b495a350331a1a,1700920662,Qwen/Qwen3-Coder-30B-A3B-Instruct,chatcmpl-1789390441571,aa065189709b0822216db47b97225e3619d9a035512fc7eb2face3f99fd5928f
p12_video_player_cpp,12,video_player,cpp,14,src/Player/Player.cpp,0538039766843d95a8cefa9a220a3bca4c3c30609bdafb983f6efa0d5a2438ad,RQ1/02_prompts/stage1/rendered/p12_video_player/cpp/014__src__Player__Player.cpp/user_prompt.txt,60bba3e2e491c029c1048c94c448634e983247894d796061ca49b24269dd9892,RQ1/02_prompts/stage1/rendered/p12_video_player/cpp/014__src__Player__Player.cpp/input_context.json,e9f9e9165f6ac87e40b2f6ba7002d16c6edf3776454a94ba73071f1b0ee3cb6a,RQ1/02_prompts/stage1/rendered/p12_video_player/cpp/014__src__Player__Player.cpp/request_metadata.json,4f12f81f243a334dfecf9b89147d1c57e09d3ca18f6df9e370b495a350331a1a,1700920662,Qwen/Qwen3-Coder-30B-A3B-Instruct,chatcmpl-1789390490755,ad5aebbbd7f8f8759db1c7a03ff315d77fa968ddb578d4c9a86b8c4ffae05bcf
p12_video_player_cpp,12,video_player,cpp,15,src/Runtime/App.cpp,0538039766843d95a8cefa9a220a3bca4c3c30609bdafb983f6efa0d5a2438ad,RQ1/02_prompts/stage1/rendered/p12_video_player/cpp/015__src__Runtime__App.cpp/user_prompt.txt,8086506ff515470c237e81b956d8e378b7359817cf4205a766bbabb7b3905de2,RQ1/02_prompts/stage1/rendered/p12_video_player/cpp/015__src__Runtime__App.cpp/input_context.json,273836991ba4642b21e80e2423de3c122d599f9a4aef3023b55ec4979a23359c,RQ1/02_prompts/stage1/rendered/p12_video_player/cpp/015__src__Runtime__App.cpp/request_metadata.json,4f12f81f243a334dfecf9b89147d1c57e09d3ca18f6df9e370b495a350331a1a,1700920662,Qwen/Qwen3-Coder-30B-A3B-Instruct,chatcmpl-1789390511571,6d7c947048cc7a9609ae7d2f0bd4d61890cd77f74edc1aaf344c70fbf49a5596
p12_video_player_cpp,12,video_player,cpp,16,src/Main.cpp,0538039766843d95a8cefa9a220a3bca4c3c30609bdafb983f6efa0d5a2438ad,RQ1/02_prompts/stage1/rendered/p12_video_player/cpp/016__src__Main.cpp/user_prompt.txt,bd9a692d95903230204920d6fe6bd2f420edf794e74ce5b8ba702033ffcd7e0a,RQ1/02_prompts/stage1/rendered/p12_video_player/cpp/016__src__Main.cpp/input_context.json,33da763a4944c9e0547a9f7797b575eb70253591b77c620c6a8288974dfc934f,RQ1/02_prompts/stage1/rendered/p12_video_player/cpp/016__src__Main.cpp/request_metadata.json,4f12f81f243a334dfecf9b89147d1c57e09d3ca18f6df9e370b495a350331a1a,1700920662,Qwen/Qwen3-Coder-30B-A3B-Instruct,chatcmpl-1789390515356,86e6e3bd0fd7caca6dc668d884760173d9962f5140ab83d7d9c2c8fd2f31f5d1
p12_video_player_cpp,12,video_player,cpp,17,tests/test_main.cpp,0538039766843d95a8cefa9a220a3bca4c3c30609bdafb983f6efa0d5a2438ad,RQ1/02_prompts/stage1/rendered/p12_video_player/cpp/017__tests__test_main.cpp/user_prompt.txt,d9ce41f1dc765f47af2a733de0c600558387e8bfc533151cab65dbdf9aa67017,RQ1/02_prompts/stage1/rendered/p12_video_player/cpp/017__tests__test_main.cpp/input_context.json,69c02c1bc48730b485c9f884b85dfd986748b51c7947c07c96fbc81488cef881,RQ1/02_prompts/stage1/rendered/p12_video_player/cpp/017__tests__test_main.cpp/request_metadata.json,4f12f81f243a334dfecf9b89147d1c57e09d3ca18f6df9e370b495a350331a1a,1700920662,Qwen/Qwen3-Coder-30B-A3B-Instruct,chatcmpl-1789390550890,907147f213891ccd951fa853288d7132e90415f9b2b498624afa21fcf93438bc
p12_video_player_java,12,video_player,java,1,pom.xml,0538039766843d95a8cefa9a220a3bca4c3c30609bdafb983f6efa0d5a2438ad,RQ1/02_prompts/stage1/rendered/p12_video_player/java/001__pom.xml/user_prompt.txt,804eda92834b1c998c59d209fde1b97dbf3a560c19534a1cf4907108152723b9,RQ1/02_prompts/stage1/rendered/p12_video_player/java/001__pom.xml/input_context.json,b5a9e6d864ef605bc96a9b05576e8683ef943e165750704481cdbf01599fd179,RQ1/02_prompts/stage1/rendered/p12_video_player/java/001__pom.xml/request_metadata.json,55a24988dadc1c0548f81eb53ef5082a36c4b2158dc668c56533c513abcfba20,400582985,Qwen/Qwen3-Coder-30B-A3B-Instruct,chatcmpl-1789416419879,255954d414655da0a6477c3c2b0fca959d874bc16ededd90a5d63a85007bb819
p12_video_player_java,12,video_player,java,2,src/main/java/MediaItem.java,0538039766843d95a8cefa9a220a3bca4c3c30609bdafb983f6efa0d5a2438ad,RQ1/02_prompts/stage1/rendered/p12_video_player/java/002__src__main__java__MediaItem.java/user_prompt.txt,87dbd0444f512e2544afd4dd77ae623ada5ab7ae50e9d2efe135b146faecb484,RQ1/02_prompts/stage1/rendered/p12_video_player/java/002__src__main__java__MediaItem.java/input_context.json,625e259e102f4ea6246aacf49b31a131d110d02cad5aef9d0b1a74e3bb747f1f,RQ1/02_prompts/stage1/rendered/p12_video_player/java/002__src__main__java__MediaItem.java/request_metadata.json,55a24988dadc1c0548f81eb53ef5082a36c4b2158dc668c56533c513abcfba20,400582985,Qwen/Qwen3-Coder-30B-A3B-Instruct,chatcmpl-1789416444310,22ba9b0f7b4545008dad283bb26fb0921ba61159643cd78572295c8659a629b4
p12_video_player_java,12,video_player,java,3,src/main/java/Playlist.java,0538039766843d95a8cefa9a220a3bca4c3c30609bdafb983f6efa0d5a2438ad,RQ1/02_prompts/stage1/rendered/p12_video_player/java/003__src__main__java__Playlist.java/user_prompt.txt,c8faf9da98f4dc2de8cd83523f8e23230efb72d445e5131cb938869add81a2d4,RQ1/02_prompts/stage1/rendered/p12_video_player/java/003__src__main__java__Playlist.java/input_context.json,3db77c5c911d8cf9a7e8f9b004de19819e506086e5023b0ba3f76d48d50d3674,RQ1/02_prompts/stage1/rendered/p12_video_player/java/003__src__main__java__Playlist.java/request_metadata.json,55a24988dadc1c0548f81eb53ef5082a36c4b2158dc668c56533c513abcfba20,400582985,Qwen/Qwen3-Coder-30B-A3B-Instruct,chatcmpl-1789416489337,cb650b228f371943cf5debd36d34fce12be0031dbfd4b536f00323c8ea9485d5
p12_video_player_java,12,video_player,java,4,src/main/java/PlayerState.java,0538039766843d95a8cefa9a220a3bca4c3c30609bdafb983f6efa0d5a2438ad,RQ1/02_prompts/stage1/rendered/p12_video_player/java/004__src__main__java__PlayerState.java/user_prompt.txt,41787368b71c110b589cba4a5501130c4ba48ece46ba2209b228e9eadfc6fed2,RQ1/02_prompts/stage1/rendered/p12_video_player/java/004__src__main__java__PlayerState.java/input_context.json,ebe818e5cbaea3b77439c318c2fce5bc8216784e528b113076681d6f81f3f1a4,RQ1/02_prompts/stage1/rendered/p12_video_player/java/004__src__main__java__PlayerState.java/request_metadata.json,55a24988dadc1c0548f81eb53ef5082a36c4b2158dc668c56533c513abcfba20,400582985,Qwen/Qwen3-Coder-30B-A3B-Instruct,chatcmpl-1789416522156,ec4279e7dc9c9b3c3b72d05daa5e04294225d1a6bb8db4819c225342cce02c46
p12_video_player_java,12,video_player,java,5,src/main/java/VolumeControl.java,0538039766843d95a8cefa9a220a3bca4c3c30609bdafb983f6efa0d5a2438ad,RQ1/02_prompts/stage1/rendered/p12_video_player/java/005__src__main__java__VolumeControl.java/user_prompt.txt,6c730e19d3a37ba9b95ec4eafc25860413b6579b245000132a144fdd2cf4491c,RQ1/02_prompts/stage1/rendered/p12_video_player/java/005__src__main__java__VolumeControl.java/input_context.json,d8b2f0a88b32dc12135fd1fe6481386c2521743a3ff721b2c0c16fb2bec8fbfe,RQ1/02_prompts/stage1/rendered/p12_video_player/java/005__src__main__java__VolumeControl.java/request_metadata.json,55a24988dadc1c0548f81eb53ef5082a36c4b2158dc668c56533c513abcfba20,400582985,Qwen/Qwen3-Coder-30B-A3B-Instruct,chatcmpl-1789416558773,3e249c9c1523153a9d4fa089d9d2dac1f321fff453b634f6357d814001f1cd52
p12_video_player_java,12,video_player,java,6,src/main/java/DeterministicClock.java,0538039766843d95a8cefa9a220a3bca4c3c30609bdafb983f6efa0d5a2438ad,RQ1/02_prompts/stage1/rendered/p12_video_player/java/006__src__main__java__DeterministicClock.java/user_prompt.txt,75073ffbb848ff0ca2ed9392e814f573a41ecafe1ee07e1a15e2bccbdfcdf9c1,RQ1/02_prompts/stage1/rendered/p12_video_player/java/006__src__main__java__DeterministicClock.java/input_context.json,ebb5b5b19a3387d1627b0392d58d76067a9a8232bf6669f1abc8106eb086f5bc,RQ1/02_prompts/stage1/rendered/p12_video_player/java/006__src__main__java__DeterministicClock.java/request_metadata.json,55a24988dadc1c0548f81eb53ef5082a36c4b2158dc668c56533c513abcfba20,400582985,Qwen/Qwen3-Coder-30B-A3B-Instruct,chatcmpl-1789416574827,f2cb984cd8505e3c60b2dc1b8cad86ffffe8e943955598bcaa6b671556464a90
p12_video_player_java,12,video_player,java,7,src/main/java/PlayerSnapshot.java,0538039766843d95a8cefa9a220a3bca4c3c30609bdafb983f6efa0d5a2438ad,RQ1/02_prompts/stage1/rendered/p12_video_player/java/007__src__main__java__PlayerSnapshot.java/user_prompt.txt,196402b54c1868c9318be30114eba126bee007a675b48fcaae99c67748ca95a3,RQ1/02_prompts/stage1/rendered/p12_video_player/java/007__src__main__java__PlayerSnapshot.java/input_context.json,72db0fb41fd4f0c118f1cb30f8596c8077c2193d3e057f5043a9e3f6c5bffac3,RQ1/02_prompts/stage1/rendered/p12_video_player/java/007__src__main__java__PlayerSnapshot.java/request_metadata.json,55a24988dadc1c0548f81eb53ef5082a36c4b2158dc668c56533c513abcfba20,400582985,Qwen/Qwen3-Coder-30B-A3B-Instruct,chatcmpl-1789416625114,a4c9614b58c5fbe698f4e6b29b0d4f3b01d920dd98cdbe451dcc2f440abe6b40
p12_video_player_java,12,video_player,java,8,src/main/java/PlaybackController.java,0538039766843d95a8cefa9a220a3bca4c3c30609bdafb983f6efa0d5a2438ad,RQ1/02_prompts/stage1/rendered/p12_video_player/java/008__src__main__java__PlaybackController.java/user_prompt.txt,be96cb38ad136150ddbad45f18e800399bdab78e9c3c987aced05aff9dbcaeee,RQ1/02_prompts/stage1/rendered/p12_video_player/java/008__src__main__java__PlaybackController.java/input_context.json,d9e124a4978bd51b27847edcdb2c32d8bc92e7db4d3da5dd8dba1ed8eef5d520,RQ1/02_prompts/stage1/rendered/p12_video_player/java/008__src__main__java__PlaybackController.java/request_metadata.json,55a24988dadc1c0548f81eb53ef5082a36c4b2158dc668c56533c513abcfba20,400582985,Qwen/Qwen3-Coder-30B-A3B-Instruct,chatcmpl-1789416700747,792622d1b8efb7dfcd43b53f1918b494e91993ff8cff35035d693024cb4b7bb3
p12_video_player_java,12,video_player,java,9,src/main/java/Main.java,0538039766843d95a8cefa9a220a3bca4c3c30609bdafb983f6efa0d5a2438ad,RQ1/02_prompts/stage1/rendered/p12_video_player/java/009__src__main__java__Main.java/user_prompt.txt,a036996fd991cf517bac80687975492a08847a8d45856e0a6ab7f876b665ddcb,RQ1/02_prompts/stage1/rendered/p12_video_player/java/009__src__main__java__Main.java/input_context.json,5672cb85a429101d64f3daafe137c2dce1057662480fe6938e56a246b6714892,RQ1/02_prompts/stage1/rendered/p12_video_player/java/009__src__main__java__Main.java/request_metadata.json,55a24988dadc1c0548f81eb53ef5082a36c4b2158dc668c56533c513abcfba20,400582985,Qwen/Qwen3-Coder-30B-A3B-Instruct,chatcmpl-1789416724039,53c6a063b015e07c78900db95c6656c56ef26ea36195774f6290fd6a0c007d28
p12_video_player_java,12,video_player,java,10,src/test/java/MainTest.java,0538039766843d95a8cefa9a220a3bca4c3c30609bdafb983f6efa0d5a2438ad,RQ1/02_prompts/stage1/rendered/p12_video_player/java/010__src__test__java__MainTest.java/user_prompt.txt,8e6de30974830686ac6e7ff20eaf89469a67b44c2d0048560808164a0f1c044a,RQ1/02_prompts/stage1/rendered/p12_video_player/java/010__src__test__java__MainTest.java/input_context.json,0bfc4e7fbd2bd7dddba890f72bc53b524356388ffdeddf186742cd5710b06f44,RQ1/02_prompts/stage1/rendered/p12_video_player/java/010__src__test__java__MainTest.java/request_metadata.json,55a24988dadc1c0548f81eb53ef5082a36c4b2158dc668c56533c513abcfba20,400582985,Qwen/Qwen3-Coder-30B-A3B-Instruct,chatcmpl-1789416772486,c637237225be2c898426a13007c3cb535eecaf8369945e32c5a5c062cc38fe8a
p12_video_player_python,12,video_player,python,1,requirements.txt,0538039766843d95a8cefa9a220a3bca4c3c30609bdafb983f6efa0d5a2438ad,RQ1/02_prompts/stage1/rendered/p12_video_player/python/001__requirements.txt/user_prompt.txt,818b21177139029a533506627086cb04bec7df1edb0cb06f46383e974f14e94c,RQ1/02_prompts/stage1/rendered/p12_video_player/python/001__requirements.txt/input_context.json,7ce8baa5a0cda54ddefbc3881e9b3c18a59d96293ae6dc6bea5c44853c40b8ca,RQ1/02_prompts/stage1/rendered/p12_video_player/python/001__requirements.txt/request_metadata.json,5689fda1678c63d031d808493ff4ab224d6ef87f515fcfeca55df4cf7112d5bb,769100576,Qwen/Qwen3-Coder-30B-A3B-Instruct,chatcmpl-1789264153696,e2bd74411a0fbdfb3116a0b91772bb2375e26f9afa848c2c8517201a891bdb54
p12_video_player_python,12,video_player,python,2,video_player/__init__.py,0538039766843d95a8cefa9a220a3bca4c3c30609bdafb983f6efa0d5a2438ad,RQ1/02_prompts/stage1/rendered/p12_video_player/python/002__video_player____init__.py/user_prompt.txt,89f902e0123fa86abab629fa54dcacf884410edb77de28dbf8ccf7e3d404f0d1,RQ1/02_prompts/stage1/rendered/p12_video_player/python/002__video_player____init__.py/input_context.json,3f7f8ec1c7be1ab19aa6b2ad0d8a88b2d06cc55699eb0c0f5d4e0f36f0d7f0fb,RQ1/02_prompts/stage1/rendered/p12_video_player/python/002__video_player____init__.py/request_metadata.json,5689fda1678c63d031d808493ff4ab224d6ef87f515fcfeca55df4cf7112d5bb,769100576,Qwen/Qwen3-Coder-30B-A3B-Instruct,chatcmpl-1789264163479,6573e89aded6d01e503cb20a650c8fa0e307705d9765cf7fb8320611d9d9c39a
p12_video_player_python,12,video_player,python,3,video_player/errors.py,0538039766843d95a8cefa9a220a3bca4c3c30609bdafb983f6efa0d5a2438ad,RQ1/02_prompts/stage1/rendered/p12_video_player/python/003__video_player__errors.py/user_prompt.txt,22d5f511c78c38e106635d49e4a31cee46dcd10f60626183fd007ee8384bd413,RQ1/02_prompts/stage1/rendered/p12_video_player/python/003__video_player__errors.py/input_context.json,a9a53b2df89f96bcce92fff1966f6955cb8bed6f6c7294d79d3f1b8f0f99e6fa,RQ1/02_prompts/stage1/rendered/p12_video_player/python/003__video_player__errors.py/request_metadata.json,5689fda1678c63d031d808493ff4ab224d6ef87f515fcfeca55df4cf7112d5bb,769100576,Qwen/Qwen3-Coder-30B-A3B-Instruct,chatcmpl-1789264178838,b100ab50133544bcae372683652bcde8bf67b946d996db47f6023b3a8947047c
p12_video_player_python,12,video_player,python,4,video_player/media.py,0538039766843d95a8cefa9a220a3bca4c3c30609bdafb983f6efa0d5a2438ad,RQ1/02_prompts/stage1/rendered/p12_video_player/python/004__video_player__media.py/user_prompt.txt,a5d1e3602de1f601e6e1f8c6d18291c978acc1381d06de60a9409725c0917c4d,RQ1/02_prompts/stage1/rendered/p12_video_player/python/004__video_player__media.py/input_context.json,61e5e87e91fe282bfe59dd0dc06cc93d5b61583f43ed467db3f607c31d93d317,RQ1/02_prompts/stage1/rendered/p12_video_player/python/004__video_player__media.py/request_metadata.json,5689fda1678c63d031d808493ff4ab224d6ef87f515fcfeca55df4cf7112d5bb,769100576,Qwen/Qwen3-Coder-30B-A3B-Instruct,chatcmpl-1789264222064,81ce506f68dbdcfa5df4fadd5cf4342336e7095906d02dd0507042673017091f
p12_video_player_python,12,video_player,python,5,video_player/clock.py,0538039766843d95a8cefa9a220a3bca4c3c30609bdafb983f6efa0d5a2438ad,RQ1/02_prompts/stage1/rendered/p12_video_player/python/005__video_player__clock.py/user_prompt.txt,a0d82974b56789c83fd5aa6d81ba1e579ebcf36444fdaba6ce058fb0b8572483,RQ1/02_prompts/stage1/rendered/p12_video_player/python/005__video_player__clock.py/input_context.json,3397919bdccaade7fc80d652bbd58c5c01fbd8573c620ba9e19ebc7ca6c66e32,RQ1/02_prompts/stage1/rendered/p12_video_player/python/005__video_player__clock.py/request_metadata.json,5689fda1678c63d031d808493ff4ab224d6ef87f515fcfeca55df4cf7112d5bb,769100576,Qwen/Qwen3-Coder-30B-A3B-Instruct,chatcmpl-1789264260836,b20522b483d1eabc9c9d9167e1ce1388482bc5718284ef86151c14a2cb8ae6dc
p12_video_player_python,12,video_player,python,6,video_player/playlist.py,0538039766843d95a8cefa9a220a3bca4c3c30609bdafb983f6efa0d5a2438ad,RQ1/02_prompts/stage1/rendered/p12_video_player/python/006__video_player__playlist.py/user_prompt.txt,31a405f17c37dbde09dfe1c0b465d7213e9e8c590536a1b91a165bb2db3d6fa9,RQ1/02_prompts/stage1/rendered/p12_video_player/python/006__video_player__playlist.py/input_context.json,a9e81869c57d08a49c58db9cbd9cdd7f4785dab9146c33deaabe4c2b6aea2cc8,RQ1/02_prompts/stage1/rendered/p12_video_player/python/006__video_player__playlist.py/request_metadata.json,5689fda1678c63d031d808493ff4ab224d6ef87f515fcfeca55df4cf7112d5bb,769100576,Qwen/Qwen3-Coder-30B-A3B-Instruct,chatcmpl-1789264315275,4827e4c7527e593a065c3f4030359b5d76918f34198b7c89d8ba20b21a4d461e
p12_video_player_python,12,video_player,python,7,video_player/player.py,0538039766843d95a8cefa9a220a3bca4c3c30609bdafb983f6efa0d5a2438ad,RQ1/02_prompts/stage1/rendered/p12_video_player/python/007__video_player__player.py/user_prompt.txt,33f22e94d5ceb2aac4e7e03938915194faa39f069d18573ede265d925863bebc,RQ1/02_prompts/stage1/rendered/p12_video_player/python/007__video_player__player.py/input_context.json,7c01fa6c5e2ae65c6802bf2f321faa21fdcedb86097aa745fce699843a0684f6,RQ1/02_prompts/stage1/rendered/p12_video_player/python/007__video_player__player.py/request_metadata.json,5689fda1678c63d031d808493ff4ab224d6ef87f515fcfeca55df4cf7112d5bb,769100576,Qwen/Qwen3-Coder-30B-A3B-Instruct,chatcmpl-1789264439572,88da68d43b6cdf21cdb688598031b1e4a275328090e9c899bbf8237c3fdcbad4
p12_video_player_python,12,video_player,python,8,Main.py,0538039766843d95a8cefa9a220a3bca4c3c30609bdafb983f6efa0d5a2438ad,RQ1/02_prompts/stage1/rendered/p12_video_player/python/008__Main.py/user_prompt.txt,50b244d051ea248ec35c04851b4790bf0b36c3ea4933eb5c5060c257dbfa1b58,RQ1/02_prompts/stage1/rendered/p12_video_player/python/008__Main.py/input_context.json,3cfcf2ae0f1b39b01347627036c713837286dffc3e85428d4d124b46b2465f42,RQ1/02_prompts/stage1/rendered/p12_video_player/python/008__Main.py/request_metadata.json,5689fda1678c63d031d808493ff4ab224d6ef87f515fcfeca55df4cf7112d5bb,769100576,Qwen/Qwen3-Coder-30B-A3B-Instruct,chatcmpl-1789264495593,b71189731d78541023752b7351e6f8ff06fee12621af33bee9c4813916dd1e4c
p12_video_player_python,12,video_player,python,9,tests/test_main.py,0538039766843d95a8cefa9a220a3bca4c3c30609bdafb983f6efa0d5a2438ad,RQ1/02_prompts/stage1/rendered/p12_video_player/python/009__tests__test_main.py/user_prompt.txt,7eac9bd1692c93c2337db1e71907f7e9ef00c5ef58754f7b9882694a7c805112,RQ1/02_prompts/stage1/rendered/p12_video_player/python/009__tests__test_main.py/input_context.json,54696aa3c2ecfbf44acb39b075f5c808ac36582e49545d8022559afa10548c02,RQ1/02_prompts/stage1/rendered/p12_video_player/python/009__tests__test_main.py/request_metadata.json,5689fda1678c63d031d808493ff4ab224d6ef87f515fcfeca55df4cf7112d5bb,769100576,Qwen/Qwen3-Coder-30B-A3B-Instruct,chatcmpl-1789264608066,0caf7e253002c5017e40cc50b1d74a60e5b5ed8c4428029d0c0a65f3fc88fc02
p13_video_downloader_cpp,13,video_downloader,cpp,1,CMakeLists.txt,0538039766843d95a8cefa9a220a3bca4c3c30609bdafb983f6efa0d5a2438ad,RQ1/02_prompts/stage1/rendered/p13_video_downloader/cpp/001__CMakeLists.txt/user_prompt.txt,28b65222529bc515f0245666cd27bab8e0204388ca937ccc81dd9554ef0e5e29,RQ1/02_prompts/stage1/rendered/p13_video_downloader/cpp/001__CMakeLists.txt/input_context.json,f544ecaa3164cd1c8688437c4abd966424c1075e1c3aa4b04450f57b459465d0,RQ1/02_prompts/stage1/rendered/p13_video_downloader/cpp/001__CMakeLists.txt/request_metadata.json,0c3308c5aeee9258c55977229ef5b91bb5a3a7c9130d93444a59becd23faef67,2929423155,Qwen/Qwen3-Coder-30B-A3B-Instruct,chatcmpl-1789418638800,63572ef13b0b35253ed7a369fedf27885da33fc3759f7a0cd6264bebb1a79677
p13_video_downloader_cpp,13,video_downloader,cpp,2,include/DownloadTypes.h,0538039766843d95a8cefa9a220a3bca4c3c30609bdafb983f6efa0d5a2438ad,RQ1/02_prompts/stage1/rendered/p13_video_downloader/cpp/002__include__DownloadTypes.h/user_prompt.txt,0c163573c96a9edfb5afc83eeb72add7becd07d253f7d18f314f9c2d6f087dd5,RQ1/02_prompts/stage1/rendered/p13_video_downloader/cpp/002__include__DownloadTypes.h/input_context.json,76a5b7800a77e3415771a529088914514ebea6b743e713b581e695c3ca41b54e,RQ1/02_prompts/stage1/rendered/p13_video_downloader/cpp/002__include__DownloadTypes.h/request_metadata.json,0c3308c5aeee9258c55977229ef5b91bb5a3a7c9130d93444a59becd23faef67,2929423155,Qwen/Qwen3-Coder-30B-A3B-Instruct,chatcmpl-1789418663064,35548aafdf7c257815d8b87b2baeec935c17edfbbd4dedea4d59c54aa0cbbbb0
p13_video_downloader_cpp,13,video_downloader,cpp,3,include/Url.h,0538039766843d95a8cefa9a220a3bca4c3c30609bdafb983f6efa0d5a2438ad,RQ1/02_prompts/stage1/rendered/p13_video_downloader/cpp/003__include__Url.h/user_prompt.txt,872c745ba4aed185963124c469cdb01ad35d4d8771f6778bdad268eb921dc6fa,RQ1/02_prompts/stage1/rendered/p13_video_downloader/cpp/003__include__Url.h/input_context.json,85378564e68e21d38aa21597ff18dc59e1c4ad8593c9612dfbb14bb3bf6a765f,RQ1/02_prompts/stage1/rendered/p13_video_downloader/cpp/003__include__Url.h/request_metadata.json,0c3308c5aeee9258c55977229ef5b91bb5a3a7c9130d93444a59becd23faef67,2929423155,Qwen/Qwen3-Coder-30B-A3B-Instruct,chatcmpl-1789418683472,b493312dc55052fc245ddfed74334bc709f4b24aba0fa49908413c6fcc0e680b
p13_video_downloader_cpp,13,video_downloader,cpp,4,src/Url.cpp,0538039766843d95a8cefa9a220a3bca4c3c30609bdafb983f6efa0d5a2438ad,RQ1/02_prompts/stage1/rendered/p13_video_downloader/cpp/004__src__Url.cpp/user_prompt.txt,71ac3071af423745ebe75ec3480e286140563a8a3af654da8c72867f73b458a4,RQ1/02_prompts/stage1/rendered/p13_video_downloader/cpp/004__src__Url.cpp/input_context.json,715736f83ebf3bc1301e25f9bd7d68d7dec14d31e26b75fdb6703cba4c7bc7a4,RQ1/02_prompts/stage1/rendered/p13_video_downloader/cpp/004__src__Url.cpp/request_metadata.json,0c3308c5aeee9258c55977229ef5b91bb5a3a7c9130d93444a59becd23faef67,2929423155,Qwen/Qwen3-Coder-30B-A3B-Instruct,chatcmpl-1789418721246,4bd4ec365c6f0298afdb6ffe452d92ae1de6be93cdd67da57888d90977f0aefd
p13_video_downloader_cpp,13,video_downloader,cpp,5,include/SafeNamer.h,0538039766843d95a8cefa9a220a3bca4c3c30609bdafb983f6efa0d5a2438ad,RQ1/02_prompts/stage1/rendered/p13_video_downloader/cpp/005__include__SafeNamer.h/user_prompt.txt,80b88184cb81e463ccf0033eb13c785f80d31987f4fb85cb8de3f766a650ee0f,RQ1/02_prompts/stage1/rendered/p13_video_downloader/cpp/005__include__SafeNamer.h/input_context.json,8f47b081647abd87a555245357ba858098d67e3e570e9a9c18dbac620dde80be,RQ1/02_prompts/stage1/rendered/p13_video_downloader/cpp/005__include__SafeNamer.h/request_metadata.json,0c3308c5aeee9258c55977229ef5b91bb5a3a7c9130d93444a59becd23faef67,2929423155,Qwen/Qwen3-Coder-30B-A3B-Instruct,chatcmpl-1789418753058,af1b125e8bbc8af2a5e8c07eb9db5060281a3a52101f2c490c0bc24b741f7596
p13_video_downloader_cpp,13,video_downloader,cpp,6,src/SafeNamer.cpp,0538039766843d95a8cefa9a220a3bca4c3c30609bdafb983f6efa0d5a2438ad,RQ1/02_prompts/stage1/rendered/p13_video_downloader/cpp/006__src__SafeNamer.cpp/user_prompt.txt,26e6ecf975bec6fdb789e91e33137750824eb22e9f924cd40ff0e081002a2ddb,RQ1/02_prompts/stage1/rendered/p13_video_downloader/cpp/006__src__SafeNamer.cpp/input_context.json,1abbfa639abd31b3527a1a3e912d09f6fe242ba7c972a7adbe257097cfdc9015,RQ1/02_prompts/stage1/rendered/p13_video_downloader/cpp/006__src__SafeNamer.cpp/request_metadata.json,0c3308c5aeee9258c55977229ef5b91bb5a3a7c9130d93444a59becd23faef67,2929423155,Qwen/Qwen3-Coder-30B-A3B-Instruct,chatcmpl-1789418788679,9ca818ed604fd9babb79dc3fb235760c81dd01d04be10b9237e1989c4d727a40
p13_video_downloader_cpp,13,video_downloader,cpp,7,include/Transfer.h,0538039766843d95a8cefa9a220a3bca4c3c30609bdafb983f6efa0d5a2438ad,RQ1/02_prompts/stage1/rendered/p13_video_downloader/cpp/007__include__Transfer.h/user_prompt.txt,5af23b8f039fb9ccf7c48822cce31db3e798d6e67c7d2f9225c565e400157a4e,RQ1/02_prompts/stage1/rendered/p13_video_downloader/cpp/007__include__Transfer.h/input_context.json,9232752f0d5accc28c0adbd19c3b9be7f12f22b8af86084dd15dc757ad3b026a,RQ1/02_prompts/stage1/rendered/p13_video_downloader/cpp/007__include__Transfer.h/request_metadata.json,0c3308c5aeee9258c55977229ef5b91bb5a3a7c9130d93444a59becd23faef67,2929423155,Qwen/Qwen3-Coder-30B-A3B-Instruct,chatcmpl-1789418808664,443b027c9154b4fcbdac2dd7d0e13c653ba13ff2641fa27633069581d50d2a99
p13_video_downloader_cpp,13,video_downloader,cpp,8,src/Transfer.cpp,0538039766843d95a8cefa9a220a3bca4c3c30609bdafb983f6efa0d5a2438ad,RQ1/02_prompts/stage1/rendered/p13_video_downloader/cpp/008__src__Transfer.cpp/user_prompt.txt,37ef3abf636675edf3eee43269e4c26caad94fdc02748886da4ca9c22a3eb735,RQ1/02_prompts/stage1/rendered/p13_video_downloader/cpp/008__src__Transfer.cpp/input_context.json,c3ac819396a728a2880696b89d54482316b17b20826961ac2b224b1f1fbc2a6e,RQ1/02_prompts/stage1/rendered/p13_video_downloader/cpp/008__src__Transfer.cpp/request_metadata.json,0c3308c5aeee9258c55977229ef5b91bb5a3a7c9130d93444a59becd23faef67,2929423155,Qwen/Qwen3-Coder-30B-A3B-Instruct,chatcmpl-1789418816744,55dc2b67b1086d21f1143c9891d1b5604df7507b5f1310d0f75825bbee1a921d
p13_video_downloader_cpp,13,video_downloader,cpp,9,include/DownloadQueue.h,0538039766843d95a8cefa9a220a3bca4c3c30609bdafb983f6efa0d5a2438ad,RQ1/02_prompts/stage1/rendered/p13_video_downloader/cpp/009__include__DownloadQueue.h/user_prompt.txt,5e3d09ce13e68a27e9fb3610a12f92fd9ecaba5b32a2b1485f3d5fb898e2f02c,RQ1/02_prompts/stage1/rendered/p13_video_downloader/cpp/009__include__DownloadQueue.h/input_context.json,23af59fc2aceca8039ef017dacb95637bbfb382e926b26407dc63ae0f97d9629,RQ1/02_prompts/stage1/rendered/p13_video_downloader/cpp/009__include__DownloadQueue.h/request_metadata.json,0c3308c5aeee9258c55977229ef5b91bb5a3a7c9130d93444a59becd23faef67,2929423155,Qwen/Qwen3-Coder-30B-A3B-Instruct,chatcmpl-1789418852213,3d41bfad8bab40a7a3305c3cac666f721ec49f1c8286f8802a9ab907ce49d065
p13_video_downloader_cpp,13,video_downloader,cpp,10,src/DownloadQueue.cpp,0538039766843d95a8cefa9a220a3bca4c3c30609bdafb983f6efa0d5a2438ad,RQ1/02_prompts/stage1/rendered/p13_video_downloader/cpp/010__src__DownloadQueue.cpp/user_prompt.txt,d1cabb1fa4fa6f7f795281bebb305e4b9cf9ec2afafe0d063de8be2361abb2c1,RQ1/02_prompts/stage1/rendered/p13_video_downloader/cpp/010__src__DownloadQueue.cpp/input_context.json,04c2ab10d7830a42766aee591714c210d6b1aa4c267ed87fcd5bfd6e9b5c69db,RQ1/02_prompts/stage1/rendered/p13_video_downloader/cpp/010__src__DownloadQueue.cpp/request_metadata.json,0c3308c5aeee9258c55977229ef5b91bb5a3a7c9130d93444a59becd23faef67,2929423155,Qwen/Qwen3-Coder-30B-A3B-Instruct,chatcmpl-1789418903690,7f0c8ff4fad53cd8c1a6bc63b36be225965c58a1ae46e34a7445b7d64b1b2668
p13_video_downloader_cpp,13,video_downloader,cpp,11,src/Main.cpp,0538039766843d95a8cefa9a220a3bca4c3c30609bdafb983f6efa0d5a2438ad,RQ1/02_prompts/stage1/rendered/p13_video_downloader/cpp/011__src__Main.cpp/user_prompt.txt,8ca4f0b796b4ea24a73dfd2ff88a2a09c2a6440b806432f82fbca24df0f2757c,RQ1/02_prompts/stage1/rendered/p13_video_downloader/cpp/011__src__Main.cpp/input_context.json,756051f4c83690ab93f5daf09de4ac58342f2d7af7b08f665be0f03991f19d80,RQ1/02_prompts/stage1/rendered/p13_video_downloader/cpp/011__src__Main.cpp/request_metadata.json,0c3308c5aeee9258c55977229ef5b91bb5a3a7c9130d93444a59becd23faef67,2929423155,Qwen/Qwen3-Coder-30B-A3B-Instruct,chatcmpl-1789418915487,2a76cd1d503b1a340338dc7a2218a4dd2d8f8a7656b4a898eb56bda038af89aa
p13_video_downloader_cpp,13,video_downloader,cpp,12,tests/test_main.cpp,0538039766843d95a8cefa9a220a3bca4c3c30609bdafb983f6efa0d5a2438ad,RQ1/02_prompts/stage1/rendered/p13_video_downloader/cpp/012__tests__test_main.cpp/user_prompt.txt,37514a0e58843a7fca9a830331481a842d514311d5b7cc521d5bd1708ce91641,RQ1/02_prompts/stage1/rendered/p13_video_downloader/cpp/012__tests__test_main.cpp/input_context.json,2abc3bc4027ce20dda87a213aabce46151f0528373a8d060451b017b924a3e0c,RQ1/02_prompts/stage1/rendered/p13_video_downloader/cpp/012__tests__test_main.cpp/request_metadata.json,0c3308c5aeee9258c55977229ef5b91bb5a3a7c9130d93444a59becd23faef67,2929423155,Qwen/Qwen3-Coder-30B-A3B-Instruct,chatcmpl-1789418952212,f0d8391dbb03c1d7cb98584646f1006ec6813967c8c16fee91fa4cfafe7ec274
p13_video_downloader_java,13,video_downloader,java,1,pom.xml,0538039766843d95a8cefa9a220a3bca4c3c30609bdafb983f6efa0d5a2438ad,RQ1/02_prompts/stage1/rendered/p13_video_downloader/java/001__pom.xml/user_prompt.txt,be200fac932bbd99e23594fdf463ed90f7de4eabfad99f9f964448bd22c0f2df,RQ1/02_prompts/stage1/rendered/p13_video_downloader/java/001__pom.xml/input_context.json,f9753c00b00f61b4a0bd32e9d32de56dbc0e5f086ed525247030a2bfdfc8b346,RQ1/02_prompts/stage1/rendered/p13_video_downloader/java/001__pom.xml/request_metadata.json,a1cc46f1bed3edcf7b1c191c98cc1e1827bebbeccfa6a9e04418faff60eaba09,2020452492,Qwen/Qwen3-Coder-30B-A3B-Instruct,chatcmpl-1789409585683,31cebb63aaaa399566f56d3ea99cef832c44f106e3c1689e4a063f6271b11759
p13_video_downloader_java,13,video_downloader,java,2,src/main/java/DownloadFormat.java,0538039766843d95a8cefa9a220a3bca4c3c30609bdafb983f6efa0d5a2438ad,RQ1/02_prompts/stage1/rendered/p13_video_downloader/java/002__src__main__java__DownloadFormat.java/user_prompt.txt,38494cdb508cfacd570a593a82f62662592a4cbb09b830f88417010d7341e5d0,RQ1/02_prompts/stage1/rendered/p13_video_downloader/java/002__src__main__java__DownloadFormat.java/input_context.json,8f5746042b6a65bcec2370578c2f4efee96d912d62c0a23a59d316f4431e0b7e,RQ1/02_prompts/stage1/rendered/p13_video_downloader/java/002__src__main__java__DownloadFormat.java/request_metadata.json,a1cc46f1bed3edcf7b1c191c98cc1e1827bebbeccfa6a9e04418faff60eaba09,2020452492,Qwen/Qwen3-Coder-30B-A3B-Instruct,chatcmpl-1789409603876,1d6986220a008a1ce87e20db2fdac0279e198e0544b07794df0bd30a90acc573
p13_video_downloader_java,13,video_downloader,java,3,src/main/java/ValidationUtils.java,0538039766843d95a8cefa9a220a3bca4c3c30609bdafb983f6efa0d5a2438ad,RQ1/02_prompts/stage1/rendered/p13_video_downloader/java/003__src__main__java__ValidationUtils.java/user_prompt.txt,f6221232ee3bd6ebf76ec1911532620204ca56caa88606d6c5965d2c975c3884,RQ1/02_prompts/stage1/rendered/p13_video_downloader/java/003__src__main__java__ValidationUtils.java/input_context.json,be1a20b7757d57eca1294de5897170750fdd796d96c1eeaf21f9f75188dfef64,RQ1/02_prompts/stage1/rendered/p13_video_downloader/java/003__src__main__java__ValidationUtils.java/request_metadata.json,a1cc46f1bed3edcf7b1c191c98cc1e1827bebbeccfa6a9e04418faff60eaba09,2020452492,Qwen/Qwen3-Coder-30B-A3B-Instruct,chatcmpl-1789409636527,b89c333c6ef24c945341463794873d043e36802d7243b460eff5a2490aaa9055
p13_video_downloader_java,13,video_downloader,java,4,src/main/java/ProgressListener.java,0538039766843d95a8cefa9a220a3bca4c3c30609bdafb983f6efa0d5a2438ad,RQ1/02_prompts/stage1/rendered/p13_video_downloader/java/004__src__main__java__ProgressListener.java/user_prompt.txt,eea835f6ce451784377cc4af7b1b31e85713eec7f1c3991ea8338239ae64cf18,RQ1/02_prompts/stage1/rendered/p13_video_downloader/java/004__src__main__java__ProgressListener.java/input_context.json,ba9d081f92f728124efacbbd016c71ad7dacf60532be60d6542a7b7250706622,RQ1/02_prompts/stage1/rendered/p13_video_downloader/java/004__src__main__java__ProgressListener.java/request_metadata.json,a1cc46f1bed3edcf7b1c191c98cc1e1827bebbeccfa6a9e04418faff60eaba09,2020452492,Qwen/Qwen3-Coder-30B-A3B-Instruct,chatcmpl-1789409646847,e7b769117fcc8288c53473297d2caa867b0575b013c1de9c679dba7ca4c9647b
p13_video_downloader_java,13,video_downloader,java,5,src/main/java/TransferSession.java,0538039766843d95a8cefa9a220a3bca4c3c30609bdafb983f6efa0d5a2438ad,RQ1/02_prompts/stage1/rendered/p13_video_downloader/java/005__src__main__java__TransferSession.java/user_prompt.txt,9a2eecb6c2e45b3f844ab9dc462ed9a287ec18d4415f1803a393a910af3dd74e,RQ1/02_prompts/stage1/rendered/p13_video_downloader/java/005__src__main__java__TransferSession.java/input_context.json,ce851c7a76696d7e2e3ea587ec2c9b31dc89124018568d462d4936f227cfa3bd,RQ1/02_prompts/stage1/rendered/p13_video_downloader/java/005__src__main__java__TransferSession.java/request_metadata.json,a1cc46f1bed3edcf7b1c191c98cc1e1827bebbeccfa6a9e04418faff60eaba09,2020452492,Qwen/Qwen3-Coder-30B-A3B-Instruct,chatcmpl-1789409661614,61a8b6b0880882b2c28455fb80a93538ff3e955d6f4df46a0ae75f811ae16268
p13_video_downloader_java,13,video_downloader,java,6,src/main/java/TransferAdapter.java,0538039766843d95a8cefa9a220a3bca4c3c30609bdafb983f6efa0d5a2438ad,RQ1/02_prompts/stage1/rendered/p13_video_downloader/java/006__src__main__java__TransferAdapter.java/user_prompt.txt,e8258f34def2dadd5917401a6b0db4245ad0fcf647d4e0a5a2f2143caed38cb3,RQ1/02_prompts/stage1/rendered/p13_video_downloader/java/006__src__main__java__TransferAdapter.java/input_context.json,d489a78b81179215dc59d44c3e81d9856d4ff1d07e93b461cf98c22e07cece0c,RQ1/02_prompts/stage1/rendered/p13_video_downloader/java/006__src__main__java__TransferAdapter.java/request_metadata.json,a1cc46f1bed3edcf7b1c191c98cc1e1827bebbeccfa6a9e04418faff60eaba09,2020452492,Qwen/Qwen3-Coder-30B-A3B-Instruct,chatcmpl-1789409672108,ee35f957d756c0f7a9c133bc0e1e704a0a2679456cbf2f6d4748b099d83d8ba6
p13_video_downloader_java,13,video_downloader,java,7,src/main/java/DownloadStatus.java,0538039766843d95a8cefa9a220a3bca4c3c30609bdafb983f6efa0d5a2438ad,RQ1/02_prompts/stage1/rendered/p13_video_downloader/java/007__src__main__java__DownloadStatus.java/user_prompt.txt,696ceec3aaf034e3c08b369fa7c20faf7c2a44c5893a9d91dff891b24a97bfd5,RQ1/02_prompts/stage1/rendered/p13_video_downloader/java/007__src__main__java__DownloadStatus.java/input_context.json,7da01d42a70bc08bd7ecd78287c846fb1958d5701425cbe7020dac70caf719ea,RQ1/02_prompts/stage1/rendered/p13_video_downloader/java/007__src__main__java__DownloadStatus.java/request_metadata.json,a1cc46f1bed3edcf7b1c191c98cc1e1827bebbeccfa6a9e04418faff60eaba09,2020452492,Qwen/Qwen3-Coder-30B-A3B-Instruct,chatcmpl-1789409681433,ad1f48d6c2acc4bbb8d1bcdfd6892d592e6e6a5fe5c46e1ba23d4658f4f6898d
p13_video_downloader_java,13,video_downloader,java,8,src/main/java/VideoDownloadRequest.java,0538039766843d95a8cefa9a220a3bca4c3c30609bdafb983f6efa0d5a2438ad,RQ1/02_prompts/stage1/rendered/p13_video_downloader/java/008__src__main__java__VideoDownloadRequest.java/user_prompt.txt,f34d193f0fc3a5d4b8eca0805c417c8fc6a0d863b977e62f523fd005f73bd1b5,RQ1/02_prompts/stage1/rendered/p13_video_downloader/java/008__src__main__java__VideoDownloadRequest.java/input_context.json,c021540f65a49dcf53215ff32d0a84ba436ac5ae85ef332c36f2de989ea298cb,RQ1/02_prompts/stage1/rendered/p13_video_downloader/java/008__src__main__java__VideoDownloadRequest.java/request_metadata.json,a1cc46f1bed3edcf7b1c191c98cc1e1827bebbeccfa6a9e04418faff60eaba09,2020452492,Qwen/Qwen3-Coder-30B-A3B-Instruct,chatcmpl-1789409718845,455e2db39deafb09a16ebaf5bb57e4a7f0ce6e8101915bc9c2ad5c937567d134
p13_video_downloader_java,13,video_downloader,java,9,src/main/java/DownloadTask.java,0538039766843d95a8cefa9a220a3bca4c3c30609bdafb983f6efa0d5a2438ad,RQ1/02_prompts/stage1/rendered/p13_video_downloader/java/009__src__main__java__DownloadTask.java/user_prompt.txt,595f6cb61887395aaae525be0a61f0c91d01b0039072a77093ba353ef67c8f97,RQ1/02_prompts/stage1/rendered/p13_video_downloader/java/009__src__main__java__DownloadTask.java/input_context.json,365a665204509df1090fe4e77749536b99f529ebcc78f95fb4dff8e5903f9413,RQ1/02_prompts/stage1/rendered/p13_video_downloader/java/009__src__main__java__DownloadTask.java/request_metadata.json,a1cc46f1bed3edcf7b1c191c98cc1e1827bebbeccfa6a9e04418faff60eaba09,2020452492,Qwen/Qwen3-Coder-30B-A3B-Instruct,chatcmpl-1789409773369,9feb5dfe89c74cb112d1d7daa609ed521cdf387ac32a606887c1bd0a9d270823
p13_video_downloader_java,13,video_downloader,java,10,src/main/java/VideoDownloader.java,0538039766843d95a8cefa9a220a3bca4c3c30609bdafb983f6efa0d5a2438ad,RQ1/02_prompts/stage1/rendered/p13_video_downloader/java/010__src__main__java__VideoDownloader.java/user_prompt.txt,ebbdb24ec3c4c1c252f9cf202e9a0b4723362b0fd4fdc1d1eea97e37738f55d7,RQ1/02_prompts/stage1/rendered/p13_video_downloader/java/010__src__main__java__VideoDownloader.java/input_context.json,240ee5553f34bebe808de36616587efc1bd0fc0a2c1fb9fd9cda29cf44549b71,RQ1/02_prompts/stage1/rendered/p13_video_downloader/java/010__src__main__java__VideoDownloader.java/request_metadata.json,a1cc46f1bed3edcf7b1c191c98cc1e1827bebbeccfa6a9e04418faff60eaba09,2020452492,Qwen/Qwen3-Coder-30B-A3B-Instruct,chatcmpl-1789409830915,56c737e6214b5616a3c5524e14bad47af629cc1f44b5a1ffddfa1fe5cecb80fc
p13_video_downloader_java,13,video_downloader,java,11,src/main/java/OfflineDeterministicAdapter.java,0538039766843d95a8cefa9a220a3bca4c3c30609bdafb983f6efa0d5a2438ad,RQ1/02_prompts/stage1/rendered/p13_video_downloader/java/011__src__main__java__OfflineDeterministicAdapter.java/user_prompt.txt,ff372dacb3efae267912cbe718cabfd08e703bad3d97edb74fc7ad6ded7ccf7e,RQ1/02_prompts/stage1/rendered/p13_video_downloader/java/011__src__main__java__OfflineDeterministicAdapter.java/input_context.json,447c6a0b221b5719032c8d56f0f0ff89e6b45feb09fdfd2f36218981ad0d74bd,RQ1/02_prompts/stage1/rendered/p13_video_downloader/java/011__src__main__java__OfflineDeterministicAdapter.java/request_metadata.json,a1cc46f1bed3edcf7b1c191c98cc1e1827bebbeccfa6a9e04418faff60eaba09,2020452492,Qwen/Qwen3-Coder-30B-A3B-Instruct,chatcmpl-1789409882119,a4488a78007b854835ca3e31a1e825c730eb0c28ba9832f33b5e91cd37f3221e
p13_video_downloader_java,13,video_downloader,java,12,src/main/java/Main.java,0538039766843d95a8cefa9a220a3bca4c3c30609bdafb983f6efa0d5a2438ad,RQ1/02_prompts/stage1/rendered/p13_video_downloader/java/012__src__main__java__Main.java/user_prompt.txt,21afae1edd2deb9f1cb272ecda3be712c5c4df0208077308291286ca3d8e4048,RQ1/02_prompts/stage1/rendered/p13_video_downloader/java/012__src__main__java__Main.java/input_context.json,2bb5014511a151e2bd3a27dba0be62689c93c9231053c718673cf1fba38722e3,RQ1/02_prompts/stage1/rendered/p13_video_downloader/java/012__src__main__java__Main.java/request_metadata.json,a1cc46f1bed3edcf7b1c191c98cc1e1827bebbeccfa6a9e04418faff60eaba09,2020452492,Qwen/Qwen3-Coder-30B-A3B-Instruct,chatcmpl-1789409913414,f6d35812b7eec081349ada7d7192b2868968529b13b7c0e4bad079968f97f1aa
p13_video_downloader_java,13,video_downloader,java,13,src/test/java/MainTest.java,0538039766843d95a8cefa9a220a3bca4c3c30609bdafb983f6efa0d5a2438ad,RQ1/02_prompts/stage1/rendered/p13_video_downloader/java/013__src__test__java__MainTest.java/user_prompt.txt,60a2ad074e1242b702af35ef0f8151758634610069320841263dd63374b9ed85,RQ1/02_prompts/stage1/rendered/p13_video_downloader/java/013__src__test__java__MainTest.java/input_context.json,23d5ee22aa1f7ad54aea31eafdd7917ce8956ac08200b80cbdb5551e2f817783,RQ1/02_prompts/stage1/rendered/p13_video_downloader/java/013__src__test__java__MainTest.java/request_metadata.json,a1cc46f1bed3edcf7b1c191c98cc1e1827bebbeccfa6a9e04418faff60eaba09,2020452492,Qwen/Qwen3-Coder-30B-A3B-Instruct,chatcmpl-1789409958624,c4216ef87b7330b70b81966ff31dcf1e320124ef3392a88e676a7e42af9c8c9d
p13_video_downloader_python,13,video_downloader,python,1,requirements.txt,0538039766843d95a8cefa9a220a3bca4c3c30609bdafb983f6efa0d5a2438ad,RQ1/02_prompts/stage1/rendered/p13_video_downloader/python/001__requirements.txt/user_prompt.txt,d14d2f6b80eb7371dc5b32b754409402e829249664d55556fb1826de645b1c5e,RQ1/02_prompts/stage1/rendered/p13_video_downloader/python/001__requirements.txt/input_context.json,4378da02a15ca586da870270a1d157217ddc809656b319627550ac0be7cbaa9d,RQ1/02_prompts/stage1/rendered/p13_video_downloader/python/001__requirements.txt/request_metadata.json,83470ec0963573472d5b4d87fbfa6614e29466a9a4e7fb10ab31cbc86f357dbc,872520481,Qwen/Qwen3-Coder-30B-A3B-Instruct,chatcmpl-1789422850559,e2bd74411a0fbdfb3116a0b91772bb2375e26f9afa848c2c8517201a891bdb54
p13_video_downloader_python,13,video_downloader,python,2,video_downloader/errors.py,0538039766843d95a8cefa9a220a3bca4c3c30609bdafb983f6efa0d5a2438ad,RQ1/02_prompts/stage1/rendered/p13_video_downloader/python/002__video_downloader__errors.py/user_prompt.txt,2da908c3b1ef1b6be085426d6822381f4962c0aeed143ac2ac08b60eb9477ebf,RQ1/02_prompts/stage1/rendered/p13_video_downloader/python/002__video_downloader__errors.py/input_context.json,15b800c725cdd0d65a8707318a7c40ec47be8716a07961c18d0f7a7a656ee1d2,RQ1/02_prompts/stage1/rendered/p13_video_downloader/python/002__video_downloader__errors.py/request_metadata.json,83470ec0963573472d5b4d87fbfa6614e29466a9a4e7fb10ab31cbc86f357dbc,872520481,Qwen/Qwen3-Coder-30B-A3B-Instruct,chatcmpl-1789422857116,b62cf29f86c544416527b19550db6f7f2185fc738e7d3167e54ac34c2b459dd3
p13_video_downloader_python,13,video_downloader,python,3,video_downloader/url.py,0538039766843d95a8cefa9a220a3bca4c3c30609bdafb983f6efa0d5a2438ad,RQ1/02_prompts/stage1/rendered/p13_video_downloader/python/003__video_downloader__url.py/user_prompt.txt,376f7cd1e5042d775498ffaf2a79d021db11a2739aeedf9fbf772bd094b97f12,RQ1/02_prompts/stage1/rendered/p13_video_downloader/python/003__video_downloader__url.py/input_context.json,8f121179d7c607f703af3f6ecf2380acd6d759154a557fe064bd3870cf070703,RQ1/02_prompts/stage1/rendered/p13_video_downloader/python/003__video_downloader__url.py/request_metadata.json,83470ec0963573472d5b4d87fbfa6614e29466a9a4e7fb10ab31cbc86f357dbc,872520481,Qwen/Qwen3-Coder-30B-A3B-Instruct,chatcmpl-1789422874530,b21783d3ef445bcbbe5d4bb77ec057699c9ca5458234ad5caf2be9d3fe971d4f
p13_video_downloader_python,13,video_downloader,python,4,video_downloader/naming.py,0538039766843d95a8cefa9a220a3bca4c3c30609bdafb983f6efa0d5a2438ad,RQ1/02_prompts/stage1/rendered/p13_video_downloader/python/004__video_downloader__naming.py/user_prompt.txt,68a44474de88382f8f11aae6830c54ba2c9e43945a4dab693d36630ba5fdd983,RQ1/02_prompts/stage1/rendered/p13_video_downloader/python/004__video_downloader__naming.py/input_context.json,860aaf168393f4df0fc7630005a5675d50cab7ef394977b03c3d00fcf5562885,RQ1/02_prompts/stage1/rendered/p13_video_downloader/python/004__video_downloader__naming.py/request_metadata.json,83470ec0963573472d5b4d87fbfa6614e29466a9a4e7fb10ab31cbc86f357dbc,872520481,Qwen/Qwen3-Coder-30B-A3B-Instruct,chatcmpl-1789422899638,65ab287678739729c2af35d7933ce3bb8bf54c7840f4f24d491b16f1b6011339
p13_video_downloader_python,13,video_downloader,python,5,video_downloader/request.py,0538039766843d95a8cefa9a220a3bca4c3c30609bdafb983f6efa0d5a2438ad,RQ1/02_prompts/stage1/rendered/p13_video_downloader/python/005__video_downloader__request.py/user_prompt.txt,74e33803be4f75d4a5d750a92c60ce9f7933ca745503b53878290d1441672d41,RQ1/02_prompts/stage1/rendered/p13_video_downloader/python/005__video_downloader__request.py/input_context.json,d6d92ce7a4ce86c8a7566250ee86e46615a56c92330eb94de7a0c45500092466,RQ1/02_prompts/stage1/rendered/p13_video_downloader/python/005__video_downloader__request.py/request_metadata.json,83470ec0963573472d5b4d87fbfa6614e29466a9a4e7fb10ab31cbc86f357dbc,872520481,Qwen/Qwen3-Coder-30B-A3B-Instruct,chatcmpl-1789422925892,8dc7666c65083060f70e6ff219abdcfebb58bf210ad1a8e11e9f886daad413cb
p13_video_downloader_python,13,video_downloader,python,6,video_downloader/progress.py,0538039766843d95a8cefa9a220a3bca4c3c30609bdafb983f6efa0d5a2438ad,RQ1/02_prompts/stage1/rendered/p13_video_downloader/python/006__video_downloader__progress.py/user_prompt.txt,7fdec5e882efa82e4b5c90b101467aa0c88e4767041d5c3ee999e49bf7b2376b,RQ1/02_prompts/stage1/rendered/p13_video_downloader/python/006__video_downloader__progress.py/input_context.json,a0391dc6a7141b9494a8d3a084109cb27b3f79faf865592b36b5213cda35bac6,RQ1/02_prompts/stage1/rendered/p13_video_downloader/python/006__video_downloader__progress.py/request_metadata.json,83470ec0963573472d5b4d87fbfa6614e29466a9a4e7fb10ab31cbc86f357dbc,872520481,Qwen/Qwen3-Coder-30B-A3B-Instruct,chatcmpl-1789422959762,0cc596e21044af237d46ab79c0745abedcfa4a437bb85076d4ecddfd59f48ea9
p13_video_downloader_python,13,video_downloader,python,7,video_downloader/transfer.py,0538039766843d95a8cefa9a220a3bca4c3c30609bdafb983f6efa0d5a2438ad,RQ1/02_prompts/stage1/rendered/p13_video_downloader/python/007__video_downloader__transfer.py/user_prompt.txt,259b9c6cde037aacb0039bade9abd6abe7b934d2ec0f1a1f2d5c5a8af2958084,RQ1/02_prompts/stage1/rendered/p13_video_downloader/python/007__video_downloader__transfer.py/input_context.json,074704aac0a75638c22c2c0eea9f1acdb476bc5c9cc182101323f760a15a6808,RQ1/02_prompts/stage1/rendered/p13_video_downloader/python/007__video_downloader__transfer.py/request_metadata.json,83470ec0963573472d5b4d87fbfa6614e29466a9a4e7fb10ab31cbc86f357dbc,872520481,Qwen/Qwen3-Coder-30B-A3B-Instruct,chatcmpl-1789423013274,b086c932b0b09d2097a270e9ab0e86b8e5c62fff47312b504c4a0cbbddfcf5a2
p13_video_downloader_python,13,video_downloader,python,8,video_downloader/queue.py,0538039766843d95a8cefa9a220a3bca4c3c30609bdafb983f6efa0d5a2438ad,RQ1/02_prompts/stage1/rendered/p13_video_downloader/python/008__video_downloader__queue.py/user_prompt.txt,4ec78fa7e28884aaec793ffb40c870026fc2bef35dd4e28c4d54c7fd7916689c,RQ1/02_prompts/stage1/rendered/p13_video_downloader/python/008__video_downloader__queue.py/input_context.json,25e9a61694d72f6662857608a9f8f2de07ac24c88a3c644efa75df771fb5e990,RQ1/02_prompts/stage1/rendered/p13_video_downloader/python/008__video_downloader__queue.py/request_metadata.json,83470ec0963573472d5b4d87fbfa6614e29466a9a4e7fb10ab31cbc86f357dbc,872520481,Qwen/Qwen3-Coder-30B-A3B-Instruct,chatcmpl-1789423074737,4db7a9f6550b1d269eb026157135eeea50a1d69dc45d8c3c8f375623722b05d1
p13_video_downloader_python,13,video_downloader,python,9,video_downloader/__init__.py,0538039766843d95a8cefa9a220a3bca4c3c30609bdafb983f6efa0d5a2438ad,RQ1/02_prompts/stage1/rendered/p13_video_downloader/python/009__video_downloader____init__.py/user_prompt.txt,2e9018cfa1c7be8219a10ba174b0bdc1a72338a696cbe19148dd7441d1056592,RQ1/02_prompts/stage1/rendered/p13_video_downloader/python/009__video_downloader____init__.py/input_context.json,cd491947b6235a8d2d71c8eb58345b601a6f76263f4833b3dc7841b0844a5c32,RQ1/02_prompts/stage1/rendered/p13_video_downloader/python/009__video_downloader____init__.py/request_metadata.json,83470ec0963573472d5b4d87fbfa6614e29466a9a4e7fb10ab31cbc86f357dbc,872520481,Qwen/Qwen3-Coder-30B-A3B-Instruct,chatcmpl-1789423084856,47da82c17c4a458079eaf89a3bb64c1c633f5aa969b0ed81a1e9e2cd733a4f9a
p13_video_downloader_python,13,video_downloader,python,10,Main.py,0538039766843d95a8cefa9a220a3bca4c3c30609bdafb983f6efa0d5a2438ad,RQ1/02_prompts/stage1/rendered/p13_video_downloader/python/010__Main.py/user_prompt.txt,e3c3a507e867032c20d4ce103c0ba03dd9e60e5964c24eee5b94d072e55f374a,RQ1/02_prompts/stage1/rendered/p13_video_downloader/python/010__Main.py/input_context.json,59bc3b8d9d13b5c8ad5ab81bd7b504de6c3fe488810f2eff49101e8abe4957b2,RQ1/02_prompts/stage1/rendered/p13_video_downloader/python/010__Main.py/request_metadata.json,83470ec0963573472d5b4d87fbfa6614e29466a9a4e7fb10ab31cbc86f357dbc,872520481,Qwen/Qwen3-Coder-30B-A3B-Instruct,chatcmpl-1789423101406,ca7f6f881f4a9ace25072be27a9dfc589fd088e68f040cc455c8261b12cea3f0
p13_video_downloader_python,13,video_downloader,python,11,tests/test_main.py,0538039766843d95a8cefa9a220a3bca4c3c30609bdafb983f6efa0d5a2438ad,RQ1/02_prompts/stage1/rendered/p13_video_downloader/python/011__tests__test_main.py/user_prompt.txt,41cf95657c75d2024280dd5498efb86afb53f080952bd8b777e6c87663021233,RQ1/02_prompts/stage1/rendered/p13_video_downloader/python/011__tests__test_main.py/input_context.json,b2ff89d652fbdcb9b05b3c37e7d49e1a883c58d95bd161a2ae20d769ad101846,RQ1/02_prompts/stage1/rendered/p13_video_downloader/python/011__tests__test_main.py/request_metadata.json,83470ec0963573472d5b4d87fbfa6614e29466a9a4e7fb10ab31cbc86f357dbc,872520481,Qwen/Qwen3-Coder-30B-A3B-Instruct,chatcmpl-1789423150936,f3d59684d270adc2a4b3b76b30dab99fd21f4c99856c8d510bc749caf0ff073c
p14_todo_list_app_cpp,14,todo_list_app,cpp,1,CMakeLists.txt,0538039766843d95a8cefa9a220a3bca4c3c30609bdafb983f6efa0d5a2438ad,RQ1/02_prompts/stage1/rendered/p14_todo_list_app/cpp/001__CMakeLists.txt/user_prompt.txt,ca642e0c1d7a67ace1d88047f10d5b88b2a4736abbb848594fbaf2af4c69ea6c,RQ1/02_prompts/stage1/rendered/p14_todo_list_app/cpp/001__CMakeLists.txt/input_context.json,44fa7ce9030f48b85cc81dbaa2f49a4a06e5b18054c8d7ccfa002fffdfee8aed,RQ1/02_prompts/stage1/rendered/p14_todo_list_app/cpp/001__CMakeLists.txt/request_metadata.json,548032ccdd5e62f7eef36843eb8b953472418a862cdd5bab39b62d17b66eb4a6,3861770267,Qwen/Qwen3-Coder-30B-A3B-Instruct,chatcmpl-1789414759662,24d0595252e0538af0a647432b496ebf71c9cecf3954c3ce92b392205526ce6c
p14_todo_list_app_cpp,14,todo_list_app,cpp,2,include/Task.h,0538039766843d95a8cefa9a220a3bca4c3c30609bdafb983f6efa0d5a2438ad,RQ1/02_prompts/stage1/rendered/p14_todo_list_app/cpp/002__include__Task.h/user_prompt.txt,cf1ea5d455f2a4e9a3f14f25372ea1440e1c5580ab65f3d17c7b9e024d151afb,RQ1/02_prompts/stage1/rendered/p14_todo_list_app/cpp/002__include__Task.h/input_context.json,9d4d813a19b962a041ba7ff22b754a10f843e8aa4fe41b2332ce47bdac40e208,RQ1/02_prompts/stage1/rendered/p14_todo_list_app/cpp/002__include__Task.h/request_metadata.json,548032ccdd5e62f7eef36843eb8b953472418a862cdd5bab39b62d17b66eb4a6,3861770267,Qwen/Qwen3-Coder-30B-A3B-Instruct,chatcmpl-1789414784173,c9b188b279a59f014903b1c22121110d1b0fba9b140678fbacf8db9154cf2740
p14_todo_list_app_cpp,14,todo_list_app,cpp,3,include/Date.h,0538039766843d95a8cefa9a220a3bca4c3c30609bdafb983f6efa0d5a2438ad,RQ1/02_prompts/stage1/rendered/p14_todo_list_app/cpp/003__include__Date.h/user_prompt.txt,ffa7ee8d95549a98c997f453290a3e0a13c8a2601375388ecc3afc2f909ea7d5,RQ1/02_prompts/stage1/rendered/p14_todo_list_app/cpp/003__include__Date.h/input_context.json,12d3a3f5420fe41f4e588523858e949da33820fa07478775e3bafdea9e314430,RQ1/02_prompts/stage1/rendered/p14_todo_list_app/cpp/003__include__Date.h/request_metadata.json,548032ccdd5e62f7eef36843eb8b953472418a862cdd5bab39b62d17b66eb4a6,3861770267,Qwen/Qwen3-Coder-30B-A3B-Instruct,chatcmpl-1789414798553,e6a53cb3a26a7536ac6a6179213181d8f669dd8955eb1b5d98789f26aea6d2ca
p14_todo_list_app_cpp,14,todo_list_app,cpp,4,include/Query.h,0538039766843d95a8cefa9a220a3bca4c3c30609bdafb983f6efa0d5a2438ad,RQ1/02_prompts/stage1/rendered/p14_todo_list_app/cpp/004__include__Query.h/user_prompt.txt,06f76b1e6b18d1ae10e2aa29ed2c59da13a209d3105f3c63ac489010769295d0,RQ1/02_prompts/stage1/rendered/p14_todo_list_app/cpp/004__include__Query.h/input_context.json,8b7f66de91975d806cf43e896433442a82c3518d678c7afefd6cc110ce473858,RQ1/02_prompts/stage1/rendered/p14_todo_list_app/cpp/004__include__Query.h/request_metadata.json,548032ccdd5e62f7eef36843eb8b953472418a862cdd5bab39b62d17b66eb4a6,3861770267,Qwen/Qwen3-Coder-30B-A3B-Instruct,chatcmpl-1789414827391,a1310886392c162a76172e691addd0a6abc86ef45b748240ec54f623cc5d3473
p14_todo_list_app_cpp,14,todo_list_app,cpp,5,include/TaskStore.h,0538039766843d95a8cefa9a220a3bca4c3c30609bdafb983f6efa0d5a2438ad,RQ1/02_prompts/stage1/rendered/p14_todo_list_app/cpp/005__include__TaskStore.h/user_prompt.txt,69beb6d918970c3bec848ab03de901833c66e8eb191146947fcbab918969a332,RQ1/02_prompts/stage1/rendered/p14_todo_list_app/cpp/005__include__TaskStore.h/input_context.json,cfe7df61cb9c08a45e0b65ec8be8fc48aefe92bacb0fe7e7507ca2748d540733,RQ1/02_prompts/stage1/rendered/p14_todo_list_app/cpp/005__include__TaskStore.h/request_metadata.json,548032ccdd5e62f7eef36843eb8b953472418a862cdd5bab39b62d17b66eb4a6,3861770267,Qwen/Qwen3-Coder-30B-A3B-Instruct,chatcmpl-1789414869694,0cb1331852971090ece72fc2cea1a9e5b05e50f186e459db8e81319f2d2dfea3
p14_todo_list_app_cpp,14,todo_list_app,cpp,6,include/TaskManager.h,0538039766843d95a8cefa9a220a3bca4c3c30609bdafb983f6efa0d5a2438ad,RQ1/02_prompts/stage1/rendered/p14_todo_list_app/cpp/006__include__TaskManager.h/user_prompt.txt,f592d477771cf3dac77b9410524e79e269670270f66776d3db05aa733322011c,RQ1/02_prompts/stage1/rendered/p14_todo_list_app/cpp/006__include__TaskManager.h/input_context.json,8454b40d6fa6f1a448a0de2ede79db867103d51822206113aa952ad64c750fb2,RQ1/02_prompts/stage1/rendered/p14_todo_list_app/cpp/006__include__TaskManager.h/request_metadata.json,548032ccdd5e62f7eef36843eb8b953472418a862cdd5bab39b62d17b66eb4a6,3861770267,Qwen/Qwen3-Coder-30B-A3B-Instruct,chatcmpl-1789414917321,7c6c3e59bddd3d268e805bf002e42499322006f7130f5f79840db090177916ab
p14_todo_list_app_cpp,14,todo_list_app,cpp,7,src/Task.cpp,0538039766843d95a8cefa9a220a3bca4c3c30609bdafb983f6efa0d5a2438ad,RQ1/02_prompts/stage1/rendered/p14_todo_list_app/cpp/007__src__Task.cpp/user_prompt.txt,99e7e418697d576035c772bf30d6144c6dfc2da2231d2c92f597e50f1eff0220,RQ1/02_prompts/stage1/rendered/p14_todo_list_app/cpp/007__src__Task.cpp/input_context.json,d93d7a8c1567516e87ddb99472209cf8be8d01aa2096584e7a0d0814a3f8c5fa,RQ1/02_prompts/stage1/rendered/p14_todo_list_app/cpp/007__src__Task.cpp/request_metadata.json,548032ccdd5e62f7eef36843eb8b953472418a862cdd5bab39b62d17b66eb4a6,3861770267,Qwen/Qwen3-Coder-30B-A3B-Instruct,chatcmpl-1789414944117,6e01da33e92f992d3ef2480039d699a9e0aae4295239b8c5fc010eded3c0bd90
p14_todo_list_app_cpp,14,todo_list_app,cpp,8,src/Date.cpp,0538039766843d95a8cefa9a220a3bca4c3c30609bdafb983f6efa0d5a2438ad,RQ1/02_prompts/stage1/rendered/p14_todo_list_app/cpp/008__src__Date.cpp/user_prompt.txt,28c69be233bcecb53d833a07e2d94e56af3bc29c7de49a4ba24db7a23cd23d1a,RQ1/02_prompts/stage1/rendered/p14_todo_list_app/cpp/008__src__Date.cpp/input_context.json,fd65ba9d3f0163c2f0046b6352098590289a23495936c4fcfd6f9e5089691241,RQ1/02_prompts/stage1/rendered/p14_todo_list_app/cpp/008__src__Date.cpp/request_metadata.json,548032ccdd5e62f7eef36843eb8b953472418a862cdd5bab39b62d17b66eb4a6,3861770267,Qwen/Qwen3-Coder-30B-A3B-Instruct,chatcmpl-1789414996515,33f68d5943350a78f51c340a6fadef04d3ffb1fa04d22fc8b4f5e8e8d2425731
p14_todo_list_app_cpp,14,todo_list_app,cpp,9,src/Query.cpp,0538039766843d95a8cefa9a220a3bca4c3c30609bdafb983f6efa0d5a2438ad,RQ1/02_prompts/stage1/rendered/p14_todo_list_app/cpp/009__src__Query.cpp/user_prompt.txt,c14c01c2fb03b9c2c15dc4bf44d7ded47c9a7e1bc4726b0c950e5b37f10a4a77,RQ1/02_prompts/stage1/rendered/p14_todo_list_app/cpp/009__src__Query.cpp/input_context.json,274c5043de086399e2c62d7eb2ee5f1be37a12c82a97362a6778b9784fc90bd4,RQ1/02_prompts/stage1/rendered/p14_todo_list_app/cpp/009__src__Query.cpp/request_metadata.json,548032ccdd5e62f7eef36843eb8b953472418a862cdd5bab39b62d17b66eb4a6,3861770267,Qwen/Qwen3-Coder-30B-A3B-Instruct,chatcmpl-1789415044353,7054dc15de2b4051d4f2b23be97895c038dea1a101377f4e1ea283713c6599ad
p14_todo_list_app_cpp,14,todo_list_app,cpp,10,src/TaskStore.cpp,0538039766843d95a8cefa9a220a3bca4c3c30609bdafb983f6efa0d5a2438ad,RQ1/02_prompts/stage1/rendered/p14_todo_list_app/cpp/010__src__TaskStore.cpp/user_prompt.txt,95fed6557cad1925a035795ea5183174beb39bd147fb52b17707591cb9349ea3,RQ1/02_prompts/stage1/rendered/p14_todo_list_app/cpp/010__src__TaskStore.cpp/input_context.json,085ab0fed56912238e8c2278d0f742bbd73c403ee4de5a53e5da92e9cd536a51,RQ1/02_prompts/stage1/rendered/p14_todo_list_app/cpp/010__src__TaskStore.cpp/request_metadata.json,548032ccdd5e62f7eef36843eb8b953472418a862cdd5bab39b62d17b66eb4a6,3861770267,Qwen/Qwen3-Coder-30B-A3B-Instruct,chatcmpl-1789415063580,23caf402298e255203c492424eb60ca63df965f95884be9f6e7a87e0363614c8
p14_todo_list_app_cpp,14,todo_list_app,cpp,11,src/TaskManager.cpp,0538039766843d95a8cefa9a220a3bca4c3c30609bdafb983f6efa0d5a2438ad,RQ1/02_prompts/stage1/rendered/p14_todo_list_app/cpp/011__src__TaskManager.cpp/user_prompt.txt,149adc5e61a3f797c7aab08e52beca41ac0124e7d541776cd92e3da618b6dad0,RQ1/02_prompts/stage1/rendered/p14_todo_list_app/cpp/011__src__TaskManager.cpp/input_context.json,f2543266ad03319c6ecfb11249c56155d5f6bc4588b982ad29b730950edb3b90,RQ1/02_prompts/stage1/rendered/p14_todo_list_app/cpp/011__src__TaskManager.cpp/request_metadata.json,548032ccdd5e62f7eef36843eb8b953472418a862cdd5bab39b62d17b66eb4a6,3861770267,Qwen/Qwen3-Coder-30B-A3B-Instruct,chatcmpl-1789415120640,f127acda9d681a4648b74afafda80ca1bc9bf402b9f65dae643c797edef1b5f6
p14_todo_list_app_cpp,14,todo_list_app,cpp,12,src/Main.cpp,0538039766843d95a8cefa9a220a3bca4c3c30609bdafb983f6efa0d5a2438ad,RQ1/02_prompts/stage1/rendered/p14_todo_list_app/cpp/012__src__Main.cpp/user_prompt.txt,82fab0c2c87735a9de7fcc66a86e0a03791ee1d3a54265996e8bf8a8c487be86,RQ1/02_prompts/stage1/rendered/p14_todo_list_app/cpp/012__src__Main.cpp/input_context.json,9716bfa0138c916728499acd7ac9c0bc0ad79ffa98547e607cd47af6fda03ba8,RQ1/02_prompts/stage1/rendered/p14_todo_list_app/cpp/012__src__Main.cpp/request_metadata.json,548032ccdd5e62f7eef36843eb8b953472418a862cdd5bab39b62d17b66eb4a6,3861770267,Qwen/Qwen3-Coder-30B-A3B-Instruct,chatcmpl-1789415151165,e4f3e731a0174b18576f29d331250c75ce88b5ee8b4764b4bb8ed03a4f98f6cd
p14_todo_list_app_cpp,14,todo_list_app,cpp,13,tests/test_main.cpp,0538039766843d95a8cefa9a220a3bca4c3c30609bdafb983f6efa0d5a2438ad,RQ1/02_prompts/stage1/rendered/p14_todo_list_app/cpp/013__tests__test_main.cpp/user_prompt.txt,b646fc499c01e1b1c185f2bc73c1b72445949aa288118961a7e6524b27ef58da,RQ1/02_prompts/stage1/rendered/p14_todo_list_app/cpp/013__tests__test_main.cpp/input_context.json,5266840c09617c862c3d8ca2b1cc5d6e1f8fcfc1903650ea0918931b005d95a2,RQ1/02_prompts/stage1/rendered/p14_todo_list_app/cpp/013__tests__test_main.cpp/request_metadata.json,548032ccdd5e62f7eef36843eb8b953472418a862cdd5bab39b62d17b66eb4a6,3861770267,Qwen/Qwen3-Coder-30B-A3B-Instruct,chatcmpl-1789415217217,47434da5ad324b7aa97cd491e67cb246ae7c3765c64b626136b1f8bd6ffaddff
p14_todo_list_app_java,14,todo_list_app,java,1,pom.xml,0538039766843d95a8cefa9a220a3bca4c3c30609bdafb983f6efa0d5a2438ad,RQ1/02_prompts/stage1/rendered/p14_todo_list_app/java/001__pom.xml/user_prompt.txt,6ccf0953cf95efe694f87e1892c8f99f91d27b21108999f518ed05b3ffa0aef8,RQ1/02_prompts/stage1/rendered/p14_todo_list_app/java/001__pom.xml/input_context.json,ffd7d0beb33bf35f044a4e94e7b2a76286ec2ef8b9e7c4cb98bdb6612b63b8e2,RQ1/02_prompts/stage1/rendered/p14_todo_list_app/java/001__pom.xml/request_metadata.json,7c75dd9c4c0fc17e4e6a40d9602283826a79cfb9a3119306db7cd75fe350fcc3,461912478,Qwen/Qwen3-Coder-30B-A3B-Instruct,chatcmpl-1789437774481,ae0f359f85cd5b336188679215daaf0d683d9d6464eb8ebc3ac205d32e8cab6a
p14_todo_list_app_java,14,todo_list_app,java,2,src/main/java/Priority.java,0538039766843d95a8cefa9a220a3bca4c3c30609bdafb983f6efa0d5a2438ad,RQ1/02_prompts/stage1/rendered/p14_todo_list_app/java/002__src__main__java__Priority.java/user_prompt.txt,2b77a1696dbe54a26d59e1e07c3bdcef7f597695afcc887e27ac4c07164ca6f6,RQ1/02_prompts/stage1/rendered/p14_todo_list_app/java/002__src__main__java__Priority.java/input_context.json,86b975b332ae10269a9efce11fe5fc22f38911c33113036e63199b9e417610de,RQ1/02_prompts/stage1/rendered/p14_todo_list_app/java/002__src__main__java__Priority.java/request_metadata.json,7c75dd9c4c0fc17e4e6a40d9602283826a79cfb9a3119306db7cd75fe350fcc3,461912478,Qwen/Qwen3-Coder-30B-A3B-Instruct,chatcmpl-1789437781024,d94dc72bf4a418527dd19b052bb66b050b01aa9469fc9ecb7565c2847079c42c
p14_todo_list_app_java,14,todo_list_app,java,3,src/main/java/Task.java,0538039766843d95a8cefa9a220a3bca4c3c30609bdafb983f6efa0d5a2438ad,RQ1/02_prompts/stage1/rendered/p14_todo_list_app/java/003__src__main__java__Task.java/user_prompt.txt,18b49f7ce3de51673df45c6145134008438031cd5a98414e64160fc4adfbbe2e,RQ1/02_prompts/stage1/rendered/p14_todo_list_app/java/003__src__main__java__Task.java/input_context.json,58a168022eb97567ad481987b8ae81661b6defa9deb90f26ef5d784a31aa9c81,RQ1/02_prompts/stage1/rendered/p14_todo_list_app/java/003__src__main__java__Task.java/request_metadata.json,7c75dd9c4c0fc17e4e6a40d9602283826a79cfb9a3119306db7cd75fe350fcc3,461912478,Qwen/Qwen3-Coder-30B-A3B-Instruct,chatcmpl-1789437822279,836448ae7740360b553a75e7420af81b51543784b74633af042220cb727e1bd7
p14_todo_list_app_java,14,todo_list_app,java,4,src/main/java/TaskRepository.java,0538039766843d95a8cefa9a220a3bca4c3c30609bdafb983f6efa0d5a2438ad,RQ1/02_prompts/stage1/rendered/p14_todo_list_app/java/004__src__main__java__TaskRepository.java/user_prompt.txt,d310ea3824106090465ef5ef67559f5924c3d6a2ea0847c08a05cac8c9f27e70,RQ1/02_prompts/stage1/rendered/p14_todo_list_app/java/004__src__main__java__TaskRepository.java/input_context.json,60500fea874f73ce62f6f6530dc5036b4c37d4c5497c9c3460224106f80fcc55,RQ1/02_prompts/stage1/rendered/p14_todo_list_app/java/004__src__main__java__TaskRepository.java/request_metadata.json,7c75dd9c4c0fc17e4e6a40d9602283826a79cfb9a3119306db7cd75fe350fcc3,461912478,Qwen/Qwen3-Coder-30B-A3B-Instruct,chatcmpl-1789437827359,d3620113e2317049703925e9981bc156184a17e2676b713720d364daa6cc77b3
p14_todo_list_app_java,14,todo_list_app,java,5,src/main/java/InMemoryTaskRepository.java,0538039766843d95a8cefa9a220a3bca4c3c30609bdafb983f6efa0d5a2438ad,RQ1/02_prompts/stage1/rendered/p14_todo_list_app/java/005__src__main__java__InMemoryTaskRepository.java/user_prompt.txt,c4106947f0ef71ccef239fdd0a5d0e84616c0b6eab17be5f38ebee4507a9b1b6,RQ1/02_prompts/stage1/rendered/p14_todo_list_app/java/005__src__main__java__InMemoryTaskRepository.java/input_context.json,6364e0c3c0328fcef738290e536610fd5d32a42f3a67eee7e812ff8176313805,RQ1/02_prompts/stage1/rendered/p14_todo_list_app/java/005__src__main__java__InMemoryTaskRepository.java/request_metadata.json,7c75dd9c4c0fc17e4e6a40d9602283826a79cfb9a3119306db7cd75fe350fcc3,461912478,Qwen/Qwen3-Coder-30B-A3B-Instruct,chatcmpl-1789437845901,bae19caa6598372c5db71e22af808d9bedc7741fcab50c65ba50572f7a3652dd
p14_todo_list_app_java,14,todo_list_app,java,6,src/main/java/TaskFilter.java,0538039766843d95a8cefa9a220a3bca4c3c30609bdafb983f6efa0d5a2438ad,RQ1/02_prompts/stage1/rendered/p14_todo_list_app/java/006__src__main__java__TaskFilter.java/user_prompt.txt,fd68eb4bbc8e99321515c025a6b69d2b4343083c2d32ffc0189f07a97152cf66,RQ1/02_prompts/stage1/rendered/p14_todo_list_app/java/006__src__main__java__TaskFilter.java/input_context.json,f2fb5523b10393f87222a5979da9eefc878e94713746c7a651fba25195969e66,RQ1/02_prompts/stage1/rendered/p14_todo_list_app/java/006__src__main__java__TaskFilter.java/request_metadata.json,7c75dd9c4c0fc17e4e6a40d9602283826a79cfb9a3119306db7cd75fe350fcc3,461912478,Qwen/Qwen3-Coder-30B-A3B-Instruct,chatcmpl-1789437874498,47d84b30540920b27a9ea956604ac8078a4ee560169e444d62f8bcab9a1cfabf
p14_todo_list_app_java,14,todo_list_app,java,7,src/main/java/TaskSorter.java,0538039766843d95a8cefa9a220a3bca4c3c30609bdafb983f6efa0d5a2438ad,RQ1/02_prompts/stage1/rendered/p14_todo_list_app/java/007__src__main__java__TaskSorter.java/user_prompt.txt,0f56daf5daa4dc46c77518c71135fcd3b8e070d2369cfa42d397c41c1100382d,RQ1/02_prompts/stage1/rendered/p14_todo_list_app/java/007__src__main__java__TaskSorter.java/input_context.json,4316eadfd82a0a55cd87d943a3e225b0c8ac481d83fe776b361aa60f6c1e6e1a,RQ1/02_prompts/stage1/rendered/p14_todo_list_app/java/007__src__main__java__TaskSorter.java/request_metadata.json,7c75dd9c4c0fc17e4e6a40d9602283826a79cfb9a3119306db7cd75fe350fcc3,461912478,Qwen/Qwen3-Coder-30B-A3B-Instruct,chatcmpl-1789437898385,c6eebb8c22953de1c51bd38cc941b9521a13a941c6fe28022b8ceea73720189e
p14_todo_list_app_java,14,todo_list_app,java,8,src/main/java/TodoService.java,0538039766843d95a8cefa9a220a3bca4c3c30609bdafb983f6efa0d5a2438ad,RQ1/02_prompts/stage1/rendered/p14_todo_list_app/java/008__src__main__java__TodoService.java/user_prompt.txt,32cae1943cd7975ebd53d5b688e6e6ea469aa31f7d037e665b695f3fa0c6d27d,RQ1/02_prompts/stage1/rendered/p14_todo_list_app/java/008__src__main__java__TodoService.java/input_context.json,415bc8f9ea41d2a119cc620132e24ea68ec850899e2c43cbb680d11d7125fc47,RQ1/02_prompts/stage1/rendered/p14_todo_list_app/java/008__src__main__java__TodoService.java/request_metadata.json,7c75dd9c4c0fc17e4e6a40d9602283826a79cfb9a3119306db7cd75fe350fcc3,461912478,Qwen/Qwen3-Coder-30B-A3B-Instruct,chatcmpl-1789437933287,d16f4a926dd5e447e96a9a7413147e8287d2d5843df6bd56d7aa5111103d3467
p14_todo_list_app_java,14,todo_list_app,java,9,src/main/java/Main.java,0538039766843d95a8cefa9a220a3bca4c3c30609bdafb983f6efa0d5a2438ad,RQ1/02_prompts/stage1/rendered/p14_todo_list_app/java/009__src__main__java__Main.java/user_prompt.txt,ea55b5159ca0eeee9a14e11a6eda49b260032a0f581472fc8892253a54f63051,RQ1/02_prompts/stage1/rendered/p14_todo_list_app/java/009__src__main__java__Main.java/input_context.json,668fd436fc69730c41a31e3e69476c6c34044c1a8bd80a352477f7c2d026792c,RQ1/02_prompts/stage1/rendered/p14_todo_list_app/java/009__src__main__java__Main.java/request_metadata.json,7c75dd9c4c0fc17e4e6a40d9602283826a79cfb9a3119306db7cd75fe350fcc3,461912478,Qwen/Qwen3-Coder-30B-A3B-Instruct,chatcmpl-1789437953630,4ab65c5b04f1b0d05c29aaa7523aa6a0497ee1d98f6b43c38d7724e287cd186a
p14_todo_list_app_java,14,todo_list_app,java,10,src/test/java/MainTest.java,0538039766843d95a8cefa9a220a3bca4c3c30609bdafb983f6efa0d5a2438ad,RQ1/02_prompts/stage1/rendered/p14_todo_list_app/java/010__src__test__java__MainTest.java/user_prompt.txt,5cb9dceb78dbd58abac108b2ff9a8f6d33639d5ada84699411eb6b3e7f0b18c7,RQ1/02_prompts/stage1/rendered/p14_todo_list_app/java/010__src__test__java__MainTest.java/input_context.json,2ee67bf3b6aa7e83c05184b30785440620528cebd463eed5d78fcc1cbc25d6f8,RQ1/02_prompts/stage1/rendered/p14_todo_list_app/java/010__src__test__java__MainTest.java/request_metadata.json,7c75dd9c4c0fc17e4e6a40d9602283826a79cfb9a3119306db7cd75fe350fcc3,461912478,Qwen/Qwen3-Coder-30B-A3B-Instruct,chatcmpl-1789438019878,f42cf0188b39147cdbf4a3e5223509476963fc388b749474608a521a8ab755d8
p14_todo_list_app_python,14,todo_list_app,python,1,requirements.txt,0538039766843d95a8cefa9a220a3bca4c3c30609bdafb983f6efa0d5a2438ad,RQ1/02_prompts/stage1/rendered/p14_todo_list_app/python/001__requirements.txt/user_prompt.txt,4d27ce9d0b05a5365e5b6485b3f7288797e8f24f5612ed9a3971c4d19369fa5f,RQ1/02_prompts/stage1/rendered/p14_todo_list_app/python/001__requirements.txt/input_context.json,1eba0f13f1b124364d51795b7a923d99878b7c1862fb38d4b795618c6851db4c,RQ1/02_prompts/stage1/rendered/p14_todo_list_app/python/001__requirements.txt/request_metadata.json,da4a37654887038ce7dc3fc4b83f333bfff1d56348a47628b99f2956a8136b40,4207199519,Qwen/Qwen3-Coder-30B-A3B-Instruct,chatcmpl-1789416750315,8b88dfb271ffc4996fce09911dabb86d9d82a4fda0f3615be1cf6c6ee9cb5935
p14_todo_list_app_python,14,todo_list_app,python,2,todo_app/errors.py,0538039766843d95a8cefa9a220a3bca4c3c30609bdafb983f6efa0d5a2438ad,RQ1/02_prompts/stage1/rendered/p14_todo_list_app/python/002__todo_app__errors.py/user_prompt.txt,7ee0bd940a02d8b0617c4552f9cc07d001d011b2fbbd491913b934dfafd16862,RQ1/02_prompts/stage1/rendered/p14_todo_list_app/python/002__todo_app__errors.py/input_context.json,c734f95cfde622df9c3f74393e833a0e969635e2a3a57de4902dab179f4c4a0a,RQ1/02_prompts/stage1/rendered/p14_todo_list_app/python/002__todo_app__errors.py/request_metadata.json,da4a37654887038ce7dc3fc4b83f333bfff1d56348a47628b99f2956a8136b40,4207199519,Qwen/Qwen3-Coder-30B-A3B-Instruct,chatcmpl-1789416758940,e79b44e8618fd71d9f613ae9268cf7a33dd572948f665d951e54a46c0189ed07
p14_todo_list_app_python,14,todo_list_app,python,3,todo_app/priority.py,0538039766843d95a8cefa9a220a3bca4c3c30609bdafb983f6efa0d5a2438ad,RQ1/02_prompts/stage1/rendered/p14_todo_list_app/python/003__todo_app__priority.py/user_prompt.txt,f50db0135ef7efe0ab55765c047361080b40d7c368739e2feb769539c26b3dd8,RQ1/02_prompts/stage1/rendered/p14_todo_list_app/python/003__todo_app__priority.py/input_context.json,f484ddab5e01918c5606a9638b29f5c522a041cd61b2dae1569e88210c0fcf47,RQ1/02_prompts/stage1/rendered/p14_todo_list_app/python/003__todo_app__priority.py/request_metadata.json,da4a37654887038ce7dc3fc4b83f333bfff1d56348a47628b99f2956a8136b40,4207199519,Qwen/Qwen3-Coder-30B-A3B-Instruct,chatcmpl-1789416780307,029ef6c04ef9f903cdd20cce3c1056df4cc58c905e3cfa4130bfce3973f7f254
p14_todo_list_app_python,14,todo_list_app,python,4,todo_app/entities.py,0538039766843d95a8cefa9a220a3bca4c3c30609bdafb983f6efa0d5a2438ad,RQ1/02_prompts/stage1/rendered/p14_todo_list_app/python/004__todo_app__entities.py/user_prompt.txt,edbfb9a5550100570e4346db5e01c3a484b88dfa2c36d3728468a88c2aad0d3d,RQ1/02_prompts/stage1/rendered/p14_todo_list_app/python/004__todo_app__entities.py/input_context.json,1c4730b8c24fff5c266699d338689bdd564c0edc08b25620ce43ef8204b42c53,RQ1/02_prompts/stage1/rendered/p14_todo_list_app/python/004__todo_app__entities.py/request_metadata.json,da4a37654887038ce7dc3fc4b83f333bfff1d56348a47628b99f2956a8136b40,4207199519,Qwen/Qwen3-Coder-30B-A3B-Instruct,chatcmpl-1789416803493,59006d5e0f43d6b724e040eaf8a6492205388fc50c3ab782180b9ba0af5c00cf
p14_todo_list_app_python,14,todo_list_app,python,5,todo_app/filtering.py,0538039766843d95a8cefa9a220a3bca4c3c30609bdafb983f6efa0d5a2438ad,RQ1/02_prompts/stage1/rendered/p14_todo_list_app/python/005__todo_app__filtering.py/user_prompt.txt,09a87c5958981f9be46da7d2b5448b8dabc8fd51e65209a3a726e03df29d10b9,RQ1/02_prompts/stage1/rendered/p14_todo_list_app/python/005__todo_app__filtering.py/input_context.json,4c43e0ea56887b0d7424f569eea3634b9ab9def80553580ad2d46b388fb11b21,RQ1/02_prompts/stage1/rendered/p14_todo_list_app/python/005__todo_app__filtering.py/request_metadata.json,da4a37654887038ce7dc3fc4b83f333bfff1d56348a47628b99f2956a8136b40,4207199519,Qwen/Qwen3-Coder-30B-A3B-Instruct,chatcmpl-1789416833470,12ab24f27c69e74998ca7eec353287ac9004a9473e2f6353becda556debedcda
p14_todo_list_app_python,14,todo_list_app,python,6,todo_app/sorting.py,0538039766843d95a8cefa9a220a3bca4c3c30609bdafb983f6efa0d5a2438ad,RQ1/02_prompts/stage1/rendered/p14_todo_list_app/python/006__todo_app__sorting.py/user_prompt.txt,eb16448f9fac9625a5085961027e0fa8164fa7f69cc93ef4d4a3b1c0c14f77c7,RQ1/02_prompts/stage1/rendered/p14_todo_list_app/python/006__todo_app__sorting.py/input_context.json,223565d54ae717e530c1b996ec1457f9412a869cabc0da673f56a77225a014a7,RQ1/02_prompts/stage1/rendered/p14_todo_list_app/python/006__todo_app__sorting.py/request_metadata.json,da4a37654887038ce7dc3fc4b83f333bfff1d56348a47628b99f2956a8136b40,4207199519,Qwen/Qwen3-Coder-30B-A3B-Instruct,chatcmpl-1789416867034,3787841d9d1790bad202e6c879c134313504f847f5994ff3ea18b3f0c1c133dd
p14_todo_list_app_python,14,todo_list_app,python,7,todo_app/repository.py,0538039766843d95a8cefa9a220a3bca4c3c30609bdafb983f6efa0d5a2438ad,RQ1/02_prompts/stage1/rendered/p14_todo_list_app/python/007__todo_app__repository.py/user_prompt.txt,22e67643d447a08e85ba8655632fe7e31068e52f861c2849f318f391956ea6b1,RQ1/02_prompts/stage1/rendered/p14_todo_list_app/python/007__todo_app__repository.py/input_context.json,99a9c7f9f4dfa884caded330e4b7e7d2c51754ae2e7ebb3e815082a017060f6f,RQ1/02_prompts/stage1/rendered/p14_todo_list_app/python/007__todo_app__repository.py/request_metadata.json,da4a37654887038ce7dc3fc4b83f333bfff1d56348a47628b99f2956a8136b40,4207199519,Qwen/Qwen3-Coder-30B-A3B-Instruct,chatcmpl-1789416926685,16f5e5e367587d27fbfd635a853a348908ef94c4b9f37ea3c988497fd90ac5a8
p14_todo_list_app_python,14,todo_list_app,python,8,todo_app/clock.py,0538039766843d95a8cefa9a220a3bca4c3c30609bdafb983f6efa0d5a2438ad,RQ1/02_prompts/stage1/rendered/p14_todo_list_app/python/008__todo_app__clock.py/user_prompt.txt,71d022533e2c9fae022e5a5712629bef7339b50bd3750378a842927c90a7439a,RQ1/02_prompts/stage1/rendered/p14_todo_list_app/python/008__todo_app__clock.py/input_context.json,6c058ba45459f77a2d6e61af5d947b82f92f6fa9434e63cf2aad832e97a75944,RQ1/02_prompts/stage1/rendered/p14_todo_list_app/python/008__todo_app__clock.py/request_metadata.json,da4a37654887038ce7dc3fc4b83f333bfff1d56348a47628b99f2956a8136b40,4207199519,Qwen/Qwen3-Coder-30B-A3B-Instruct,chatcmpl-1789416942315,472d8428b2eefe4534d5e2170e00cd187e82476c0f1169b777525ab7ddbd2977
p14_todo_list_app_python,14,todo_list_app,python,9,todo_app/service.py,0538039766843d95a8cefa9a220a3bca4c3c30609bdafb983f6efa0d5a2438ad,RQ1/02_prompts/stage1/rendered/p14_todo_list_app/python/009__todo_app__service.py/user_prompt.txt,4a5217d327f5159779f92e5a3cd6d459a76bee18dde7f5d80749f5b0ed995d25,RQ1/02_prompts/stage1/rendered/p14_todo_list_app/python/009__todo_app__service.py/input_context.json,ef90f941c315c58bfeffbac7b6951efa9e5d3f547cb4f11a1a5334f23ecd9343,RQ1/02_prompts/stage1/rendered/p14_todo_list_app/python/009__todo_app__service.py/request_metadata.json,da4a37654887038ce7dc3fc4b83f333bfff1d56348a47628b99f2956a8136b40,4207199519,Qwen/Qwen3-Coder-30B-A3B-Instruct,chatcmpl-1789417026762,3a530056254095d50ad3d0fb0950a0647d86e50ff5e57fa43590e571942ea49e
p14_todo_list_app_python,14,todo_list_app,python,10,todo_app/__init__.py,0538039766843d95a8cefa9a220a3bca4c3c30609bdafb983f6efa0d5a2438ad,RQ1/02_prompts/stage1/rendered/p14_todo_list_app/python/010__todo_app____init__.py/user_prompt.txt,d4324b856bcab616d654c188d7fad1f67fd0b9196d7788bb9f302bfb1b37260d,RQ1/02_prompts/stage1/rendered/p14_todo_list_app/python/010__todo_app____init__.py/input_context.json,317c966581738f8b9c5064ede3f4d6960c2f27168560932481008f85fb9183ec,RQ1/02_prompts/stage1/rendered/p14_todo_list_app/python/010__todo_app____init__.py/request_metadata.json,da4a37654887038ce7dc3fc4b83f333bfff1d56348a47628b99f2956a8136b40,4207199519,Qwen/Qwen3-Coder-30B-A3B-Instruct,chatcmpl-1789417042832,579cfd4a8ab0d3512ccde49db66ca233997c3b78a30c6abdd1a1680412d71516
p14_todo_list_app_python,14,todo_list_app,python,11,Main.py,0538039766843d95a8cefa9a220a3bca4c3c30609bdafb983f6efa0d5a2438ad,RQ1/02_prompts/stage1/rendered/p14_todo_list_app/python/011__Main.py/user_prompt.txt,cd026d57809c1f3b91b4057801bf54c8297efaefa537edf88746a250870a5eac,RQ1/02_prompts/stage1/rendered/p14_todo_list_app/python/011__Main.py/input_context.json,426d18fa4d6f5fd77ae0603bff303dd93b28d2f6a302286ecd7e8d5fbdfc1ba4,RQ1/02_prompts/stage1/rendered/p14_todo_list_app/python/011__Main.py/request_metadata.json,da4a37654887038ce7dc3fc4b83f333bfff1d56348a47628b99f2956a8136b40,4207199519,Qwen/Qwen3-Coder-30B-A3B-Instruct,chatcmpl-1789417068911,e55782bbd30181244bfb4b30a9e1f8786028f7ee03d980752cc0e5a45e3b90ac
p14_todo_list_app_python,14,todo_list_app,python,12,tests/test_main.py,0538039766843d95a8cefa9a220a3bca4c3c30609bdafb983f6efa0d5a2438ad,RQ1/02_prompts/stage1/rendered/p14_todo_list_app/python/012__tests__test_main.py/user_prompt.txt,160a98a5bf611495f4b710c13f6dd0f96e868f639f884d55c20a225e2614ab94,RQ1/02_prompts/stage1/rendered/p14_todo_list_app/python/012__tests__test_main.py/input_context.json,fb53a8bff43c06abf326611d60618a49f11818f38d0be6bbc94b66366686fbb0,RQ1/02_prompts/stage1/rendered/p14_todo_list_app/python/012__tests__test_main.py/request_metadata.json,da4a37654887038ce7dc3fc4b83f333bfff1d56348a47628b99f2956a8136b40,4207199519,Qwen/Qwen3-Coder-30B-A3B-Instruct,chatcmpl-1789417134879,03a0d99d79346cd57ff68a6097b413c3c835413acea8af30c38a351f7fbe5960
