[replay-supervisor] started_at=2026-09-13T06:33:43Z shard=1/2 model=http://127.0.0.1:8001
[replay-worker] shard=1/2 units=21 model=http://127.0.0.1:8001
2026-09-13 06:33:45.079 | INFO     | metagpt.const:get_metagpt_root:31 - PROJECT_ROOT set from environment variable to /home/zhaorz/project/CodeWM/CodeWM_ProWES_Logits/reproduct/metagpt_runtime
>> recovering from: /home/zhaorz/project/CodeWM/CodeWM_ProWES_Logits/reproduct/units/p01_snake_game/java/architecture/team
>> team.json exists: True path: /home/zhaorz/project/CodeWM/CodeWM_ProWES_Logits/reproduct/units/p01_snake_game/java/architecture/team/team.json
>> ctx.git_repo.workdir = /home/zhaorz/project/CodeWM/CodeWM_ProWES_Logits/reproduct/units/p01_snake_game/java/replays/0001_seed_1082638472/p01_snake_game_java
eng.code_todos: ['pom.xml', 'src/main/java/Position.java', 'src/main/java/Direction.java', 'src/main/java/RandomSource.java', 'src/main/java/MoveOutcome.java', 'src/main/java/Snake.java', 'src/main/java/GameSnapshot.java', 'src/main/java/JavaUtilRandomSource.java', 'src/main/java/SnakeGame.java', 'src/main/java/Main.java', 'src/test/java/MainTest.java']
>> ready, ctx.git_repo.workdir = /home/zhaorz/project/CodeWM/CodeWM_ProWES_Logits/reproduct/units/p01_snake_game/java/replays/0001_seed_1082638472/p01_snake_game_java
>> ctx.git_repo.workdir = /home/zhaorz/project/CodeWM/CodeWM_ProWES_Logits/reproduct/units/p01_snake_game/java/replays/0001_seed_1082638472/p01_snake_game_java
2026-09-13 06:33:50.188 | INFO     | metagpt.utils.file_repository:save:57 - save to: /home/zhaorz/project/CodeWM/CodeWM_ProWES_Logits/reproduct/units/p01_snake_game/java/replays/0001_seed_1082638472/p01_snake_game_java/docs/system_design/20260913021445.json
2026-09-13 06:33:50.190 | INFO     | metagpt.utils.file_repository:save:62 - update dependency: /home/zhaorz/project/CodeWM/CodeWM_ProWES_Logits/reproduct/units/p01_snake_game/java/replays/0001_seed_1082638472/p01_snake_game_java/docs/system_design/20260913021445.json:[]
2026-09-13 06:33:50.190 | INFO     | metagpt.utils.file_repository:save:57 - save to: /home/zhaorz/project/CodeWM/CodeWM_ProWES_Logits/reproduct/units/p01_snake_game/java/replays/0001_seed_1082638472/p01_snake_game_java/docs/task/20260913021445.json
2026-09-13 06:33:50.191 | INFO     | metagpt.utils.file_repository:save:62 - update dependency: /home/zhaorz/project/CodeWM/CodeWM_ProWES_Logits/reproduct/units/p01_snake_game/java/replays/0001_seed_1082638472/p01_snake_game_java/docs/task/20260913021445.json:[]
>> [manual] Run 1/11: WriteCode -> pom.xml
2026-09-13 06:33:50.192 | INFO     | metagpt.actions.write_code:run:186 - Writing pom.xml..
2026-09-13 06:34:39.557 | INFO     | metagpt.utils.file_repository:save:57 - save to: /home/zhaorz/project/CodeWM/CodeWM_ProWES_Logits/reproduct/units/p01_snake_game/java/replays/0001_seed_1082638472/p01_snake_game_java/p01_snake_game_java/pom.xml
2026-09-13 06:34:39.559 | INFO     | metagpt.utils.file_repository:save:62 - update dependency: /home/zhaorz/project/CodeWM/CodeWM_ProWES_Logits/reproduct/units/p01_snake_game/java/replays/0001_seed_1082638472/p01_snake_game_java/p01_snake_game_java/pom.xml:['docs/system_design/20260913021445.json', 'docs/task/20260913021445.json']
2026-09-13 06:34:39.559 | INFO     | metagpt.utils.file_repository:save:57 - save to: /home/zhaorz/project/CodeWM/CodeWM_ProWES_Logits/reproduct/units/p01_snake_game/java/replays/0001_seed_1082638472/p01_snake_game_java/p01_snake_game_java/pom_wm_detRes.txt
>> saved: src/pom.xml
2026-09-13 06:34:39.560 | INFO     | metagpt.utils.file_repository:save:57 - save to: /home/zhaorz/project/CodeWM/CodeWM_ProWES_Logits/reproduct/units/p01_snake_game/java/replays/0001_seed_1082638472/p01_snake_game_java/docs/system_design/20260913021445.json
2026-09-13 06:34:39.564 | INFO     | metagpt.utils.file_repository:save:62 - update dependency: /home/zhaorz/project/CodeWM/CodeWM_ProWES_Logits/reproduct/units/p01_snake_game/java/replays/0001_seed_1082638472/p01_snake_game_java/docs/system_design/20260913021445.json:[]
2026-09-13 06:34:39.565 | INFO     | metagpt.utils.file_repository:save:57 - save to: /home/zhaorz/project/CodeWM/CodeWM_ProWES_Logits/reproduct/units/p01_snake_game/java/replays/0001_seed_1082638472/p01_snake_game_java/docs/task/20260913021445.json
2026-09-13 06:34:39.567 | INFO     | metagpt.utils.file_repository:save:62 - update dependency: /home/zhaorz/project/CodeWM/CodeWM_ProWES_Logits/reproduct/units/p01_snake_game/java/replays/0001_seed_1082638472/p01_snake_game_java/docs/task/20260913021445.json:[]
>> [manual] Run 2/11: WriteCode -> src/main/java/Position.java
2026-09-13 06:34:39.570 | INFO     | metagpt.actions.write_code:run:186 - Writing src/main/java/Position.java..
2026-09-13 06:35:23.295 | INFO     | metagpt.utils.file_repository:save:57 - save to: /home/zhaorz/project/CodeWM/CodeWM_ProWES_Logits/reproduct/units/p01_snake_game/java/replays/0001_seed_1082638472/p01_snake_game_java/p01_snake_game_java/src/main/java/Position.java
2026-09-13 06:35:23.297 | INFO     | metagpt.utils.file_repository:save:62 - update dependency: /home/zhaorz/project/CodeWM/CodeWM_ProWES_Logits/reproduct/units/p01_snake_game/java/replays/0001_seed_1082638472/p01_snake_game_java/p01_snake_game_java/src/main/java/Position.java:['docs/system_design/20260913021445.json', 'docs/task/20260913021445.json']
2026-09-13 06:35:23.298 | INFO     | metagpt.utils.file_repository:save:57 - save to: /home/zhaorz/project/CodeWM/CodeWM_ProWES_Logits/reproduct/units/p01_snake_game/java/replays/0001_seed_1082638472/p01_snake_game_java/p01_snake_game_java/Position_wm_detRes.txt
>> saved: src/src/main/java/Position.java
2026-09-13 06:35:23.300 | INFO     | metagpt.utils.file_repository:save:57 - save to: /home/zhaorz/project/CodeWM/CodeWM_ProWES_Logits/reproduct/units/p01_snake_game/java/replays/0001_seed_1082638472/p01_snake_game_java/docs/system_design/20260913021445.json
2026-09-13 06:35:23.301 | INFO     | metagpt.utils.file_repository:save:62 - update dependency: /home/zhaorz/project/CodeWM/CodeWM_ProWES_Logits/reproduct/units/p01_snake_game/java/replays/0001_seed_1082638472/p01_snake_game_java/docs/system_design/20260913021445.json:[]
2026-09-13 06:35:23.302 | INFO     | metagpt.utils.file_repository:save:57 - save to: /home/zhaorz/project/CodeWM/CodeWM_ProWES_Logits/reproduct/units/p01_snake_game/java/replays/0001_seed_1082638472/p01_snake_game_java/docs/task/20260913021445.json
2026-09-13 06:35:23.304 | INFO     | metagpt.utils.file_repository:save:62 - update dependency: /home/zhaorz/project/CodeWM/CodeWM_ProWES_Logits/reproduct/units/p01_snake_game/java/replays/0001_seed_1082638472/p01_snake_game_java/docs/task/20260913021445.json:[]
>> [manual] Run 3/11: WriteCode -> src/main/java/Direction.java
2026-09-13 06:35:23.307 | INFO     | metagpt.actions.write_code:run:186 - Writing src/main/java/Direction.java..
2026-09-13 06:36:27.380 | INFO     | metagpt.utils.file_repository:save:57 - save to: /home/zhaorz/project/CodeWM/CodeWM_ProWES_Logits/reproduct/units/p01_snake_game/java/replays/0001_seed_1082638472/p01_snake_game_java/p01_snake_game_java/src/main/java/Direction.java
2026-09-13 06:36:27.382 | INFO     | metagpt.utils.file_repository:save:62 - update dependency: /home/zhaorz/project/CodeWM/CodeWM_ProWES_Logits/reproduct/units/p01_snake_game/java/replays/0001_seed_1082638472/p01_snake_game_java/p01_snake_game_java/src/main/java/Direction.java:['docs/system_design/20260913021445.json', 'docs/task/20260913021445.json']
2026-09-13 06:36:27.383 | INFO     | metagpt.utils.file_repository:save:57 - save to: /home/zhaorz/project/CodeWM/CodeWM_ProWES_Logits/reproduct/units/p01_snake_game/java/replays/0001_seed_1082638472/p01_snake_game_java/p01_snake_game_java/Direction_wm_detRes.txt
>> saved: src/src/main/java/Direction.java
2026-09-13 06:36:27.385 | INFO     | metagpt.utils.file_repository:save:57 - save to: /home/zhaorz/project/CodeWM/CodeWM_ProWES_Logits/reproduct/units/p01_snake_game/java/replays/0001_seed_1082638472/p01_snake_game_java/docs/system_design/20260913021445.json
2026-09-13 06:36:27.387 | INFO     | metagpt.utils.file_repository:save:62 - update dependency: /home/zhaorz/project/CodeWM/CodeWM_ProWES_Logits/reproduct/units/p01_snake_game/java/replays/0001_seed_1082638472/p01_snake_game_java/docs/system_design/20260913021445.json:[]
2026-09-13 06:36:27.388 | INFO     | metagpt.utils.file_repository:save:57 - save to: /home/zhaorz/project/CodeWM/CodeWM_ProWES_Logits/reproduct/units/p01_snake_game/java/replays/0001_seed_1082638472/p01_snake_game_java/docs/task/20260913021445.json
2026-09-13 06:36:27.389 | INFO     | metagpt.utils.file_repository:save:62 - update dependency: /home/zhaorz/project/CodeWM/CodeWM_ProWES_Logits/reproduct/units/p01_snake_game/java/replays/0001_seed_1082638472/p01_snake_game_java/docs/task/20260913021445.json:[]
>> [manual] Run 4/11: WriteCode -> src/main/java/RandomSource.java
2026-09-13 06:36:27.395 | INFO     | metagpt.actions.write_code:run:186 - Writing src/main/java/RandomSource.java..
2026-09-13 06:41:58.672 | INFO     | metagpt.utils.file_repository:save:57 - save to: /home/zhaorz/project/CodeWM/CodeWM_ProWES_Logits/reproduct/units/p01_snake_game/java/replays/0001_seed_1082638472/p01_snake_game_java/p01_snake_game_java/src/main/java/RandomSource.java
2026-09-13 06:41:58.674 | INFO     | metagpt.utils.file_repository:save:62 - update dependency: /home/zhaorz/project/CodeWM/CodeWM_ProWES_Logits/reproduct/units/p01_snake_game/java/replays/0001_seed_1082638472/p01_snake_game_java/p01_snake_game_java/src/main/java/RandomSource.java:['docs/system_design/20260913021445.json', 'docs/task/20260913021445.json']
2026-09-13 06:41:58.675 | INFO     | metagpt.utils.file_repository:save:57 - save to: /home/zhaorz/project/CodeWM/CodeWM_ProWES_Logits/reproduct/units/p01_snake_game/java/replays/0001_seed_1082638472/p01_snake_game_java/p01_snake_game_java/RandomSource_wm_detRes.txt
>> saved: src/src/main/java/RandomSource.java
2026-09-13 06:41:58.676 | INFO     | metagpt.utils.file_repository:save:57 - save to: /home/zhaorz/project/CodeWM/CodeWM_ProWES_Logits/reproduct/units/p01_snake_game/java/replays/0001_seed_1082638472/p01_snake_game_java/docs/system_design/20260913021445.json
2026-09-13 06:41:58.677 | INFO     | metagpt.utils.file_repository:save:62 - update dependency: /home/zhaorz/project/CodeWM/CodeWM_ProWES_Logits/reproduct/units/p01_snake_game/java/replays/0001_seed_1082638472/p01_snake_game_java/docs/system_design/20260913021445.json:[]
2026-09-13 06:41:58.678 | INFO     | metagpt.utils.file_repository:save:57 - save to: /home/zhaorz/project/CodeWM/CodeWM_ProWES_Logits/reproduct/units/p01_snake_game/java/replays/0001_seed_1082638472/p01_snake_game_java/docs/task/20260913021445.json
2026-09-13 06:41:58.679 | INFO     | metagpt.utils.file_repository:save:62 - update dependency: /home/zhaorz/project/CodeWM/CodeWM_ProWES_Logits/reproduct/units/p01_snake_game/java/replays/0001_seed_1082638472/p01_snake_game_java/docs/task/20260913021445.json:[]
>> [manual] Run 5/11: WriteCode -> src/main/java/MoveOutcome.java
2026-09-13 06:41:58.683 | INFO     | metagpt.actions.write_code:run:186 - Writing src/main/java/MoveOutcome.java..
2026-09-13 06:42:07.883 | INFO     | metagpt.utils.file_repository:save:57 - save to: /home/zhaorz/project/CodeWM/CodeWM_ProWES_Logits/reproduct/units/p01_snake_game/java/replays/0001_seed_1082638472/p01_snake_game_java/p01_snake_game_java/src/main/java/MoveOutcome.java
2026-09-13 06:42:07.884 | INFO     | metagpt.utils.file_repository:save:62 - update dependency: /home/zhaorz/project/CodeWM/CodeWM_ProWES_Logits/reproduct/units/p01_snake_game/java/replays/0001_seed_1082638472/p01_snake_game_java/p01_snake_game_java/src/main/java/MoveOutcome.java:['docs/system_design/20260913021445.json', 'docs/task/20260913021445.json']
2026-09-13 06:42:07.885 | INFO     | metagpt.utils.file_repository:save:57 - save to: /home/zhaorz/project/CodeWM/CodeWM_ProWES_Logits/reproduct/units/p01_snake_game/java/replays/0001_seed_1082638472/p01_snake_game_java/p01_snake_game_java/MoveOutcome_wm_detRes.txt
>> saved: src/src/main/java/MoveOutcome.java
2026-09-13 06:42:07.886 | INFO     | metagpt.utils.file_repository:save:57 - save to: /home/zhaorz/project/CodeWM/CodeWM_ProWES_Logits/reproduct/units/p01_snake_game/java/replays/0001_seed_1082638472/p01_snake_game_java/docs/system_design/20260913021445.json
2026-09-13 06:42:07.887 | INFO     | metagpt.utils.file_repository:save:62 - update dependency: /home/zhaorz/project/CodeWM/CodeWM_ProWES_Logits/reproduct/units/p01_snake_game/java/replays/0001_seed_1082638472/p01_snake_game_java/docs/system_design/20260913021445.json:[]
2026-09-13 06:42:07.888 | INFO     | metagpt.utils.file_repository:save:57 - save to: /home/zhaorz/project/CodeWM/CodeWM_ProWES_Logits/reproduct/units/p01_snake_game/java/replays/0001_seed_1082638472/p01_snake_game_java/docs/task/20260913021445.json
2026-09-13 06:42:07.889 | INFO     | metagpt.utils.file_repository:save:62 - update dependency: /home/zhaorz/project/CodeWM/CodeWM_ProWES_Logits/reproduct/units/p01_snake_game/java/replays/0001_seed_1082638472/p01_snake_game_java/docs/task/20260913021445.json:[]
>> [manual] Run 6/11: WriteCode -> src/main/java/Snake.java
2026-09-13 06:42:07.893 | INFO     | metagpt.actions.write_code:run:186 - Writing src/main/java/Snake.java..
2026-09-13 06:43:09.198 | INFO     | metagpt.utils.file_repository:save:57 - save to: /home/zhaorz/project/CodeWM/CodeWM_ProWES_Logits/reproduct/units/p01_snake_game/java/replays/0001_seed_1082638472/p01_snake_game_java/p01_snake_game_java/src/main/java/Snake.java
2026-09-13 06:43:09.200 | INFO     | metagpt.utils.file_repository:save:62 - update dependency: /home/zhaorz/project/CodeWM/CodeWM_ProWES_Logits/reproduct/units/p01_snake_game/java/replays/0001_seed_1082638472/p01_snake_game_java/p01_snake_game_java/src/main/java/Snake.java:['docs/system_design/20260913021445.json', 'docs/task/20260913021445.json']
2026-09-13 06:43:09.201 | INFO     | metagpt.utils.file_repository:save:57 - save to: /home/zhaorz/project/CodeWM/CodeWM_ProWES_Logits/reproduct/units/p01_snake_game/java/replays/0001_seed_1082638472/p01_snake_game_java/p01_snake_game_java/Snake_wm_detRes.txt
>> saved: src/src/main/java/Snake.java
2026-09-13 06:43:09.202 | INFO     | metagpt.utils.file_repository:save:57 - save to: /home/zhaorz/project/CodeWM/CodeWM_ProWES_Logits/reproduct/units/p01_snake_game/java/replays/0001_seed_1082638472/p01_snake_game_java/docs/system_design/20260913021445.json
2026-09-13 06:43:09.203 | INFO     | metagpt.utils.file_repository:save:62 - update dependency: /home/zhaorz/project/CodeWM/CodeWM_ProWES_Logits/reproduct/units/p01_snake_game/java/replays/0001_seed_1082638472/p01_snake_game_java/docs/system_design/20260913021445.json:[]
2026-09-13 06:43:09.204 | INFO     | metagpt.utils.file_repository:save:57 - save to: /home/zhaorz/project/CodeWM/CodeWM_ProWES_Logits/reproduct/units/p01_snake_game/java/replays/0001_seed_1082638472/p01_snake_game_java/docs/task/20260913021445.json
2026-09-13 06:43:09.205 | INFO     | metagpt.utils.file_repository:save:62 - update dependency: /home/zhaorz/project/CodeWM/CodeWM_ProWES_Logits/reproduct/units/p01_snake_game/java/replays/0001_seed_1082638472/p01_snake_game_java/docs/task/20260913021445.json:[]
>> [manual] Run 7/11: WriteCode -> src/main/java/GameSnapshot.java
2026-09-13 06:43:09.209 | INFO     | metagpt.actions.write_code:run:186 - Writing src/main/java/GameSnapshot.java..
2026-09-13 06:44:24.658 | INFO     | metagpt.utils.file_repository:save:57 - save to: /home/zhaorz/project/CodeWM/CodeWM_ProWES_Logits/reproduct/units/p01_snake_game/java/replays/0001_seed_1082638472/p01_snake_game_java/p01_snake_game_java/src/main/java/GameSnapshot.java
2026-09-13 06:44:24.661 | INFO     | metagpt.utils.file_repository:save:62 - update dependency: /home/zhaorz/project/CodeWM/CodeWM_ProWES_Logits/reproduct/units/p01_snake_game/java/replays/0001_seed_1082638472/p01_snake_game_java/p01_snake_game_java/src/main/java/GameSnapshot.java:['docs/system_design/20260913021445.json', 'docs/task/20260913021445.json']
2026-09-13 06:44:24.662 | INFO     | metagpt.utils.file_repository:save:57 - save to: /home/zhaorz/project/CodeWM/CodeWM_ProWES_Logits/reproduct/units/p01_snake_game/java/replays/0001_seed_1082638472/p01_snake_game_java/p01_snake_game_java/GameSnapshot_wm_detRes.txt
>> saved: src/src/main/java/GameSnapshot.java
2026-09-13 06:44:24.663 | INFO     | metagpt.utils.file_repository:save:57 - save to: /home/zhaorz/project/CodeWM/CodeWM_ProWES_Logits/reproduct/units/p01_snake_game/java/replays/0001_seed_1082638472/p01_snake_game_java/docs/system_design/20260913021445.json
2026-09-13 06:44:24.665 | INFO     | metagpt.utils.file_repository:save:62 - update dependency: /home/zhaorz/project/CodeWM/CodeWM_ProWES_Logits/reproduct/units/p01_snake_game/java/replays/0001_seed_1082638472/p01_snake_game_java/docs/system_design/20260913021445.json:[]
2026-09-13 06:44:24.666 | INFO     | metagpt.utils.file_repository:save:57 - save to: /home/zhaorz/project/CodeWM/CodeWM_ProWES_Logits/reproduct/units/p01_snake_game/java/replays/0001_seed_1082638472/p01_snake_game_java/docs/task/20260913021445.json
2026-09-13 06:44:24.668 | INFO     | metagpt.utils.file_repository:save:62 - update dependency: /home/zhaorz/project/CodeWM/CodeWM_ProWES_Logits/reproduct/units/p01_snake_game/java/replays/0001_seed_1082638472/p01_snake_game_java/docs/task/20260913021445.json:[]
>> [manual] Run 8/11: WriteCode -> src/main/java/JavaUtilRandomSource.java
2026-09-13 06:44:24.674 | INFO     | metagpt.actions.write_code:run:186 - Writing src/main/java/JavaUtilRandomSource.java..
2026-09-13 06:44:58.863 | INFO     | metagpt.utils.file_repository:save:57 - save to: /home/zhaorz/project/CodeWM/CodeWM_ProWES_Logits/reproduct/units/p01_snake_game/java/replays/0001_seed_1082638472/p01_snake_game_java/p01_snake_game_java/src/main/java/JavaUtilRandomSource.java
2026-09-13 06:44:58.864 | INFO     | metagpt.utils.file_repository:save:62 - update dependency: /home/zhaorz/project/CodeWM/CodeWM_ProWES_Logits/reproduct/units/p01_snake_game/java/replays/0001_seed_1082638472/p01_snake_game_java/p01_snake_game_java/src/main/java/JavaUtilRandomSource.java:['docs/system_design/20260913021445.json', 'docs/task/20260913021445.json']
2026-09-13 06:44:58.865 | INFO     | metagpt.utils.file_repository:save:57 - save to: /home/zhaorz/project/CodeWM/CodeWM_ProWES_Logits/reproduct/units/p01_snake_game/java/replays/0001_seed_1082638472/p01_snake_game_java/p01_snake_game_java/JavaUtilRandomSource_wm_detRes.txt
>> saved: src/src/main/java/JavaUtilRandomSource.java
2026-09-13 06:44:58.866 | INFO     | metagpt.utils.file_repository:save:57 - save to: /home/zhaorz/project/CodeWM/CodeWM_ProWES_Logits/reproduct/units/p01_snake_game/java/replays/0001_seed_1082638472/p01_snake_game_java/docs/system_design/20260913021445.json
2026-09-13 06:44:58.867 | INFO     | metagpt.utils.file_repository:save:62 - update dependency: /home/zhaorz/project/CodeWM/CodeWM_ProWES_Logits/reproduct/units/p01_snake_game/java/replays/0001_seed_1082638472/p01_snake_game_java/docs/system_design/20260913021445.json:[]
2026-09-13 06:44:58.868 | INFO     | metagpt.utils.file_repository:save:57 - save to: /home/zhaorz/project/CodeWM/CodeWM_ProWES_Logits/reproduct/units/p01_snake_game/java/replays/0001_seed_1082638472/p01_snake_game_java/docs/task/20260913021445.json
2026-09-13 06:44:58.870 | INFO     | metagpt.utils.file_repository:save:62 - update dependency: /home/zhaorz/project/CodeWM/CodeWM_ProWES_Logits/reproduct/units/p01_snake_game/java/replays/0001_seed_1082638472/p01_snake_game_java/docs/task/20260913021445.json:[]
>> [manual] Run 9/11: WriteCode -> src/main/java/SnakeGame.java
2026-09-13 06:44:58.875 | INFO     | metagpt.actions.write_code:run:186 - Writing src/main/java/SnakeGame.java..
2026-09-13 06:47:06.040 | INFO     | metagpt.utils.file_repository:save:57 - save to: /home/zhaorz/project/CodeWM/CodeWM_ProWES_Logits/reproduct/units/p01_snake_game/java/replays/0001_seed_1082638472/p01_snake_game_java/p01_snake_game_java/src/main/java/SnakeGame.java
2026-09-13 06:47:06.042 | INFO     | metagpt.utils.file_repository:save:62 - update dependency: /home/zhaorz/project/CodeWM/CodeWM_ProWES_Logits/reproduct/units/p01_snake_game/java/replays/0001_seed_1082638472/p01_snake_game_java/p01_snake_game_java/src/main/java/SnakeGame.java:['docs/system_design/20260913021445.json', 'docs/task/20260913021445.json']
2026-09-13 06:47:06.044 | INFO     | metagpt.utils.file_repository:save:57 - save to: /home/zhaorz/project/CodeWM/CodeWM_ProWES_Logits/reproduct/units/p01_snake_game/java/replays/0001_seed_1082638472/p01_snake_game_java/p01_snake_game_java/SnakeGame_wm_detRes.txt
>> saved: src/src/main/java/SnakeGame.java
2026-09-13 06:47:06.046 | INFO     | metagpt.utils.file_repository:save:57 - save to: /home/zhaorz/project/CodeWM/CodeWM_ProWES_Logits/reproduct/units/p01_snake_game/java/replays/0001_seed_1082638472/p01_snake_game_java/docs/system_design/20260913021445.json
2026-09-13 06:47:06.048 | INFO     | metagpt.utils.file_repository:save:62 - update dependency: /home/zhaorz/project/CodeWM/CodeWM_ProWES_Logits/reproduct/units/p01_snake_game/java/replays/0001_seed_1082638472/p01_snake_game_java/docs/system_design/20260913021445.json:[]
2026-09-13 06:47:06.049 | INFO     | metagpt.utils.file_repository:save:57 - save to: /home/zhaorz/project/CodeWM/CodeWM_ProWES_Logits/reproduct/units/p01_snake_game/java/replays/0001_seed_1082638472/p01_snake_game_java/docs/task/20260913021445.json
2026-09-13 06:47:06.051 | INFO     | metagpt.utils.file_repository:save:62 - update dependency: /home/zhaorz/project/CodeWM/CodeWM_ProWES_Logits/reproduct/units/p01_snake_game/java/replays/0001_seed_1082638472/p01_snake_game_java/docs/task/20260913021445.json:[]
>> [manual] Run 10/11: WriteCode -> src/main/java/Main.java
2026-09-13 06:47:06.061 | INFO     | metagpt.actions.write_code:run:186 - Writing src/main/java/Main.java..
2026-09-13 06:47:57.536 | INFO     | metagpt.utils.file_repository:save:57 - save to: /home/zhaorz/project/CodeWM/CodeWM_ProWES_Logits/reproduct/units/p01_snake_game/java/replays/0001_seed_1082638472/p01_snake_game_java/p01_snake_game_java/src/main/java/Main.java
2026-09-13 06:47:57.538 | INFO     | metagpt.utils.file_repository:save:62 - update dependency: /home/zhaorz/project/CodeWM/CodeWM_ProWES_Logits/reproduct/units/p01_snake_game/java/replays/0001_seed_1082638472/p01_snake_game_java/p01_snake_game_java/src/main/java/Main.java:['docs/system_design/20260913021445.json', 'docs/task/20260913021445.json']
2026-09-13 06:47:57.539 | INFO     | metagpt.utils.file_repository:save:57 - save to: /home/zhaorz/project/CodeWM/CodeWM_ProWES_Logits/reproduct/units/p01_snake_game/java/replays/0001_seed_1082638472/p01_snake_game_java/p01_snake_game_java/Main_wm_detRes.txt
>> saved: src/src/main/java/Main.java
2026-09-13 06:47:57.540 | INFO     | metagpt.utils.file_repository:save:57 - save to: /home/zhaorz/project/CodeWM/CodeWM_ProWES_Logits/reproduct/units/p01_snake_game/java/replays/0001_seed_1082638472/p01_snake_game_java/docs/system_design/20260913021445.json
2026-09-13 06:47:57.542 | INFO     | metagpt.utils.file_repository:save:62 - update dependency: /home/zhaorz/project/CodeWM/CodeWM_ProWES_Logits/reproduct/units/p01_snake_game/java/replays/0001_seed_1082638472/p01_snake_game_java/docs/system_design/20260913021445.json:[]
2026-09-13 06:47:57.543 | INFO     | metagpt.utils.file_repository:save:57 - save to: /home/zhaorz/project/CodeWM/CodeWM_ProWES_Logits/reproduct/units/p01_snake_game/java/replays/0001_seed_1082638472/p01_snake_game_java/docs/task/20260913021445.json
2026-09-13 06:47:57.544 | INFO     | metagpt.utils.file_repository:save:62 - update dependency: /home/zhaorz/project/CodeWM/CodeWM_ProWES_Logits/reproduct/units/p01_snake_game/java/replays/0001_seed_1082638472/p01_snake_game_java/docs/task/20260913021445.json:[]
>> [manual] Run 11/11: WriteCode -> src/test/java/MainTest.java
2026-09-13 06:47:57.552 | INFO     | metagpt.actions.write_code:run:186 - Writing src/test/java/MainTest.java..
2026-09-13 06:49:16.680 | INFO     | metagpt.utils.file_repository:save:57 - save to: /home/zhaorz/project/CodeWM/CodeWM_ProWES_Logits/reproduct/units/p01_snake_game/java/replays/0001_seed_1082638472/p01_snake_game_java/p01_snake_game_java/src/test/java/MainTest.java
2026-09-13 06:49:16.681 | INFO     | metagpt.utils.file_repository:save:62 - update dependency: /home/zhaorz/project/CodeWM/CodeWM_ProWES_Logits/reproduct/units/p01_snake_game/java/replays/0001_seed_1082638472/p01_snake_game_java/p01_snake_game_java/src/test/java/MainTest.java:['docs/system_design/20260913021445.json', 'docs/task/20260913021445.json']
2026-09-13 06:49:16.682 | INFO     | metagpt.utils.file_repository:save:57 - save to: /home/zhaorz/project/CodeWM/CodeWM_ProWES_Logits/reproduct/units/p01_snake_game/java/replays/0001_seed_1082638472/p01_snake_game_java/p01_snake_game_java/MainTest_wm_detRes.txt
>> saved: src/src/test/java/MainTest.java
>> [manual] all WriteCode actions finished.
[replay-worker] p01_snake_game_java passed=True
>> recovering from: /home/zhaorz/project/CodeWM/CodeWM_ProWES_Logits/reproduct/units/p02_flappy_bird_game/cpp/architecture/team
>> team.json exists: True path: /home/zhaorz/project/CodeWM/CodeWM_ProWES_Logits/reproduct/units/p02_flappy_bird_game/cpp/architecture/team/team.json
>> ctx.git_repo.workdir = /home/zhaorz/project/CodeWM/CodeWM_ProWES_Logits/reproduct/units/p02_flappy_bird_game/cpp/replays/0001_seed_1192725353/p02_flappy_bird_game_cpp
eng.code_todos: ['CMakeLists.txt', 'include/Random.h', 'include/GameConfig.h', 'include/Bird.h', 'include/Pipe.h', 'include/GameState.h', 'include/GameEngine.h', 'src/Random.cpp', 'src/GameConfig.cpp', 'src/Bird.cpp', 'src/Pipe.cpp', 'src/GameState.cpp', 'src/GameEngine.cpp', 'src/Main.cpp', 'tests/test_main.cpp']
>> ready, ctx.git_repo.workdir = /home/zhaorz/project/CodeWM/CodeWM_ProWES_Logits/reproduct/units/p02_flappy_bird_game/cpp/replays/0001_seed_1192725353/p02_flappy_bird_game_cpp
>> ctx.git_repo.workdir = /home/zhaorz/project/CodeWM/CodeWM_ProWES_Logits/reproduct/units/p02_flappy_bird_game/cpp/replays/0001_seed_1192725353/p02_flappy_bird_game_cpp
2026-09-13 06:49:26.759 | INFO     | metagpt.utils.file_repository:save:57 - save to: /home/zhaorz/project/CodeWM/CodeWM_ProWES_Logits/reproduct/units/p02_flappy_bird_game/cpp/replays/0001_seed_1192725353/p02_flappy_bird_game_cpp/docs/system_design/20260913052406.json
2026-09-13 06:49:26.760 | INFO     | metagpt.utils.file_repository:save:62 - update dependency: /home/zhaorz/project/CodeWM/CodeWM_ProWES_Logits/reproduct/units/p02_flappy_bird_game/cpp/replays/0001_seed_1192725353/p02_flappy_bird_game_cpp/docs/system_design/20260913052406.json:[]
2026-09-13 06:49:26.761 | INFO     | metagpt.utils.file_repository:save:57 - save to: /home/zhaorz/project/CodeWM/CodeWM_ProWES_Logits/reproduct/units/p02_flappy_bird_game/cpp/replays/0001_seed_1192725353/p02_flappy_bird_game_cpp/docs/task/20260913052406.json
2026-09-13 06:49:26.762 | INFO     | metagpt.utils.file_repository:save:62 - update dependency: /home/zhaorz/project/CodeWM/CodeWM_ProWES_Logits/reproduct/units/p02_flappy_bird_game/cpp/replays/0001_seed_1192725353/p02_flappy_bird_game_cpp/docs/task/20260913052406.json:[]
>> [manual] Run 1/15: WriteCode -> CMakeLists.txt
2026-09-13 06:49:26.763 | INFO     | metagpt.actions.write_code:run:186 - Writing CMakeLists.txt..
2026-09-13 06:49:47.922 | INFO     | metagpt.utils.file_repository:save:57 - save to: /home/zhaorz/project/CodeWM/CodeWM_ProWES_Logits/reproduct/units/p02_flappy_bird_game/cpp/replays/0001_seed_1192725353/p02_flappy_bird_game_cpp/p02_flappy_bird_game_cpp/CMakeLists.txt
2026-09-13 06:49:47.924 | INFO     | metagpt.utils.file_repository:save:62 - update dependency: /home/zhaorz/project/CodeWM/CodeWM_ProWES_Logits/reproduct/units/p02_flappy_bird_game/cpp/replays/0001_seed_1192725353/p02_flappy_bird_game_cpp/p02_flappy_bird_game_cpp/CMakeLists.txt:['docs/system_design/20260913052406.json', 'docs/task/20260913052406.json']
2026-09-13 06:49:47.925 | INFO     | metagpt.utils.file_repository:save:57 - save to: /home/zhaorz/project/CodeWM/CodeWM_ProWES_Logits/reproduct/units/p02_flappy_bird_game/cpp/replays/0001_seed_1192725353/p02_flappy_bird_game_cpp/p02_flappy_bird_game_cpp/CMakeLists_wm_detRes.txt
>> saved: src/CMakeLists.txt
2026-09-13 06:49:47.926 | INFO     | metagpt.utils.file_repository:save:57 - save to: /home/zhaorz/project/CodeWM/CodeWM_ProWES_Logits/reproduct/units/p02_flappy_bird_game/cpp/replays/0001_seed_1192725353/p02_flappy_bird_game_cpp/docs/system_design/20260913052406.json
2026-09-13 06:49:47.928 | INFO     | metagpt.utils.file_repository:save:62 - update dependency: /home/zhaorz/project/CodeWM/CodeWM_ProWES_Logits/reproduct/units/p02_flappy_bird_game/cpp/replays/0001_seed_1192725353/p02_flappy_bird_game_cpp/docs/system_design/20260913052406.json:[]
2026-09-13 06:49:47.929 | INFO     | metagpt.utils.file_repository:save:57 - save to: /home/zhaorz/project/CodeWM/CodeWM_ProWES_Logits/reproduct/units/p02_flappy_bird_game/cpp/replays/0001_seed_1192725353/p02_flappy_bird_game_cpp/docs/task/20260913052406.json
2026-09-13 06:49:47.930 | INFO     | metagpt.utils.file_repository:save:62 - update dependency: /home/zhaorz/project/CodeWM/CodeWM_ProWES_Logits/reproduct/units/p02_flappy_bird_game/cpp/replays/0001_seed_1192725353/p02_flappy_bird_game_cpp/docs/task/20260913052406.json:[]
>> [manual] Run 2/15: WriteCode -> include/Random.h
2026-09-13 06:49:47.933 | INFO     | metagpt.actions.write_code:run:186 - Writing include/Random.h..
2026-09-13 06:50:31.415 | INFO     | metagpt.utils.file_repository:save:57 - save to: /home/zhaorz/project/CodeWM/CodeWM_ProWES_Logits/reproduct/units/p02_flappy_bird_game/cpp/replays/0001_seed_1192725353/p02_flappy_bird_game_cpp/p02_flappy_bird_game_cpp/include/Random.h
2026-09-13 06:50:31.417 | INFO     | metagpt.utils.file_repository:save:62 - update dependency: /home/zhaorz/project/CodeWM/CodeWM_ProWES_Logits/reproduct/units/p02_flappy_bird_game/cpp/replays/0001_seed_1192725353/p02_flappy_bird_game_cpp/p02_flappy_bird_game_cpp/include/Random.h:['docs/system_design/20260913052406.json', 'docs/task/20260913052406.json']
2026-09-13 06:50:31.418 | INFO     | metagpt.utils.file_repository:save:57 - save to: /home/zhaorz/project/CodeWM/CodeWM_ProWES_Logits/reproduct/units/p02_flappy_bird_game/cpp/replays/0001_seed_1192725353/p02_flappy_bird_game_cpp/p02_flappy_bird_game_cpp/Random_wm_detRes.txt
>> saved: src/include/Random.h
2026-09-13 06:50:31.420 | INFO     | metagpt.utils.file_repository:save:57 - save to: /home/zhaorz/project/CodeWM/CodeWM_ProWES_Logits/reproduct/units/p02_flappy_bird_game/cpp/replays/0001_seed_1192725353/p02_flappy_bird_game_cpp/docs/system_design/20260913052406.json
2026-09-13 06:50:31.421 | INFO     | metagpt.utils.file_repository:save:62 - update dependency: /home/zhaorz/project/CodeWM/CodeWM_ProWES_Logits/reproduct/units/p02_flappy_bird_game/cpp/replays/0001_seed_1192725353/p02_flappy_bird_game_cpp/docs/system_design/20260913052406.json:[]
2026-09-13 06:50:31.422 | INFO     | metagpt.utils.file_repository:save:57 - save to: /home/zhaorz/project/CodeWM/CodeWM_ProWES_Logits/reproduct/units/p02_flappy_bird_game/cpp/replays/0001_seed_1192725353/p02_flappy_bird_game_cpp/docs/task/20260913052406.json
2026-09-13 06:50:31.424 | INFO     | metagpt.utils.file_repository:save:62 - update dependency: /home/zhaorz/project/CodeWM/CodeWM_ProWES_Logits/reproduct/units/p02_flappy_bird_game/cpp/replays/0001_seed_1192725353/p02_flappy_bird_game_cpp/docs/task/20260913052406.json:[]
>> [manual] Run 3/15: WriteCode -> include/GameConfig.h
2026-09-13 06:50:31.427 | INFO     | metagpt.actions.write_code:run:186 - Writing include/GameConfig.h..
2026-09-13 06:51:09.302 | INFO     | metagpt.utils.file_repository:save:57 - save to: /home/zhaorz/project/CodeWM/CodeWM_ProWES_Logits/reproduct/units/p02_flappy_bird_game/cpp/replays/0001_seed_1192725353/p02_flappy_bird_game_cpp/p02_flappy_bird_game_cpp/include/GameConfig.h
2026-09-13 06:51:09.303 | INFO     | metagpt.utils.file_repository:save:62 - update dependency: /home/zhaorz/project/CodeWM/CodeWM_ProWES_Logits/reproduct/units/p02_flappy_bird_game/cpp/replays/0001_seed_1192725353/p02_flappy_bird_game_cpp/p02_flappy_bird_game_cpp/include/GameConfig.h:['docs/system_design/20260913052406.json', 'docs/task/20260913052406.json']
2026-09-13 06:51:09.305 | INFO     | metagpt.utils.file_repository:save:57 - save to: /home/zhaorz/project/CodeWM/CodeWM_ProWES_Logits/reproduct/units/p02_flappy_bird_game/cpp/replays/0001_seed_1192725353/p02_flappy_bird_game_cpp/p02_flappy_bird_game_cpp/GameConfig_wm_detRes.txt
>> saved: src/include/GameConfig.h
2026-09-13 06:51:09.306 | INFO     | metagpt.utils.file_repository:save:57 - save to: /home/zhaorz/project/CodeWM/CodeWM_ProWES_Logits/reproduct/units/p02_flappy_bird_game/cpp/replays/0001_seed_1192725353/p02_flappy_bird_game_cpp/docs/system_design/20260913052406.json
2026-09-13 06:51:09.308 | INFO     | metagpt.utils.file_repository:save:62 - update dependency: /home/zhaorz/project/CodeWM/CodeWM_ProWES_Logits/reproduct/units/p02_flappy_bird_game/cpp/replays/0001_seed_1192725353/p02_flappy_bird_game_cpp/docs/system_design/20260913052406.json:[]
2026-09-13 06:51:09.309 | INFO     | metagpt.utils.file_repository:save:57 - save to: /home/zhaorz/project/CodeWM/CodeWM_ProWES_Logits/reproduct/units/p02_flappy_bird_game/cpp/replays/0001_seed_1192725353/p02_flappy_bird_game_cpp/docs/task/20260913052406.json
2026-09-13 06:51:09.310 | INFO     | metagpt.utils.file_repository:save:62 - update dependency: /home/zhaorz/project/CodeWM/CodeWM_ProWES_Logits/reproduct/units/p02_flappy_bird_game/cpp/replays/0001_seed_1192725353/p02_flappy_bird_game_cpp/docs/task/20260913052406.json:[]
>> [manual] Run 4/15: WriteCode -> include/Bird.h
2026-09-13 06:51:09.314 | INFO     | metagpt.actions.write_code:run:186 - Writing include/Bird.h..
2026-09-13 06:52:39.606 | INFO     | metagpt.utils.file_repository:save:57 - save to: /home/zhaorz/project/CodeWM/CodeWM_ProWES_Logits/reproduct/units/p02_flappy_bird_game/cpp/replays/0001_seed_1192725353/p02_flappy_bird_game_cpp/p02_flappy_bird_game_cpp/include/Bird.h
2026-09-13 06:52:39.607 | INFO     | metagpt.utils.file_repository:save:62 - update dependency: /home/zhaorz/project/CodeWM/CodeWM_ProWES_Logits/reproduct/units/p02_flappy_bird_game/cpp/replays/0001_seed_1192725353/p02_flappy_bird_game_cpp/p02_flappy_bird_game_cpp/include/Bird.h:['docs/system_design/20260913052406.json', 'docs/task/20260913052406.json']
2026-09-13 06:52:39.608 | INFO     | metagpt.utils.file_repository:save:57 - save to: /home/zhaorz/project/CodeWM/CodeWM_ProWES_Logits/reproduct/units/p02_flappy_bird_game/cpp/replays/0001_seed_1192725353/p02_flappy_bird_game_cpp/p02_flappy_bird_game_cpp/Bird_wm_detRes.txt
>> saved: src/include/Bird.h
2026-09-13 06:52:39.609 | INFO     | metagpt.utils.file_repository:save:57 - save to: /home/zhaorz/project/CodeWM/CodeWM_ProWES_Logits/reproduct/units/p02_flappy_bird_game/cpp/replays/0001_seed_1192725353/p02_flappy_bird_game_cpp/docs/system_design/20260913052406.json
2026-09-13 06:52:39.610 | INFO     | metagpt.utils.file_repository:save:62 - update dependency: /home/zhaorz/project/CodeWM/CodeWM_ProWES_Logits/reproduct/units/p02_flappy_bird_game/cpp/replays/0001_seed_1192725353/p02_flappy_bird_game_cpp/docs/system_design/20260913052406.json:[]
2026-09-13 06:52:39.611 | INFO     | metagpt.utils.file_repository:save:57 - save to: /home/zhaorz/project/CodeWM/CodeWM_ProWES_Logits/reproduct/units/p02_flappy_bird_game/cpp/replays/0001_seed_1192725353/p02_flappy_bird_game_cpp/docs/task/20260913052406.json
2026-09-13 06:52:39.612 | INFO     | metagpt.utils.file_repository:save:62 - update dependency: /home/zhaorz/project/CodeWM/CodeWM_ProWES_Logits/reproduct/units/p02_flappy_bird_game/cpp/replays/0001_seed_1192725353/p02_flappy_bird_game_cpp/docs/task/20260913052406.json:[]
>> [manual] Run 5/15: WriteCode -> include/Pipe.h
2026-09-13 06:52:39.616 | INFO     | metagpt.actions.write_code:run:186 - Writing include/Pipe.h..
2026-09-13 06:53:04.054 | INFO     | metagpt.utils.file_repository:save:57 - save to: /home/zhaorz/project/CodeWM/CodeWM_ProWES_Logits/reproduct/units/p02_flappy_bird_game/cpp/replays/0001_seed_1192725353/p02_flappy_bird_game_cpp/p02_flappy_bird_game_cpp/include/Pipe.h
2026-09-13 06:53:04.056 | INFO     | metagpt.utils.file_repository:save:62 - update dependency: /home/zhaorz/project/CodeWM/CodeWM_ProWES_Logits/reproduct/units/p02_flappy_bird_game/cpp/replays/0001_seed_1192725353/p02_flappy_bird_game_cpp/p02_flappy_bird_game_cpp/include/Pipe.h:['docs/system_design/20260913052406.json', 'docs/task/20260913052406.json']
2026-09-13 06:53:04.057 | INFO     | metagpt.utils.file_repository:save:57 - save to: /home/zhaorz/project/CodeWM/CodeWM_ProWES_Logits/reproduct/units/p02_flappy_bird_game/cpp/replays/0001_seed_1192725353/p02_flappy_bird_game_cpp/p02_flappy_bird_game_cpp/Pipe_wm_detRes.txt
>> saved: src/include/Pipe.h
2026-09-13 06:53:04.058 | INFO     | metagpt.utils.file_repository:save:57 - save to: /home/zhaorz/project/CodeWM/CodeWM_ProWES_Logits/reproduct/units/p02_flappy_bird_game/cpp/replays/0001_seed_1192725353/p02_flappy_bird_game_cpp/docs/system_design/20260913052406.json
2026-09-13 06:53:04.059 | INFO     | metagpt.utils.file_repository:save:62 - update dependency: /home/zhaorz/project/CodeWM/CodeWM_ProWES_Logits/reproduct/units/p02_flappy_bird_game/cpp/replays/0001_seed_1192725353/p02_flappy_bird_game_cpp/docs/system_design/20260913052406.json:[]
2026-09-13 06:53:04.060 | INFO     | metagpt.utils.file_repository:save:57 - save to: /home/zhaorz/project/CodeWM/CodeWM_ProWES_Logits/reproduct/units/p02_flappy_bird_game/cpp/replays/0001_seed_1192725353/p02_flappy_bird_game_cpp/docs/task/20260913052406.json
2026-09-13 06:53:04.061 | INFO     | metagpt.utils.file_repository:save:62 - update dependency: /home/zhaorz/project/CodeWM/CodeWM_ProWES_Logits/reproduct/units/p02_flappy_bird_game/cpp/replays/0001_seed_1192725353/p02_flappy_bird_game_cpp/docs/task/20260913052406.json:[]
>> [manual] Run 6/15: WriteCode -> include/GameState.h
2026-09-13 06:53:04.067 | INFO     | metagpt.actions.write_code:run:186 - Writing include/GameState.h..
2026-09-13 06:53:49.365 | INFO     | metagpt.utils.file_repository:save:57 - save to: /home/zhaorz/project/CodeWM/CodeWM_ProWES_Logits/reproduct/units/p02_flappy_bird_game/cpp/replays/0001_seed_1192725353/p02_flappy_bird_game_cpp/p02_flappy_bird_game_cpp/include/GameState.h
2026-09-13 06:53:49.367 | INFO     | metagpt.utils.file_repository:save:62 - update dependency: /home/zhaorz/project/CodeWM/CodeWM_ProWES_Logits/reproduct/units/p02_flappy_bird_game/cpp/replays/0001_seed_1192725353/p02_flappy_bird_game_cpp/p02_flappy_bird_game_cpp/include/GameState.h:['docs/system_design/20260913052406.json', 'docs/task/20260913052406.json']
2026-09-13 06:53:49.368 | INFO     | metagpt.utils.file_repository:save:57 - save to: /home/zhaorz/project/CodeWM/CodeWM_ProWES_Logits/reproduct/units/p02_flappy_bird_game/cpp/replays/0001_seed_1192725353/p02_flappy_bird_game_cpp/p02_flappy_bird_game_cpp/GameState_wm_detRes.txt
>> saved: src/include/GameState.h
2026-09-13 06:53:49.369 | INFO     | metagpt.utils.file_repository:save:57 - save to: /home/zhaorz/project/CodeWM/CodeWM_ProWES_Logits/reproduct/units/p02_flappy_bird_game/cpp/replays/0001_seed_1192725353/p02_flappy_bird_game_cpp/docs/system_design/20260913052406.json
2026-09-13 06:53:49.370 | INFO     | metagpt.utils.file_repository:save:62 - update dependency: /home/zhaorz/project/CodeWM/CodeWM_ProWES_Logits/reproduct/units/p02_flappy_bird_game/cpp/replays/0001_seed_1192725353/p02_flappy_bird_game_cpp/docs/system_design/20260913052406.json:[]
2026-09-13 06:53:49.371 | INFO     | metagpt.utils.file_repository:save:57 - save to: /home/zhaorz/project/CodeWM/CodeWM_ProWES_Logits/reproduct/units/p02_flappy_bird_game/cpp/replays/0001_seed_1192725353/p02_flappy_bird_game_cpp/docs/task/20260913052406.json
2026-09-13 06:53:49.372 | INFO     | metagpt.utils.file_repository:save:62 - update dependency: /home/zhaorz/project/CodeWM/CodeWM_ProWES_Logits/reproduct/units/p02_flappy_bird_game/cpp/replays/0001_seed_1192725353/p02_flappy_bird_game_cpp/docs/task/20260913052406.json:[]
>> [manual] Run 7/15: WriteCode -> include/GameEngine.h
2026-09-13 06:53:49.376 | INFO     | metagpt.actions.write_code:run:186 - Writing include/GameEngine.h..
2026-09-13 06:56:03.772 | INFO     | metagpt.utils.file_repository:save:57 - save to: /home/zhaorz/project/CodeWM/CodeWM_ProWES_Logits/reproduct/units/p02_flappy_bird_game/cpp/replays/0001_seed_1192725353/p02_flappy_bird_game_cpp/p02_flappy_bird_game_cpp/include/GameEngine.h
2026-09-13 06:56:03.773 | INFO     | metagpt.utils.file_repository:save:62 - update dependency: /home/zhaorz/project/CodeWM/CodeWM_ProWES_Logits/reproduct/units/p02_flappy_bird_game/cpp/replays/0001_seed_1192725353/p02_flappy_bird_game_cpp/p02_flappy_bird_game_cpp/include/GameEngine.h:['docs/system_design/20260913052406.json', 'docs/task/20260913052406.json']
2026-09-13 06:56:03.774 | INFO     | metagpt.utils.file_repository:save:57 - save to: /home/zhaorz/project/CodeWM/CodeWM_ProWES_Logits/reproduct/units/p02_flappy_bird_game/cpp/replays/0001_seed_1192725353/p02_flappy_bird_game_cpp/p02_flappy_bird_game_cpp/GameEngine_wm_detRes.txt
>> saved: src/include/GameEngine.h
2026-09-13 06:56:03.775 | INFO     | metagpt.utils.file_repository:save:57 - save to: /home/zhaorz/project/CodeWM/CodeWM_ProWES_Logits/reproduct/units/p02_flappy_bird_game/cpp/replays/0001_seed_1192725353/p02_flappy_bird_game_cpp/docs/system_design/20260913052406.json
2026-09-13 06:56:03.777 | INFO     | metagpt.utils.file_repository:save:62 - update dependency: /home/zhaorz/project/CodeWM/CodeWM_ProWES_Logits/reproduct/units/p02_flappy_bird_game/cpp/replays/0001_seed_1192725353/p02_flappy_bird_game_cpp/docs/system_design/20260913052406.json:[]
2026-09-13 06:56:03.777 | INFO     | metagpt.utils.file_repository:save:57 - save to: /home/zhaorz/project/CodeWM/CodeWM_ProWES_Logits/reproduct/units/p02_flappy_bird_game/cpp/replays/0001_seed_1192725353/p02_flappy_bird_game_cpp/docs/task/20260913052406.json
2026-09-13 06:56:03.778 | INFO     | metagpt.utils.file_repository:save:62 - update dependency: /home/zhaorz/project/CodeWM/CodeWM_ProWES_Logits/reproduct/units/p02_flappy_bird_game/cpp/replays/0001_seed_1192725353/p02_flappy_bird_game_cpp/docs/task/20260913052406.json:[]
>> [manual] Run 8/15: WriteCode -> src/Random.cpp
2026-09-13 06:56:03.784 | INFO     | metagpt.actions.write_code:run:186 - Writing src/Random.cpp..
2026-09-13 06:56:18.152 | INFO     | metagpt.utils.file_repository:save:57 - save to: /home/zhaorz/project/CodeWM/CodeWM_ProWES_Logits/reproduct/units/p02_flappy_bird_game/cpp/replays/0001_seed_1192725353/p02_flappy_bird_game_cpp/p02_flappy_bird_game_cpp/src/Random.cpp
2026-09-13 06:56:18.154 | INFO     | metagpt.utils.file_repository:save:62 - update dependency: /home/zhaorz/project/CodeWM/CodeWM_ProWES_Logits/reproduct/units/p02_flappy_bird_game/cpp/replays/0001_seed_1192725353/p02_flappy_bird_game_cpp/p02_flappy_bird_game_cpp/src/Random.cpp:['docs/system_design/20260913052406.json', 'docs/task/20260913052406.json']
2026-09-13 06:56:18.155 | INFO     | metagpt.utils.file_repository:save:57 - save to: /home/zhaorz/project/CodeWM/CodeWM_ProWES_Logits/reproduct/units/p02_flappy_bird_game/cpp/replays/0001_seed_1192725353/p02_flappy_bird_game_cpp/p02_flappy_bird_game_cpp/Random_wm_detRes.txt
>> saved: src/src/Random.cpp
2026-09-13 06:56:18.156 | INFO     | metagpt.utils.file_repository:save:57 - save to: /home/zhaorz/project/CodeWM/CodeWM_ProWES_Logits/reproduct/units/p02_flappy_bird_game/cpp/replays/0001_seed_1192725353/p02_flappy_bird_game_cpp/docs/system_design/20260913052406.json
2026-09-13 06:56:18.158 | INFO     | metagpt.utils.file_repository:save:62 - update dependency: /home/zhaorz/project/CodeWM/CodeWM_ProWES_Logits/reproduct/units/p02_flappy_bird_game/cpp/replays/0001_seed_1192725353/p02_flappy_bird_game_cpp/docs/system_design/20260913052406.json:[]
2026-09-13 06:56:18.159 | INFO     | metagpt.utils.file_repository:save:57 - save to: /home/zhaorz/project/CodeWM/CodeWM_ProWES_Logits/reproduct/units/p02_flappy_bird_game/cpp/replays/0001_seed_1192725353/p02_flappy_bird_game_cpp/docs/task/20260913052406.json
2026-09-13 06:56:18.160 | INFO     | metagpt.utils.file_repository:save:62 - update dependency: /home/zhaorz/project/CodeWM/CodeWM_ProWES_Logits/reproduct/units/p02_flappy_bird_game/cpp/replays/0001_seed_1192725353/p02_flappy_bird_game_cpp/docs/task/20260913052406.json:[]
>> [manual] Run 9/15: WriteCode -> src/GameConfig.cpp
2026-09-13 06:56:18.167 | INFO     | metagpt.actions.write_code:run:186 - Writing src/GameConfig.cpp..
2026-09-13 06:57:07.508 | INFO     | metagpt.utils.file_repository:save:57 - save to: /home/zhaorz/project/CodeWM/CodeWM_ProWES_Logits/reproduct/units/p02_flappy_bird_game/cpp/replays/0001_seed_1192725353/p02_flappy_bird_game_cpp/p02_flappy_bird_game_cpp/src/GameConfig.cpp
2026-09-13 06:57:07.510 | INFO     | metagpt.utils.file_repository:save:62 - update dependency: /home/zhaorz/project/CodeWM/CodeWM_ProWES_Logits/reproduct/units/p02_flappy_bird_game/cpp/replays/0001_seed_1192725353/p02_flappy_bird_game_cpp/p02_flappy_bird_game_cpp/src/GameConfig.cpp:['docs/system_design/20260913052406.json', 'docs/task/20260913052406.json']
2026-09-13 06:57:07.511 | INFO     | metagpt.utils.file_repository:save:57 - save to: /home/zhaorz/project/CodeWM/CodeWM_ProWES_Logits/reproduct/units/p02_flappy_bird_game/cpp/replays/0001_seed_1192725353/p02_flappy_bird_game_cpp/p02_flappy_bird_game_cpp/GameConfig_wm_detRes.txt
>> saved: src/src/GameConfig.cpp
2026-09-13 06:57:07.512 | INFO     | metagpt.utils.file_repository:save:57 - save to: /home/zhaorz/project/CodeWM/CodeWM_ProWES_Logits/reproduct/units/p02_flappy_bird_game/cpp/replays/0001_seed_1192725353/p02_flappy_bird_game_cpp/docs/system_design/20260913052406.json
2026-09-13 06:57:07.514 | INFO     | metagpt.utils.file_repository:save:62 - update dependency: /home/zhaorz/project/CodeWM/CodeWM_ProWES_Logits/reproduct/units/p02_flappy_bird_game/cpp/replays/0001_seed_1192725353/p02_flappy_bird_game_cpp/docs/system_design/20260913052406.json:[]
2026-09-13 06:57:07.515 | INFO     | metagpt.utils.file_repository:save:57 - save to: /home/zhaorz/project/CodeWM/CodeWM_ProWES_Logits/reproduct/units/p02_flappy_bird_game/cpp/replays/0001_seed_1192725353/p02_flappy_bird_game_cpp/docs/task/20260913052406.json
2026-09-13 06:57:07.517 | INFO     | metagpt.utils.file_repository:save:62 - update dependency: /home/zhaorz/project/CodeWM/CodeWM_ProWES_Logits/reproduct/units/p02_flappy_bird_game/cpp/replays/0001_seed_1192725353/p02_flappy_bird_game_cpp/docs/task/20260913052406.json:[]
>> [manual] Run 10/15: WriteCode -> src/Bird.cpp
2026-09-13 06:57:07.524 | INFO     | metagpt.actions.write_code:run:186 - Writing src/Bird.cpp..
2026-09-13 06:57:37.068 | INFO     | metagpt.utils.file_repository:save:57 - save to: /home/zhaorz/project/CodeWM/CodeWM_ProWES_Logits/reproduct/units/p02_flappy_bird_game/cpp/replays/0001_seed_1192725353/p02_flappy_bird_game_cpp/p02_flappy_bird_game_cpp/src/Bird.cpp
2026-09-13 06:57:37.070 | INFO     | metagpt.utils.file_repository:save:62 - update dependency: /home/zhaorz/project/CodeWM/CodeWM_ProWES_Logits/reproduct/units/p02_flappy_bird_game/cpp/replays/0001_seed_1192725353/p02_flappy_bird_game_cpp/p02_flappy_bird_game_cpp/src/Bird.cpp:['docs/system_design/20260913052406.json', 'docs/task/20260913052406.json']
2026-09-13 06:57:37.071 | INFO     | metagpt.utils.file_repository:save:57 - save to: /home/zhaorz/project/CodeWM/CodeWM_ProWES_Logits/reproduct/units/p02_flappy_bird_game/cpp/replays/0001_seed_1192725353/p02_flappy_bird_game_cpp/p02_flappy_bird_game_cpp/Bird_wm_detRes.txt
>> saved: src/src/Bird.cpp
2026-09-13 06:57:37.073 | INFO     | metagpt.utils.file_repository:save:57 - save to: /home/zhaorz/project/CodeWM/CodeWM_ProWES_Logits/reproduct/units/p02_flappy_bird_game/cpp/replays/0001_seed_1192725353/p02_flappy_bird_game_cpp/docs/system_design/20260913052406.json
2026-09-13 06:57:37.074 | INFO     | metagpt.utils.file_repository:save:62 - update dependency: /home/zhaorz/project/CodeWM/CodeWM_ProWES_Logits/reproduct/units/p02_flappy_bird_game/cpp/replays/0001_seed_1192725353/p02_flappy_bird_game_cpp/docs/system_design/20260913052406.json:[]
2026-09-13 06:57:37.075 | INFO     | metagpt.utils.file_repository:save:57 - save to: /home/zhaorz/project/CodeWM/CodeWM_ProWES_Logits/reproduct/units/p02_flappy_bird_game/cpp/replays/0001_seed_1192725353/p02_flappy_bird_game_cpp/docs/task/20260913052406.json
2026-09-13 06:57:37.077 | INFO     | metagpt.utils.file_repository:save:62 - update dependency: /home/zhaorz/project/CodeWM/CodeWM_ProWES_Logits/reproduct/units/p02_flappy_bird_game/cpp/replays/0001_seed_1192725353/p02_flappy_bird_game_cpp/docs/task/20260913052406.json:[]
>> [manual] Run 11/15: WriteCode -> src/Pipe.cpp
2026-09-13 06:57:37.085 | INFO     | metagpt.actions.write_code:run:186 - Writing src/Pipe.cpp..
2026-09-13 06:58:21.523 | INFO     | metagpt.utils.file_repository:save:57 - save to: /home/zhaorz/project/CodeWM/CodeWM_ProWES_Logits/reproduct/units/p02_flappy_bird_game/cpp/replays/0001_seed_1192725353/p02_flappy_bird_game_cpp/p02_flappy_bird_game_cpp/src/Pipe.cpp
2026-09-13 06:58:21.525 | INFO     | metagpt.utils.file_repository:save:62 - update dependency: /home/zhaorz/project/CodeWM/CodeWM_ProWES_Logits/reproduct/units/p02_flappy_bird_game/cpp/replays/0001_seed_1192725353/p02_flappy_bird_game_cpp/p02_flappy_bird_game_cpp/src/Pipe.cpp:['docs/system_design/20260913052406.json', 'docs/task/20260913052406.json']
2026-09-13 06:58:21.526 | INFO     | metagpt.utils.file_repository:save:57 - save to: /home/zhaorz/project/CodeWM/CodeWM_ProWES_Logits/reproduct/units/p02_flappy_bird_game/cpp/replays/0001_seed_1192725353/p02_flappy_bird_game_cpp/p02_flappy_bird_game_cpp/Pipe_wm_detRes.txt
>> saved: src/src/Pipe.cpp
2026-09-13 06:58:21.527 | INFO     | metagpt.utils.file_repository:save:57 - save to: /home/zhaorz/project/CodeWM/CodeWM_ProWES_Logits/reproduct/units/p02_flappy_bird_game/cpp/replays/0001_seed_1192725353/p02_flappy_bird_game_cpp/docs/system_design/20260913052406.json
2026-09-13 06:58:21.529 | INFO     | metagpt.utils.file_repository:save:62 - update dependency: /home/zhaorz/project/CodeWM/CodeWM_ProWES_Logits/reproduct/units/p02_flappy_bird_game/cpp/replays/0001_seed_1192725353/p02_flappy_bird_game_cpp/docs/system_design/20260913052406.json:[]
2026-09-13 06:58:21.530 | INFO     | metagpt.utils.file_repository:save:57 - save to: /home/zhaorz/project/CodeWM/CodeWM_ProWES_Logits/reproduct/units/p02_flappy_bird_game/cpp/replays/0001_seed_1192725353/p02_flappy_bird_game_cpp/docs/task/20260913052406.json
2026-09-13 06:58:21.531 | INFO     | metagpt.utils.file_repository:save:62 - update dependency: /home/zhaorz/project/CodeWM/CodeWM_ProWES_Logits/reproduct/units/p02_flappy_bird_game/cpp/replays/0001_seed_1192725353/p02_flappy_bird_game_cpp/docs/task/20260913052406.json:[]
>> [manual] Run 12/15: WriteCode -> src/GameState.cpp
2026-09-13 06:58:21.539 | INFO     | metagpt.actions.write_code:run:186 - Writing src/GameState.cpp..
2026-09-13 06:59:27.108 | INFO     | metagpt.utils.file_repository:save:57 - save to: /home/zhaorz/project/CodeWM/CodeWM_ProWES_Logits/reproduct/units/p02_flappy_bird_game/cpp/replays/0001_seed_1192725353/p02_flappy_bird_game_cpp/p02_flappy_bird_game_cpp/src/GameState.cpp
2026-09-13 06:59:27.110 | INFO     | metagpt.utils.file_repository:save:62 - update dependency: /home/zhaorz/project/CodeWM/CodeWM_ProWES_Logits/reproduct/units/p02_flappy_bird_game/cpp/replays/0001_seed_1192725353/p02_flappy_bird_game_cpp/p02_flappy_bird_game_cpp/src/GameState.cpp:['docs/system_design/20260913052406.json', 'docs/task/20260913052406.json']
2026-09-13 06:59:27.111 | INFO     | metagpt.utils.file_repository:save:57 - save to: /home/zhaorz/project/CodeWM/CodeWM_ProWES_Logits/reproduct/units/p02_flappy_bird_game/cpp/replays/0001_seed_1192725353/p02_flappy_bird_game_cpp/p02_flappy_bird_game_cpp/GameState_wm_detRes.txt
>> saved: src/src/GameState.cpp
2026-09-13 06:59:27.112 | INFO     | metagpt.utils.file_repository:save:57 - save to: /home/zhaorz/project/CodeWM/CodeWM_ProWES_Logits/reproduct/units/p02_flappy_bird_game/cpp/replays/0001_seed_1192725353/p02_flappy_bird_game_cpp/docs/system_design/20260913052406.json
2026-09-13 06:59:27.114 | INFO     | metagpt.utils.file_repository:save:62 - update dependency: /home/zhaorz/project/CodeWM/CodeWM_ProWES_Logits/reproduct/units/p02_flappy_bird_game/cpp/replays/0001_seed_1192725353/p02_flappy_bird_game_cpp/docs/system_design/20260913052406.json:[]
2026-09-13 06:59:27.115 | INFO     | metagpt.utils.file_repository:save:57 - save to: /home/zhaorz/project/CodeWM/CodeWM_ProWES_Logits/reproduct/units/p02_flappy_bird_game/cpp/replays/0001_seed_1192725353/p02_flappy_bird_game_cpp/docs/task/20260913052406.json
2026-09-13 06:59:27.116 | INFO     | metagpt.utils.file_repository:save:62 - update dependency: /home/zhaorz/project/CodeWM/CodeWM_ProWES_Logits/reproduct/units/p02_flappy_bird_game/cpp/replays/0001_seed_1192725353/p02_flappy_bird_game_cpp/docs/task/20260913052406.json:[]
>> [manual] Run 13/15: WriteCode -> src/GameEngine.cpp
2026-09-13 06:59:27.125 | INFO     | metagpt.actions.write_code:run:186 - Writing src/GameEngine.cpp..
2026-09-13 06:59:54.446 | INFO     | metagpt.utils.file_repository:save:57 - save to: /home/zhaorz/project/CodeWM/CodeWM_ProWES_Logits/reproduct/units/p02_flappy_bird_game/cpp/replays/0001_seed_1192725353/p02_flappy_bird_game_cpp/p02_flappy_bird_game_cpp/src/GameEngine.cpp
2026-09-13 06:59:54.449 | INFO     | metagpt.utils.file_repository:save:62 - update dependency: /home/zhaorz/project/CodeWM/CodeWM_ProWES_Logits/reproduct/units/p02_flappy_bird_game/cpp/replays/0001_seed_1192725353/p02_flappy_bird_game_cpp/p02_flappy_bird_game_cpp/src/GameEngine.cpp:['docs/system_design/20260913052406.json', 'docs/task/20260913052406.json']
2026-09-13 06:59:54.450 | INFO     | metagpt.utils.file_repository:save:57 - save to: /home/zhaorz/project/CodeWM/CodeWM_ProWES_Logits/reproduct/units/p02_flappy_bird_game/cpp/replays/0001_seed_1192725353/p02_flappy_bird_game_cpp/p02_flappy_bird_game_cpp/GameEngine_wm_detRes.txt
>> saved: src/src/GameEngine.cpp
2026-09-13 06:59:54.451 | INFO     | metagpt.utils.file_repository:save:57 - save to: /home/zhaorz/project/CodeWM/CodeWM_ProWES_Logits/reproduct/units/p02_flappy_bird_game/cpp/replays/0001_seed_1192725353/p02_flappy_bird_game_cpp/docs/system_design/20260913052406.json
2026-09-13 06:59:54.453 | INFO     | metagpt.utils.file_repository:save:62 - update dependency: /home/zhaorz/project/CodeWM/CodeWM_ProWES_Logits/reproduct/units/p02_flappy_bird_game/cpp/replays/0001_seed_1192725353/p02_flappy_bird_game_cpp/docs/system_design/20260913052406.json:[]
2026-09-13 06:59:54.454 | INFO     | metagpt.utils.file_repository:save:57 - save to: /home/zhaorz/project/CodeWM/CodeWM_ProWES_Logits/reproduct/units/p02_flappy_bird_game/cpp/replays/0001_seed_1192725353/p02_flappy_bird_game_cpp/docs/task/20260913052406.json
2026-09-13 06:59:54.455 | INFO     | metagpt.utils.file_repository:save:62 - update dependency: /home/zhaorz/project/CodeWM/CodeWM_ProWES_Logits/reproduct/units/p02_flappy_bird_game/cpp/replays/0001_seed_1192725353/p02_flappy_bird_game_cpp/docs/task/20260913052406.json:[]
>> [manual] Run 14/15: WriteCode -> src/Main.cpp
2026-09-13 06:59:54.464 | INFO     | metagpt.actions.write_code:run:186 - Writing src/Main.cpp..
2026-09-13 07:00:41.080 | INFO     | metagpt.utils.file_repository:save:57 - save to: /home/zhaorz/project/CodeWM/CodeWM_ProWES_Logits/reproduct/units/p02_flappy_bird_game/cpp/replays/0001_seed_1192725353/p02_flappy_bird_game_cpp/p02_flappy_bird_game_cpp/src/Main.cpp
2026-09-13 07:00:41.082 | INFO     | metagpt.utils.file_repository:save:62 - update dependency: /home/zhaorz/project/CodeWM/CodeWM_ProWES_Logits/reproduct/units/p02_flappy_bird_game/cpp/replays/0001_seed_1192725353/p02_flappy_bird_game_cpp/p02_flappy_bird_game_cpp/src/Main.cpp:['docs/system_design/20260913052406.json', 'docs/task/20260913052406.json']
2026-09-13 07:00:41.083 | INFO     | metagpt.utils.file_repository:save:57 - save to: /home/zhaorz/project/CodeWM/CodeWM_ProWES_Logits/reproduct/units/p02_flappy_bird_game/cpp/replays/0001_seed_1192725353/p02_flappy_bird_game_cpp/p02_flappy_bird_game_cpp/Main_wm_detRes.txt
>> saved: src/src/Main.cpp
2026-09-13 07:00:41.084 | INFO     | metagpt.utils.file_repository:save:57 - save to: /home/zhaorz/project/CodeWM/CodeWM_ProWES_Logits/reproduct/units/p02_flappy_bird_game/cpp/replays/0001_seed_1192725353/p02_flappy_bird_game_cpp/docs/system_design/20260913052406.json
2026-09-13 07:00:41.086 | INFO     | metagpt.utils.file_repository:save:62 - update dependency: /home/zhaorz/project/CodeWM/CodeWM_ProWES_Logits/reproduct/units/p02_flappy_bird_game/cpp/replays/0001_seed_1192725353/p02_flappy_bird_game_cpp/docs/system_design/20260913052406.json:[]
2026-09-13 07:00:41.087 | INFO     | metagpt.utils.file_repository:save:57 - save to: /home/zhaorz/project/CodeWM/CodeWM_ProWES_Logits/reproduct/units/p02_flappy_bird_game/cpp/replays/0001_seed_1192725353/p02_flappy_bird_game_cpp/docs/task/20260913052406.json
2026-09-13 07:00:41.088 | INFO     | metagpt.utils.file_repository:save:62 - update dependency: /home/zhaorz/project/CodeWM/CodeWM_ProWES_Logits/reproduct/units/p02_flappy_bird_game/cpp/replays/0001_seed_1192725353/p02_flappy_bird_game_cpp/docs/task/20260913052406.json:[]
>> [manual] Run 15/15: WriteCode -> tests/test_main.cpp
2026-09-13 07:00:41.098 | INFO     | metagpt.actions.write_code:run:186 - Writing tests/test_main.cpp..
2026-09-13 07:02:03.374 | INFO     | metagpt.utils.file_repository:save:57 - save to: /home/zhaorz/project/CodeWM/CodeWM_ProWES_Logits/reproduct/units/p02_flappy_bird_game/cpp/replays/0001_seed_1192725353/p02_flappy_bird_game_cpp/p02_flappy_bird_game_cpp/tests/test_main.cpp
2026-09-13 07:02:03.376 | INFO     | metagpt.utils.file_repository:save:62 - update dependency: /home/zhaorz/project/CodeWM/CodeWM_ProWES_Logits/reproduct/units/p02_flappy_bird_game/cpp/replays/0001_seed_1192725353/p02_flappy_bird_game_cpp/p02_flappy_bird_game_cpp/tests/test_main.cpp:['docs/system_design/20260913052406.json', 'docs/task/20260913052406.json']
2026-09-13 07:02:03.377 | INFO     | metagpt.utils.file_repository:save:57 - save to: /home/zhaorz/project/CodeWM/CodeWM_ProWES_Logits/reproduct/units/p02_flappy_bird_game/cpp/replays/0001_seed_1192725353/p02_flappy_bird_game_cpp/p02_flappy_bird_game_cpp/test_main_wm_detRes.txt
>> saved: src/tests/test_main.cpp
>> [manual] all WriteCode actions finished.
[replay-worker] p02_flappy_bird_game_cpp passed=True
>> recovering from: /home/zhaorz/project/CodeWM/CodeWM_ProWES_Logits/reproduct/units/p12_video_player/python/architecture/team
>> team.json exists: True path: /home/zhaorz/project/CodeWM/CodeWM_ProWES_Logits/reproduct/units/p12_video_player/python/architecture/team/team.json
>> ctx.git_repo.workdir = /home/zhaorz/project/CodeWM/CodeWM_ProWES_Logits/reproduct/units/p12_video_player/python/replays/0001_seed_769100576/p12_video_player_python
eng.code_todos: ['requirements.txt', 'video_player/__init__.py', 'video_player/errors.py', 'video_player/media.py', 'video_player/clock.py', 'video_player/playlist.py', 'video_player/player.py', 'Main.py', 'tests/test_main.py']
>> ready, ctx.git_repo.workdir = /home/zhaorz/project/CodeWM/CodeWM_ProWES_Logits/reproduct/units/p12_video_player/python/replays/0001_seed_769100576/p12_video_player_python
>> ctx.git_repo.workdir = /home/zhaorz/project/CodeWM/CodeWM_ProWES_Logits/reproduct/units/p12_video_player/python/replays/0001_seed_769100576/p12_video_player_python
2026-09-13 07:02:06.674 | INFO     | metagpt.utils.file_repository:save:57 - save to: /home/zhaorz/project/CodeWM/CodeWM_ProWES_Logits/reproduct/units/p12_video_player/python/replays/0001_seed_769100576/p12_video_player_python/docs/system_design/20260913014638.json
2026-09-13 07:02:06.675 | INFO     | metagpt.utils.file_repository:save:62 - update dependency: /home/zhaorz/project/CodeWM/CodeWM_ProWES_Logits/reproduct/units/p12_video_player/python/replays/0001_seed_769100576/p12_video_player_python/docs/system_design/20260913014638.json:[]
2026-09-13 07:02:06.676 | INFO     | metagpt.utils.file_repository:save:57 - save to: /home/zhaorz/project/CodeWM/CodeWM_ProWES_Logits/reproduct/units/p12_video_player/python/replays/0001_seed_769100576/p12_video_player_python/docs/task/20260913014638.json
2026-09-13 07:02:06.676 | INFO     | metagpt.utils.file_repository:save:62 - update dependency: /home/zhaorz/project/CodeWM/CodeWM_ProWES_Logits/reproduct/units/p12_video_player/python/replays/0001_seed_769100576/p12_video_player_python/docs/task/20260913014638.json:[]
>> [manual] Run 1/9: WriteCode -> requirements.txt
2026-09-13 07:02:06.677 | INFO     | metagpt.actions.write_code:run:186 - Writing requirements.txt..
2026-09-13 07:03:13.831 | INFO     | metagpt.utils.file_repository:save:57 - save to: /home/zhaorz/project/CodeWM/CodeWM_ProWES_Logits/reproduct/units/p12_video_player/python/replays/0001_seed_769100576/p12_video_player_python/p12_video_player_python/requirements.txt
2026-09-13 07:03:13.832 | INFO     | metagpt.utils.file_repository:save:62 - update dependency: /home/zhaorz/project/CodeWM/CodeWM_ProWES_Logits/reproduct/units/p12_video_player/python/replays/0001_seed_769100576/p12_video_player_python/p12_video_player_python/requirements.txt:['docs/system_design/20260913014638.json', 'docs/task/20260913014638.json']
2026-09-13 07:03:13.833 | INFO     | metagpt.utils.file_repository:save:57 - save to: /home/zhaorz/project/CodeWM/CodeWM_ProWES_Logits/reproduct/units/p12_video_player/python/replays/0001_seed_769100576/p12_video_player_python/p12_video_player_python/requirements_wm_detRes.txt
>> saved: src/requirements.txt
2026-09-13 07:03:13.834 | INFO     | metagpt.utils.file_repository:save:57 - save to: /home/zhaorz/project/CodeWM/CodeWM_ProWES_Logits/reproduct/units/p12_video_player/python/replays/0001_seed_769100576/p12_video_player_python/docs/system_design/20260913014638.json
2026-09-13 07:03:13.835 | INFO     | metagpt.utils.file_repository:save:62 - update dependency: /home/zhaorz/project/CodeWM/CodeWM_ProWES_Logits/reproduct/units/p12_video_player/python/replays/0001_seed_769100576/p12_video_player_python/docs/system_design/20260913014638.json:[]
2026-09-13 07:03:13.838 | INFO     | metagpt.utils.file_repository:save:57 - save to: /home/zhaorz/project/CodeWM/CodeWM_ProWES_Logits/reproduct/units/p12_video_player/python/replays/0001_seed_769100576/p12_video_player_python/docs/task/20260913014638.json
2026-09-13 07:03:13.839 | INFO     | metagpt.utils.file_repository:save:62 - update dependency: /home/zhaorz/project/CodeWM/CodeWM_ProWES_Logits/reproduct/units/p12_video_player/python/replays/0001_seed_769100576/p12_video_player_python/docs/task/20260913014638.json:[]
>> [manual] Run 2/9: WriteCode -> video_player/__init__.py
2026-09-13 07:03:13.841 | INFO     | metagpt.actions.write_code:run:186 - Writing video_player/__init__.py..
2026-09-13 07:03:28.175 | INFO     | metagpt.utils.file_repository:save:57 - save to: /home/zhaorz/project/CodeWM/CodeWM_ProWES_Logits/reproduct/units/p12_video_player/python/replays/0001_seed_769100576/p12_video_player_python/p12_video_player_python/video_player/__init__.py
2026-09-13 07:03:28.177 | INFO     | metagpt.utils.file_repository:save:62 - update dependency: /home/zhaorz/project/CodeWM/CodeWM_ProWES_Logits/reproduct/units/p12_video_player/python/replays/0001_seed_769100576/p12_video_player_python/p12_video_player_python/video_player/__init__.py:['docs/system_design/20260913014638.json', 'docs/task/20260913014638.json']
2026-09-13 07:03:28.178 | INFO     | metagpt.utils.file_repository:save:57 - save to: /home/zhaorz/project/CodeWM/CodeWM_ProWES_Logits/reproduct/units/p12_video_player/python/replays/0001_seed_769100576/p12_video_player_python/p12_video_player_python/__init___wm_detRes.txt
>> saved: src/video_player/__init__.py
2026-09-13 07:03:28.180 | INFO     | metagpt.utils.file_repository:save:57 - save to: /home/zhaorz/project/CodeWM/CodeWM_ProWES_Logits/reproduct/units/p12_video_player/python/replays/0001_seed_769100576/p12_video_player_python/docs/system_design/20260913014638.json
2026-09-13 07:03:28.181 | INFO     | metagpt.utils.file_repository:save:62 - update dependency: /home/zhaorz/project/CodeWM/CodeWM_ProWES_Logits/reproduct/units/p12_video_player/python/replays/0001_seed_769100576/p12_video_player_python/docs/system_design/20260913014638.json:[]
2026-09-13 07:03:28.182 | INFO     | metagpt.utils.file_repository:save:57 - save to: /home/zhaorz/project/CodeWM/CodeWM_ProWES_Logits/reproduct/units/p12_video_player/python/replays/0001_seed_769100576/p12_video_player_python/docs/task/20260913014638.json
2026-09-13 07:03:28.184 | INFO     | metagpt.utils.file_repository:save:62 - update dependency: /home/zhaorz/project/CodeWM/CodeWM_ProWES_Logits/reproduct/units/p12_video_player/python/replays/0001_seed_769100576/p12_video_player_python/docs/task/20260913014638.json:[]
>> [manual] Run 3/9: WriteCode -> video_player/errors.py
2026-09-13 07:03:28.187 | INFO     | metagpt.actions.write_code:run:186 - Writing video_player/errors.py..
2026-09-13 07:04:00.435 | INFO     | metagpt.utils.file_repository:save:57 - save to: /home/zhaorz/project/CodeWM/CodeWM_ProWES_Logits/reproduct/units/p12_video_player/python/replays/0001_seed_769100576/p12_video_player_python/p12_video_player_python/video_player/errors.py
2026-09-13 07:04:00.437 | INFO     | metagpt.utils.file_repository:save:62 - update dependency: /home/zhaorz/project/CodeWM/CodeWM_ProWES_Logits/reproduct/units/p12_video_player/python/replays/0001_seed_769100576/p12_video_player_python/p12_video_player_python/video_player/errors.py:['docs/system_design/20260913014638.json', 'docs/task/20260913014638.json']
2026-09-13 07:04:00.438 | INFO     | metagpt.utils.file_repository:save:57 - save to: /home/zhaorz/project/CodeWM/CodeWM_ProWES_Logits/reproduct/units/p12_video_player/python/replays/0001_seed_769100576/p12_video_player_python/p12_video_player_python/errors_wm_detRes.txt
>> saved: src/video_player/errors.py
2026-09-13 07:04:00.439 | INFO     | metagpt.utils.file_repository:save:57 - save to: /home/zhaorz/project/CodeWM/CodeWM_ProWES_Logits/reproduct/units/p12_video_player/python/replays/0001_seed_769100576/p12_video_player_python/docs/system_design/20260913014638.json
2026-09-13 07:04:00.441 | INFO     | metagpt.utils.file_repository:save:62 - update dependency: /home/zhaorz/project/CodeWM/CodeWM_ProWES_Logits/reproduct/units/p12_video_player/python/replays/0001_seed_769100576/p12_video_player_python/docs/system_design/20260913014638.json:[]
2026-09-13 07:04:00.442 | INFO     | metagpt.utils.file_repository:save:57 - save to: /home/zhaorz/project/CodeWM/CodeWM_ProWES_Logits/reproduct/units/p12_video_player/python/replays/0001_seed_769100576/p12_video_player_python/docs/task/20260913014638.json
2026-09-13 07:04:00.443 | INFO     | metagpt.utils.file_repository:save:62 - update dependency: /home/zhaorz/project/CodeWM/CodeWM_ProWES_Logits/reproduct/units/p12_video_player/python/replays/0001_seed_769100576/p12_video_player_python/docs/task/20260913014638.json:[]
>> [manual] Run 4/9: WriteCode -> video_player/media.py
2026-09-13 07:04:00.447 | INFO     | metagpt.actions.write_code:run:186 - Writing video_player/media.py..
2026-09-13 07:06:30.272 | INFO     | metagpt.utils.file_repository:save:57 - save to: /home/zhaorz/project/CodeWM/CodeWM_ProWES_Logits/reproduct/units/p12_video_player/python/replays/0001_seed_769100576/p12_video_player_python/p12_video_player_python/video_player/media.py
2026-09-13 07:06:30.274 | INFO     | metagpt.utils.file_repository:save:62 - update dependency: /home/zhaorz/project/CodeWM/CodeWM_ProWES_Logits/reproduct/units/p12_video_player/python/replays/0001_seed_769100576/p12_video_player_python/p12_video_player_python/video_player/media.py:['docs/system_design/20260913014638.json', 'docs/task/20260913014638.json']
2026-09-13 07:06:30.276 | INFO     | metagpt.utils.file_repository:save:57 - save to: /home/zhaorz/project/CodeWM/CodeWM_ProWES_Logits/reproduct/units/p12_video_player/python/replays/0001_seed_769100576/p12_video_player_python/p12_video_player_python/media_wm_detRes.txt
>> saved: src/video_player/media.py
2026-09-13 07:06:30.277 | INFO     | metagpt.utils.file_repository:save:57 - save to: /home/zhaorz/project/CodeWM/CodeWM_ProWES_Logits/reproduct/units/p12_video_player/python/replays/0001_seed_769100576/p12_video_player_python/docs/system_design/20260913014638.json
2026-09-13 07:06:30.278 | INFO     | metagpt.utils.file_repository:save:62 - update dependency: /home/zhaorz/project/CodeWM/CodeWM_ProWES_Logits/reproduct/units/p12_video_player/python/replays/0001_seed_769100576/p12_video_player_python/docs/system_design/20260913014638.json:[]
2026-09-13 07:06:30.279 | INFO     | metagpt.utils.file_repository:save:57 - save to: /home/zhaorz/project/CodeWM/CodeWM_ProWES_Logits/reproduct/units/p12_video_player/python/replays/0001_seed_769100576/p12_video_player_python/docs/task/20260913014638.json
2026-09-13 07:06:30.281 | INFO     | metagpt.utils.file_repository:save:62 - update dependency: /home/zhaorz/project/CodeWM/CodeWM_ProWES_Logits/reproduct/units/p12_video_player/python/replays/0001_seed_769100576/p12_video_player_python/docs/task/20260913014638.json:[]
>> [manual] Run 5/9: WriteCode -> video_player/clock.py
2026-09-13 07:06:30.285 | INFO     | metagpt.actions.write_code:run:186 - Writing video_player/clock.py..
2026-09-13 07:07:09.443 | INFO     | metagpt.utils.file_repository:save:57 - save to: /home/zhaorz/project/CodeWM/CodeWM_ProWES_Logits/reproduct/units/p12_video_player/python/replays/0001_seed_769100576/p12_video_player_python/p12_video_player_python/video_player/clock.py
2026-09-13 07:07:09.445 | INFO     | metagpt.utils.file_repository:save:62 - update dependency: /home/zhaorz/project/CodeWM/CodeWM_ProWES_Logits/reproduct/units/p12_video_player/python/replays/0001_seed_769100576/p12_video_player_python/p12_video_player_python/video_player/clock.py:['docs/system_design/20260913014638.json', 'docs/task/20260913014638.json']
2026-09-13 07:07:09.447 | INFO     | metagpt.utils.file_repository:save:57 - save to: /home/zhaorz/project/CodeWM/CodeWM_ProWES_Logits/reproduct/units/p12_video_player/python/replays/0001_seed_769100576/p12_video_player_python/p12_video_player_python/clock_wm_detRes.txt
>> saved: src/video_player/clock.py
2026-09-13 07:07:09.448 | INFO     | metagpt.utils.file_repository:save:57 - save to: /home/zhaorz/project/CodeWM/CodeWM_ProWES_Logits/reproduct/units/p12_video_player/python/replays/0001_seed_769100576/p12_video_player_python/docs/system_design/20260913014638.json
2026-09-13 07:07:09.450 | INFO     | metagpt.utils.file_repository:save:62 - update dependency: /home/zhaorz/project/CodeWM/CodeWM_ProWES_Logits/reproduct/units/p12_video_player/python/replays/0001_seed_769100576/p12_video_player_python/docs/system_design/20260913014638.json:[]
2026-09-13 07:07:09.451 | INFO     | metagpt.utils.file_repository:save:57 - save to: /home/zhaorz/project/CodeWM/CodeWM_ProWES_Logits/reproduct/units/p12_video_player/python/replays/0001_seed_769100576/p12_video_player_python/docs/task/20260913014638.json
2026-09-13 07:07:09.452 | INFO     | metagpt.utils.file_repository:save:62 - update dependency: /home/zhaorz/project/CodeWM/CodeWM_ProWES_Logits/reproduct/units/p12_video_player/python/replays/0001_seed_769100576/p12_video_player_python/docs/task/20260913014638.json:[]
>> [manual] Run 6/9: WriteCode -> video_player/playlist.py
2026-09-13 07:07:09.458 | INFO     | metagpt.actions.write_code:run:186 - Writing video_player/playlist.py..
2026-09-13 07:08:20.915 | INFO     | metagpt.utils.file_repository:save:57 - save to: /home/zhaorz/project/CodeWM/CodeWM_ProWES_Logits/reproduct/units/p12_video_player/python/replays/0001_seed_769100576/p12_video_player_python/p12_video_player_python/video_player/playlist.py
2026-09-13 07:08:20.917 | INFO     | metagpt.utils.file_repository:save:62 - update dependency: /home/zhaorz/project/CodeWM/CodeWM_ProWES_Logits/reproduct/units/p12_video_player/python/replays/0001_seed_769100576/p12_video_player_python/p12_video_player_python/video_player/playlist.py:['docs/system_design/20260913014638.json', 'docs/task/20260913014638.json']
2026-09-13 07:08:20.918 | INFO     | metagpt.utils.file_repository:save:57 - save to: /home/zhaorz/project/CodeWM/CodeWM_ProWES_Logits/reproduct/units/p12_video_player/python/replays/0001_seed_769100576/p12_video_player_python/p12_video_player_python/playlist_wm_detRes.txt
>> saved: src/video_player/playlist.py
2026-09-13 07:08:20.919 | INFO     | metagpt.utils.file_repository:save:57 - save to: /home/zhaorz/project/CodeWM/CodeWM_ProWES_Logits/reproduct/units/p12_video_player/python/replays/0001_seed_769100576/p12_video_player_python/docs/system_design/20260913014638.json
2026-09-13 07:08:20.921 | INFO     | metagpt.utils.file_repository:save:62 - update dependency: /home/zhaorz/project/CodeWM/CodeWM_ProWES_Logits/reproduct/units/p12_video_player/python/replays/0001_seed_769100576/p12_video_player_python/docs/system_design/20260913014638.json:[]
2026-09-13 07:08:20.922 | INFO     | metagpt.utils.file_repository:save:57 - save to: /home/zhaorz/project/CodeWM/CodeWM_ProWES_Logits/reproduct/units/p12_video_player/python/replays/0001_seed_769100576/p12_video_player_python/docs/task/20260913014638.json
2026-09-13 07:08:20.923 | INFO     | metagpt.utils.file_repository:save:62 - update dependency: /home/zhaorz/project/CodeWM/CodeWM_ProWES_Logits/reproduct/units/p12_video_player/python/replays/0001_seed_769100576/p12_video_player_python/docs/task/20260913014638.json:[]
>> [manual] Run 7/9: WriteCode -> video_player/player.py
2026-09-13 07:08:20.928 | INFO     | metagpt.actions.write_code:run:186 - Writing video_player/player.py..
2026-09-13 07:10:33.891 | INFO     | metagpt.utils.file_repository:save:57 - save to: /home/zhaorz/project/CodeWM/CodeWM_ProWES_Logits/reproduct/units/p12_video_player/python/replays/0001_seed_769100576/p12_video_player_python/p12_video_player_python/video_player/player.py
2026-09-13 07:10:33.893 | INFO     | metagpt.utils.file_repository:save:62 - update dependency: /home/zhaorz/project/CodeWM/CodeWM_ProWES_Logits/reproduct/units/p12_video_player/python/replays/0001_seed_769100576/p12_video_player_python/p12_video_player_python/video_player/player.py:['docs/system_design/20260913014638.json', 'docs/task/20260913014638.json']
2026-09-13 07:10:33.895 | INFO     | metagpt.utils.file_repository:save:57 - save to: /home/zhaorz/project/CodeWM/CodeWM_ProWES_Logits/reproduct/units/p12_video_player/python/replays/0001_seed_769100576/p12_video_player_python/p12_video_player_python/player_wm_detRes.txt
>> saved: src/video_player/player.py
2026-09-13 07:10:33.896 | INFO     | metagpt.utils.file_repository:save:57 - save to: /home/zhaorz/project/CodeWM/CodeWM_ProWES_Logits/reproduct/units/p12_video_player/python/replays/0001_seed_769100576/p12_video_player_python/docs/system_design/20260913014638.json
2026-09-13 07:10:33.898 | INFO     | metagpt.utils.file_repository:save:62 - update dependency: /home/zhaorz/project/CodeWM/CodeWM_ProWES_Logits/reproduct/units/p12_video_player/python/replays/0001_seed_769100576/p12_video_player_python/docs/system_design/20260913014638.json:[]
2026-09-13 07:10:33.899 | INFO     | metagpt.utils.file_repository:save:57 - save to: /home/zhaorz/project/CodeWM/CodeWM_ProWES_Logits/reproduct/units/p12_video_player/python/replays/0001_seed_769100576/p12_video_player_python/docs/task/20260913014638.json
2026-09-13 07:10:33.901 | INFO     | metagpt.utils.file_repository:save:62 - update dependency: /home/zhaorz/project/CodeWM/CodeWM_ProWES_Logits/reproduct/units/p12_video_player/python/replays/0001_seed_769100576/p12_video_player_python/docs/task/20260913014638.json:[]
>> [manual] Run 8/9: WriteCode -> Main.py
2026-09-13 07:10:33.908 | INFO     | metagpt.actions.write_code:run:186 - Writing Main.py..
2026-09-13 07:11:48.697 | INFO     | metagpt.utils.file_repository:save:57 - save to: /home/zhaorz/project/CodeWM/CodeWM_ProWES_Logits/reproduct/units/p12_video_player/python/replays/0001_seed_769100576/p12_video_player_python/p12_video_player_python/Main.py
2026-09-13 07:11:48.698 | INFO     | metagpt.utils.file_repository:save:62 - update dependency: /home/zhaorz/project/CodeWM/CodeWM_ProWES_Logits/reproduct/units/p12_video_player/python/replays/0001_seed_769100576/p12_video_player_python/p12_video_player_python/Main.py:['docs/system_design/20260913014638.json', 'docs/task/20260913014638.json']
2026-09-13 07:11:48.699 | INFO     | metagpt.utils.file_repository:save:57 - save to: /home/zhaorz/project/CodeWM/CodeWM_ProWES_Logits/reproduct/units/p12_video_player/python/replays/0001_seed_769100576/p12_video_player_python/p12_video_player_python/Main_wm_detRes.txt
>> saved: src/Main.py
2026-09-13 07:11:48.700 | INFO     | metagpt.utils.file_repository:save:57 - save to: /home/zhaorz/project/CodeWM/CodeWM_ProWES_Logits/reproduct/units/p12_video_player/python/replays/0001_seed_769100576/p12_video_player_python/docs/system_design/20260913014638.json
2026-09-13 07:11:48.701 | INFO     | metagpt.utils.file_repository:save:62 - update dependency: /home/zhaorz/project/CodeWM/CodeWM_ProWES_Logits/reproduct/units/p12_video_player/python/replays/0001_seed_769100576/p12_video_player_python/docs/system_design/20260913014638.json:[]
2026-09-13 07:11:48.702 | INFO     | metagpt.utils.file_repository:save:57 - save to: /home/zhaorz/project/CodeWM/CodeWM_ProWES_Logits/reproduct/units/p12_video_player/python/replays/0001_seed_769100576/p12_video_player_python/docs/task/20260913014638.json
2026-09-13 07:11:48.703 | INFO     | metagpt.utils.file_repository:save:62 - update dependency: /home/zhaorz/project/CodeWM/CodeWM_ProWES_Logits/reproduct/units/p12_video_player/python/replays/0001_seed_769100576/p12_video_player_python/docs/task/20260913014638.json:[]
>> [manual] Run 9/9: WriteCode -> tests/test_main.py
2026-09-13 07:11:48.708 | INFO     | metagpt.actions.write_code:run:186 - Writing tests/test_main.py..
2026-09-13 07:13:56.155 | INFO     | metagpt.utils.file_repository:save:57 - save to: /home/zhaorz/project/CodeWM/CodeWM_ProWES_Logits/reproduct/units/p12_video_player/python/replays/0001_seed_769100576/p12_video_player_python/p12_video_player_python/tests/test_main.py
2026-09-13 07:13:56.157 | INFO     | metagpt.utils.file_repository:save:62 - update dependency: /home/zhaorz/project/CodeWM/CodeWM_ProWES_Logits/reproduct/units/p12_video_player/python/replays/0001_seed_769100576/p12_video_player_python/p12_video_player_python/tests/test_main.py:['docs/system_design/20260913014638.json', 'docs/task/20260913014638.json']
2026-09-13 07:13:56.158 | INFO     | metagpt.utils.file_repository:save:57 - save to: /home/zhaorz/project/CodeWM/CodeWM_ProWES_Logits/reproduct/units/p12_video_player/python/replays/0001_seed_769100576/p12_video_player_python/p12_video_player_python/test_main_wm_detRes.txt
>> saved: src/tests/test_main.py
>> [manual] all WriteCode actions finished.
[replay-worker] p12_video_player_python passed=True
[replay-worker] waiting for accepted seeds
[replay-worker] waiting for accepted seeds
[replay-worker] waiting for accepted seeds
[replay-worker] waiting for accepted seeds
[replay-worker] waiting for accepted seeds
[replay-worker] waiting for accepted seeds
[replay-worker] waiting for accepted seeds
[replay-worker] waiting for accepted seeds
[replay-worker] waiting for accepted seeds
[replay-worker] waiting for accepted seeds
[replay-worker] waiting for accepted seeds
[replay-worker] waiting for accepted seeds
[replay-worker] waiting for accepted seeds
[replay-worker] waiting for accepted seeds
[replay-worker] waiting for accepted seeds
[replay-worker] waiting for accepted seeds
[replay-worker] waiting for accepted seeds
[replay-worker] waiting for accepted seeds
[replay-worker] waiting for accepted seeds
[replay-worker] waiting for accepted seeds
[replay-worker] waiting for accepted seeds
[replay-worker] waiting for accepted seeds
[replay-worker] waiting for accepted seeds
[replay-worker] waiting for accepted seeds
[replay-worker] waiting for accepted seeds
[replay-worker] waiting for accepted seeds
[replay-worker] waiting for accepted seeds
[replay-worker] waiting for accepted seeds
[replay-worker] waiting for accepted seeds
[replay-worker] waiting for accepted seeds
[replay-worker] waiting for accepted seeds
[replay-worker] waiting for accepted seeds
[replay-worker] waiting for accepted seeds
[replay-worker] waiting for accepted seeds
[replay-worker] waiting for accepted seeds
[replay-worker] waiting for accepted seeds
[replay-worker] waiting for accepted seeds
[replay-worker] waiting for accepted seeds
[replay-worker] waiting for accepted seeds
[replay-worker] waiting for accepted seeds
[replay-worker] waiting for accepted seeds
[replay-worker] waiting for accepted seeds
[replay-worker] waiting for accepted seeds
[replay-worker] waiting for accepted seeds
[replay-worker] waiting for accepted seeds
[replay-worker] waiting for accepted seeds
[replay-worker] waiting for accepted seeds
[replay-worker] waiting for accepted seeds
[replay-worker] waiting for accepted seeds
[replay-worker] waiting for accepted seeds
[replay-worker] waiting for accepted seeds
[replay-worker] waiting for accepted seeds
[replay-worker] waiting for accepted seeds
[replay-worker] waiting for accepted seeds
[replay-worker] waiting for accepted seeds
[replay-worker] waiting for accepted seeds
[replay-worker] waiting for accepted seeds
[replay-worker] waiting for accepted seeds
[replay-worker] waiting for accepted seeds
[replay-worker] waiting for accepted seeds
[replay-worker] waiting for accepted seeds
[replay-worker] waiting for accepted seeds
[replay-worker] waiting for accepted seeds
[replay-worker] waiting for accepted seeds
[replay-worker] waiting for accepted seeds
[replay-worker] waiting for accepted seeds
[replay-worker] waiting for accepted seeds
[replay-worker] waiting for accepted seeds
[replay-worker] waiting for accepted seeds
[replay-worker] waiting for accepted seeds
[replay-worker] waiting for accepted seeds
[replay-worker] waiting for accepted seeds
[replay-worker] waiting for accepted seeds
[replay-worker] waiting for accepted seeds
[replay-worker] waiting for accepted seeds
[replay-worker] waiting for accepted seeds
[replay-worker] waiting for accepted seeds
[replay-worker] waiting for accepted seeds
[replay-worker] waiting for accepted seeds
[replay-worker] waiting for accepted seeds
[replay-worker] waiting for accepted seeds
[replay-worker] waiting for accepted seeds
[replay-worker] waiting for accepted seeds
[replay-worker] waiting for accepted seeds
[replay-worker] waiting for accepted seeds
[replay-worker] waiting for accepted seeds
[replay-worker] waiting for accepted seeds
[replay-worker] waiting for accepted seeds
[replay-worker] waiting for accepted seeds
[replay-worker] waiting for accepted seeds
[replay-worker] waiting for accepted seeds
[replay-worker] waiting for accepted seeds
[replay-worker] waiting for accepted seeds
[replay-worker] waiting for accepted seeds
[replay-worker] waiting for accepted seeds
[replay-worker] waiting for accepted seeds
[replay-worker] waiting for accepted seeds
[replay-worker] waiting for accepted seeds
[replay-worker] waiting for accepted seeds
[replay-worker] waiting for accepted seeds
[replay-worker] waiting for accepted seeds
[replay-worker] waiting for accepted seeds
[replay-worker] waiting for accepted seeds
[replay-worker] waiting for accepted seeds
[replay-worker] waiting for accepted seeds
[replay-worker] waiting for accepted seeds
[replay-worker] waiting for accepted seeds
[replay-worker] waiting for accepted seeds
[replay-worker] waiting for accepted seeds
[replay-worker] waiting for accepted seeds
[replay-worker] waiting for accepted seeds
[replay-worker] waiting for accepted seeds
[replay-worker] waiting for accepted seeds
[replay-worker] waiting for accepted seeds
[replay-worker] waiting for accepted seeds
[replay-worker] waiting for accepted seeds
[replay-worker] waiting for accepted seeds
[replay-worker] waiting for accepted seeds
[replay-worker] waiting for accepted seeds
[replay-worker] waiting for accepted seeds
[replay-worker] waiting for accepted seeds
[replay-worker] waiting for accepted seeds
[replay-worker] waiting for accepted seeds
[replay-worker] waiting for accepted seeds
[replay-worker] waiting for accepted seeds
[replay-worker] waiting for accepted seeds
[replay-worker] waiting for accepted seeds
[replay-worker] waiting for accepted seeds
[replay-worker] waiting for accepted seeds
[replay-worker] waiting for accepted seeds
[replay-worker] waiting for accepted seeds
[replay-worker] waiting for accepted seeds
[replay-worker] waiting for accepted seeds
[replay-worker] waiting for accepted seeds
[replay-worker] waiting for accepted seeds
[replay-worker] waiting for accepted seeds
[replay-worker] waiting for accepted seeds
[replay-worker] waiting for accepted seeds
[replay-worker] waiting for accepted seeds
[replay-worker] waiting for accepted seeds
[replay-worker] waiting for accepted seeds
[replay-worker] waiting for accepted seeds
[replay-worker] waiting for accepted seeds
[replay-worker] waiting for accepted seeds
[replay-worker] waiting for accepted seeds
[replay-worker] waiting for accepted seeds
[replay-worker] waiting for accepted seeds
[replay-worker] waiting for accepted seeds
[replay-worker] waiting for accepted seeds
[replay-worker] waiting for accepted seeds
[replay-worker] waiting for accepted seeds
[replay-worker] waiting for accepted seeds
[replay-worker] waiting for accepted seeds
[replay-worker] waiting for accepted seeds
[replay-worker] waiting for accepted seeds
[replay-worker] waiting for accepted seeds
[replay-worker] waiting for accepted seeds
[replay-worker] waiting for accepted seeds
[replay-worker] waiting for accepted seeds
[replay-worker] waiting for accepted seeds
[replay-worker] waiting for accepted seeds
[replay-worker] waiting for accepted seeds
[replay-worker] waiting for accepted seeds
[replay-worker] waiting for accepted seeds
[replay-worker] waiting for accepted seeds
[replay-worker] waiting for accepted seeds
[replay-worker] waiting for accepted seeds
[replay-worker] waiting for accepted seeds
[replay-worker] waiting for accepted seeds
[replay-worker] waiting for accepted seeds
[replay-worker] waiting for accepted seeds
[replay-worker] waiting for accepted seeds
[replay-worker] waiting for accepted seeds
[replay-worker] waiting for accepted seeds
[replay-worker] waiting for accepted seeds
[replay-worker] waiting for accepted seeds
[replay-worker] waiting for accepted seeds
[replay-worker] waiting for accepted seeds
[replay-worker] waiting for accepted seeds
[replay-worker] waiting for accepted seeds
[replay-worker] waiting for accepted seeds
[replay-worker] waiting for accepted seeds
[replay-worker] waiting for accepted seeds
[replay-worker] waiting for accepted seeds
[replay-worker] waiting for accepted seeds
[replay-worker] waiting for accepted seeds
[replay-worker] waiting for accepted seeds
[replay-worker] waiting for accepted seeds
[replay-worker] waiting for accepted seeds
[replay-worker] waiting for accepted seeds
[replay-worker] waiting for accepted seeds
[replay-worker] waiting for accepted seeds
[replay-worker] waiting for accepted seeds
[replay-worker] waiting for accepted seeds
[replay-worker] waiting for accepted seeds
[replay-worker] waiting for accepted seeds
[replay-worker] waiting for accepted seeds
[replay-worker] waiting for accepted seeds
[replay-worker] waiting for accepted seeds
[replay-worker] waiting for accepted seeds
[replay-worker] waiting for accepted seeds
[replay-worker] waiting for accepted seeds
[replay-worker] waiting for accepted seeds
[replay-worker] waiting for accepted seeds
[replay-worker] waiting for accepted seeds
[replay-worker] waiting for accepted seeds
[replay-worker] waiting for accepted seeds
[replay-worker] waiting for accepted seeds
[replay-worker] waiting for accepted seeds
[replay-worker] waiting for accepted seeds
[replay-worker] waiting for accepted seeds
[replay-worker] waiting for accepted seeds
[replay-worker] waiting for accepted seeds
[replay-worker] waiting for accepted seeds
[replay-worker] waiting for accepted seeds
[replay-worker] waiting for accepted seeds
[replay-worker] waiting for accepted seeds
[replay-worker] waiting for accepted seeds
[replay-worker] waiting for accepted seeds
[replay-worker] waiting for accepted seeds
[replay-worker] waiting for accepted seeds
[replay-worker] waiting for accepted seeds
[replay-worker] waiting for accepted seeds
[replay-worker] waiting for accepted seeds
[replay-worker] waiting for accepted seeds
[replay-worker] waiting for accepted seeds
[replay-worker] waiting for accepted seeds
[replay-worker] waiting for accepted seeds
[replay-worker] waiting for accepted seeds
[replay-worker] waiting for accepted seeds
[replay-worker] waiting for accepted seeds
[replay-worker] waiting for accepted seeds
[replay-worker] waiting for accepted seeds
[replay-worker] waiting for accepted seeds
[replay-worker] waiting for accepted seeds
[replay-worker] waiting for accepted seeds
[replay-worker] waiting for accepted seeds
[replay-worker] waiting for accepted seeds
[replay-worker] waiting for accepted seeds
[replay-worker] waiting for accepted seeds
[replay-worker] waiting for accepted seeds
[replay-worker] waiting for accepted seeds
[replay-worker] waiting for accepted seeds
[replay-worker] waiting for accepted seeds
[replay-worker] waiting for accepted seeds
[replay-worker] waiting for accepted seeds
[replay-worker] waiting for accepted seeds
[replay-worker] waiting for accepted seeds
[replay-worker] waiting for accepted seeds
[replay-worker] waiting for accepted seeds
[replay-worker] waiting for accepted seeds
[replay-worker] waiting for accepted seeds
[replay-worker] waiting for accepted seeds
[replay-worker] waiting for accepted seeds
[replay-worker] waiting for accepted seeds
[replay-worker] waiting for accepted seeds
[replay-worker] waiting for accepted seeds
[replay-worker] waiting for accepted seeds
[replay-worker] waiting for accepted seeds
[replay-worker] waiting for accepted seeds
[replay-worker] waiting for accepted seeds
[replay-worker] waiting for accepted seeds
[replay-worker] waiting for accepted seeds
[replay-worker] waiting for accepted seeds
[replay-worker] waiting for accepted seeds
[replay-worker] waiting for accepted seeds
[replay-worker] waiting for accepted seeds
[replay-worker] waiting for accepted seeds
>> recovering from: /home/zhaorz/project/CodeWM/CodeWM_ProWES_Logits/reproduct/units/p02_flappy_bird_game/python/architecture/team
>> team.json exists: True path: /home/zhaorz/project/CodeWM/CodeWM_ProWES_Logits/reproduct/units/p02_flappy_bird_game/python/architecture/team/team.json
>> ctx.git_repo.workdir = /home/zhaorz/project/CodeWM/CodeWM_ProWES_Logits/reproduct/units/p02_flappy_bird_game/python/replays/0001_seed_1298988375/p02_flappy_bird_game_python
eng.code_todos: ['requirements.txt', 'flappy_bird/config.py', 'flappy_bird/physics.py', 'flappy_bird/scoring.py', 'flappy_bird/collision.py', 'flappy_bird/pipes.py', 'flappy_bird/game.py', 'flappy_bird/__init__.py', 'Main.py', 'tests/test_main.py']
>> ready, ctx.git_repo.workdir = /home/zhaorz/project/CodeWM/CodeWM_ProWES_Logits/reproduct/units/p02_flappy_bird_game/python/replays/0001_seed_1298988375/p02_flappy_bird_game_python
>> ctx.git_repo.workdir = /home/zhaorz/project/CodeWM/CodeWM_ProWES_Logits/reproduct/units/p02_flappy_bird_game/python/replays/0001_seed_1298988375/p02_flappy_bird_game_python
2026-09-13 08:43:32.010 | INFO     | metagpt.utils.file_repository:save:57 - save to: /home/zhaorz/project/CodeWM/CodeWM_ProWES_Logits/reproduct/units/p02_flappy_bird_game/python/replays/0001_seed_1298988375/p02_flappy_bird_game_python/docs/system_design/20260913081020.json
2026-09-13 08:43:32.011 | INFO     | metagpt.utils.file_repository:save:62 - update dependency: /home/zhaorz/project/CodeWM/CodeWM_ProWES_Logits/reproduct/units/p02_flappy_bird_game/python/replays/0001_seed_1298988375/p02_flappy_bird_game_python/docs/system_design/20260913081020.json:[]
2026-09-13 08:43:32.012 | INFO     | metagpt.utils.file_repository:save:57 - save to: /home/zhaorz/project/CodeWM/CodeWM_ProWES_Logits/reproduct/units/p02_flappy_bird_game/python/replays/0001_seed_1298988375/p02_flappy_bird_game_python/docs/task/20260913081020.json
2026-09-13 08:43:32.013 | INFO     | metagpt.utils.file_repository:save:62 - update dependency: /home/zhaorz/project/CodeWM/CodeWM_ProWES_Logits/reproduct/units/p02_flappy_bird_game/python/replays/0001_seed_1298988375/p02_flappy_bird_game_python/docs/task/20260913081020.json:[]
>> [manual] Run 1/10: WriteCode -> requirements.txt
2026-09-13 08:43:32.015 | INFO     | metagpt.actions.write_code:run:186 - Writing requirements.txt..
2026-09-13 08:43:51.835 | INFO     | metagpt.utils.file_repository:save:57 - save to: /home/zhaorz/project/CodeWM/CodeWM_ProWES_Logits/reproduct/units/p02_flappy_bird_game/python/replays/0001_seed_1298988375/p02_flappy_bird_game_python/p02_flappy_bird_game_python/requirements.txt
2026-09-13 08:43:51.837 | INFO     | metagpt.utils.file_repository:save:62 - update dependency: /home/zhaorz/project/CodeWM/CodeWM_ProWES_Logits/reproduct/units/p02_flappy_bird_game/python/replays/0001_seed_1298988375/p02_flappy_bird_game_python/p02_flappy_bird_game_python/requirements.txt:['docs/system_design/20260913081020.json', 'docs/task/20260913081020.json']
2026-09-13 08:43:51.838 | INFO     | metagpt.utils.file_repository:save:57 - save to: /home/zhaorz/project/CodeWM/CodeWM_ProWES_Logits/reproduct/units/p02_flappy_bird_game/python/replays/0001_seed_1298988375/p02_flappy_bird_game_python/p02_flappy_bird_game_python/requirements_wm_detRes.txt
>> saved: src/requirements.txt
2026-09-13 08:43:51.839 | INFO     | metagpt.utils.file_repository:save:57 - save to: /home/zhaorz/project/CodeWM/CodeWM_ProWES_Logits/reproduct/units/p02_flappy_bird_game/python/replays/0001_seed_1298988375/p02_flappy_bird_game_python/docs/system_design/20260913081020.json
2026-09-13 08:43:51.840 | INFO     | metagpt.utils.file_repository:save:62 - update dependency: /home/zhaorz/project/CodeWM/CodeWM_ProWES_Logits/reproduct/units/p02_flappy_bird_game/python/replays/0001_seed_1298988375/p02_flappy_bird_game_python/docs/system_design/20260913081020.json:[]
2026-09-13 08:43:51.841 | INFO     | metagpt.utils.file_repository:save:57 - save to: /home/zhaorz/project/CodeWM/CodeWM_ProWES_Logits/reproduct/units/p02_flappy_bird_game/python/replays/0001_seed_1298988375/p02_flappy_bird_game_python/docs/task/20260913081020.json
2026-09-13 08:43:51.842 | INFO     | metagpt.utils.file_repository:save:62 - update dependency: /home/zhaorz/project/CodeWM/CodeWM_ProWES_Logits/reproduct/units/p02_flappy_bird_game/python/replays/0001_seed_1298988375/p02_flappy_bird_game_python/docs/task/20260913081020.json:[]
>> [manual] Run 2/10: WriteCode -> flappy_bird/config.py
2026-09-13 08:43:51.845 | INFO     | metagpt.actions.write_code:run:186 - Writing flappy_bird/config.py..
2026-09-13 08:44:23.539 | INFO     | metagpt.utils.file_repository:save:57 - save to: /home/zhaorz/project/CodeWM/CodeWM_ProWES_Logits/reproduct/units/p02_flappy_bird_game/python/replays/0001_seed_1298988375/p02_flappy_bird_game_python/p02_flappy_bird_game_python/flappy_bird/config.py
2026-09-13 08:44:23.541 | INFO     | metagpt.utils.file_repository:save:62 - update dependency: /home/zhaorz/project/CodeWM/CodeWM_ProWES_Logits/reproduct/units/p02_flappy_bird_game/python/replays/0001_seed_1298988375/p02_flappy_bird_game_python/p02_flappy_bird_game_python/flappy_bird/config.py:['docs/system_design/20260913081020.json', 'docs/task/20260913081020.json']
2026-09-13 08:44:23.542 | INFO     | metagpt.utils.file_repository:save:57 - save to: /home/zhaorz/project/CodeWM/CodeWM_ProWES_Logits/reproduct/units/p02_flappy_bird_game/python/replays/0001_seed_1298988375/p02_flappy_bird_game_python/p02_flappy_bird_game_python/config_wm_detRes.txt
>> saved: src/flappy_bird/config.py
2026-09-13 08:44:23.544 | INFO     | metagpt.utils.file_repository:save:57 - save to: /home/zhaorz/project/CodeWM/CodeWM_ProWES_Logits/reproduct/units/p02_flappy_bird_game/python/replays/0001_seed_1298988375/p02_flappy_bird_game_python/docs/system_design/20260913081020.json
2026-09-13 08:44:23.545 | INFO     | metagpt.utils.file_repository:save:62 - update dependency: /home/zhaorz/project/CodeWM/CodeWM_ProWES_Logits/reproduct/units/p02_flappy_bird_game/python/replays/0001_seed_1298988375/p02_flappy_bird_game_python/docs/system_design/20260913081020.json:[]
2026-09-13 08:44:23.546 | INFO     | metagpt.utils.file_repository:save:57 - save to: /home/zhaorz/project/CodeWM/CodeWM_ProWES_Logits/reproduct/units/p02_flappy_bird_game/python/replays/0001_seed_1298988375/p02_flappy_bird_game_python/docs/task/20260913081020.json
2026-09-13 08:44:23.548 | INFO     | metagpt.utils.file_repository:save:62 - update dependency: /home/zhaorz/project/CodeWM/CodeWM_ProWES_Logits/reproduct/units/p02_flappy_bird_game/python/replays/0001_seed_1298988375/p02_flappy_bird_game_python/docs/task/20260913081020.json:[]
>> [manual] Run 3/10: WriteCode -> flappy_bird/physics.py
2026-09-13 08:44:23.551 | INFO     | metagpt.actions.write_code:run:186 - Writing flappy_bird/physics.py..
2026-09-13 08:45:04.510 | INFO     | metagpt.utils.file_repository:save:57 - save to: /home/zhaorz/project/CodeWM/CodeWM_ProWES_Logits/reproduct/units/p02_flappy_bird_game/python/replays/0001_seed_1298988375/p02_flappy_bird_game_python/p02_flappy_bird_game_python/flappy_bird/physics.py
2026-09-13 08:45:04.512 | INFO     | metagpt.utils.file_repository:save:62 - update dependency: /home/zhaorz/project/CodeWM/CodeWM_ProWES_Logits/reproduct/units/p02_flappy_bird_game/python/replays/0001_seed_1298988375/p02_flappy_bird_game_python/p02_flappy_bird_game_python/flappy_bird/physics.py:['docs/system_design/20260913081020.json', 'docs/task/20260913081020.json']
2026-09-13 08:45:04.513 | INFO     | metagpt.utils.file_repository:save:57 - save to: /home/zhaorz/project/CodeWM/CodeWM_ProWES_Logits/reproduct/units/p02_flappy_bird_game/python/replays/0001_seed_1298988375/p02_flappy_bird_game_python/p02_flappy_bird_game_python/physics_wm_detRes.txt
>> saved: src/flappy_bird/physics.py
2026-09-13 08:45:04.514 | INFO     | metagpt.utils.file_repository:save:57 - save to: /home/zhaorz/project/CodeWM/CodeWM_ProWES_Logits/reproduct/units/p02_flappy_bird_game/python/replays/0001_seed_1298988375/p02_flappy_bird_game_python/docs/system_design/20260913081020.json
2026-09-13 08:45:04.515 | INFO     | metagpt.utils.file_repository:save:62 - update dependency: /home/zhaorz/project/CodeWM/CodeWM_ProWES_Logits/reproduct/units/p02_flappy_bird_game/python/replays/0001_seed_1298988375/p02_flappy_bird_game_python/docs/system_design/20260913081020.json:[]
2026-09-13 08:45:04.516 | INFO     | metagpt.utils.file_repository:save:57 - save to: /home/zhaorz/project/CodeWM/CodeWM_ProWES_Logits/reproduct/units/p02_flappy_bird_game/python/replays/0001_seed_1298988375/p02_flappy_bird_game_python/docs/task/20260913081020.json
2026-09-13 08:45:04.518 | INFO     | metagpt.utils.file_repository:save:62 - update dependency: /home/zhaorz/project/CodeWM/CodeWM_ProWES_Logits/reproduct/units/p02_flappy_bird_game/python/replays/0001_seed_1298988375/p02_flappy_bird_game_python/docs/task/20260913081020.json:[]
>> [manual] Run 4/10: WriteCode -> flappy_bird/scoring.py
2026-09-13 08:45:04.521 | INFO     | metagpt.actions.write_code:run:186 - Writing flappy_bird/scoring.py..
2026-09-13 08:45:32.115 | INFO     | metagpt.utils.file_repository:save:57 - save to: /home/zhaorz/project/CodeWM/CodeWM_ProWES_Logits/reproduct/units/p02_flappy_bird_game/python/replays/0001_seed_1298988375/p02_flappy_bird_game_python/p02_flappy_bird_game_python/flappy_bird/scoring.py
2026-09-13 08:45:32.117 | INFO     | metagpt.utils.file_repository:save:62 - update dependency: /home/zhaorz/project/CodeWM/CodeWM_ProWES_Logits/reproduct/units/p02_flappy_bird_game/python/replays/0001_seed_1298988375/p02_flappy_bird_game_python/p02_flappy_bird_game_python/flappy_bird/scoring.py:['docs/system_design/20260913081020.json', 'docs/task/20260913081020.json']
2026-09-13 08:45:32.119 | INFO     | metagpt.utils.file_repository:save:57 - save to: /home/zhaorz/project/CodeWM/CodeWM_ProWES_Logits/reproduct/units/p02_flappy_bird_game/python/replays/0001_seed_1298988375/p02_flappy_bird_game_python/p02_flappy_bird_game_python/scoring_wm_detRes.txt
>> saved: src/flappy_bird/scoring.py
2026-09-13 08:45:32.120 | INFO     | metagpt.utils.file_repository:save:57 - save to: /home/zhaorz/project/CodeWM/CodeWM_ProWES_Logits/reproduct/units/p02_flappy_bird_game/python/replays/0001_seed_1298988375/p02_flappy_bird_game_python/docs/system_design/20260913081020.json
2026-09-13 08:45:32.121 | INFO     | metagpt.utils.file_repository:save:62 - update dependency: /home/zhaorz/project/CodeWM/CodeWM_ProWES_Logits/reproduct/units/p02_flappy_bird_game/python/replays/0001_seed_1298988375/p02_flappy_bird_game_python/docs/system_design/20260913081020.json:[]
2026-09-13 08:45:32.122 | INFO     | metagpt.utils.file_repository:save:57 - save to: /home/zhaorz/project/CodeWM/CodeWM_ProWES_Logits/reproduct/units/p02_flappy_bird_game/python/replays/0001_seed_1298988375/p02_flappy_bird_game_python/docs/task/20260913081020.json
2026-09-13 08:45:32.124 | INFO     | metagpt.utils.file_repository:save:62 - update dependency: /home/zhaorz/project/CodeWM/CodeWM_ProWES_Logits/reproduct/units/p02_flappy_bird_game/python/replays/0001_seed_1298988375/p02_flappy_bird_game_python/docs/task/20260913081020.json:[]
>> [manual] Run 5/10: WriteCode -> flappy_bird/collision.py
2026-09-13 08:45:32.128 | INFO     | metagpt.actions.write_code:run:186 - Writing flappy_bird/collision.py..
2026-09-13 08:48:41.130 | INFO     | metagpt.utils.file_repository:save:57 - save to: /home/zhaorz/project/CodeWM/CodeWM_ProWES_Logits/reproduct/units/p02_flappy_bird_game/python/replays/0001_seed_1298988375/p02_flappy_bird_game_python/p02_flappy_bird_game_python/flappy_bird/collision.py
2026-09-13 08:48:41.132 | INFO     | metagpt.utils.file_repository:save:62 - update dependency: /home/zhaorz/project/CodeWM/CodeWM_ProWES_Logits/reproduct/units/p02_flappy_bird_game/python/replays/0001_seed_1298988375/p02_flappy_bird_game_python/p02_flappy_bird_game_python/flappy_bird/collision.py:['docs/system_design/20260913081020.json', 'docs/task/20260913081020.json']
2026-09-13 08:48:41.133 | INFO     | metagpt.utils.file_repository:save:57 - save to: /home/zhaorz/project/CodeWM/CodeWM_ProWES_Logits/reproduct/units/p02_flappy_bird_game/python/replays/0001_seed_1298988375/p02_flappy_bird_game_python/p02_flappy_bird_game_python/collision_wm_detRes.txt
>> saved: src/flappy_bird/collision.py
2026-09-13 08:48:41.134 | INFO     | metagpt.utils.file_repository:save:57 - save to: /home/zhaorz/project/CodeWM/CodeWM_ProWES_Logits/reproduct/units/p02_flappy_bird_game/python/replays/0001_seed_1298988375/p02_flappy_bird_game_python/docs/system_design/20260913081020.json
2026-09-13 08:48:41.136 | INFO     | metagpt.utils.file_repository:save:62 - update dependency: /home/zhaorz/project/CodeWM/CodeWM_ProWES_Logits/reproduct/units/p02_flappy_bird_game/python/replays/0001_seed_1298988375/p02_flappy_bird_game_python/docs/system_design/20260913081020.json:[]
2026-09-13 08:48:41.137 | INFO     | metagpt.utils.file_repository:save:57 - save to: /home/zhaorz/project/CodeWM/CodeWM_ProWES_Logits/reproduct/units/p02_flappy_bird_game/python/replays/0001_seed_1298988375/p02_flappy_bird_game_python/docs/task/20260913081020.json
2026-09-13 08:48:41.139 | INFO     | metagpt.utils.file_repository:save:62 - update dependency: /home/zhaorz/project/CodeWM/CodeWM_ProWES_Logits/reproduct/units/p02_flappy_bird_game/python/replays/0001_seed_1298988375/p02_flappy_bird_game_python/docs/task/20260913081020.json:[]
>> [manual] Run 6/10: WriteCode -> flappy_bird/pipes.py
2026-09-13 08:48:41.144 | INFO     | metagpt.actions.write_code:run:186 - Writing flappy_bird/pipes.py..
2026-09-13 08:49:29.399 | INFO     | metagpt.utils.file_repository:save:57 - save to: /home/zhaorz/project/CodeWM/CodeWM_ProWES_Logits/reproduct/units/p02_flappy_bird_game/python/replays/0001_seed_1298988375/p02_flappy_bird_game_python/p02_flappy_bird_game_python/flappy_bird/pipes.py
2026-09-13 08:49:29.401 | INFO     | metagpt.utils.file_repository:save:62 - update dependency: /home/zhaorz/project/CodeWM/CodeWM_ProWES_Logits/reproduct/units/p02_flappy_bird_game/python/replays/0001_seed_1298988375/p02_flappy_bird_game_python/p02_flappy_bird_game_python/flappy_bird/pipes.py:['docs/system_design/20260913081020.json', 'docs/task/20260913081020.json']
2026-09-13 08:49:29.402 | INFO     | metagpt.utils.file_repository:save:57 - save to: /home/zhaorz/project/CodeWM/CodeWM_ProWES_Logits/reproduct/units/p02_flappy_bird_game/python/replays/0001_seed_1298988375/p02_flappy_bird_game_python/p02_flappy_bird_game_python/pipes_wm_detRes.txt
>> saved: src/flappy_bird/pipes.py
2026-09-13 08:49:29.403 | INFO     | metagpt.utils.file_repository:save:57 - save to: /home/zhaorz/project/CodeWM/CodeWM_ProWES_Logits/reproduct/units/p02_flappy_bird_game/python/replays/0001_seed_1298988375/p02_flappy_bird_game_python/docs/system_design/20260913081020.json
2026-09-13 08:49:29.404 | INFO     | metagpt.utils.file_repository:save:62 - update dependency: /home/zhaorz/project/CodeWM/CodeWM_ProWES_Logits/reproduct/units/p02_flappy_bird_game/python/replays/0001_seed_1298988375/p02_flappy_bird_game_python/docs/system_design/20260913081020.json:[]
2026-09-13 08:49:29.405 | INFO     | metagpt.utils.file_repository:save:57 - save to: /home/zhaorz/project/CodeWM/CodeWM_ProWES_Logits/reproduct/units/p02_flappy_bird_game/python/replays/0001_seed_1298988375/p02_flappy_bird_game_python/docs/task/20260913081020.json
2026-09-13 08:49:29.407 | INFO     | metagpt.utils.file_repository:save:62 - update dependency: /home/zhaorz/project/CodeWM/CodeWM_ProWES_Logits/reproduct/units/p02_flappy_bird_game/python/replays/0001_seed_1298988375/p02_flappy_bird_game_python/docs/task/20260913081020.json:[]
>> [manual] Run 7/10: WriteCode -> flappy_bird/game.py
2026-09-13 08:49:29.413 | INFO     | metagpt.actions.write_code:run:186 - Writing flappy_bird/game.py..
2026-09-13 08:51:06.117 | INFO     | metagpt.utils.file_repository:save:57 - save to: /home/zhaorz/project/CodeWM/CodeWM_ProWES_Logits/reproduct/units/p02_flappy_bird_game/python/replays/0001_seed_1298988375/p02_flappy_bird_game_python/p02_flappy_bird_game_python/flappy_bird/game.py
2026-09-13 08:51:06.120 | INFO     | metagpt.utils.file_repository:save:62 - update dependency: /home/zhaorz/project/CodeWM/CodeWM_ProWES_Logits/reproduct/units/p02_flappy_bird_game/python/replays/0001_seed_1298988375/p02_flappy_bird_game_python/p02_flappy_bird_game_python/flappy_bird/game.py:['docs/system_design/20260913081020.json', 'docs/task/20260913081020.json']
2026-09-13 08:51:06.121 | INFO     | metagpt.utils.file_repository:save:57 - save to: /home/zhaorz/project/CodeWM/CodeWM_ProWES_Logits/reproduct/units/p02_flappy_bird_game/python/replays/0001_seed_1298988375/p02_flappy_bird_game_python/p02_flappy_bird_game_python/game_wm_detRes.txt
>> saved: src/flappy_bird/game.py
2026-09-13 08:51:06.123 | INFO     | metagpt.utils.file_repository:save:57 - save to: /home/zhaorz/project/CodeWM/CodeWM_ProWES_Logits/reproduct/units/p02_flappy_bird_game/python/replays/0001_seed_1298988375/p02_flappy_bird_game_python/docs/system_design/20260913081020.json
2026-09-13 08:51:06.124 | INFO     | metagpt.utils.file_repository:save:62 - update dependency: /home/zhaorz/project/CodeWM/CodeWM_ProWES_Logits/reproduct/units/p02_flappy_bird_game/python/replays/0001_seed_1298988375/p02_flappy_bird_game_python/docs/system_design/20260913081020.json:[]
2026-09-13 08:51:06.126 | INFO     | metagpt.utils.file_repository:save:57 - save to: /home/zhaorz/project/CodeWM/CodeWM_ProWES_Logits/reproduct/units/p02_flappy_bird_game/python/replays/0001_seed_1298988375/p02_flappy_bird_game_python/docs/task/20260913081020.json
2026-09-13 08:51:06.127 | INFO     | metagpt.utils.file_repository:save:62 - update dependency: /home/zhaorz/project/CodeWM/CodeWM_ProWES_Logits/reproduct/units/p02_flappy_bird_game/python/replays/0001_seed_1298988375/p02_flappy_bird_game_python/docs/task/20260913081020.json:[]
>> [manual] Run 8/10: WriteCode -> flappy_bird/__init__.py
2026-09-13 08:51:06.133 | INFO     | metagpt.actions.write_code:run:186 - Writing flappy_bird/__init__.py..
2026-09-13 08:52:27.373 | INFO     | metagpt.utils.file_repository:save:57 - save to: /home/zhaorz/project/CodeWM/CodeWM_ProWES_Logits/reproduct/units/p02_flappy_bird_game/python/replays/0001_seed_1298988375/p02_flappy_bird_game_python/p02_flappy_bird_game_python/flappy_bird/__init__.py
2026-09-13 08:52:27.375 | INFO     | metagpt.utils.file_repository:save:62 - update dependency: /home/zhaorz/project/CodeWM/CodeWM_ProWES_Logits/reproduct/units/p02_flappy_bird_game/python/replays/0001_seed_1298988375/p02_flappy_bird_game_python/p02_flappy_bird_game_python/flappy_bird/__init__.py:['docs/system_design/20260913081020.json', 'docs/task/20260913081020.json']
2026-09-13 08:52:27.376 | INFO     | metagpt.utils.file_repository:save:57 - save to: /home/zhaorz/project/CodeWM/CodeWM_ProWES_Logits/reproduct/units/p02_flappy_bird_game/python/replays/0001_seed_1298988375/p02_flappy_bird_game_python/p02_flappy_bird_game_python/__init___wm_detRes.txt
>> saved: src/flappy_bird/__init__.py
2026-09-13 08:52:27.378 | INFO     | metagpt.utils.file_repository:save:57 - save to: /home/zhaorz/project/CodeWM/CodeWM_ProWES_Logits/reproduct/units/p02_flappy_bird_game/python/replays/0001_seed_1298988375/p02_flappy_bird_game_python/docs/system_design/20260913081020.json
2026-09-13 08:52:27.380 | INFO     | metagpt.utils.file_repository:save:62 - update dependency: /home/zhaorz/project/CodeWM/CodeWM_ProWES_Logits/reproduct/units/p02_flappy_bird_game/python/replays/0001_seed_1298988375/p02_flappy_bird_game_python/docs/system_design/20260913081020.json:[]
2026-09-13 08:52:27.381 | INFO     | metagpt.utils.file_repository:save:57 - save to: /home/zhaorz/project/CodeWM/CodeWM_ProWES_Logits/reproduct/units/p02_flappy_bird_game/python/replays/0001_seed_1298988375/p02_flappy_bird_game_python/docs/task/20260913081020.json
2026-09-13 08:52:27.383 | INFO     | metagpt.utils.file_repository:save:62 - update dependency: /home/zhaorz/project/CodeWM/CodeWM_ProWES_Logits/reproduct/units/p02_flappy_bird_game/python/replays/0001_seed_1298988375/p02_flappy_bird_game_python/docs/task/20260913081020.json:[]
>> [manual] Run 9/10: WriteCode -> Main.py
2026-09-13 08:52:27.392 | INFO     | metagpt.actions.write_code:run:186 - Writing Main.py..
2026-09-13 08:53:13.446 | INFO     | metagpt.utils.file_repository:save:57 - save to: /home/zhaorz/project/CodeWM/CodeWM_ProWES_Logits/reproduct/units/p02_flappy_bird_game/python/replays/0001_seed_1298988375/p02_flappy_bird_game_python/p02_flappy_bird_game_python/Main.py
2026-09-13 08:53:13.450 | INFO     | metagpt.utils.file_repository:save:62 - update dependency: /home/zhaorz/project/CodeWM/CodeWM_ProWES_Logits/reproduct/units/p02_flappy_bird_game/python/replays/0001_seed_1298988375/p02_flappy_bird_game_python/p02_flappy_bird_game_python/Main.py:['docs/system_design/20260913081020.json', 'docs/task/20260913081020.json']
2026-09-13 08:53:13.452 | INFO     | metagpt.utils.file_repository:save:57 - save to: /home/zhaorz/project/CodeWM/CodeWM_ProWES_Logits/reproduct/units/p02_flappy_bird_game/python/replays/0001_seed_1298988375/p02_flappy_bird_game_python/p02_flappy_bird_game_python/Main_wm_detRes.txt
>> saved: src/Main.py
2026-09-13 08:53:13.454 | INFO     | metagpt.utils.file_repository:save:57 - save to: /home/zhaorz/project/CodeWM/CodeWM_ProWES_Logits/reproduct/units/p02_flappy_bird_game/python/replays/0001_seed_1298988375/p02_flappy_bird_game_python/docs/system_design/20260913081020.json
2026-09-13 08:53:13.457 | INFO     | metagpt.utils.file_repository:save:62 - update dependency: /home/zhaorz/project/CodeWM/CodeWM_ProWES_Logits/reproduct/units/p02_flappy_bird_game/python/replays/0001_seed_1298988375/p02_flappy_bird_game_python/docs/system_design/20260913081020.json:[]
2026-09-13 08:53:13.458 | INFO     | metagpt.utils.file_repository:save:57 - save to: /home/zhaorz/project/CodeWM/CodeWM_ProWES_Logits/reproduct/units/p02_flappy_bird_game/python/replays/0001_seed_1298988375/p02_flappy_bird_game_python/docs/task/20260913081020.json
2026-09-13 08:53:13.460 | INFO     | metagpt.utils.file_repository:save:62 - update dependency: /home/zhaorz/project/CodeWM/CodeWM_ProWES_Logits/reproduct/units/p02_flappy_bird_game/python/replays/0001_seed_1298988375/p02_flappy_bird_game_python/docs/task/20260913081020.json:[]
>> [manual] Run 10/10: WriteCode -> tests/test_main.py
2026-09-13 08:53:13.469 | INFO     | metagpt.actions.write_code:run:186 - Writing tests/test_main.py..
2026-09-13 08:56:13.409 | INFO     | metagpt.utils.file_repository:save:57 - save to: /home/zhaorz/project/CodeWM/CodeWM_ProWES_Logits/reproduct/units/p02_flappy_bird_game/python/replays/0001_seed_1298988375/p02_flappy_bird_game_python/p02_flappy_bird_game_python/tests/test_main.py
2026-09-13 08:56:13.412 | INFO     | metagpt.utils.file_repository:save:62 - update dependency: /home/zhaorz/project/CodeWM/CodeWM_ProWES_Logits/reproduct/units/p02_flappy_bird_game/python/replays/0001_seed_1298988375/p02_flappy_bird_game_python/p02_flappy_bird_game_python/tests/test_main.py:['docs/system_design/20260913081020.json', 'docs/task/20260913081020.json']
2026-09-13 08:56:13.413 | INFO     | metagpt.utils.file_repository:save:57 - save to: /home/zhaorz/project/CodeWM/CodeWM_ProWES_Logits/reproduct/units/p02_flappy_bird_game/python/replays/0001_seed_1298988375/p02_flappy_bird_game_python/p02_flappy_bird_game_python/test_main_wm_detRes.txt
>> saved: src/tests/test_main.py
>> [manual] all WriteCode actions finished.
[replay-worker] p02_flappy_bird_game_python passed=True
[replay-worker] waiting for accepted seeds
[replay-worker] waiting for accepted seeds
[replay-worker] waiting for accepted seeds
[replay-worker] waiting for accepted seeds
[replay-worker] waiting for accepted seeds
[replay-worker] waiting for accepted seeds
[replay-worker] waiting for accepted seeds
[replay-worker] waiting for accepted seeds
[replay-worker] waiting for accepted seeds
[replay-worker] waiting for accepted seeds
[replay-worker] waiting for accepted seeds
[replay-worker] waiting for accepted seeds
[replay-worker] waiting for accepted seeds
[replay-worker] waiting for accepted seeds
[replay-worker] waiting for accepted seeds
[replay-worker] waiting for accepted seeds
[replay-worker] waiting for accepted seeds
[replay-worker] waiting for accepted seeds
[replay-worker] waiting for accepted seeds
[replay-worker] waiting for accepted seeds
[replay-worker] waiting for accepted seeds
[replay-worker] waiting for accepted seeds
[replay-worker] waiting for accepted seeds
[replay-worker] waiting for accepted seeds
[replay-worker] waiting for accepted seeds
[replay-worker] waiting for accepted seeds
[replay-worker] waiting for accepted seeds
[replay-worker] waiting for accepted seeds
[replay-worker] waiting for accepted seeds
[replay-worker] waiting for accepted seeds
[replay-worker] waiting for accepted seeds
[replay-worker] waiting for accepted seeds
[replay-worker] waiting for accepted seeds
[replay-worker] waiting for accepted seeds
[replay-worker] waiting for accepted seeds
[replay-worker] waiting for accepted seeds
[replay-worker] waiting for accepted seeds
[replay-worker] waiting for accepted seeds
[replay-worker] waiting for accepted seeds
[replay-worker] waiting for accepted seeds
[replay-worker] waiting for accepted seeds
[replay-worker] waiting for accepted seeds
[replay-worker] waiting for accepted seeds
[replay-worker] waiting for accepted seeds
[replay-worker] waiting for accepted seeds
[replay-worker] waiting for accepted seeds
[replay-worker] waiting for accepted seeds
[replay-worker] waiting for accepted seeds
[replay-worker] waiting for accepted seeds
[replay-worker] waiting for accepted seeds
[replay-worker] waiting for accepted seeds
[replay-worker] waiting for accepted seeds
[replay-worker] waiting for accepted seeds
[replay-worker] waiting for accepted seeds
[replay-worker] waiting for accepted seeds
[replay-worker] waiting for accepted seeds
[replay-worker] waiting for accepted seeds
[replay-worker] waiting for accepted seeds
[replay-worker] waiting for accepted seeds
[replay-worker] waiting for accepted seeds
[replay-worker] waiting for accepted seeds
[replay-worker] waiting for accepted seeds
[replay-worker] waiting for accepted seeds
[replay-worker] waiting for accepted seeds
[replay-worker] waiting for accepted seeds
[replay-worker] waiting for accepted seeds
[replay-worker] waiting for accepted seeds
[replay-worker] waiting for accepted seeds
[replay-worker] waiting for accepted seeds
[replay-worker] waiting for accepted seeds
[replay-worker] waiting for accepted seeds
[replay-worker] waiting for accepted seeds
[replay-worker] waiting for accepted seeds
[replay-worker] waiting for accepted seeds
[replay-worker] waiting for accepted seeds
[replay-worker] waiting for accepted seeds
[replay-worker] waiting for accepted seeds
[replay-worker] waiting for accepted seeds
[replay-worker] waiting for accepted seeds
[replay-worker] waiting for accepted seeds
[replay-worker] waiting for accepted seeds
[replay-worker] waiting for accepted seeds
[replay-worker] waiting for accepted seeds
[replay-worker] waiting for accepted seeds
[replay-worker] waiting for accepted seeds
[replay-worker] waiting for accepted seeds
[replay-worker] waiting for accepted seeds
[replay-worker] waiting for accepted seeds
[replay-worker] waiting for accepted seeds
[replay-worker] waiting for accepted seeds
[replay-worker] waiting for accepted seeds
[replay-worker] waiting for accepted seeds
[replay-worker] waiting for accepted seeds
[replay-worker] waiting for accepted seeds
[replay-worker] waiting for accepted seeds
[replay-worker] waiting for accepted seeds
[replay-worker] waiting for accepted seeds
[replay-worker] waiting for accepted seeds
[replay-worker] waiting for accepted seeds
[replay-worker] waiting for accepted seeds
[replay-worker] waiting for accepted seeds
[replay-worker] waiting for accepted seeds
[replay-worker] waiting for accepted seeds
[replay-worker] waiting for accepted seeds
[replay-worker] waiting for accepted seeds
[replay-worker] waiting for accepted seeds
[replay-worker] waiting for accepted seeds
[replay-worker] waiting for accepted seeds
[replay-worker] waiting for accepted seeds
[replay-worker] waiting for accepted seeds
[replay-worker] waiting for accepted seeds
[replay-worker] waiting for accepted seeds
[replay-worker] waiting for accepted seeds
[replay-worker] waiting for accepted seeds
[replay-worker] waiting for accepted seeds
[replay-worker] waiting for accepted seeds
[replay-worker] waiting for accepted seeds
[replay-worker] waiting for accepted seeds
[replay-worker] waiting for accepted seeds
[replay-worker] waiting for accepted seeds
[replay-worker] waiting for accepted seeds
[replay-worker] waiting for accepted seeds
[replay-worker] waiting for accepted seeds
[replay-worker] waiting for accepted seeds
[replay-worker] waiting for accepted seeds
[replay-worker] waiting for accepted seeds
[replay-worker] waiting for accepted seeds
[replay-worker] waiting for accepted seeds
[replay-worker] waiting for accepted seeds
[replay-worker] waiting for accepted seeds
[replay-worker] waiting for accepted seeds
[replay-worker] waiting for accepted seeds
[replay-worker] waiting for accepted seeds
[replay-worker] waiting for accepted seeds
[replay-worker] waiting for accepted seeds
[replay-worker] waiting for accepted seeds
[replay-worker] waiting for accepted seeds
[replay-worker] waiting for accepted seeds
[replay-worker] waiting for accepted seeds
[replay-worker] waiting for accepted seeds
[replay-worker] waiting for accepted seeds
[replay-worker] waiting for accepted seeds
[replay-worker] waiting for accepted seeds
[replay-worker] waiting for accepted seeds
[replay-worker] waiting for accepted seeds
[replay-worker] waiting for accepted seeds
[replay-worker] waiting for accepted seeds
[replay-worker] waiting for accepted seeds
[replay-worker] waiting for accepted seeds
[replay-worker] waiting for accepted seeds
[replay-worker] waiting for accepted seeds
[replay-worker] waiting for accepted seeds
[replay-worker] waiting for accepted seeds
[replay-worker] waiting for accepted seeds
[replay-worker] waiting for accepted seeds
[replay-worker] waiting for accepted seeds
[replay-worker] waiting for accepted seeds
[replay-worker] waiting for accepted seeds
[replay-worker] waiting for accepted seeds
[replay-worker] waiting for accepted seeds
[replay-worker] waiting for accepted seeds
[replay-worker] waiting for accepted seeds
[replay-worker] waiting for accepted seeds
[replay-worker] waiting for accepted seeds
[replay-worker] waiting for accepted seeds
[replay-worker] waiting for accepted seeds
[replay-worker] waiting for accepted seeds
[replay-worker] waiting for accepted seeds
[replay-worker] waiting for accepted seeds
[replay-worker] waiting for accepted seeds
[replay-worker] waiting for accepted seeds
[replay-worker] waiting for accepted seeds
[replay-worker] waiting for accepted seeds
[replay-worker] waiting for accepted seeds
[replay-worker] waiting for accepted seeds
[replay-worker] waiting for accepted seeds
[replay-worker] waiting for accepted seeds
[replay-worker] waiting for accepted seeds
[replay-worker] waiting for accepted seeds
[replay-worker] waiting for accepted seeds
[replay-worker] waiting for accepted seeds
[replay-worker] waiting for accepted seeds
[replay-worker] waiting for accepted seeds
[replay-worker] waiting for accepted seeds
[replay-worker] waiting for accepted seeds
[replay-worker] waiting for accepted seeds
[replay-worker] waiting for accepted seeds
[replay-worker] waiting for accepted seeds
[replay-worker] waiting for accepted seeds
[replay-worker] waiting for accepted seeds
[replay-worker] waiting for accepted seeds
[replay-worker] waiting for accepted seeds
[replay-worker] waiting for accepted seeds
[replay-worker] waiting for accepted seeds
[replay-worker] waiting for accepted seeds
[replay-worker] waiting for accepted seeds
[replay-worker] waiting for accepted seeds
[replay-worker] waiting for accepted seeds
[replay-worker] waiting for accepted seeds
[replay-worker] waiting for accepted seeds
[replay-worker] waiting for accepted seeds
[replay-worker] waiting for accepted seeds
[replay-worker] waiting for accepted seeds
[replay-worker] waiting for accepted seeds
[replay-worker] waiting for accepted seeds
[replay-worker] waiting for accepted seeds
[replay-worker] waiting for accepted seeds
[replay-worker] waiting for accepted seeds
[replay-worker] waiting for accepted seeds
[replay-worker] waiting for accepted seeds
[replay-worker] waiting for accepted seeds
[replay-worker] waiting for accepted seeds
[replay-worker] waiting for accepted seeds
[replay-worker] waiting for accepted seeds
[replay-worker] waiting for accepted seeds
[replay-worker] waiting for accepted seeds
[replay-worker] waiting for accepted seeds
[replay-worker] waiting for accepted seeds
[replay-worker] waiting for accepted seeds
[replay-worker] waiting for accepted seeds
[replay-worker] waiting for accepted seeds
[replay-worker] waiting for accepted seeds
[replay-worker] waiting for accepted seeds
[replay-worker] waiting for accepted seeds
[replay-worker] waiting for accepted seeds
[replay-worker] waiting for accepted seeds
[replay-worker] waiting for accepted seeds
[replay-worker] waiting for accepted seeds
[replay-worker] waiting for accepted seeds
[replay-worker] waiting for accepted seeds
[replay-worker] waiting for accepted seeds
[replay-worker] waiting for accepted seeds
[replay-worker] waiting for accepted seeds
[replay-worker] waiting for accepted seeds
[replay-worker] waiting for accepted seeds
[replay-worker] waiting for accepted seeds
[replay-worker] waiting for accepted seeds
[replay-worker] waiting for accepted seeds
[replay-worker] waiting for accepted seeds
[replay-worker] waiting for accepted seeds
[replay-worker] waiting for accepted seeds
[replay-worker] waiting for accepted seeds
[replay-worker] waiting for accepted seeds
[replay-worker] waiting for accepted seeds
[replay-worker] waiting for accepted seeds
[replay-worker] waiting for accepted seeds
[replay-worker] waiting for accepted seeds
[replay-worker] waiting for accepted seeds
[replay-worker] waiting for accepted seeds
[replay-worker] waiting for accepted seeds
[replay-worker] waiting for accepted seeds
[replay-worker] waiting for accepted seeds
[replay-worker] waiting for accepted seeds
[replay-worker] waiting for accepted seeds
[replay-worker] waiting for accepted seeds
[replay-worker] waiting for accepted seeds
[replay-worker] waiting for accepted seeds
[replay-worker] waiting for accepted seeds
[replay-worker] waiting for accepted seeds
[replay-worker] waiting for accepted seeds
[replay-worker] waiting for accepted seeds
[replay-worker] waiting for accepted seeds
[replay-worker] waiting for accepted seeds
[replay-worker] waiting for accepted seeds
[replay-worker] waiting for accepted seeds
[replay-worker] waiting for accepted seeds
[replay-worker] waiting for accepted seeds
[replay-worker] waiting for accepted seeds
[replay-worker] waiting for accepted seeds
[replay-worker] waiting for accepted seeds
[replay-worker] waiting for accepted seeds
[replay-worker] waiting for accepted seeds
[replay-worker] waiting for accepted seeds
[replay-worker] waiting for accepted seeds
[replay-worker] waiting for accepted seeds
[replay-worker] waiting for accepted seeds
[replay-worker] waiting for accepted seeds
[replay-worker] waiting for accepted seeds
[replay-worker] waiting for accepted seeds
[replay-worker] waiting for accepted seeds
[replay-worker] waiting for accepted seeds
[replay-worker] waiting for accepted seeds
[replay-worker] waiting for accepted seeds
[replay-worker] waiting for accepted seeds
[replay-worker] waiting for accepted seeds
[replay-worker] waiting for accepted seeds
[replay-worker] waiting for accepted seeds
[replay-worker] waiting for accepted seeds
[replay-worker] waiting for accepted seeds
[replay-worker] waiting for accepted seeds
[replay-worker] waiting for accepted seeds
[replay-worker] waiting for accepted seeds
[replay-worker] waiting for accepted seeds
[replay-worker] waiting for accepted seeds
[replay-worker] waiting for accepted seeds
[replay-worker] waiting for accepted seeds
[replay-worker] waiting for accepted seeds
[replay-worker] waiting for accepted seeds
[replay-worker] waiting for accepted seeds
[replay-worker] waiting for accepted seeds
[replay-worker] waiting for accepted seeds
[replay-worker] waiting for accepted seeds
[replay-worker] waiting for accepted seeds
[replay-worker] waiting for accepted seeds
[replay-worker] waiting for accepted seeds
[replay-worker] waiting for accepted seeds
[replay-worker] waiting for accepted seeds
[replay-worker] waiting for accepted seeds
[replay-worker] waiting for accepted seeds
[replay-worker] waiting for accepted seeds
[replay-worker] waiting for accepted seeds
[replay-worker] waiting for accepted seeds
[replay-worker] waiting for accepted seeds
[replay-worker] waiting for accepted seeds
[replay-worker] waiting for accepted seeds
[replay-worker] waiting for accepted seeds
[replay-worker] waiting for accepted seeds
[replay-worker] waiting for accepted seeds
[replay-worker] waiting for accepted seeds
[replay-worker] waiting for accepted seeds
[replay-worker] waiting for accepted seeds
[replay-worker] waiting for accepted seeds
[replay-worker] waiting for accepted seeds
[replay-worker] waiting for accepted seeds
[replay-worker] waiting for accepted seeds
[replay-worker] waiting for accepted seeds
[replay-worker] waiting for accepted seeds
[replay-worker] waiting for accepted seeds
[replay-worker] waiting for accepted seeds
[replay-worker] waiting for accepted seeds
[replay-worker] waiting for accepted seeds
[replay-worker] waiting for accepted seeds
[replay-worker] waiting for accepted seeds
[replay-worker] waiting for accepted seeds
[replay-worker] waiting for accepted seeds
[replay-worker] waiting for accepted seeds
[replay-worker] waiting for accepted seeds
[replay-worker] waiting for accepted seeds
[replay-worker] waiting for accepted seeds
[replay-worker] waiting for accepted seeds
[replay-worker] waiting for accepted seeds
[replay-worker] waiting for accepted seeds
[replay-worker] waiting for accepted seeds
[replay-worker] waiting for accepted seeds
[replay-worker] waiting for accepted seeds
[replay-worker] waiting for accepted seeds
[replay-worker] waiting for accepted seeds
[replay-worker] waiting for accepted seeds
[replay-worker] waiting for accepted seeds
[replay-worker] waiting for accepted seeds
[replay-worker] waiting for accepted seeds
[replay-worker] waiting for accepted seeds
[replay-worker] waiting for accepted seeds
[replay-worker] waiting for accepted seeds
[replay-worker] waiting for accepted seeds
[replay-worker] waiting for accepted seeds
[replay-worker] waiting for accepted seeds
[replay-worker] waiting for accepted seeds
[replay-worker] waiting for accepted seeds
[replay-worker] waiting for accepted seeds
[replay-worker] waiting for accepted seeds
[replay-worker] waiting for accepted seeds
[replay-worker] waiting for accepted seeds
[replay-worker] waiting for accepted seeds
[replay-worker] waiting for accepted seeds
[replay-worker] waiting for accepted seeds
[replay-worker] waiting for accepted seeds
[replay-worker] waiting for accepted seeds
[replay-worker] waiting for accepted seeds
[replay-worker] waiting for accepted seeds
[replay-worker] waiting for accepted seeds
[replay-worker] waiting for accepted seeds
[replay-worker] waiting for accepted seeds
[replay-worker] waiting for accepted seeds
[replay-worker] waiting for accepted seeds
[replay-worker] waiting for accepted seeds
[replay-worker] waiting for accepted seeds
[replay-worker] waiting for accepted seeds
[replay-worker] waiting for accepted seeds
[replay-worker] waiting for accepted seeds
[replay-worker] waiting for accepted seeds
[replay-worker] waiting for accepted seeds
[replay-worker] waiting for accepted seeds
[replay-worker] waiting for accepted seeds
[replay-worker] waiting for accepted seeds
[replay-worker] waiting for accepted seeds
[replay-worker] waiting for accepted seeds
[replay-worker] waiting for accepted seeds
[replay-worker] waiting for accepted seeds
[replay-worker] waiting for accepted seeds
[replay-worker] waiting for accepted seeds
[replay-worker] waiting for accepted seeds
[replay-worker] waiting for accepted seeds
[replay-worker] waiting for accepted seeds
[replay-worker] waiting for accepted seeds
[replay-worker] waiting for accepted seeds
[replay-worker] waiting for accepted seeds
[replay-worker] waiting for accepted seeds
[replay-worker] waiting for accepted seeds
[replay-worker] waiting for accepted seeds
[replay-worker] waiting for accepted seeds
[replay-worker] waiting for accepted seeds
[replay-worker] waiting for accepted seeds
[replay-worker] waiting for accepted seeds
[replay-worker] waiting for accepted seeds
[replay-worker] waiting for accepted seeds
[replay-worker] waiting for accepted seeds
[replay-worker] waiting for accepted seeds
[replay-worker] waiting for accepted seeds
[replay-worker] waiting for accepted seeds
[replay-worker] waiting for accepted seeds
[replay-worker] waiting for accepted seeds
[replay-worker] waiting for accepted seeds
[replay-worker] waiting for accepted seeds
[replay-worker] waiting for accepted seeds
[replay-worker] waiting for accepted seeds
[replay-worker] waiting for accepted seeds
[replay-worker] waiting for accepted seeds
[replay-worker] waiting for accepted seeds
[replay-worker] waiting for accepted seeds
[replay-worker] waiting for accepted seeds
[replay-worker] waiting for accepted seeds
[replay-worker] waiting for accepted seeds
[replay-worker] waiting for accepted seeds
[replay-worker] waiting for accepted seeds
[replay-worker] waiting for accepted seeds
[replay-worker] waiting for accepted seeds
[replay-worker] waiting for accepted seeds
[replay-worker] waiting for accepted seeds
[replay-worker] waiting for accepted seeds
[replay-worker] waiting for accepted seeds
[replay-worker] waiting for accepted seeds
[replay-worker] waiting for accepted seeds
[replay-worker] waiting for accepted seeds
[replay-worker] waiting for accepted seeds
[replay-worker] waiting for accepted seeds
[replay-worker] waiting for accepted seeds
[replay-worker] waiting for accepted seeds
[replay-worker] waiting for accepted seeds
[replay-worker] waiting for accepted seeds
[replay-worker] waiting for accepted seeds
[replay-worker] waiting for accepted seeds
[replay-worker] waiting for accepted seeds
[replay-worker] waiting for accepted seeds
[replay-worker] waiting for accepted seeds
[replay-worker] waiting for accepted seeds
[replay-worker] waiting for accepted seeds
[replay-worker] waiting for accepted seeds
[replay-worker] waiting for accepted seeds
[replay-worker] waiting for accepted seeds
[replay-worker] waiting for accepted seeds
[replay-worker] waiting for accepted seeds
[replay-worker] waiting for accepted seeds
[replay-worker] waiting for accepted seeds
[replay-worker] waiting for accepted seeds
[replay-worker] waiting for accepted seeds
[replay-worker] waiting for accepted seeds
[replay-worker] waiting for accepted seeds
[replay-worker] waiting for accepted seeds
[replay-worker] waiting for accepted seeds
[replay-worker] waiting for accepted seeds
[replay-worker] waiting for accepted seeds
[replay-worker] waiting for accepted seeds
[replay-worker] waiting for accepted seeds
[replay-worker] waiting for accepted seeds
[replay-worker] waiting for accepted seeds
[replay-worker] waiting for accepted seeds
[replay-worker] waiting for accepted seeds
[replay-worker] waiting for accepted seeds
[replay-worker] waiting for accepted seeds
[replay-worker] waiting for accepted seeds
[replay-worker] waiting for accepted seeds
[replay-worker] waiting for accepted seeds
[replay-worker] waiting for accepted seeds
[replay-worker] waiting for accepted seeds
[replay-worker] waiting for accepted seeds
[replay-worker] waiting for accepted seeds
[replay-worker] waiting for accepted seeds
[replay-worker] waiting for accepted seeds
[replay-worker] waiting for accepted seeds
[replay-worker] waiting for accepted seeds
[replay-worker] waiting for accepted seeds
[replay-worker] waiting for accepted seeds
[replay-worker] waiting for accepted seeds
[replay-worker] waiting for accepted seeds
[replay-worker] waiting for accepted seeds
[replay-worker] waiting for accepted seeds
[replay-worker] waiting for accepted seeds
[replay-worker] waiting for accepted seeds
[replay-worker] waiting for accepted seeds
[replay-worker] waiting for accepted seeds
[replay-worker] waiting for accepted seeds
[replay-worker] waiting for accepted seeds
[replay-worker] waiting for accepted seeds
[replay-worker] waiting for accepted seeds
[replay-worker] waiting for accepted seeds
[replay-worker] waiting for accepted seeds
[replay-worker] waiting for accepted seeds
[replay-worker] waiting for accepted seeds
[replay-worker] waiting for accepted seeds
[replay-worker] waiting for accepted seeds
[replay-worker] waiting for accepted seeds
[replay-worker] waiting for accepted seeds
[replay-worker] waiting for accepted seeds
[replay-worker] waiting for accepted seeds
[replay-worker] waiting for accepted seeds
[replay-worker] waiting for accepted seeds
[replay-worker] waiting for accepted seeds
[replay-worker] waiting for accepted seeds
[replay-worker] waiting for accepted seeds
[replay-worker] waiting for accepted seeds
[replay-worker] waiting for accepted seeds
[replay-worker] waiting for accepted seeds
[replay-worker] waiting for accepted seeds
[replay-worker] waiting for accepted seeds
[replay-worker] waiting for accepted seeds
[replay-worker] waiting for accepted seeds
[replay-worker] waiting for accepted seeds
[replay-worker] waiting for accepted seeds
[replay-worker] waiting for accepted seeds
[replay-worker] waiting for accepted seeds
[replay-worker] waiting for accepted seeds
[replay-worker] waiting for accepted seeds
[replay-worker] waiting for accepted seeds
[replay-worker] waiting for accepted seeds
[replay-worker] waiting for accepted seeds
[replay-worker] waiting for accepted seeds
[replay-worker] waiting for accepted seeds
[replay-worker] waiting for accepted seeds
[replay-worker] waiting for accepted seeds
[replay-worker] waiting for accepted seeds
[replay-worker] waiting for accepted seeds
[replay-worker] waiting for accepted seeds
[replay-worker] waiting for accepted seeds
[replay-worker] waiting for accepted seeds
[replay-worker] waiting for accepted seeds
[replay-worker] waiting for accepted seeds
[replay-worker] waiting for accepted seeds
[replay-worker] waiting for accepted seeds
[replay-worker] waiting for accepted seeds
[replay-worker] waiting for accepted seeds
[replay-worker] waiting for accepted seeds
[replay-worker] waiting for accepted seeds
[replay-worker] waiting for accepted seeds
[replay-worker] waiting for accepted seeds
[replay-worker] waiting for accepted seeds
[replay-worker] waiting for accepted seeds
[replay-worker] waiting for accepted seeds
[replay-worker] waiting for accepted seeds
[replay-worker] waiting for accepted seeds
[replay-worker] waiting for accepted seeds
[replay-worker] waiting for accepted seeds
[replay-worker] waiting for accepted seeds
[replay-worker] waiting for accepted seeds
[replay-worker] waiting for accepted seeds
[replay-worker] waiting for accepted seeds
[replay-worker] waiting for accepted seeds
[replay-worker] waiting for accepted seeds
[replay-worker] waiting for accepted seeds
[replay-worker] waiting for accepted seeds
[replay-worker] waiting for accepted seeds
[replay-worker] waiting for accepted seeds
[replay-worker] waiting for accepted seeds
[replay-worker] waiting for accepted seeds
[replay-worker] waiting for accepted seeds
[replay-worker] waiting for accepted seeds
>> recovering from: /home/zhaorz/project/CodeWM/CodeWM_ProWES_Logits/reproduct/units/p03_game_2048/java/architecture/team
>> team.json exists: True path: /home/zhaorz/project/CodeWM/CodeWM_ProWES_Logits/reproduct/units/p03_game_2048/java/architecture/team/team.json
>> ctx.git_repo.workdir = /home/zhaorz/project/CodeWM/CodeWM_ProWES_Logits/reproduct/units/p03_game_2048/java/replays/0001_seed_887850646/p03_game_2048_java
eng.code_todos: ['pom.xml', 'src/main/java/Direction.java', 'src/main/java/GameStatus.java', 'src/main/java/MoveResult.java', 'src/main/java/Spawner.java', 'src/main/java/Spawn.java', 'src/main/java/SequenceSpawner.java', 'src/main/java/Board.java', 'src/main/java/Game.java', 'src/main/java/Main.java', 'src/test/java/MainTest.java']
>> ready, ctx.git_repo.workdir = /home/zhaorz/project/CodeWM/CodeWM_ProWES_Logits/reproduct/units/p03_game_2048/java/replays/0001_seed_887850646/p03_game_2048_java
>> ctx.git_repo.workdir = /home/zhaorz/project/CodeWM/CodeWM_ProWES_Logits/reproduct/units/p03_game_2048/java/replays/0001_seed_887850646/p03_game_2048_java
2026-09-13 12:05:24.329 | INFO     | metagpt.utils.file_repository:save:57 - save to: /home/zhaorz/project/CodeWM/CodeWM_ProWES_Logits/reproduct/units/p03_game_2048/java/replays/0001_seed_887850646/p03_game_2048_java/docs/system_design/20260913115533.json
2026-09-13 12:05:24.331 | INFO     | metagpt.utils.file_repository:save:62 - update dependency: /home/zhaorz/project/CodeWM/CodeWM_ProWES_Logits/reproduct/units/p03_game_2048/java/replays/0001_seed_887850646/p03_game_2048_java/docs/system_design/20260913115533.json:[]
2026-09-13 12:05:24.332 | INFO     | metagpt.utils.file_repository:save:57 - save to: /home/zhaorz/project/CodeWM/CodeWM_ProWES_Logits/reproduct/units/p03_game_2048/java/replays/0001_seed_887850646/p03_game_2048_java/docs/task/20260913115533.json
2026-09-13 12:05:24.333 | INFO     | metagpt.utils.file_repository:save:62 - update dependency: /home/zhaorz/project/CodeWM/CodeWM_ProWES_Logits/reproduct/units/p03_game_2048/java/replays/0001_seed_887850646/p03_game_2048_java/docs/task/20260913115533.json:[]
>> [manual] Run 1/11: WriteCode -> pom.xml
2026-09-13 12:05:24.335 | INFO     | metagpt.actions.write_code:run:186 - Writing pom.xml..
2026-09-13 12:05:57.149 | INFO     | metagpt.utils.file_repository:save:57 - save to: /home/zhaorz/project/CodeWM/CodeWM_ProWES_Logits/reproduct/units/p03_game_2048/java/replays/0001_seed_887850646/p03_game_2048_java/p03_game_2048_java/pom.xml
2026-09-13 12:05:57.151 | INFO     | metagpt.utils.file_repository:save:62 - update dependency: /home/zhaorz/project/CodeWM/CodeWM_ProWES_Logits/reproduct/units/p03_game_2048/java/replays/0001_seed_887850646/p03_game_2048_java/p03_game_2048_java/pom.xml:['docs/system_design/20260913115533.json', 'docs/task/20260913115533.json']
2026-09-13 12:05:57.151 | INFO     | metagpt.utils.file_repository:save:57 - save to: /home/zhaorz/project/CodeWM/CodeWM_ProWES_Logits/reproduct/units/p03_game_2048/java/replays/0001_seed_887850646/p03_game_2048_java/p03_game_2048_java/pom_wm_detRes.txt
>> saved: src/pom.xml
2026-09-13 12:05:57.152 | INFO     | metagpt.utils.file_repository:save:57 - save to: /home/zhaorz/project/CodeWM/CodeWM_ProWES_Logits/reproduct/units/p03_game_2048/java/replays/0001_seed_887850646/p03_game_2048_java/docs/system_design/20260913115533.json
2026-09-13 12:05:57.153 | INFO     | metagpt.utils.file_repository:save:62 - update dependency: /home/zhaorz/project/CodeWM/CodeWM_ProWES_Logits/reproduct/units/p03_game_2048/java/replays/0001_seed_887850646/p03_game_2048_java/docs/system_design/20260913115533.json:[]
2026-09-13 12:05:57.154 | INFO     | metagpt.utils.file_repository:save:57 - save to: /home/zhaorz/project/CodeWM/CodeWM_ProWES_Logits/reproduct/units/p03_game_2048/java/replays/0001_seed_887850646/p03_game_2048_java/docs/task/20260913115533.json
2026-09-13 12:05:57.155 | INFO     | metagpt.utils.file_repository:save:62 - update dependency: /home/zhaorz/project/CodeWM/CodeWM_ProWES_Logits/reproduct/units/p03_game_2048/java/replays/0001_seed_887850646/p03_game_2048_java/docs/task/20260913115533.json:[]
>> [manual] Run 2/11: WriteCode -> src/main/java/Direction.java
2026-09-13 12:05:57.157 | INFO     | metagpt.actions.write_code:run:186 - Writing src/main/java/Direction.java..
2026-09-13 12:06:19.024 | INFO     | metagpt.utils.file_repository:save:57 - save to: /home/zhaorz/project/CodeWM/CodeWM_ProWES_Logits/reproduct/units/p03_game_2048/java/replays/0001_seed_887850646/p03_game_2048_java/p03_game_2048_java/src/main/java/Direction.java
2026-09-13 12:06:19.026 | INFO     | metagpt.utils.file_repository:save:62 - update dependency: /home/zhaorz/project/CodeWM/CodeWM_ProWES_Logits/reproduct/units/p03_game_2048/java/replays/0001_seed_887850646/p03_game_2048_java/p03_game_2048_java/src/main/java/Direction.java:['docs/system_design/20260913115533.json', 'docs/task/20260913115533.json']
2026-09-13 12:06:19.027 | INFO     | metagpt.utils.file_repository:save:57 - save to: /home/zhaorz/project/CodeWM/CodeWM_ProWES_Logits/reproduct/units/p03_game_2048/java/replays/0001_seed_887850646/p03_game_2048_java/p03_game_2048_java/Direction_wm_detRes.txt
>> saved: src/src/main/java/Direction.java
2026-09-13 12:06:19.029 | INFO     | metagpt.utils.file_repository:save:57 - save to: /home/zhaorz/project/CodeWM/CodeWM_ProWES_Logits/reproduct/units/p03_game_2048/java/replays/0001_seed_887850646/p03_game_2048_java/docs/system_design/20260913115533.json
2026-09-13 12:06:19.030 | INFO     | metagpt.utils.file_repository:save:62 - update dependency: /home/zhaorz/project/CodeWM/CodeWM_ProWES_Logits/reproduct/units/p03_game_2048/java/replays/0001_seed_887850646/p03_game_2048_java/docs/system_design/20260913115533.json:[]
2026-09-13 12:06:19.031 | INFO     | metagpt.utils.file_repository:save:57 - save to: /home/zhaorz/project/CodeWM/CodeWM_ProWES_Logits/reproduct/units/p03_game_2048/java/replays/0001_seed_887850646/p03_game_2048_java/docs/task/20260913115533.json
2026-09-13 12:06:19.032 | INFO     | metagpt.utils.file_repository:save:62 - update dependency: /home/zhaorz/project/CodeWM/CodeWM_ProWES_Logits/reproduct/units/p03_game_2048/java/replays/0001_seed_887850646/p03_game_2048_java/docs/task/20260913115533.json:[]
>> [manual] Run 3/11: WriteCode -> src/main/java/GameStatus.java
2026-09-13 12:06:19.036 | INFO     | metagpt.actions.write_code:run:186 - Writing src/main/java/GameStatus.java..
2026-09-13 12:07:07.239 | INFO     | metagpt.utils.file_repository:save:57 - save to: /home/zhaorz/project/CodeWM/CodeWM_ProWES_Logits/reproduct/units/p03_game_2048/java/replays/0001_seed_887850646/p03_game_2048_java/p03_game_2048_java/src/main/java/GameStatus.java
2026-09-13 12:07:07.241 | INFO     | metagpt.utils.file_repository:save:62 - update dependency: /home/zhaorz/project/CodeWM/CodeWM_ProWES_Logits/reproduct/units/p03_game_2048/java/replays/0001_seed_887850646/p03_game_2048_java/p03_game_2048_java/src/main/java/GameStatus.java:['docs/system_design/20260913115533.json', 'docs/task/20260913115533.json']
2026-09-13 12:07:07.242 | INFO     | metagpt.utils.file_repository:save:57 - save to: /home/zhaorz/project/CodeWM/CodeWM_ProWES_Logits/reproduct/units/p03_game_2048/java/replays/0001_seed_887850646/p03_game_2048_java/p03_game_2048_java/GameStatus_wm_detRes.txt
>> saved: src/src/main/java/GameStatus.java
2026-09-13 12:07:07.243 | INFO     | metagpt.utils.file_repository:save:57 - save to: /home/zhaorz/project/CodeWM/CodeWM_ProWES_Logits/reproduct/units/p03_game_2048/java/replays/0001_seed_887850646/p03_game_2048_java/docs/system_design/20260913115533.json
2026-09-13 12:07:07.244 | INFO     | metagpt.utils.file_repository:save:62 - update dependency: /home/zhaorz/project/CodeWM/CodeWM_ProWES_Logits/reproduct/units/p03_game_2048/java/replays/0001_seed_887850646/p03_game_2048_java/docs/system_design/20260913115533.json:[]
2026-09-13 12:07:07.245 | INFO     | metagpt.utils.file_repository:save:57 - save to: /home/zhaorz/project/CodeWM/CodeWM_ProWES_Logits/reproduct/units/p03_game_2048/java/replays/0001_seed_887850646/p03_game_2048_java/docs/task/20260913115533.json
2026-09-13 12:07:07.246 | INFO     | metagpt.utils.file_repository:save:62 - update dependency: /home/zhaorz/project/CodeWM/CodeWM_ProWES_Logits/reproduct/units/p03_game_2048/java/replays/0001_seed_887850646/p03_game_2048_java/docs/task/20260913115533.json:[]
>> [manual] Run 4/11: WriteCode -> src/main/java/MoveResult.java
2026-09-13 12:07:07.249 | INFO     | metagpt.actions.write_code:run:186 - Writing src/main/java/MoveResult.java..
2026-09-13 12:07:41.539 | INFO     | metagpt.utils.file_repository:save:57 - save to: /home/zhaorz/project/CodeWM/CodeWM_ProWES_Logits/reproduct/units/p03_game_2048/java/replays/0001_seed_887850646/p03_game_2048_java/p03_game_2048_java/src/main/java/MoveResult.java
2026-09-13 12:07:41.541 | INFO     | metagpt.utils.file_repository:save:62 - update dependency: /home/zhaorz/project/CodeWM/CodeWM_ProWES_Logits/reproduct/units/p03_game_2048/java/replays/0001_seed_887850646/p03_game_2048_java/p03_game_2048_java/src/main/java/MoveResult.java:['docs/system_design/20260913115533.json', 'docs/task/20260913115533.json']
2026-09-13 12:07:41.542 | INFO     | metagpt.utils.file_repository:save:57 - save to: /home/zhaorz/project/CodeWM/CodeWM_ProWES_Logits/reproduct/units/p03_game_2048/java/replays/0001_seed_887850646/p03_game_2048_java/p03_game_2048_java/MoveResult_wm_detRes.txt
>> saved: src/src/main/java/MoveResult.java
2026-09-13 12:07:41.543 | INFO     | metagpt.utils.file_repository:save:57 - save to: /home/zhaorz/project/CodeWM/CodeWM_ProWES_Logits/reproduct/units/p03_game_2048/java/replays/0001_seed_887850646/p03_game_2048_java/docs/system_design/20260913115533.json
2026-09-13 12:07:41.545 | INFO     | metagpt.utils.file_repository:save:62 - update dependency: /home/zhaorz/project/CodeWM/CodeWM_ProWES_Logits/reproduct/units/p03_game_2048/java/replays/0001_seed_887850646/p03_game_2048_java/docs/system_design/20260913115533.json:[]
2026-09-13 12:07:41.546 | INFO     | metagpt.utils.file_repository:save:57 - save to: /home/zhaorz/project/CodeWM/CodeWM_ProWES_Logits/reproduct/units/p03_game_2048/java/replays/0001_seed_887850646/p03_game_2048_java/docs/task/20260913115533.json
2026-09-13 12:07:41.547 | INFO     | metagpt.utils.file_repository:save:62 - update dependency: /home/zhaorz/project/CodeWM/CodeWM_ProWES_Logits/reproduct/units/p03_game_2048/java/replays/0001_seed_887850646/p03_game_2048_java/docs/task/20260913115533.json:[]
>> [manual] Run 5/11: WriteCode -> src/main/java/Spawner.java
2026-09-13 12:07:41.551 | INFO     | metagpt.actions.write_code:run:186 - Writing src/main/java/Spawner.java..
2026-09-13 12:08:12.847 | INFO     | metagpt.utils.file_repository:save:57 - save to: /home/zhaorz/project/CodeWM/CodeWM_ProWES_Logits/reproduct/units/p03_game_2048/java/replays/0001_seed_887850646/p03_game_2048_java/p03_game_2048_java/src/main/java/Spawner.java
2026-09-13 12:08:12.848 | INFO     | metagpt.utils.file_repository:save:62 - update dependency: /home/zhaorz/project/CodeWM/CodeWM_ProWES_Logits/reproduct/units/p03_game_2048/java/replays/0001_seed_887850646/p03_game_2048_java/p03_game_2048_java/src/main/java/Spawner.java:['docs/system_design/20260913115533.json', 'docs/task/20260913115533.json']
2026-09-13 12:08:12.849 | INFO     | metagpt.utils.file_repository:save:57 - save to: /home/zhaorz/project/CodeWM/CodeWM_ProWES_Logits/reproduct/units/p03_game_2048/java/replays/0001_seed_887850646/p03_game_2048_java/p03_game_2048_java/Spawner_wm_detRes.txt
>> saved: src/src/main/java/Spawner.java
2026-09-13 12:08:12.851 | INFO     | metagpt.utils.file_repository:save:57 - save to: /home/zhaorz/project/CodeWM/CodeWM_ProWES_Logits/reproduct/units/p03_game_2048/java/replays/0001_seed_887850646/p03_game_2048_java/docs/system_design/20260913115533.json
2026-09-13 12:08:12.852 | INFO     | metagpt.utils.file_repository:save:62 - update dependency: /home/zhaorz/project/CodeWM/CodeWM_ProWES_Logits/reproduct/units/p03_game_2048/java/replays/0001_seed_887850646/p03_game_2048_java/docs/system_design/20260913115533.json:[]
2026-09-13 12:08:12.853 | INFO     | metagpt.utils.file_repository:save:57 - save to: /home/zhaorz/project/CodeWM/CodeWM_ProWES_Logits/reproduct/units/p03_game_2048/java/replays/0001_seed_887850646/p03_game_2048_java/docs/task/20260913115533.json
2026-09-13 12:08:12.855 | INFO     | metagpt.utils.file_repository:save:62 - update dependency: /home/zhaorz/project/CodeWM/CodeWM_ProWES_Logits/reproduct/units/p03_game_2048/java/replays/0001_seed_887850646/p03_game_2048_java/docs/task/20260913115533.json:[]
>> [manual] Run 6/11: WriteCode -> src/main/java/Spawn.java
2026-09-13 12:08:12.859 | INFO     | metagpt.actions.write_code:run:186 - Writing src/main/java/Spawn.java..
2026-09-13 12:09:04.395 | INFO     | metagpt.utils.file_repository:save:57 - save to: /home/zhaorz/project/CodeWM/CodeWM_ProWES_Logits/reproduct/units/p03_game_2048/java/replays/0001_seed_887850646/p03_game_2048_java/p03_game_2048_java/src/main/java/Spawn.java
2026-09-13 12:09:04.396 | INFO     | metagpt.utils.file_repository:save:62 - update dependency: /home/zhaorz/project/CodeWM/CodeWM_ProWES_Logits/reproduct/units/p03_game_2048/java/replays/0001_seed_887850646/p03_game_2048_java/p03_game_2048_java/src/main/java/Spawn.java:['docs/system_design/20260913115533.json', 'docs/task/20260913115533.json']
2026-09-13 12:09:04.397 | INFO     | metagpt.utils.file_repository:save:57 - save to: /home/zhaorz/project/CodeWM/CodeWM_ProWES_Logits/reproduct/units/p03_game_2048/java/replays/0001_seed_887850646/p03_game_2048_java/p03_game_2048_java/Spawn_wm_detRes.txt
>> saved: src/src/main/java/Spawn.java
2026-09-13 12:09:04.399 | INFO     | metagpt.utils.file_repository:save:57 - save to: /home/zhaorz/project/CodeWM/CodeWM_ProWES_Logits/reproduct/units/p03_game_2048/java/replays/0001_seed_887850646/p03_game_2048_java/docs/system_design/20260913115533.json
2026-09-13 12:09:04.400 | INFO     | metagpt.utils.file_repository:save:62 - update dependency: /home/zhaorz/project/CodeWM/CodeWM_ProWES_Logits/reproduct/units/p03_game_2048/java/replays/0001_seed_887850646/p03_game_2048_java/docs/system_design/20260913115533.json:[]
2026-09-13 12:09:04.401 | INFO     | metagpt.utils.file_repository:save:57 - save to: /home/zhaorz/project/CodeWM/CodeWM_ProWES_Logits/reproduct/units/p03_game_2048/java/replays/0001_seed_887850646/p03_game_2048_java/docs/task/20260913115533.json
2026-09-13 12:09:04.403 | INFO     | metagpt.utils.file_repository:save:62 - update dependency: /home/zhaorz/project/CodeWM/CodeWM_ProWES_Logits/reproduct/units/p03_game_2048/java/replays/0001_seed_887850646/p03_game_2048_java/docs/task/20260913115533.json:[]
>> [manual] Run 7/11: WriteCode -> src/main/java/SequenceSpawner.java
2026-09-13 12:09:04.408 | INFO     | metagpt.actions.write_code:run:186 - Writing src/main/java/SequenceSpawner.java..
2026-09-13 12:10:33.731 | INFO     | metagpt.utils.file_repository:save:57 - save to: /home/zhaorz/project/CodeWM/CodeWM_ProWES_Logits/reproduct/units/p03_game_2048/java/replays/0001_seed_887850646/p03_game_2048_java/p03_game_2048_java/src/main/java/SequenceSpawner.java
2026-09-13 12:10:33.732 | INFO     | metagpt.utils.file_repository:save:62 - update dependency: /home/zhaorz/project/CodeWM/CodeWM_ProWES_Logits/reproduct/units/p03_game_2048/java/replays/0001_seed_887850646/p03_game_2048_java/p03_game_2048_java/src/main/java/SequenceSpawner.java:['docs/system_design/20260913115533.json', 'docs/task/20260913115533.json']
2026-09-13 12:10:33.733 | INFO     | metagpt.utils.file_repository:save:57 - save to: /home/zhaorz/project/CodeWM/CodeWM_ProWES_Logits/reproduct/units/p03_game_2048/java/replays/0001_seed_887850646/p03_game_2048_java/p03_game_2048_java/SequenceSpawner_wm_detRes.txt
>> saved: src/src/main/java/SequenceSpawner.java
2026-09-13 12:10:33.734 | INFO     | metagpt.utils.file_repository:save:57 - save to: /home/zhaorz/project/CodeWM/CodeWM_ProWES_Logits/reproduct/units/p03_game_2048/java/replays/0001_seed_887850646/p03_game_2048_java/docs/system_design/20260913115533.json
2026-09-13 12:10:33.735 | INFO     | metagpt.utils.file_repository:save:62 - update dependency: /home/zhaorz/project/CodeWM/CodeWM_ProWES_Logits/reproduct/units/p03_game_2048/java/replays/0001_seed_887850646/p03_game_2048_java/docs/system_design/20260913115533.json:[]
2026-09-13 12:10:33.736 | INFO     | metagpt.utils.file_repository:save:57 - save to: /home/zhaorz/project/CodeWM/CodeWM_ProWES_Logits/reproduct/units/p03_game_2048/java/replays/0001_seed_887850646/p03_game_2048_java/docs/task/20260913115533.json
2026-09-13 12:10:33.737 | INFO     | metagpt.utils.file_repository:save:62 - update dependency: /home/zhaorz/project/CodeWM/CodeWM_ProWES_Logits/reproduct/units/p03_game_2048/java/replays/0001_seed_887850646/p03_game_2048_java/docs/task/20260913115533.json:[]
>> [manual] Run 8/11: WriteCode -> src/main/java/Board.java
2026-09-13 12:10:33.741 | INFO     | metagpt.actions.write_code:run:186 - Writing src/main/java/Board.java..
2026-09-13 12:13:23.903 | INFO     | metagpt.utils.file_repository:save:57 - save to: /home/zhaorz/project/CodeWM/CodeWM_ProWES_Logits/reproduct/units/p03_game_2048/java/replays/0001_seed_887850646/p03_game_2048_java/p03_game_2048_java/src/main/java/Board.java
2026-09-13 12:13:23.905 | INFO     | metagpt.utils.file_repository:save:62 - update dependency: /home/zhaorz/project/CodeWM/CodeWM_ProWES_Logits/reproduct/units/p03_game_2048/java/replays/0001_seed_887850646/p03_game_2048_java/p03_game_2048_java/src/main/java/Board.java:['docs/system_design/20260913115533.json', 'docs/task/20260913115533.json']
2026-09-13 12:13:23.905 | INFO     | metagpt.utils.file_repository:save:57 - save to: /home/zhaorz/project/CodeWM/CodeWM_ProWES_Logits/reproduct/units/p03_game_2048/java/replays/0001_seed_887850646/p03_game_2048_java/p03_game_2048_java/Board_wm_detRes.txt
>> saved: src/src/main/java/Board.java
2026-09-13 12:13:23.906 | INFO     | metagpt.utils.file_repository:save:57 - save to: /home/zhaorz/project/CodeWM/CodeWM_ProWES_Logits/reproduct/units/p03_game_2048/java/replays/0001_seed_887850646/p03_game_2048_java/docs/system_design/20260913115533.json
2026-09-13 12:13:23.908 | INFO     | metagpt.utils.file_repository:save:62 - update dependency: /home/zhaorz/project/CodeWM/CodeWM_ProWES_Logits/reproduct/units/p03_game_2048/java/replays/0001_seed_887850646/p03_game_2048_java/docs/system_design/20260913115533.json:[]
2026-09-13 12:13:23.908 | INFO     | metagpt.utils.file_repository:save:57 - save to: /home/zhaorz/project/CodeWM/CodeWM_ProWES_Logits/reproduct/units/p03_game_2048/java/replays/0001_seed_887850646/p03_game_2048_java/docs/task/20260913115533.json
2026-09-13 12:13:23.910 | INFO     | metagpt.utils.file_repository:save:62 - update dependency: /home/zhaorz/project/CodeWM/CodeWM_ProWES_Logits/reproduct/units/p03_game_2048/java/replays/0001_seed_887850646/p03_game_2048_java/docs/task/20260913115533.json:[]
>> [manual] Run 9/11: WriteCode -> src/main/java/Game.java
2026-09-13 12:13:23.914 | INFO     | metagpt.actions.write_code:run:186 - Writing src/main/java/Game.java..
2026-09-13 12:14:16.998 | INFO     | metagpt.utils.file_repository:save:57 - save to: /home/zhaorz/project/CodeWM/CodeWM_ProWES_Logits/reproduct/units/p03_game_2048/java/replays/0001_seed_887850646/p03_game_2048_java/p03_game_2048_java/src/main/java/Game.java
2026-09-13 12:14:17.000 | INFO     | metagpt.utils.file_repository:save:62 - update dependency: /home/zhaorz/project/CodeWM/CodeWM_ProWES_Logits/reproduct/units/p03_game_2048/java/replays/0001_seed_887850646/p03_game_2048_java/p03_game_2048_java/src/main/java/Game.java:['docs/system_design/20260913115533.json', 'docs/task/20260913115533.json']
2026-09-13 12:14:17.001 | INFO     | metagpt.utils.file_repository:save:57 - save to: /home/zhaorz/project/CodeWM/CodeWM_ProWES_Logits/reproduct/units/p03_game_2048/java/replays/0001_seed_887850646/p03_game_2048_java/p03_game_2048_java/Game_wm_detRes.txt
>> saved: src/src/main/java/Game.java
2026-09-13 12:14:17.002 | INFO     | metagpt.utils.file_repository:save:57 - save to: /home/zhaorz/project/CodeWM/CodeWM_ProWES_Logits/reproduct/units/p03_game_2048/java/replays/0001_seed_887850646/p03_game_2048_java/docs/system_design/20260913115533.json
2026-09-13 12:14:17.004 | INFO     | metagpt.utils.file_repository:save:62 - update dependency: /home/zhaorz/project/CodeWM/CodeWM_ProWES_Logits/reproduct/units/p03_game_2048/java/replays/0001_seed_887850646/p03_game_2048_java/docs/system_design/20260913115533.json:[]
2026-09-13 12:14:17.005 | INFO     | metagpt.utils.file_repository:save:57 - save to: /home/zhaorz/project/CodeWM/CodeWM_ProWES_Logits/reproduct/units/p03_game_2048/java/replays/0001_seed_887850646/p03_game_2048_java/docs/task/20260913115533.json
2026-09-13 12:14:17.006 | INFO     | metagpt.utils.file_repository:save:62 - update dependency: /home/zhaorz/project/CodeWM/CodeWM_ProWES_Logits/reproduct/units/p03_game_2048/java/replays/0001_seed_887850646/p03_game_2048_java/docs/task/20260913115533.json:[]
>> [manual] Run 10/11: WriteCode -> src/main/java/Main.java
2026-09-13 12:14:17.013 | INFO     | metagpt.actions.write_code:run:186 - Writing src/main/java/Main.java..
2026-09-13 12:14:54.064 | INFO     | metagpt.utils.file_repository:save:57 - save to: /home/zhaorz/project/CodeWM/CodeWM_ProWES_Logits/reproduct/units/p03_game_2048/java/replays/0001_seed_887850646/p03_game_2048_java/p03_game_2048_java/src/main/java/Main.java
2026-09-13 12:14:54.065 | INFO     | metagpt.utils.file_repository:save:62 - update dependency: /home/zhaorz/project/CodeWM/CodeWM_ProWES_Logits/reproduct/units/p03_game_2048/java/replays/0001_seed_887850646/p03_game_2048_java/p03_game_2048_java/src/main/java/Main.java:['docs/system_design/20260913115533.json', 'docs/task/20260913115533.json']
2026-09-13 12:14:54.066 | INFO     | metagpt.utils.file_repository:save:57 - save to: /home/zhaorz/project/CodeWM/CodeWM_ProWES_Logits/reproduct/units/p03_game_2048/java/replays/0001_seed_887850646/p03_game_2048_java/p03_game_2048_java/Main_wm_detRes.txt
>> saved: src/src/main/java/Main.java
2026-09-13 12:14:54.067 | INFO     | metagpt.utils.file_repository:save:57 - save to: /home/zhaorz/project/CodeWM/CodeWM_ProWES_Logits/reproduct/units/p03_game_2048/java/replays/0001_seed_887850646/p03_game_2048_java/docs/system_design/20260913115533.json
2026-09-13 12:14:54.068 | INFO     | metagpt.utils.file_repository:save:62 - update dependency: /home/zhaorz/project/CodeWM/CodeWM_ProWES_Logits/reproduct/units/p03_game_2048/java/replays/0001_seed_887850646/p03_game_2048_java/docs/system_design/20260913115533.json:[]
2026-09-13 12:14:54.069 | INFO     | metagpt.utils.file_repository:save:57 - save to: /home/zhaorz/project/CodeWM/CodeWM_ProWES_Logits/reproduct/units/p03_game_2048/java/replays/0001_seed_887850646/p03_game_2048_java/docs/task/20260913115533.json
2026-09-13 12:14:54.070 | INFO     | metagpt.utils.file_repository:save:62 - update dependency: /home/zhaorz/project/CodeWM/CodeWM_ProWES_Logits/reproduct/units/p03_game_2048/java/replays/0001_seed_887850646/p03_game_2048_java/docs/task/20260913115533.json:[]
>> [manual] Run 11/11: WriteCode -> src/test/java/MainTest.java
2026-09-13 12:14:54.075 | INFO     | metagpt.actions.write_code:run:186 - Writing src/test/java/MainTest.java..
2026-09-13 12:16:03.612 | INFO     | metagpt.utils.file_repository:save:57 - save to: /home/zhaorz/project/CodeWM/CodeWM_ProWES_Logits/reproduct/units/p03_game_2048/java/replays/0001_seed_887850646/p03_game_2048_java/p03_game_2048_java/src/test/java/MainTest.java
2026-09-13 12:16:03.614 | INFO     | metagpt.utils.file_repository:save:62 - update dependency: /home/zhaorz/project/CodeWM/CodeWM_ProWES_Logits/reproduct/units/p03_game_2048/java/replays/0001_seed_887850646/p03_game_2048_java/p03_game_2048_java/src/test/java/MainTest.java:['docs/system_design/20260913115533.json', 'docs/task/20260913115533.json']
2026-09-13 12:16:03.615 | INFO     | metagpt.utils.file_repository:save:57 - save to: /home/zhaorz/project/CodeWM/CodeWM_ProWES_Logits/reproduct/units/p03_game_2048/java/replays/0001_seed_887850646/p03_game_2048_java/p03_game_2048_java/MainTest_wm_detRes.txt
>> saved: src/src/test/java/MainTest.java
>> [manual] all WriteCode actions finished.
[replay-worker] p03_game_2048_java passed=True
[replay-worker] waiting for accepted seeds
[replay-worker] waiting for accepted seeds
[replay-worker] waiting for accepted seeds
[replay-worker] waiting for accepted seeds
[replay-worker] waiting for accepted seeds
[replay-worker] waiting for accepted seeds
[replay-worker] waiting for accepted seeds
[replay-worker] waiting for accepted seeds
[replay-worker] waiting for accepted seeds
[replay-worker] waiting for accepted seeds
[replay-worker] waiting for accepted seeds
[replay-worker] waiting for accepted seeds
[replay-worker] waiting for accepted seeds
[replay-worker] waiting for accepted seeds
[replay-worker] waiting for accepted seeds
[replay-worker] waiting for accepted seeds
[replay-worker] waiting for accepted seeds
[replay-worker] waiting for accepted seeds
[replay-worker] waiting for accepted seeds
[replay-worker] waiting for accepted seeds
[replay-worker] waiting for accepted seeds
[replay-worker] waiting for accepted seeds
[replay-worker] waiting for accepted seeds
[replay-worker] waiting for accepted seeds
[replay-worker] waiting for accepted seeds
[replay-worker] waiting for accepted seeds
[replay-worker] waiting for accepted seeds
[replay-worker] waiting for accepted seeds
[replay-worker] waiting for accepted seeds
[replay-worker] waiting for accepted seeds
[replay-worker] waiting for accepted seeds
[replay-worker] waiting for accepted seeds
[replay-worker] waiting for accepted seeds
[replay-worker] waiting for accepted seeds
[replay-worker] waiting for accepted seeds
[replay-worker] waiting for accepted seeds
[replay-worker] waiting for accepted seeds
[replay-worker] waiting for accepted seeds
[replay-worker] waiting for accepted seeds
[replay-worker] waiting for accepted seeds
[replay-worker] waiting for accepted seeds
[replay-worker] waiting for accepted seeds
[replay-worker] waiting for accepted seeds
[replay-worker] waiting for accepted seeds
[replay-worker] waiting for accepted seeds
[replay-worker] waiting for accepted seeds
[replay-worker] waiting for accepted seeds
[replay-worker] waiting for accepted seeds
[replay-worker] waiting for accepted seeds
[replay-worker] waiting for accepted seeds
[replay-worker] waiting for accepted seeds
[replay-worker] waiting for accepted seeds
[replay-worker] waiting for accepted seeds
[replay-worker] waiting for accepted seeds
[replay-worker] waiting for accepted seeds
[replay-worker] waiting for accepted seeds
[replay-worker] waiting for accepted seeds
[replay-worker] waiting for accepted seeds
[replay-worker] waiting for accepted seeds
[replay-worker] waiting for accepted seeds
[replay-worker] waiting for accepted seeds
[replay-worker] waiting for accepted seeds
[replay-worker] waiting for accepted seeds
[replay-worker] waiting for accepted seeds
[replay-worker] waiting for accepted seeds
[replay-worker] waiting for accepted seeds
[replay-worker] waiting for accepted seeds
[replay-worker] waiting for accepted seeds
[replay-worker] waiting for accepted seeds
[replay-worker] waiting for accepted seeds
[replay-worker] waiting for accepted seeds
[replay-worker] waiting for accepted seeds
[replay-worker] waiting for accepted seeds
[replay-worker] waiting for accepted seeds
[replay-worker] waiting for accepted seeds
[replay-worker] waiting for accepted seeds
[replay-worker] waiting for accepted seeds
[replay-worker] waiting for accepted seeds
[replay-worker] waiting for accepted seeds
[replay-worker] waiting for accepted seeds
[replay-worker] waiting for accepted seeds
[replay-worker] waiting for accepted seeds
[replay-worker] waiting for accepted seeds
[replay-worker] waiting for accepted seeds
[replay-worker] waiting for accepted seeds
[replay-worker] waiting for accepted seeds
[replay-worker] waiting for accepted seeds
[replay-worker] waiting for accepted seeds
[replay-worker] waiting for accepted seeds
[replay-worker] waiting for accepted seeds
[replay-worker] waiting for accepted seeds
[replay-worker] waiting for accepted seeds
[replay-worker] waiting for accepted seeds
[replay-worker] waiting for accepted seeds
[replay-worker] waiting for accepted seeds
>> recovering from: /home/zhaorz/project/CodeWM/CodeWM_ProWES_Logits/reproduct/units/p04_caro_game/cpp/architecture/team
>> team.json exists: True path: /home/zhaorz/project/CodeWM/CodeWM_ProWES_Logits/reproduct/units/p04_caro_game/cpp/architecture/team/team.json
>> ctx.git_repo.workdir = /home/zhaorz/project/CodeWM/CodeWM_ProWES_Logits/reproduct/units/p04_caro_game/cpp/replays/0001_seed_1922813371/p04_caro_game_cpp
eng.code_todos: ['CMakeLists.txt', 'include/Common.h', 'include/Board.h', 'include/Move.h', 'include/MoveHistory.h', 'include/WinDetector.h', 'include/GameEngine.h', 'src/Board.cpp', 'src/Move.cpp', 'src/MoveHistory.cpp', 'src/WinDetector.cpp', 'src/GameEngine.cpp', 'src/Main.cpp', 'tests/test_main.cpp']
>> ready, ctx.git_repo.workdir = /home/zhaorz/project/CodeWM/CodeWM_ProWES_Logits/reproduct/units/p04_caro_game/cpp/replays/0001_seed_1922813371/p04_caro_game_cpp
>> ctx.git_repo.workdir = /home/zhaorz/project/CodeWM/CodeWM_ProWES_Logits/reproduct/units/p04_caro_game/cpp/replays/0001_seed_1922813371/p04_caro_game_cpp
2026-09-13 12:47:57.821 | INFO     | metagpt.utils.file_repository:save:57 - save to: /home/zhaorz/project/CodeWM/CodeWM_ProWES_Logits/reproduct/units/p04_caro_game/cpp/replays/0001_seed_1922813371/p04_caro_game_cpp/docs/system_design/20260913015715.json
2026-09-13 12:47:57.823 | INFO     | metagpt.utils.file_repository:save:62 - update dependency: /home/zhaorz/project/CodeWM/CodeWM_ProWES_Logits/reproduct/units/p04_caro_game/cpp/replays/0001_seed_1922813371/p04_caro_game_cpp/docs/system_design/20260913015715.json:[]
2026-09-13 12:47:57.824 | INFO     | metagpt.utils.file_repository:save:57 - save to: /home/zhaorz/project/CodeWM/CodeWM_ProWES_Logits/reproduct/units/p04_caro_game/cpp/replays/0001_seed_1922813371/p04_caro_game_cpp/docs/task/20260913015715.json
2026-09-13 12:47:57.825 | INFO     | metagpt.utils.file_repository:save:62 - update dependency: /home/zhaorz/project/CodeWM/CodeWM_ProWES_Logits/reproduct/units/p04_caro_game/cpp/replays/0001_seed_1922813371/p04_caro_game_cpp/docs/task/20260913015715.json:[]
>> [manual] Run 1/14: WriteCode -> CMakeLists.txt
2026-09-13 12:47:57.827 | INFO     | metagpt.actions.write_code:run:186 - Writing CMakeLists.txt..
2026-09-13 12:48:22.170 | INFO     | metagpt.utils.file_repository:save:57 - save to: /home/zhaorz/project/CodeWM/CodeWM_ProWES_Logits/reproduct/units/p04_caro_game/cpp/replays/0001_seed_1922813371/p04_caro_game_cpp/p04_caro_game_cpp/CMakeLists.txt
2026-09-13 12:48:22.171 | INFO     | metagpt.utils.file_repository:save:62 - update dependency: /home/zhaorz/project/CodeWM/CodeWM_ProWES_Logits/reproduct/units/p04_caro_game/cpp/replays/0001_seed_1922813371/p04_caro_game_cpp/p04_caro_game_cpp/CMakeLists.txt:['docs/task/20260913015715.json', 'docs/system_design/20260913015715.json']
2026-09-13 12:48:22.172 | INFO     | metagpt.utils.file_repository:save:57 - save to: /home/zhaorz/project/CodeWM/CodeWM_ProWES_Logits/reproduct/units/p04_caro_game/cpp/replays/0001_seed_1922813371/p04_caro_game_cpp/p04_caro_game_cpp/CMakeLists_wm_detRes.txt
>> saved: src/CMakeLists.txt
2026-09-13 12:48:22.173 | INFO     | metagpt.utils.file_repository:save:57 - save to: /home/zhaorz/project/CodeWM/CodeWM_ProWES_Logits/reproduct/units/p04_caro_game/cpp/replays/0001_seed_1922813371/p04_caro_game_cpp/docs/system_design/20260913015715.json
2026-09-13 12:48:22.175 | INFO     | metagpt.utils.file_repository:save:62 - update dependency: /home/zhaorz/project/CodeWM/CodeWM_ProWES_Logits/reproduct/units/p04_caro_game/cpp/replays/0001_seed_1922813371/p04_caro_game_cpp/docs/system_design/20260913015715.json:[]
2026-09-13 12:48:22.177 | INFO     | metagpt.utils.file_repository:save:57 - save to: /home/zhaorz/project/CodeWM/CodeWM_ProWES_Logits/reproduct/units/p04_caro_game/cpp/replays/0001_seed_1922813371/p04_caro_game_cpp/docs/task/20260913015715.json
2026-09-13 12:48:22.179 | INFO     | metagpt.utils.file_repository:save:62 - update dependency: /home/zhaorz/project/CodeWM/CodeWM_ProWES_Logits/reproduct/units/p04_caro_game/cpp/replays/0001_seed_1922813371/p04_caro_game_cpp/docs/task/20260913015715.json:[]
>> [manual] Run 2/14: WriteCode -> include/Common.h
2026-09-13 12:48:22.184 | INFO     | metagpt.actions.write_code:run:186 - Writing include/Common.h..
2026-09-13 12:48:50.688 | INFO     | metagpt.utils.file_repository:save:57 - save to: /home/zhaorz/project/CodeWM/CodeWM_ProWES_Logits/reproduct/units/p04_caro_game/cpp/replays/0001_seed_1922813371/p04_caro_game_cpp/p04_caro_game_cpp/include/Common.h
2026-09-13 12:48:50.689 | INFO     | metagpt.utils.file_repository:save:62 - update dependency: /home/zhaorz/project/CodeWM/CodeWM_ProWES_Logits/reproduct/units/p04_caro_game/cpp/replays/0001_seed_1922813371/p04_caro_game_cpp/p04_caro_game_cpp/include/Common.h:['docs/task/20260913015715.json', 'docs/system_design/20260913015715.json']
2026-09-13 12:48:50.690 | INFO     | metagpt.utils.file_repository:save:57 - save to: /home/zhaorz/project/CodeWM/CodeWM_ProWES_Logits/reproduct/units/p04_caro_game/cpp/replays/0001_seed_1922813371/p04_caro_game_cpp/p04_caro_game_cpp/Common_wm_detRes.txt
>> saved: src/include/Common.h
2026-09-13 12:48:50.691 | INFO     | metagpt.utils.file_repository:save:57 - save to: /home/zhaorz/project/CodeWM/CodeWM_ProWES_Logits/reproduct/units/p04_caro_game/cpp/replays/0001_seed_1922813371/p04_caro_game_cpp/docs/system_design/20260913015715.json
2026-09-13 12:48:50.692 | INFO     | metagpt.utils.file_repository:save:62 - update dependency: /home/zhaorz/project/CodeWM/CodeWM_ProWES_Logits/reproduct/units/p04_caro_game/cpp/replays/0001_seed_1922813371/p04_caro_game_cpp/docs/system_design/20260913015715.json:[]
2026-09-13 12:48:50.693 | INFO     | metagpt.utils.file_repository:save:57 - save to: /home/zhaorz/project/CodeWM/CodeWM_ProWES_Logits/reproduct/units/p04_caro_game/cpp/replays/0001_seed_1922813371/p04_caro_game_cpp/docs/task/20260913015715.json
2026-09-13 12:48:50.694 | INFO     | metagpt.utils.file_repository:save:62 - update dependency: /home/zhaorz/project/CodeWM/CodeWM_ProWES_Logits/reproduct/units/p04_caro_game/cpp/replays/0001_seed_1922813371/p04_caro_game_cpp/docs/task/20260913015715.json:[]
>> [manual] Run 3/14: WriteCode -> include/Board.h
2026-09-13 12:48:50.696 | INFO     | metagpt.actions.write_code:run:186 - Writing include/Board.h..
2026-09-13 12:50:31.134 | INFO     | metagpt.utils.file_repository:save:57 - save to: /home/zhaorz/project/CodeWM/CodeWM_ProWES_Logits/reproduct/units/p04_caro_game/cpp/replays/0001_seed_1922813371/p04_caro_game_cpp/p04_caro_game_cpp/include/Board.h
2026-09-13 12:50:31.137 | INFO     | metagpt.utils.file_repository:save:62 - update dependency: /home/zhaorz/project/CodeWM/CodeWM_ProWES_Logits/reproduct/units/p04_caro_game/cpp/replays/0001_seed_1922813371/p04_caro_game_cpp/p04_caro_game_cpp/include/Board.h:['docs/task/20260913015715.json', 'docs/system_design/20260913015715.json']
2026-09-13 12:50:31.138 | INFO     | metagpt.utils.file_repository:save:57 - save to: /home/zhaorz/project/CodeWM/CodeWM_ProWES_Logits/reproduct/units/p04_caro_game/cpp/replays/0001_seed_1922813371/p04_caro_game_cpp/p04_caro_game_cpp/Board_wm_detRes.txt
>> saved: src/include/Board.h
2026-09-13 12:50:31.140 | INFO     | metagpt.utils.file_repository:save:57 - save to: /home/zhaorz/project/CodeWM/CodeWM_ProWES_Logits/reproduct/units/p04_caro_game/cpp/replays/0001_seed_1922813371/p04_caro_game_cpp/docs/system_design/20260913015715.json
2026-09-13 12:50:31.142 | INFO     | metagpt.utils.file_repository:save:62 - update dependency: /home/zhaorz/project/CodeWM/CodeWM_ProWES_Logits/reproduct/units/p04_caro_game/cpp/replays/0001_seed_1922813371/p04_caro_game_cpp/docs/system_design/20260913015715.json:[]
2026-09-13 12:50:31.146 | INFO     | metagpt.utils.file_repository:save:57 - save to: /home/zhaorz/project/CodeWM/CodeWM_ProWES_Logits/reproduct/units/p04_caro_game/cpp/replays/0001_seed_1922813371/p04_caro_game_cpp/docs/task/20260913015715.json
2026-09-13 12:50:31.148 | INFO     | metagpt.utils.file_repository:save:62 - update dependency: /home/zhaorz/project/CodeWM/CodeWM_ProWES_Logits/reproduct/units/p04_caro_game/cpp/replays/0001_seed_1922813371/p04_caro_game_cpp/docs/task/20260913015715.json:[]
>> [manual] Run 4/14: WriteCode -> include/Move.h
2026-09-13 12:50:31.153 | INFO     | metagpt.actions.write_code:run:186 - Writing include/Move.h..
2026-09-13 12:51:30.301 | INFO     | metagpt.utils.file_repository:save:57 - save to: /home/zhaorz/project/CodeWM/CodeWM_ProWES_Logits/reproduct/units/p04_caro_game/cpp/replays/0001_seed_1922813371/p04_caro_game_cpp/p04_caro_game_cpp/include/Move.h
2026-09-13 12:51:30.303 | INFO     | metagpt.utils.file_repository:save:62 - update dependency: /home/zhaorz/project/CodeWM/CodeWM_ProWES_Logits/reproduct/units/p04_caro_game/cpp/replays/0001_seed_1922813371/p04_caro_game_cpp/p04_caro_game_cpp/include/Move.h:['docs/task/20260913015715.json', 'docs/system_design/20260913015715.json']
2026-09-13 12:51:30.304 | INFO     | metagpt.utils.file_repository:save:57 - save to: /home/zhaorz/project/CodeWM/CodeWM_ProWES_Logits/reproduct/units/p04_caro_game/cpp/replays/0001_seed_1922813371/p04_caro_game_cpp/p04_caro_game_cpp/Move_wm_detRes.txt
>> saved: src/include/Move.h
2026-09-13 12:51:30.305 | INFO     | metagpt.utils.file_repository:save:57 - save to: /home/zhaorz/project/CodeWM/CodeWM_ProWES_Logits/reproduct/units/p04_caro_game/cpp/replays/0001_seed_1922813371/p04_caro_game_cpp/docs/system_design/20260913015715.json
2026-09-13 12:51:30.306 | INFO     | metagpt.utils.file_repository:save:62 - update dependency: /home/zhaorz/project/CodeWM/CodeWM_ProWES_Logits/reproduct/units/p04_caro_game/cpp/replays/0001_seed_1922813371/p04_caro_game_cpp/docs/system_design/20260913015715.json:[]
2026-09-13 12:51:30.307 | INFO     | metagpt.utils.file_repository:save:57 - save to: /home/zhaorz/project/CodeWM/CodeWM_ProWES_Logits/reproduct/units/p04_caro_game/cpp/replays/0001_seed_1922813371/p04_caro_game_cpp/docs/task/20260913015715.json
2026-09-13 12:51:30.309 | INFO     | metagpt.utils.file_repository:save:62 - update dependency: /home/zhaorz/project/CodeWM/CodeWM_ProWES_Logits/reproduct/units/p04_caro_game/cpp/replays/0001_seed_1922813371/p04_caro_game_cpp/docs/task/20260913015715.json:[]
>> [manual] Run 5/14: WriteCode -> include/MoveHistory.h
2026-09-13 12:51:30.313 | INFO     | metagpt.actions.write_code:run:186 - Writing include/MoveHistory.h..
2026-09-13 12:52:15.751 | INFO     | metagpt.utils.file_repository:save:57 - save to: /home/zhaorz/project/CodeWM/CodeWM_ProWES_Logits/reproduct/units/p04_caro_game/cpp/replays/0001_seed_1922813371/p04_caro_game_cpp/p04_caro_game_cpp/include/MoveHistory.h
2026-09-13 12:52:15.753 | INFO     | metagpt.utils.file_repository:save:62 - update dependency: /home/zhaorz/project/CodeWM/CodeWM_ProWES_Logits/reproduct/units/p04_caro_game/cpp/replays/0001_seed_1922813371/p04_caro_game_cpp/p04_caro_game_cpp/include/MoveHistory.h:['docs/task/20260913015715.json', 'docs/system_design/20260913015715.json']
2026-09-13 12:52:15.754 | INFO     | metagpt.utils.file_repository:save:57 - save to: /home/zhaorz/project/CodeWM/CodeWM_ProWES_Logits/reproduct/units/p04_caro_game/cpp/replays/0001_seed_1922813371/p04_caro_game_cpp/p04_caro_game_cpp/MoveHistory_wm_detRes.txt
>> saved: src/include/MoveHistory.h
2026-09-13 12:52:15.755 | INFO     | metagpt.utils.file_repository:save:57 - save to: /home/zhaorz/project/CodeWM/CodeWM_ProWES_Logits/reproduct/units/p04_caro_game/cpp/replays/0001_seed_1922813371/p04_caro_game_cpp/docs/system_design/20260913015715.json
2026-09-13 12:52:15.756 | INFO     | metagpt.utils.file_repository:save:62 - update dependency: /home/zhaorz/project/CodeWM/CodeWM_ProWES_Logits/reproduct/units/p04_caro_game/cpp/replays/0001_seed_1922813371/p04_caro_game_cpp/docs/system_design/20260913015715.json:[]
2026-09-13 12:52:15.757 | INFO     | metagpt.utils.file_repository:save:57 - save to: /home/zhaorz/project/CodeWM/CodeWM_ProWES_Logits/reproduct/units/p04_caro_game/cpp/replays/0001_seed_1922813371/p04_caro_game_cpp/docs/task/20260913015715.json
2026-09-13 12:52:15.759 | INFO     | metagpt.utils.file_repository:save:62 - update dependency: /home/zhaorz/project/CodeWM/CodeWM_ProWES_Logits/reproduct/units/p04_caro_game/cpp/replays/0001_seed_1922813371/p04_caro_game_cpp/docs/task/20260913015715.json:[]
>> [manual] Run 6/14: WriteCode -> include/WinDetector.h
2026-09-13 12:52:15.763 | INFO     | metagpt.actions.write_code:run:186 - Writing include/WinDetector.h..
2026-09-13 12:53:59.356 | INFO     | metagpt.utils.file_repository:save:57 - save to: /home/zhaorz/project/CodeWM/CodeWM_ProWES_Logits/reproduct/units/p04_caro_game/cpp/replays/0001_seed_1922813371/p04_caro_game_cpp/p04_caro_game_cpp/include/WinDetector.h
2026-09-13 12:53:59.358 | INFO     | metagpt.utils.file_repository:save:62 - update dependency: /home/zhaorz/project/CodeWM/CodeWM_ProWES_Logits/reproduct/units/p04_caro_game/cpp/replays/0001_seed_1922813371/p04_caro_game_cpp/p04_caro_game_cpp/include/WinDetector.h:['docs/task/20260913015715.json', 'docs/system_design/20260913015715.json']
2026-09-13 12:53:59.359 | INFO     | metagpt.utils.file_repository:save:57 - save to: /home/zhaorz/project/CodeWM/CodeWM_ProWES_Logits/reproduct/units/p04_caro_game/cpp/replays/0001_seed_1922813371/p04_caro_game_cpp/p04_caro_game_cpp/WinDetector_wm_detRes.txt
>> saved: src/include/WinDetector.h
2026-09-13 12:53:59.360 | INFO     | metagpt.utils.file_repository:save:57 - save to: /home/zhaorz/project/CodeWM/CodeWM_ProWES_Logits/reproduct/units/p04_caro_game/cpp/replays/0001_seed_1922813371/p04_caro_game_cpp/docs/system_design/20260913015715.json
2026-09-13 12:53:59.361 | INFO     | metagpt.utils.file_repository:save:62 - update dependency: /home/zhaorz/project/CodeWM/CodeWM_ProWES_Logits/reproduct/units/p04_caro_game/cpp/replays/0001_seed_1922813371/p04_caro_game_cpp/docs/system_design/20260913015715.json:[]
2026-09-13 12:53:59.362 | INFO     | metagpt.utils.file_repository:save:57 - save to: /home/zhaorz/project/CodeWM/CodeWM_ProWES_Logits/reproduct/units/p04_caro_game/cpp/replays/0001_seed_1922813371/p04_caro_game_cpp/docs/task/20260913015715.json
2026-09-13 12:53:59.364 | INFO     | metagpt.utils.file_repository:save:62 - update dependency: /home/zhaorz/project/CodeWM/CodeWM_ProWES_Logits/reproduct/units/p04_caro_game/cpp/replays/0001_seed_1922813371/p04_caro_game_cpp/docs/task/20260913015715.json:[]
>> [manual] Run 7/14: WriteCode -> include/GameEngine.h
2026-09-13 12:53:59.369 | INFO     | metagpt.actions.write_code:run:186 - Writing include/GameEngine.h..
2026-09-13 12:54:48.643 | INFO     | metagpt.utils.file_repository:save:57 - save to: /home/zhaorz/project/CodeWM/CodeWM_ProWES_Logits/reproduct/units/p04_caro_game/cpp/replays/0001_seed_1922813371/p04_caro_game_cpp/p04_caro_game_cpp/include/GameEngine.h
2026-09-13 12:54:48.645 | INFO     | metagpt.utils.file_repository:save:62 - update dependency: /home/zhaorz/project/CodeWM/CodeWM_ProWES_Logits/reproduct/units/p04_caro_game/cpp/replays/0001_seed_1922813371/p04_caro_game_cpp/p04_caro_game_cpp/include/GameEngine.h:['docs/task/20260913015715.json', 'docs/system_design/20260913015715.json']
2026-09-13 12:54:48.646 | INFO     | metagpt.utils.file_repository:save:57 - save to: /home/zhaorz/project/CodeWM/CodeWM_ProWES_Logits/reproduct/units/p04_caro_game/cpp/replays/0001_seed_1922813371/p04_caro_game_cpp/p04_caro_game_cpp/GameEngine_wm_detRes.txt
>> saved: src/include/GameEngine.h
2026-09-13 12:54:48.646 | INFO     | metagpt.utils.file_repository:save:57 - save to: /home/zhaorz/project/CodeWM/CodeWM_ProWES_Logits/reproduct/units/p04_caro_game/cpp/replays/0001_seed_1922813371/p04_caro_game_cpp/docs/system_design/20260913015715.json
2026-09-13 12:54:48.648 | INFO     | metagpt.utils.file_repository:save:62 - update dependency: /home/zhaorz/project/CodeWM/CodeWM_ProWES_Logits/reproduct/units/p04_caro_game/cpp/replays/0001_seed_1922813371/p04_caro_game_cpp/docs/system_design/20260913015715.json:[]
2026-09-13 12:54:48.648 | INFO     | metagpt.utils.file_repository:save:57 - save to: /home/zhaorz/project/CodeWM/CodeWM_ProWES_Logits/reproduct/units/p04_caro_game/cpp/replays/0001_seed_1922813371/p04_caro_game_cpp/docs/task/20260913015715.json
2026-09-13 12:54:48.650 | INFO     | metagpt.utils.file_repository:save:62 - update dependency: /home/zhaorz/project/CodeWM/CodeWM_ProWES_Logits/reproduct/units/p04_caro_game/cpp/replays/0001_seed_1922813371/p04_caro_game_cpp/docs/task/20260913015715.json:[]
>> [manual] Run 8/14: WriteCode -> src/Board.cpp
2026-09-13 12:54:48.654 | INFO     | metagpt.actions.write_code:run:186 - Writing src/Board.cpp..
2026-09-13 12:55:42.577 | INFO     | metagpt.utils.file_repository:save:57 - save to: /home/zhaorz/project/CodeWM/CodeWM_ProWES_Logits/reproduct/units/p04_caro_game/cpp/replays/0001_seed_1922813371/p04_caro_game_cpp/p04_caro_game_cpp/src/Board.cpp
2026-09-13 12:55:42.579 | INFO     | metagpt.utils.file_repository:save:62 - update dependency: /home/zhaorz/project/CodeWM/CodeWM_ProWES_Logits/reproduct/units/p04_caro_game/cpp/replays/0001_seed_1922813371/p04_caro_game_cpp/p04_caro_game_cpp/src/Board.cpp:['docs/task/20260913015715.json', 'docs/system_design/20260913015715.json']
2026-09-13 12:55:42.580 | INFO     | metagpt.utils.file_repository:save:57 - save to: /home/zhaorz/project/CodeWM/CodeWM_ProWES_Logits/reproduct/units/p04_caro_game/cpp/replays/0001_seed_1922813371/p04_caro_game_cpp/p04_caro_game_cpp/Board_wm_detRes.txt
>> saved: src/src/Board.cpp
2026-09-13 12:55:42.580 | INFO     | metagpt.utils.file_repository:save:57 - save to: /home/zhaorz/project/CodeWM/CodeWM_ProWES_Logits/reproduct/units/p04_caro_game/cpp/replays/0001_seed_1922813371/p04_caro_game_cpp/docs/system_design/20260913015715.json
2026-09-13 12:55:42.581 | INFO     | metagpt.utils.file_repository:save:62 - update dependency: /home/zhaorz/project/CodeWM/CodeWM_ProWES_Logits/reproduct/units/p04_caro_game/cpp/replays/0001_seed_1922813371/p04_caro_game_cpp/docs/system_design/20260913015715.json:[]
2026-09-13 12:55:42.582 | INFO     | metagpt.utils.file_repository:save:57 - save to: /home/zhaorz/project/CodeWM/CodeWM_ProWES_Logits/reproduct/units/p04_caro_game/cpp/replays/0001_seed_1922813371/p04_caro_game_cpp/docs/task/20260913015715.json
2026-09-13 12:55:42.583 | INFO     | metagpt.utils.file_repository:save:62 - update dependency: /home/zhaorz/project/CodeWM/CodeWM_ProWES_Logits/reproduct/units/p04_caro_game/cpp/replays/0001_seed_1922813371/p04_caro_game_cpp/docs/task/20260913015715.json:[]
>> [manual] Run 9/14: WriteCode -> src/Move.cpp
2026-09-13 12:55:42.587 | INFO     | metagpt.actions.write_code:run:186 - Writing src/Move.cpp..
2026-09-13 12:56:47.883 | INFO     | metagpt.utils.file_repository:save:57 - save to: /home/zhaorz/project/CodeWM/CodeWM_ProWES_Logits/reproduct/units/p04_caro_game/cpp/replays/0001_seed_1922813371/p04_caro_game_cpp/p04_caro_game_cpp/src/Move.cpp
2026-09-13 12:56:47.886 | INFO     | metagpt.utils.file_repository:save:62 - update dependency: /home/zhaorz/project/CodeWM/CodeWM_ProWES_Logits/reproduct/units/p04_caro_game/cpp/replays/0001_seed_1922813371/p04_caro_game_cpp/p04_caro_game_cpp/src/Move.cpp:['docs/task/20260913015715.json', 'docs/system_design/20260913015715.json']
2026-09-13 12:56:47.887 | INFO     | metagpt.utils.file_repository:save:57 - save to: /home/zhaorz/project/CodeWM/CodeWM_ProWES_Logits/reproduct/units/p04_caro_game/cpp/replays/0001_seed_1922813371/p04_caro_game_cpp/p04_caro_game_cpp/Move_wm_detRes.txt
>> saved: src/src/Move.cpp
2026-09-13 12:56:47.888 | INFO     | metagpt.utils.file_repository:save:57 - save to: /home/zhaorz/project/CodeWM/CodeWM_ProWES_Logits/reproduct/units/p04_caro_game/cpp/replays/0001_seed_1922813371/p04_caro_game_cpp/docs/system_design/20260913015715.json
2026-09-13 12:56:47.890 | INFO     | metagpt.utils.file_repository:save:62 - update dependency: /home/zhaorz/project/CodeWM/CodeWM_ProWES_Logits/reproduct/units/p04_caro_game/cpp/replays/0001_seed_1922813371/p04_caro_game_cpp/docs/system_design/20260913015715.json:[]
2026-09-13 12:56:47.891 | INFO     | metagpt.utils.file_repository:save:57 - save to: /home/zhaorz/project/CodeWM/CodeWM_ProWES_Logits/reproduct/units/p04_caro_game/cpp/replays/0001_seed_1922813371/p04_caro_game_cpp/docs/task/20260913015715.json
2026-09-13 12:56:47.892 | INFO     | metagpt.utils.file_repository:save:62 - update dependency: /home/zhaorz/project/CodeWM/CodeWM_ProWES_Logits/reproduct/units/p04_caro_game/cpp/replays/0001_seed_1922813371/p04_caro_game_cpp/docs/task/20260913015715.json:[]
>> [manual] Run 10/14: WriteCode -> src/MoveHistory.cpp
2026-09-13 12:56:47.899 | INFO     | metagpt.actions.write_code:run:186 - Writing src/MoveHistory.cpp..
2026-09-13 12:57:00.343 | INFO     | metagpt.utils.file_repository:save:57 - save to: /home/zhaorz/project/CodeWM/CodeWM_ProWES_Logits/reproduct/units/p04_caro_game/cpp/replays/0001_seed_1922813371/p04_caro_game_cpp/p04_caro_game_cpp/src/MoveHistory.cpp
2026-09-13 12:57:00.345 | INFO     | metagpt.utils.file_repository:save:62 - update dependency: /home/zhaorz/project/CodeWM/CodeWM_ProWES_Logits/reproduct/units/p04_caro_game/cpp/replays/0001_seed_1922813371/p04_caro_game_cpp/p04_caro_game_cpp/src/MoveHistory.cpp:['docs/task/20260913015715.json', 'docs/system_design/20260913015715.json']
2026-09-13 12:57:00.346 | INFO     | metagpt.utils.file_repository:save:57 - save to: /home/zhaorz/project/CodeWM/CodeWM_ProWES_Logits/reproduct/units/p04_caro_game/cpp/replays/0001_seed_1922813371/p04_caro_game_cpp/p04_caro_game_cpp/MoveHistory_wm_detRes.txt
>> saved: src/src/MoveHistory.cpp
2026-09-13 12:57:00.347 | INFO     | metagpt.utils.file_repository:save:57 - save to: /home/zhaorz/project/CodeWM/CodeWM_ProWES_Logits/reproduct/units/p04_caro_game/cpp/replays/0001_seed_1922813371/p04_caro_game_cpp/docs/system_design/20260913015715.json
2026-09-13 12:57:00.348 | INFO     | metagpt.utils.file_repository:save:62 - update dependency: /home/zhaorz/project/CodeWM/CodeWM_ProWES_Logits/reproduct/units/p04_caro_game/cpp/replays/0001_seed_1922813371/p04_caro_game_cpp/docs/system_design/20260913015715.json:[]
2026-09-13 12:57:00.349 | INFO     | metagpt.utils.file_repository:save:57 - save to: /home/zhaorz/project/CodeWM/CodeWM_ProWES_Logits/reproduct/units/p04_caro_game/cpp/replays/0001_seed_1922813371/p04_caro_game_cpp/docs/task/20260913015715.json
2026-09-13 12:57:00.350 | INFO     | metagpt.utils.file_repository:save:62 - update dependency: /home/zhaorz/project/CodeWM/CodeWM_ProWES_Logits/reproduct/units/p04_caro_game/cpp/replays/0001_seed_1922813371/p04_caro_game_cpp/docs/task/20260913015715.json:[]
>> [manual] Run 11/14: WriteCode -> src/WinDetector.cpp
2026-09-13 12:57:00.356 | INFO     | metagpt.actions.write_code:run:186 - Writing src/WinDetector.cpp..
2026-09-13 12:57:51.297 | INFO     | metagpt.utils.file_repository:save:57 - save to: /home/zhaorz/project/CodeWM/CodeWM_ProWES_Logits/reproduct/units/p04_caro_game/cpp/replays/0001_seed_1922813371/p04_caro_game_cpp/p04_caro_game_cpp/src/WinDetector.cpp
2026-09-13 12:57:51.299 | INFO     | metagpt.utils.file_repository:save:62 - update dependency: /home/zhaorz/project/CodeWM/CodeWM_ProWES_Logits/reproduct/units/p04_caro_game/cpp/replays/0001_seed_1922813371/p04_caro_game_cpp/p04_caro_game_cpp/src/WinDetector.cpp:['docs/task/20260913015715.json', 'docs/system_design/20260913015715.json']
2026-09-13 12:57:51.300 | INFO     | metagpt.utils.file_repository:save:57 - save to: /home/zhaorz/project/CodeWM/CodeWM_ProWES_Logits/reproduct/units/p04_caro_game/cpp/replays/0001_seed_1922813371/p04_caro_game_cpp/p04_caro_game_cpp/WinDetector_wm_detRes.txt
>> saved: src/src/WinDetector.cpp
2026-09-13 12:57:51.301 | INFO     | metagpt.utils.file_repository:save:57 - save to: /home/zhaorz/project/CodeWM/CodeWM_ProWES_Logits/reproduct/units/p04_caro_game/cpp/replays/0001_seed_1922813371/p04_caro_game_cpp/docs/system_design/20260913015715.json
2026-09-13 12:57:51.303 | INFO     | metagpt.utils.file_repository:save:62 - update dependency: /home/zhaorz/project/CodeWM/CodeWM_ProWES_Logits/reproduct/units/p04_caro_game/cpp/replays/0001_seed_1922813371/p04_caro_game_cpp/docs/system_design/20260913015715.json:[]
2026-09-13 12:57:51.304 | INFO     | metagpt.utils.file_repository:save:57 - save to: /home/zhaorz/project/CodeWM/CodeWM_ProWES_Logits/reproduct/units/p04_caro_game/cpp/replays/0001_seed_1922813371/p04_caro_game_cpp/docs/task/20260913015715.json
2026-09-13 12:57:51.305 | INFO     | metagpt.utils.file_repository:save:62 - update dependency: /home/zhaorz/project/CodeWM/CodeWM_ProWES_Logits/reproduct/units/p04_caro_game/cpp/replays/0001_seed_1922813371/p04_caro_game_cpp/docs/task/20260913015715.json:[]
>> [manual] Run 12/14: WriteCode -> src/GameEngine.cpp
2026-09-13 12:57:51.313 | INFO     | metagpt.actions.write_code:run:186 - Writing src/GameEngine.cpp..
2026-09-13 12:58:28.720 | INFO     | metagpt.utils.file_repository:save:57 - save to: /home/zhaorz/project/CodeWM/CodeWM_ProWES_Logits/reproduct/units/p04_caro_game/cpp/replays/0001_seed_1922813371/p04_caro_game_cpp/p04_caro_game_cpp/src/GameEngine.cpp
2026-09-13 12:58:28.722 | INFO     | metagpt.utils.file_repository:save:62 - update dependency: /home/zhaorz/project/CodeWM/CodeWM_ProWES_Logits/reproduct/units/p04_caro_game/cpp/replays/0001_seed_1922813371/p04_caro_game_cpp/p04_caro_game_cpp/src/GameEngine.cpp:['docs/task/20260913015715.json', 'docs/system_design/20260913015715.json']
2026-09-13 12:58:28.723 | INFO     | metagpt.utils.file_repository:save:57 - save to: /home/zhaorz/project/CodeWM/CodeWM_ProWES_Logits/reproduct/units/p04_caro_game/cpp/replays/0001_seed_1922813371/p04_caro_game_cpp/p04_caro_game_cpp/GameEngine_wm_detRes.txt
>> saved: src/src/GameEngine.cpp
2026-09-13 12:58:28.724 | INFO     | metagpt.utils.file_repository:save:57 - save to: /home/zhaorz/project/CodeWM/CodeWM_ProWES_Logits/reproduct/units/p04_caro_game/cpp/replays/0001_seed_1922813371/p04_caro_game_cpp/docs/system_design/20260913015715.json
2026-09-13 12:58:28.725 | INFO     | metagpt.utils.file_repository:save:62 - update dependency: /home/zhaorz/project/CodeWM/CodeWM_ProWES_Logits/reproduct/units/p04_caro_game/cpp/replays/0001_seed_1922813371/p04_caro_game_cpp/docs/system_design/20260913015715.json:[]
2026-09-13 12:58:28.726 | INFO     | metagpt.utils.file_repository:save:57 - save to: /home/zhaorz/project/CodeWM/CodeWM_ProWES_Logits/reproduct/units/p04_caro_game/cpp/replays/0001_seed_1922813371/p04_caro_game_cpp/docs/task/20260913015715.json
2026-09-13 12:58:28.728 | INFO     | metagpt.utils.file_repository:save:62 - update dependency: /home/zhaorz/project/CodeWM/CodeWM_ProWES_Logits/reproduct/units/p04_caro_game/cpp/replays/0001_seed_1922813371/p04_caro_game_cpp/docs/task/20260913015715.json:[]
>> [manual] Run 13/14: WriteCode -> src/Main.cpp
2026-09-13 12:58:28.736 | INFO     | metagpt.actions.write_code:run:186 - Writing src/Main.cpp..
2026-09-13 13:00:16.513 | INFO     | metagpt.utils.file_repository:save:57 - save to: /home/zhaorz/project/CodeWM/CodeWM_ProWES_Logits/reproduct/units/p04_caro_game/cpp/replays/0001_seed_1922813371/p04_caro_game_cpp/p04_caro_game_cpp/src/Main.cpp
2026-09-13 13:00:16.514 | INFO     | metagpt.utils.file_repository:save:62 - update dependency: /home/zhaorz/project/CodeWM/CodeWM_ProWES_Logits/reproduct/units/p04_caro_game/cpp/replays/0001_seed_1922813371/p04_caro_game_cpp/p04_caro_game_cpp/src/Main.cpp:['docs/task/20260913015715.json', 'docs/system_design/20260913015715.json']
2026-09-13 13:00:16.515 | INFO     | metagpt.utils.file_repository:save:57 - save to: /home/zhaorz/project/CodeWM/CodeWM_ProWES_Logits/reproduct/units/p04_caro_game/cpp/replays/0001_seed_1922813371/p04_caro_game_cpp/p04_caro_game_cpp/Main_wm_detRes.txt
>> saved: src/src/Main.cpp
2026-09-13 13:00:16.516 | INFO     | metagpt.utils.file_repository:save:57 - save to: /home/zhaorz/project/CodeWM/CodeWM_ProWES_Logits/reproduct/units/p04_caro_game/cpp/replays/0001_seed_1922813371/p04_caro_game_cpp/docs/system_design/20260913015715.json
2026-09-13 13:00:16.518 | INFO     | metagpt.utils.file_repository:save:62 - update dependency: /home/zhaorz/project/CodeWM/CodeWM_ProWES_Logits/reproduct/units/p04_caro_game/cpp/replays/0001_seed_1922813371/p04_caro_game_cpp/docs/system_design/20260913015715.json:[]
2026-09-13 13:00:16.518 | INFO     | metagpt.utils.file_repository:save:57 - save to: /home/zhaorz/project/CodeWM/CodeWM_ProWES_Logits/reproduct/units/p04_caro_game/cpp/replays/0001_seed_1922813371/p04_caro_game_cpp/docs/task/20260913015715.json
2026-09-13 13:00:16.520 | INFO     | metagpt.utils.file_repository:save:62 - update dependency: /home/zhaorz/project/CodeWM/CodeWM_ProWES_Logits/reproduct/units/p04_caro_game/cpp/replays/0001_seed_1922813371/p04_caro_game_cpp/docs/task/20260913015715.json:[]
>> [manual] Run 14/14: WriteCode -> tests/test_main.cpp
2026-09-13 13:00:16.527 | INFO     | metagpt.actions.write_code:run:186 - Writing tests/test_main.cpp..
2026-09-13 13:01:52.834 | INFO     | metagpt.utils.file_repository:save:57 - save to: /home/zhaorz/project/CodeWM/CodeWM_ProWES_Logits/reproduct/units/p04_caro_game/cpp/replays/0001_seed_1922813371/p04_caro_game_cpp/p04_caro_game_cpp/tests/test_main.cpp
2026-09-13 13:01:52.836 | INFO     | metagpt.utils.file_repository:save:62 - update dependency: /home/zhaorz/project/CodeWM/CodeWM_ProWES_Logits/reproduct/units/p04_caro_game/cpp/replays/0001_seed_1922813371/p04_caro_game_cpp/p04_caro_game_cpp/tests/test_main.cpp:['docs/task/20260913015715.json', 'docs/system_design/20260913015715.json']
2026-09-13 13:01:52.837 | INFO     | metagpt.utils.file_repository:save:57 - save to: /home/zhaorz/project/CodeWM/CodeWM_ProWES_Logits/reproduct/units/p04_caro_game/cpp/replays/0001_seed_1922813371/p04_caro_game_cpp/p04_caro_game_cpp/test_main_wm_detRes.txt
>> saved: src/tests/test_main.cpp
>> [manual] all WriteCode actions finished.
[replay-worker] p04_caro_game_cpp passed=True
[replay-worker] waiting for accepted seeds
[replay-worker] waiting for accepted seeds
[replay-worker] waiting for accepted seeds
[replay-worker] waiting for accepted seeds
[replay-worker] waiting for accepted seeds
[replay-worker] waiting for accepted seeds
[replay-worker] waiting for accepted seeds
[replay-worker] waiting for accepted seeds
[replay-worker] waiting for accepted seeds
[replay-worker] waiting for accepted seeds
[replay-worker] waiting for accepted seeds
[replay-worker] waiting for accepted seeds
[replay-worker] waiting for accepted seeds
>> recovering from: /home/zhaorz/project/CodeWM/CodeWM_ProWES_Logits/reproduct/units/p04_caro_game/python/architecture/team
>> team.json exists: True path: /home/zhaorz/project/CodeWM/CodeWM_ProWES_Logits/reproduct/units/p04_caro_game/python/architecture/team/team.json
>> ctx.git_repo.workdir = /home/zhaorz/project/CodeWM/CodeWM_ProWES_Logits/reproduct/units/p04_caro_game/python/replays/0001_seed_812711061/p04_caro_game_python
eng.code_todos: ['requirements.txt', 'caro/errors.py', 'caro/types.py', 'caro/move.py', 'caro/board.py', 'caro/rules.py', 'caro/game.py', 'caro/__init__.py', 'Main.py', 'tests/test_main.py']
>> ready, ctx.git_repo.workdir = /home/zhaorz/project/CodeWM/CodeWM_ProWES_Logits/reproduct/units/p04_caro_game/python/replays/0001_seed_812711061/p04_caro_game_python
>> ctx.git_repo.workdir = /home/zhaorz/project/CodeWM/CodeWM_ProWES_Logits/reproduct/units/p04_caro_game/python/replays/0001_seed_812711061/p04_caro_game_python
2026-09-13 13:06:16.729 | INFO     | metagpt.utils.file_repository:save:57 - save to: /home/zhaorz/project/CodeWM/CodeWM_ProWES_Logits/reproduct/units/p04_caro_game/python/replays/0001_seed_812711061/p04_caro_game_python/docs/system_design/20260913125903.json
2026-09-13 13:06:16.731 | INFO     | metagpt.utils.file_repository:save:62 - update dependency: /home/zhaorz/project/CodeWM/CodeWM_ProWES_Logits/reproduct/units/p04_caro_game/python/replays/0001_seed_812711061/p04_caro_game_python/docs/system_design/20260913125903.json:[]
2026-09-13 13:06:16.731 | INFO     | metagpt.utils.file_repository:save:57 - save to: /home/zhaorz/project/CodeWM/CodeWM_ProWES_Logits/reproduct/units/p04_caro_game/python/replays/0001_seed_812711061/p04_caro_game_python/docs/task/20260913125903.json
2026-09-13 13:06:16.732 | INFO     | metagpt.utils.file_repository:save:62 - update dependency: /home/zhaorz/project/CodeWM/CodeWM_ProWES_Logits/reproduct/units/p04_caro_game/python/replays/0001_seed_812711061/p04_caro_game_python/docs/task/20260913125903.json:[]
>> [manual] Run 1/10: WriteCode -> requirements.txt
2026-09-13 13:06:16.733 | INFO     | metagpt.actions.write_code:run:186 - Writing requirements.txt..
2026-09-13 13:06:38.216 | INFO     | metagpt.utils.file_repository:save:57 - save to: /home/zhaorz/project/CodeWM/CodeWM_ProWES_Logits/reproduct/units/p04_caro_game/python/replays/0001_seed_812711061/p04_caro_game_python/p04_caro_game_python/requirements.txt
2026-09-13 13:06:38.218 | INFO     | metagpt.utils.file_repository:save:62 - update dependency: /home/zhaorz/project/CodeWM/CodeWM_ProWES_Logits/reproduct/units/p04_caro_game/python/replays/0001_seed_812711061/p04_caro_game_python/p04_caro_game_python/requirements.txt:['docs/task/20260913125903.json', 'docs/system_design/20260913125903.json']
2026-09-13 13:06:38.218 | INFO     | metagpt.utils.file_repository:save:57 - save to: /home/zhaorz/project/CodeWM/CodeWM_ProWES_Logits/reproduct/units/p04_caro_game/python/replays/0001_seed_812711061/p04_caro_game_python/p04_caro_game_python/requirements_wm_detRes.txt
>> saved: src/requirements.txt
2026-09-13 13:06:38.219 | INFO     | metagpt.utils.file_repository:save:57 - save to: /home/zhaorz/project/CodeWM/CodeWM_ProWES_Logits/reproduct/units/p04_caro_game/python/replays/0001_seed_812711061/p04_caro_game_python/docs/system_design/20260913125903.json
2026-09-13 13:06:38.220 | INFO     | metagpt.utils.file_repository:save:62 - update dependency: /home/zhaorz/project/CodeWM/CodeWM_ProWES_Logits/reproduct/units/p04_caro_game/python/replays/0001_seed_812711061/p04_caro_game_python/docs/system_design/20260913125903.json:[]
2026-09-13 13:06:38.221 | INFO     | metagpt.utils.file_repository:save:57 - save to: /home/zhaorz/project/CodeWM/CodeWM_ProWES_Logits/reproduct/units/p04_caro_game/python/replays/0001_seed_812711061/p04_caro_game_python/docs/task/20260913125903.json
2026-09-13 13:06:38.222 | INFO     | metagpt.utils.file_repository:save:62 - update dependency: /home/zhaorz/project/CodeWM/CodeWM_ProWES_Logits/reproduct/units/p04_caro_game/python/replays/0001_seed_812711061/p04_caro_game_python/docs/task/20260913125903.json:[]
>> [manual] Run 2/10: WriteCode -> caro/errors.py
2026-09-13 13:06:38.224 | INFO     | metagpt.actions.write_code:run:186 - Writing caro/errors.py..
2026-09-13 13:07:30.392 | INFO     | metagpt.utils.file_repository:save:57 - save to: /home/zhaorz/project/CodeWM/CodeWM_ProWES_Logits/reproduct/units/p04_caro_game/python/replays/0001_seed_812711061/p04_caro_game_python/p04_caro_game_python/caro/errors.py
2026-09-13 13:07:30.394 | INFO     | metagpt.utils.file_repository:save:62 - update dependency: /home/zhaorz/project/CodeWM/CodeWM_ProWES_Logits/reproduct/units/p04_caro_game/python/replays/0001_seed_812711061/p04_caro_game_python/p04_caro_game_python/caro/errors.py:['docs/task/20260913125903.json', 'docs/system_design/20260913125903.json']
2026-09-13 13:07:30.395 | INFO     | metagpt.utils.file_repository:save:57 - save to: /home/zhaorz/project/CodeWM/CodeWM_ProWES_Logits/reproduct/units/p04_caro_game/python/replays/0001_seed_812711061/p04_caro_game_python/p04_caro_game_python/errors_wm_detRes.txt
>> saved: src/caro/errors.py
2026-09-13 13:07:30.396 | INFO     | metagpt.utils.file_repository:save:57 - save to: /home/zhaorz/project/CodeWM/CodeWM_ProWES_Logits/reproduct/units/p04_caro_game/python/replays/0001_seed_812711061/p04_caro_game_python/docs/system_design/20260913125903.json
2026-09-13 13:07:30.398 | INFO     | metagpt.utils.file_repository:save:62 - update dependency: /home/zhaorz/project/CodeWM/CodeWM_ProWES_Logits/reproduct/units/p04_caro_game/python/replays/0001_seed_812711061/p04_caro_game_python/docs/system_design/20260913125903.json:[]
2026-09-13 13:07:30.399 | INFO     | metagpt.utils.file_repository:save:57 - save to: /home/zhaorz/project/CodeWM/CodeWM_ProWES_Logits/reproduct/units/p04_caro_game/python/replays/0001_seed_812711061/p04_caro_game_python/docs/task/20260913125903.json
2026-09-13 13:07:30.400 | INFO     | metagpt.utils.file_repository:save:62 - update dependency: /home/zhaorz/project/CodeWM/CodeWM_ProWES_Logits/reproduct/units/p04_caro_game/python/replays/0001_seed_812711061/p04_caro_game_python/docs/task/20260913125903.json:[]
>> [manual] Run 3/10: WriteCode -> caro/types.py
2026-09-13 13:07:30.403 | INFO     | metagpt.actions.write_code:run:186 - Writing caro/types.py..
2026-09-13 13:08:14.103 | INFO     | metagpt.utils.file_repository:save:57 - save to: /home/zhaorz/project/CodeWM/CodeWM_ProWES_Logits/reproduct/units/p04_caro_game/python/replays/0001_seed_812711061/p04_caro_game_python/p04_caro_game_python/caro/types.py
2026-09-13 13:08:14.104 | INFO     | metagpt.utils.file_repository:save:62 - update dependency: /home/zhaorz/project/CodeWM/CodeWM_ProWES_Logits/reproduct/units/p04_caro_game/python/replays/0001_seed_812711061/p04_caro_game_python/p04_caro_game_python/caro/types.py:['docs/task/20260913125903.json', 'docs/system_design/20260913125903.json']
2026-09-13 13:08:14.105 | INFO     | metagpt.utils.file_repository:save:57 - save to: /home/zhaorz/project/CodeWM/CodeWM_ProWES_Logits/reproduct/units/p04_caro_game/python/replays/0001_seed_812711061/p04_caro_game_python/p04_caro_game_python/types_wm_detRes.txt
>> saved: src/caro/types.py
2026-09-13 13:08:14.106 | INFO     | metagpt.utils.file_repository:save:57 - save to: /home/zhaorz/project/CodeWM/CodeWM_ProWES_Logits/reproduct/units/p04_caro_game/python/replays/0001_seed_812711061/p04_caro_game_python/docs/system_design/20260913125903.json
2026-09-13 13:08:14.108 | INFO     | metagpt.utils.file_repository:save:62 - update dependency: /home/zhaorz/project/CodeWM/CodeWM_ProWES_Logits/reproduct/units/p04_caro_game/python/replays/0001_seed_812711061/p04_caro_game_python/docs/system_design/20260913125903.json:[]
2026-09-13 13:08:14.108 | INFO     | metagpt.utils.file_repository:save:57 - save to: /home/zhaorz/project/CodeWM/CodeWM_ProWES_Logits/reproduct/units/p04_caro_game/python/replays/0001_seed_812711061/p04_caro_game_python/docs/task/20260913125903.json
2026-09-13 13:08:14.109 | INFO     | metagpt.utils.file_repository:save:62 - update dependency: /home/zhaorz/project/CodeWM/CodeWM_ProWES_Logits/reproduct/units/p04_caro_game/python/replays/0001_seed_812711061/p04_caro_game_python/docs/task/20260913125903.json:[]
>> [manual] Run 4/10: WriteCode -> caro/move.py
2026-09-13 13:08:14.112 | INFO     | metagpt.actions.write_code:run:186 - Writing caro/move.py..
2026-09-13 13:09:04.721 | INFO     | metagpt.utils.file_repository:save:57 - save to: /home/zhaorz/project/CodeWM/CodeWM_ProWES_Logits/reproduct/units/p04_caro_game/python/replays/0001_seed_812711061/p04_caro_game_python/p04_caro_game_python/caro/move.py
2026-09-13 13:09:04.722 | INFO     | metagpt.utils.file_repository:save:62 - update dependency: /home/zhaorz/project/CodeWM/CodeWM_ProWES_Logits/reproduct/units/p04_caro_game/python/replays/0001_seed_812711061/p04_caro_game_python/p04_caro_game_python/caro/move.py:['docs/task/20260913125903.json', 'docs/system_design/20260913125903.json']
2026-09-13 13:09:04.723 | INFO     | metagpt.utils.file_repository:save:57 - save to: /home/zhaorz/project/CodeWM/CodeWM_ProWES_Logits/reproduct/units/p04_caro_game/python/replays/0001_seed_812711061/p04_caro_game_python/p04_caro_game_python/move_wm_detRes.txt
>> saved: src/caro/move.py
2026-09-13 13:09:04.724 | INFO     | metagpt.utils.file_repository:save:57 - save to: /home/zhaorz/project/CodeWM/CodeWM_ProWES_Logits/reproduct/units/p04_caro_game/python/replays/0001_seed_812711061/p04_caro_game_python/docs/system_design/20260913125903.json
2026-09-13 13:09:04.725 | INFO     | metagpt.utils.file_repository:save:62 - update dependency: /home/zhaorz/project/CodeWM/CodeWM_ProWES_Logits/reproduct/units/p04_caro_game/python/replays/0001_seed_812711061/p04_caro_game_python/docs/system_design/20260913125903.json:[]
2026-09-13 13:09:04.725 | INFO     | metagpt.utils.file_repository:save:57 - save to: /home/zhaorz/project/CodeWM/CodeWM_ProWES_Logits/reproduct/units/p04_caro_game/python/replays/0001_seed_812711061/p04_caro_game_python/docs/task/20260913125903.json
2026-09-13 13:09:04.726 | INFO     | metagpt.utils.file_repository:save:62 - update dependency: /home/zhaorz/project/CodeWM/CodeWM_ProWES_Logits/reproduct/units/p04_caro_game/python/replays/0001_seed_812711061/p04_caro_game_python/docs/task/20260913125903.json:[]
>> [manual] Run 5/10: WriteCode -> caro/board.py
2026-09-13 13:09:04.728 | INFO     | metagpt.actions.write_code:run:186 - Writing caro/board.py..
2026-09-13 13:10:25.759 | INFO     | metagpt.utils.file_repository:save:57 - save to: /home/zhaorz/project/CodeWM/CodeWM_ProWES_Logits/reproduct/units/p04_caro_game/python/replays/0001_seed_812711061/p04_caro_game_python/p04_caro_game_python/caro/board.py
2026-09-13 13:10:25.761 | INFO     | metagpt.utils.file_repository:save:62 - update dependency: /home/zhaorz/project/CodeWM/CodeWM_ProWES_Logits/reproduct/units/p04_caro_game/python/replays/0001_seed_812711061/p04_caro_game_python/p04_caro_game_python/caro/board.py:['docs/task/20260913125903.json', 'docs/system_design/20260913125903.json']
2026-09-13 13:10:25.762 | INFO     | metagpt.utils.file_repository:save:57 - save to: /home/zhaorz/project/CodeWM/CodeWM_ProWES_Logits/reproduct/units/p04_caro_game/python/replays/0001_seed_812711061/p04_caro_game_python/p04_caro_game_python/board_wm_detRes.txt
>> saved: src/caro/board.py
2026-09-13 13:10:25.763 | INFO     | metagpt.utils.file_repository:save:57 - save to: /home/zhaorz/project/CodeWM/CodeWM_ProWES_Logits/reproduct/units/p04_caro_game/python/replays/0001_seed_812711061/p04_caro_game_python/docs/system_design/20260913125903.json
2026-09-13 13:10:25.765 | INFO     | metagpt.utils.file_repository:save:62 - update dependency: /home/zhaorz/project/CodeWM/CodeWM_ProWES_Logits/reproduct/units/p04_caro_game/python/replays/0001_seed_812711061/p04_caro_game_python/docs/system_design/20260913125903.json:[]
2026-09-13 13:10:25.766 | INFO     | metagpt.utils.file_repository:save:57 - save to: /home/zhaorz/project/CodeWM/CodeWM_ProWES_Logits/reproduct/units/p04_caro_game/python/replays/0001_seed_812711061/p04_caro_game_python/docs/task/20260913125903.json
2026-09-13 13:10:25.768 | INFO     | metagpt.utils.file_repository:save:62 - update dependency: /home/zhaorz/project/CodeWM/CodeWM_ProWES_Logits/reproduct/units/p04_caro_game/python/replays/0001_seed_812711061/p04_caro_game_python/docs/task/20260913125903.json:[]
>> [manual] Run 6/10: WriteCode -> caro/rules.py
2026-09-13 13:10:25.772 | INFO     | metagpt.actions.write_code:run:186 - Writing caro/rules.py..
2026-09-13 13:12:40.536 | INFO     | metagpt.utils.file_repository:save:57 - save to: /home/zhaorz/project/CodeWM/CodeWM_ProWES_Logits/reproduct/units/p04_caro_game/python/replays/0001_seed_812711061/p04_caro_game_python/p04_caro_game_python/caro/rules.py
2026-09-13 13:12:40.539 | INFO     | metagpt.utils.file_repository:save:62 - update dependency: /home/zhaorz/project/CodeWM/CodeWM_ProWES_Logits/reproduct/units/p04_caro_game/python/replays/0001_seed_812711061/p04_caro_game_python/p04_caro_game_python/caro/rules.py:['docs/task/20260913125903.json', 'docs/system_design/20260913125903.json']
2026-09-13 13:12:40.540 | INFO     | metagpt.utils.file_repository:save:57 - save to: /home/zhaorz/project/CodeWM/CodeWM_ProWES_Logits/reproduct/units/p04_caro_game/python/replays/0001_seed_812711061/p04_caro_game_python/p04_caro_game_python/rules_wm_detRes.txt
>> saved: src/caro/rules.py
2026-09-13 13:12:40.542 | INFO     | metagpt.utils.file_repository:save:57 - save to: /home/zhaorz/project/CodeWM/CodeWM_ProWES_Logits/reproduct/units/p04_caro_game/python/replays/0001_seed_812711061/p04_caro_game_python/docs/system_design/20260913125903.json
2026-09-13 13:12:40.544 | INFO     | metagpt.utils.file_repository:save:62 - update dependency: /home/zhaorz/project/CodeWM/CodeWM_ProWES_Logits/reproduct/units/p04_caro_game/python/replays/0001_seed_812711061/p04_caro_game_python/docs/system_design/20260913125903.json:[]
2026-09-13 13:12:40.546 | INFO     | metagpt.utils.file_repository:save:57 - save to: /home/zhaorz/project/CodeWM/CodeWM_ProWES_Logits/reproduct/units/p04_caro_game/python/replays/0001_seed_812711061/p04_caro_game_python/docs/task/20260913125903.json
2026-09-13 13:12:40.548 | INFO     | metagpt.utils.file_repository:save:62 - update dependency: /home/zhaorz/project/CodeWM/CodeWM_ProWES_Logits/reproduct/units/p04_caro_game/python/replays/0001_seed_812711061/p04_caro_game_python/docs/task/20260913125903.json:[]
>> [manual] Run 7/10: WriteCode -> caro/game.py
2026-09-13 13:12:40.556 | INFO     | metagpt.actions.write_code:run:186 - Writing caro/game.py..
2026-09-13 13:14:20.596 | INFO     | metagpt.utils.file_repository:save:57 - save to: /home/zhaorz/project/CodeWM/CodeWM_ProWES_Logits/reproduct/units/p04_caro_game/python/replays/0001_seed_812711061/p04_caro_game_python/p04_caro_game_python/caro/game.py
2026-09-13 13:14:20.598 | INFO     | metagpt.utils.file_repository:save:62 - update dependency: /home/zhaorz/project/CodeWM/CodeWM_ProWES_Logits/reproduct/units/p04_caro_game/python/replays/0001_seed_812711061/p04_caro_game_python/p04_caro_game_python/caro/game.py:['docs/task/20260913125903.json', 'docs/system_design/20260913125903.json']
2026-09-13 13:14:20.599 | INFO     | metagpt.utils.file_repository:save:57 - save to: /home/zhaorz/project/CodeWM/CodeWM_ProWES_Logits/reproduct/units/p04_caro_game/python/replays/0001_seed_812711061/p04_caro_game_python/p04_caro_game_python/game_wm_detRes.txt
>> saved: src/caro/game.py
2026-09-13 13:14:20.600 | INFO     | metagpt.utils.file_repository:save:57 - save to: /home/zhaorz/project/CodeWM/CodeWM_ProWES_Logits/reproduct/units/p04_caro_game/python/replays/0001_seed_812711061/p04_caro_game_python/docs/system_design/20260913125903.json
2026-09-13 13:14:20.602 | INFO     | metagpt.utils.file_repository:save:62 - update dependency: /home/zhaorz/project/CodeWM/CodeWM_ProWES_Logits/reproduct/units/p04_caro_game/python/replays/0001_seed_812711061/p04_caro_game_python/docs/system_design/20260913125903.json:[]
2026-09-13 13:14:20.603 | INFO     | metagpt.utils.file_repository:save:57 - save to: /home/zhaorz/project/CodeWM/CodeWM_ProWES_Logits/reproduct/units/p04_caro_game/python/replays/0001_seed_812711061/p04_caro_game_python/docs/task/20260913125903.json
2026-09-13 13:14:20.604 | INFO     | metagpt.utils.file_repository:save:62 - update dependency: /home/zhaorz/project/CodeWM/CodeWM_ProWES_Logits/reproduct/units/p04_caro_game/python/replays/0001_seed_812711061/p04_caro_game_python/docs/task/20260913125903.json:[]
>> [manual] Run 8/10: WriteCode -> caro/__init__.py
2026-09-13 13:14:20.610 | INFO     | metagpt.actions.write_code:run:186 - Writing caro/__init__.py..
2026-09-13 13:16:41.483 | INFO     | metagpt.utils.file_repository:save:57 - save to: /home/zhaorz/project/CodeWM/CodeWM_ProWES_Logits/reproduct/units/p04_caro_game/python/replays/0001_seed_812711061/p04_caro_game_python/p04_caro_game_python/caro/__init__.py
2026-09-13 13:16:41.486 | INFO     | metagpt.utils.file_repository:save:62 - update dependency: /home/zhaorz/project/CodeWM/CodeWM_ProWES_Logits/reproduct/units/p04_caro_game/python/replays/0001_seed_812711061/p04_caro_game_python/p04_caro_game_python/caro/__init__.py:['docs/task/20260913125903.json', 'docs/system_design/20260913125903.json']
2026-09-13 13:16:41.488 | INFO     | metagpt.utils.file_repository:save:57 - save to: /home/zhaorz/project/CodeWM/CodeWM_ProWES_Logits/reproduct/units/p04_caro_game/python/replays/0001_seed_812711061/p04_caro_game_python/p04_caro_game_python/__init___wm_detRes.txt
>> saved: src/caro/__init__.py
2026-09-13 13:16:41.490 | INFO     | metagpt.utils.file_repository:save:57 - save to: /home/zhaorz/project/CodeWM/CodeWM_ProWES_Logits/reproduct/units/p04_caro_game/python/replays/0001_seed_812711061/p04_caro_game_python/docs/system_design/20260913125903.json
2026-09-13 13:16:41.492 | INFO     | metagpt.utils.file_repository:save:62 - update dependency: /home/zhaorz/project/CodeWM/CodeWM_ProWES_Logits/reproduct/units/p04_caro_game/python/replays/0001_seed_812711061/p04_caro_game_python/docs/system_design/20260913125903.json:[]
2026-09-13 13:16:41.493 | INFO     | metagpt.utils.file_repository:save:57 - save to: /home/zhaorz/project/CodeWM/CodeWM_ProWES_Logits/reproduct/units/p04_caro_game/python/replays/0001_seed_812711061/p04_caro_game_python/docs/task/20260913125903.json
2026-09-13 13:16:41.496 | INFO     | metagpt.utils.file_repository:save:62 - update dependency: /home/zhaorz/project/CodeWM/CodeWM_ProWES_Logits/reproduct/units/p04_caro_game/python/replays/0001_seed_812711061/p04_caro_game_python/docs/task/20260913125903.json:[]
>> [manual] Run 9/10: WriteCode -> Main.py
2026-09-13 13:16:41.506 | INFO     | metagpt.actions.write_code:run:186 - Writing Main.py..
2026-09-13 13:17:23.263 | INFO     | metagpt.utils.file_repository:save:57 - save to: /home/zhaorz/project/CodeWM/CodeWM_ProWES_Logits/reproduct/units/p04_caro_game/python/replays/0001_seed_812711061/p04_caro_game_python/p04_caro_game_python/Main.py
2026-09-13 13:17:23.265 | INFO     | metagpt.utils.file_repository:save:62 - update dependency: /home/zhaorz/project/CodeWM/CodeWM_ProWES_Logits/reproduct/units/p04_caro_game/python/replays/0001_seed_812711061/p04_caro_game_python/p04_caro_game_python/Main.py:['docs/task/20260913125903.json', 'docs/system_design/20260913125903.json']
2026-09-13 13:17:23.266 | INFO     | metagpt.utils.file_repository:save:57 - save to: /home/zhaorz/project/CodeWM/CodeWM_ProWES_Logits/reproduct/units/p04_caro_game/python/replays/0001_seed_812711061/p04_caro_game_python/p04_caro_game_python/Main_wm_detRes.txt
>> saved: src/Main.py
2026-09-13 13:17:23.267 | INFO     | metagpt.utils.file_repository:save:57 - save to: /home/zhaorz/project/CodeWM/CodeWM_ProWES_Logits/reproduct/units/p04_caro_game/python/replays/0001_seed_812711061/p04_caro_game_python/docs/system_design/20260913125903.json
2026-09-13 13:17:23.269 | INFO     | metagpt.utils.file_repository:save:62 - update dependency: /home/zhaorz/project/CodeWM/CodeWM_ProWES_Logits/reproduct/units/p04_caro_game/python/replays/0001_seed_812711061/p04_caro_game_python/docs/system_design/20260913125903.json:[]
2026-09-13 13:17:23.270 | INFO     | metagpt.utils.file_repository:save:57 - save to: /home/zhaorz/project/CodeWM/CodeWM_ProWES_Logits/reproduct/units/p04_caro_game/python/replays/0001_seed_812711061/p04_caro_game_python/docs/task/20260913125903.json
2026-09-13 13:17:23.272 | INFO     | metagpt.utils.file_repository:save:62 - update dependency: /home/zhaorz/project/CodeWM/CodeWM_ProWES_Logits/reproduct/units/p04_caro_game/python/replays/0001_seed_812711061/p04_caro_game_python/docs/task/20260913125903.json:[]
>> [manual] Run 10/10: WriteCode -> tests/test_main.py
2026-09-13 13:17:23.278 | INFO     | metagpt.actions.write_code:run:186 - Writing tests/test_main.py..
2026-09-13 13:19:19.950 | INFO     | metagpt.utils.file_repository:save:57 - save to: /home/zhaorz/project/CodeWM/CodeWM_ProWES_Logits/reproduct/units/p04_caro_game/python/replays/0001_seed_812711061/p04_caro_game_python/p04_caro_game_python/tests/test_main.py
2026-09-13 13:19:19.952 | INFO     | metagpt.utils.file_repository:save:62 - update dependency: /home/zhaorz/project/CodeWM/CodeWM_ProWES_Logits/reproduct/units/p04_caro_game/python/replays/0001_seed_812711061/p04_caro_game_python/p04_caro_game_python/tests/test_main.py:['docs/task/20260913125903.json', 'docs/system_design/20260913125903.json']
2026-09-13 13:19:19.953 | INFO     | metagpt.utils.file_repository:save:57 - save to: /home/zhaorz/project/CodeWM/CodeWM_ProWES_Logits/reproduct/units/p04_caro_game/python/replays/0001_seed_812711061/p04_caro_game_python/p04_caro_game_python/test_main_wm_detRes.txt
>> saved: src/tests/test_main.py
>> [manual] all WriteCode actions finished.
[replay-worker] p04_caro_game_python passed=True
[replay-worker] waiting for accepted seeds
[replay-worker] waiting for accepted seeds
[replay-worker] waiting for accepted seeds
[replay-worker] waiting for accepted seeds
[replay-worker] waiting for accepted seeds
[replay-worker] waiting for accepted seeds
[replay-worker] waiting for accepted seeds
[replay-worker] waiting for accepted seeds
[replay-worker] waiting for accepted seeds
[replay-worker] waiting for accepted seeds
[replay-worker] waiting for accepted seeds
[replay-worker] waiting for accepted seeds
[replay-worker] waiting for accepted seeds
[replay-worker] waiting for accepted seeds
[replay-worker] waiting for accepted seeds
[replay-worker] waiting for accepted seeds
[replay-worker] waiting for accepted seeds
[replay-worker] waiting for accepted seeds
[replay-worker] waiting for accepted seeds
[replay-worker] waiting for accepted seeds
[replay-worker] waiting for accepted seeds
[replay-worker] waiting for accepted seeds
[replay-worker] waiting for accepted seeds
[replay-worker] waiting for accepted seeds
[replay-worker] waiting for accepted seeds
[replay-worker] waiting for accepted seeds
[replay-worker] waiting for accepted seeds
[replay-worker] waiting for accepted seeds
[replay-worker] waiting for accepted seeds
[replay-worker] waiting for accepted seeds
[replay-worker] waiting for accepted seeds
[replay-worker] waiting for accepted seeds
[replay-worker] waiting for accepted seeds
[replay-worker] waiting for accepted seeds
[replay-worker] waiting for accepted seeds
[replay-worker] waiting for accepted seeds
[replay-worker] waiting for accepted seeds
[replay-worker] waiting for accepted seeds
[replay-worker] waiting for accepted seeds
[replay-worker] waiting for accepted seeds
[replay-worker] waiting for accepted seeds
[replay-worker] waiting for accepted seeds
[replay-worker] waiting for accepted seeds
[replay-worker] waiting for accepted seeds
[replay-worker] waiting for accepted seeds
[replay-worker] waiting for accepted seeds
[replay-worker] waiting for accepted seeds
[replay-worker] waiting for accepted seeds
[replay-worker] waiting for accepted seeds
[replay-worker] waiting for accepted seeds
[replay-worker] waiting for accepted seeds
[replay-worker] waiting for accepted seeds
[replay-worker] waiting for accepted seeds
[replay-worker] waiting for accepted seeds
[replay-worker] waiting for accepted seeds
[replay-worker] waiting for accepted seeds
[replay-worker] waiting for accepted seeds
[replay-worker] waiting for accepted seeds
[replay-worker] waiting for accepted seeds
[replay-worker] waiting for accepted seeds
[replay-worker] waiting for accepted seeds
[replay-worker] waiting for accepted seeds
[replay-worker] waiting for accepted seeds
[replay-worker] waiting for accepted seeds
[replay-worker] waiting for accepted seeds
[replay-worker] waiting for accepted seeds
[replay-worker] waiting for accepted seeds
[replay-worker] waiting for accepted seeds
[replay-worker] waiting for accepted seeds
[replay-worker] waiting for accepted seeds
[replay-worker] waiting for accepted seeds
[replay-worker] waiting for accepted seeds
[replay-worker] waiting for accepted seeds
[replay-worker] waiting for accepted seeds
[replay-worker] waiting for accepted seeds
[replay-worker] waiting for accepted seeds
[replay-worker] waiting for accepted seeds
[replay-worker] waiting for accepted seeds
[replay-worker] waiting for accepted seeds
[replay-worker] waiting for accepted seeds
[replay-worker] waiting for accepted seeds
[replay-worker] waiting for accepted seeds
[replay-worker] waiting for accepted seeds
[replay-worker] waiting for accepted seeds
[replay-worker] waiting for accepted seeds
[replay-worker] waiting for accepted seeds
[replay-worker] waiting for accepted seeds
[replay-worker] waiting for accepted seeds
[replay-worker] waiting for accepted seeds
[replay-worker] waiting for accepted seeds
[replay-worker] waiting for accepted seeds
[replay-worker] waiting for accepted seeds
[replay-worker] waiting for accepted seeds
[replay-worker] waiting for accepted seeds
[replay-worker] waiting for accepted seeds
[replay-worker] waiting for accepted seeds
[replay-worker] waiting for accepted seeds
[replay-worker] waiting for accepted seeds
[replay-worker] waiting for accepted seeds
[replay-worker] waiting for accepted seeds
[replay-worker] waiting for accepted seeds
[replay-worker] waiting for accepted seeds
[replay-worker] waiting for accepted seeds
[replay-worker] waiting for accepted seeds
[replay-worker] waiting for accepted seeds
[replay-worker] waiting for accepted seeds
[replay-worker] waiting for accepted seeds
[replay-worker] waiting for accepted seeds
[replay-worker] waiting for accepted seeds
[replay-worker] waiting for accepted seeds
[replay-worker] waiting for accepted seeds
[replay-worker] waiting for accepted seeds
[replay-worker] waiting for accepted seeds
[replay-worker] waiting for accepted seeds
[replay-worker] waiting for accepted seeds
[replay-worker] waiting for accepted seeds
[replay-worker] waiting for accepted seeds
[replay-worker] waiting for accepted seeds
[replay-worker] waiting for accepted seeds
[replay-worker] waiting for accepted seeds
[replay-worker] waiting for accepted seeds
[replay-worker] waiting for accepted seeds
[replay-worker] waiting for accepted seeds
[replay-worker] waiting for accepted seeds
[replay-worker] waiting for accepted seeds
[replay-worker] waiting for accepted seeds
[replay-worker] waiting for accepted seeds
[replay-worker] waiting for accepted seeds
[replay-worker] waiting for accepted seeds
[replay-worker] waiting for accepted seeds
[replay-worker] waiting for accepted seeds
[replay-worker] waiting for accepted seeds
[replay-worker] waiting for accepted seeds
[replay-worker] waiting for accepted seeds
[replay-worker] waiting for accepted seeds
[replay-worker] waiting for accepted seeds
[replay-worker] waiting for accepted seeds
[replay-worker] waiting for accepted seeds
[replay-worker] waiting for accepted seeds
[replay-worker] waiting for accepted seeds
[replay-worker] waiting for accepted seeds
[replay-worker] waiting for accepted seeds
[replay-worker] waiting for accepted seeds
[replay-worker] waiting for accepted seeds
[replay-worker] waiting for accepted seeds
[replay-worker] waiting for accepted seeds
[replay-worker] waiting for accepted seeds
[replay-worker] waiting for accepted seeds
[replay-worker] waiting for accepted seeds
[replay-worker] waiting for accepted seeds
[replay-worker] waiting for accepted seeds
[replay-worker] waiting for accepted seeds
[replay-worker] waiting for accepted seeds
[replay-worker] waiting for accepted seeds
[replay-worker] waiting for accepted seeds
[replay-worker] waiting for accepted seeds
[replay-worker] waiting for accepted seeds
[replay-worker] waiting for accepted seeds
[replay-worker] waiting for accepted seeds
[replay-worker] waiting for accepted seeds
[replay-worker] waiting for accepted seeds
[replay-worker] waiting for accepted seeds
[replay-worker] waiting for accepted seeds
[replay-worker] waiting for accepted seeds
[replay-worker] waiting for accepted seeds
[replay-worker] waiting for accepted seeds
[replay-worker] waiting for accepted seeds
[replay-worker] waiting for accepted seeds
[replay-worker] waiting for accepted seeds
[replay-worker] waiting for accepted seeds
[replay-worker] waiting for accepted seeds
[replay-worker] waiting for accepted seeds
[replay-worker] waiting for accepted seeds
[replay-worker] waiting for accepted seeds
[replay-worker] waiting for accepted seeds
[replay-worker] waiting for accepted seeds
[replay-worker] waiting for accepted seeds
[replay-worker] waiting for accepted seeds
[replay-worker] waiting for accepted seeds
[replay-worker] waiting for accepted seeds
[replay-worker] waiting for accepted seeds
[replay-worker] waiting for accepted seeds
[replay-worker] waiting for accepted seeds
[replay-worker] waiting for accepted seeds
[replay-worker] waiting for accepted seeds
[replay-worker] waiting for accepted seeds
[replay-worker] waiting for accepted seeds
[replay-supervisor] started_at=2026-09-13T14:26:57Z shard=1/2 model=http://127.0.0.1:8001
[replay-worker] shard=1/2 units=21 model=http://127.0.0.1:8001
[replay-worker] waiting for accepted seeds
[replay-worker] waiting for accepted seeds
[replay-worker] waiting for accepted seeds
[replay-worker] waiting for accepted seeds
[replay-worker] waiting for accepted seeds
[replay-worker] waiting for accepted seeds
[replay-worker] waiting for accepted seeds
[replay-worker] waiting for accepted seeds
[replay-worker] waiting for accepted seeds
[replay-worker] waiting for accepted seeds
[replay-worker] waiting for accepted seeds
[replay-worker] waiting for accepted seeds
[replay-worker] waiting for accepted seeds
[replay-worker] waiting for accepted seeds
[replay-worker] waiting for accepted seeds
[replay-worker] waiting for accepted seeds
[replay-worker] waiting for accepted seeds
[replay-worker] waiting for accepted seeds
[replay-worker] waiting for accepted seeds
[replay-worker] waiting for accepted seeds
[replay-worker] waiting for accepted seeds
[replay-worker] waiting for accepted seeds
[replay-worker] waiting for accepted seeds
[replay-worker] waiting for accepted seeds
[replay-worker] waiting for accepted seeds
[replay-worker] waiting for accepted seeds
[replay-worker] waiting for accepted seeds
[replay-worker] waiting for accepted seeds
[replay-worker] waiting for accepted seeds
[replay-worker] waiting for accepted seeds
[replay-worker] waiting for accepted seeds
[replay-worker] waiting for accepted seeds
[replay-worker] waiting for accepted seeds
[replay-worker] waiting for accepted seeds
[replay-worker] waiting for accepted seeds
[replay-worker] waiting for accepted seeds
[replay-worker] waiting for accepted seeds
[replay-worker] waiting for accepted seeds
[replay-worker] waiting for accepted seeds
[replay-worker] waiting for accepted seeds
[replay-worker] waiting for accepted seeds
[replay-worker] waiting for accepted seeds
[replay-worker] waiting for accepted seeds
[replay-worker] waiting for accepted seeds
[replay-worker] waiting for accepted seeds
[replay-worker] waiting for accepted seeds
[replay-worker] waiting for accepted seeds
[replay-worker] waiting for accepted seeds
[replay-worker] waiting for accepted seeds
[replay-worker] waiting for accepted seeds
[replay-worker] waiting for accepted seeds
[replay-worker] waiting for accepted seeds
[replay-worker] waiting for accepted seeds
[replay-worker] waiting for accepted seeds
[replay-worker] waiting for accepted seeds
[replay-worker] waiting for accepted seeds
[replay-worker] waiting for accepted seeds
[replay-worker] waiting for accepted seeds
[replay-worker] waiting for accepted seeds
[replay-worker] waiting for accepted seeds
[replay-worker] waiting for accepted seeds
[replay-worker] waiting for accepted seeds
[replay-worker] waiting for accepted seeds
[replay-worker] waiting for accepted seeds
[replay-worker] waiting for accepted seeds
[replay-worker] waiting for accepted seeds
[replay-worker] waiting for accepted seeds
[replay-worker] waiting for accepted seeds
[replay-worker] waiting for accepted seeds
[replay-worker] waiting for accepted seeds
[replay-worker] waiting for accepted seeds
[replay-worker] waiting for accepted seeds
[replay-worker] waiting for accepted seeds
[replay-worker] waiting for accepted seeds
[replay-worker] waiting for accepted seeds
[replay-worker] waiting for accepted seeds
[replay-worker] waiting for accepted seeds
[replay-worker] waiting for accepted seeds
[replay-worker] waiting for accepted seeds
[replay-worker] waiting for accepted seeds
[replay-worker] waiting for accepted seeds
[replay-worker] waiting for accepted seeds
[replay-worker] waiting for accepted seeds
[replay-worker] waiting for accepted seeds
[replay-worker] waiting for accepted seeds
[replay-worker] waiting for accepted seeds
[replay-worker] waiting for accepted seeds
[replay-worker] waiting for accepted seeds
[replay-worker] waiting for accepted seeds
[replay-worker] waiting for accepted seeds
[replay-worker] waiting for accepted seeds
[replay-worker] waiting for accepted seeds
[replay-worker] waiting for accepted seeds
[replay-worker] waiting for accepted seeds
[replay-worker] waiting for accepted seeds
[replay-worker] waiting for accepted seeds
[replay-worker] waiting for accepted seeds
[replay-worker] waiting for accepted seeds
[replay-worker] waiting for accepted seeds
[replay-worker] waiting for accepted seeds
[replay-worker] waiting for accepted seeds
[replay-worker] waiting for accepted seeds
[replay-worker] waiting for accepted seeds
[replay-worker] waiting for accepted seeds
[replay-worker] waiting for accepted seeds
[replay-worker] waiting for accepted seeds
[replay-worker] waiting for accepted seeds
[replay-worker] waiting for accepted seeds
[replay-worker] waiting for accepted seeds
[replay-worker] waiting for accepted seeds
[replay-worker] waiting for accepted seeds
[replay-worker] waiting for accepted seeds
[replay-worker] waiting for accepted seeds
[replay-worker] waiting for accepted seeds
[replay-worker] waiting for accepted seeds
[replay-worker] waiting for accepted seeds
[replay-worker] waiting for accepted seeds
[replay-worker] waiting for accepted seeds
[replay-worker] waiting for accepted seeds
[replay-worker] waiting for accepted seeds
[replay-worker] waiting for accepted seeds
[replay-worker] waiting for accepted seeds
[replay-worker] waiting for accepted seeds
[replay-worker] waiting for accepted seeds
[replay-worker] waiting for accepted seeds
[replay-worker] waiting for accepted seeds
[replay-worker] waiting for accepted seeds
[replay-worker] waiting for accepted seeds
[replay-worker] waiting for accepted seeds
[replay-worker] waiting for accepted seeds
[replay-worker] waiting for accepted seeds
[replay-worker] waiting for accepted seeds
[replay-worker] waiting for accepted seeds
[replay-worker] waiting for accepted seeds
[replay-worker] waiting for accepted seeds
[replay-worker] waiting for accepted seeds
[replay-worker] waiting for accepted seeds
[replay-worker] waiting for accepted seeds
[replay-worker] waiting for accepted seeds
[replay-worker] waiting for accepted seeds
[replay-worker] waiting for accepted seeds
[replay-worker] waiting for accepted seeds
[replay-worker] waiting for accepted seeds
[replay-worker] waiting for accepted seeds
[replay-worker] waiting for accepted seeds
[replay-worker] waiting for accepted seeds
[replay-worker] waiting for accepted seeds
[replay-worker] waiting for accepted seeds
[replay-worker] waiting for accepted seeds
[replay-worker] waiting for accepted seeds
[replay-worker] waiting for accepted seeds
[replay-worker] waiting for accepted seeds
[replay-worker] waiting for accepted seeds
[replay-worker] waiting for accepted seeds
[replay-worker] waiting for accepted seeds
[replay-worker] waiting for accepted seeds
[replay-worker] waiting for accepted seeds
[replay-worker] waiting for accepted seeds
[replay-worker] waiting for accepted seeds
[replay-worker] waiting for accepted seeds
[replay-worker] waiting for accepted seeds
[replay-worker] waiting for accepted seeds
[replay-worker] waiting for accepted seeds
[replay-worker] waiting for accepted seeds
[replay-worker] waiting for accepted seeds
[replay-worker] waiting for accepted seeds
[replay-worker] waiting for accepted seeds
[replay-worker] waiting for accepted seeds
[replay-worker] waiting for accepted seeds
[replay-worker] waiting for accepted seeds
[replay-worker] waiting for accepted seeds
[replay-worker] waiting for accepted seeds
[replay-worker] waiting for accepted seeds
[replay-worker] waiting for accepted seeds
[replay-worker] waiting for accepted seeds
[replay-worker] waiting for accepted seeds
[replay-worker] waiting for accepted seeds
[replay-worker] waiting for accepted seeds
[replay-worker] waiting for accepted seeds
[replay-worker] waiting for accepted seeds
[replay-worker] waiting for accepted seeds
[replay-worker] waiting for accepted seeds
[replay-worker] waiting for accepted seeds
[replay-worker] waiting for accepted seeds
[replay-worker] waiting for accepted seeds
[replay-worker] waiting for accepted seeds
[replay-worker] waiting for accepted seeds
[replay-worker] waiting for accepted seeds
[replay-worker] waiting for accepted seeds
[replay-worker] waiting for accepted seeds
[replay-worker] waiting for accepted seeds
[replay-worker] waiting for accepted seeds
[replay-worker] waiting for accepted seeds
[replay-worker] waiting for accepted seeds
[replay-worker] waiting for accepted seeds
[replay-worker] waiting for accepted seeds
[replay-worker] waiting for accepted seeds
[replay-worker] waiting for accepted seeds
[replay-worker] waiting for accepted seeds
[replay-worker] waiting for accepted seeds
[replay-worker] waiting for accepted seeds
[replay-worker] waiting for accepted seeds
[replay-worker] waiting for accepted seeds
[replay-worker] waiting for accepted seeds
[replay-worker] waiting for accepted seeds
[replay-worker] waiting for accepted seeds
[replay-worker] waiting for accepted seeds
[replay-worker] waiting for accepted seeds
[replay-worker] waiting for accepted seeds
[replay-worker] waiting for accepted seeds
[replay-worker] waiting for accepted seeds
[replay-worker] waiting for accepted seeds
[replay-worker] waiting for accepted seeds
[replay-worker] waiting for accepted seeds
[replay-worker] waiting for accepted seeds
[replay-worker] waiting for accepted seeds
[replay-worker] waiting for accepted seeds
[replay-worker] waiting for accepted seeds
[replay-worker] waiting for accepted seeds
[replay-worker] waiting for accepted seeds
[replay-worker] waiting for accepted seeds
[replay-worker] waiting for accepted seeds
[replay-worker] waiting for accepted seeds
[replay-worker] waiting for accepted seeds
[replay-worker] waiting for accepted seeds
[replay-worker] waiting for accepted seeds
[replay-worker] waiting for accepted seeds
[replay-worker] waiting for accepted seeds
[replay-worker] waiting for accepted seeds
[replay-worker] waiting for accepted seeds
[replay-worker] waiting for accepted seeds
[replay-worker] waiting for accepted seeds
[replay-worker] waiting for accepted seeds
[replay-worker] waiting for accepted seeds
[replay-worker] waiting for accepted seeds
[replay-worker] waiting for accepted seeds
[replay-worker] waiting for accepted seeds
[replay-worker] waiting for accepted seeds
[replay-worker] waiting for accepted seeds
[replay-worker] waiting for accepted seeds
[replay-worker] waiting for accepted seeds
[replay-worker] waiting for accepted seeds
[replay-worker] waiting for accepted seeds
[replay-worker] waiting for accepted seeds
[replay-worker] waiting for accepted seeds
[replay-worker] waiting for accepted seeds
[replay-worker] waiting for accepted seeds
[replay-worker] waiting for accepted seeds
[replay-worker] waiting for accepted seeds
[replay-worker] waiting for accepted seeds
2026-09-13 15:50:31.738 | INFO     | metagpt.const:get_metagpt_root:31 - PROJECT_ROOT set from environment variable to /home/zhaorz/project/CodeWM/CodeWM_ProWES_Logits/reproduct/metagpt_runtime
>> recovering from: /home/zhaorz/project/CodeWM/CodeWM_ProWES_Logits/reproduct/units/p05_brick_breaker_game/java/architecture/team
>> team.json exists: True path: /home/zhaorz/project/CodeWM/CodeWM_ProWES_Logits/reproduct/units/p05_brick_breaker_game/java/architecture/team/team.json
>> ctx.git_repo.workdir = /home/zhaorz/project/CodeWM/CodeWM_ProWES_Logits/reproduct/units/p05_brick_breaker_game/java/replays/0001_seed_2697919693/p05_brick_breaker_game_java
eng.code_todos: ['pom.xml', 'src/main/java/Rect.java', 'src/main/java/Ball.java', 'src/main/java/Paddle.java', 'src/main/java/Brick.java', 'src/main/java/Collision.java', 'src/main/java/Game.java', 'src/main/java/Main.java', 'src/test/java/MainTest.java']
>> ready, ctx.git_repo.workdir = /home/zhaorz/project/CodeWM/CodeWM_ProWES_Logits/reproduct/units/p05_brick_breaker_game/java/replays/0001_seed_2697919693/p05_brick_breaker_game_java
>> ctx.git_repo.workdir = /home/zhaorz/project/CodeWM/CodeWM_ProWES_Logits/reproduct/units/p05_brick_breaker_game/java/replays/0001_seed_2697919693/p05_brick_breaker_game_java
2026-09-13 15:50:34.403 | INFO     | metagpt.utils.file_repository:save:57 - save to: /home/zhaorz/project/CodeWM/CodeWM_ProWES_Logits/reproduct/units/p05_brick_breaker_game/java/replays/0001_seed_2697919693/p05_brick_breaker_game_java/docs/system_design/20260913154006.json
2026-09-13 15:50:34.404 | INFO     | metagpt.utils.file_repository:save:62 - update dependency: /home/zhaorz/project/CodeWM/CodeWM_ProWES_Logits/reproduct/units/p05_brick_breaker_game/java/replays/0001_seed_2697919693/p05_brick_breaker_game_java/docs/system_design/20260913154006.json:[]
2026-09-13 15:50:34.405 | INFO     | metagpt.utils.file_repository:save:57 - save to: /home/zhaorz/project/CodeWM/CodeWM_ProWES_Logits/reproduct/units/p05_brick_breaker_game/java/replays/0001_seed_2697919693/p05_brick_breaker_game_java/docs/task/20260913154006.json
2026-09-13 15:50:34.406 | INFO     | metagpt.utils.file_repository:save:62 - update dependency: /home/zhaorz/project/CodeWM/CodeWM_ProWES_Logits/reproduct/units/p05_brick_breaker_game/java/replays/0001_seed_2697919693/p05_brick_breaker_game_java/docs/task/20260913154006.json:[]
>> [manual] Run 1/9: WriteCode -> pom.xml
2026-09-13 15:50:34.407 | INFO     | metagpt.actions.write_code:run:186 - Writing pom.xml..
2026-09-13 15:51:09.637 | INFO     | metagpt.utils.file_repository:save:57 - save to: /home/zhaorz/project/CodeWM/CodeWM_ProWES_Logits/reproduct/units/p05_brick_breaker_game/java/replays/0001_seed_2697919693/p05_brick_breaker_game_java/p05_brick_breaker_game_java/pom.xml
2026-09-13 15:51:09.639 | INFO     | metagpt.utils.file_repository:save:62 - update dependency: /home/zhaorz/project/CodeWM/CodeWM_ProWES_Logits/reproduct/units/p05_brick_breaker_game/java/replays/0001_seed_2697919693/p05_brick_breaker_game_java/p05_brick_breaker_game_java/pom.xml:['docs/task/20260913154006.json', 'docs/system_design/20260913154006.json']
2026-09-13 15:51:09.641 | INFO     | metagpt.utils.file_repository:save:57 - save to: /home/zhaorz/project/CodeWM/CodeWM_ProWES_Logits/reproduct/units/p05_brick_breaker_game/java/replays/0001_seed_2697919693/p05_brick_breaker_game_java/p05_brick_breaker_game_java/pom_wm_detRes.txt
>> saved: src/pom.xml
2026-09-13 15:51:09.642 | INFO     | metagpt.utils.file_repository:save:57 - save to: /home/zhaorz/project/CodeWM/CodeWM_ProWES_Logits/reproduct/units/p05_brick_breaker_game/java/replays/0001_seed_2697919693/p05_brick_breaker_game_java/docs/system_design/20260913154006.json
2026-09-13 15:51:09.643 | INFO     | metagpt.utils.file_repository:save:62 - update dependency: /home/zhaorz/project/CodeWM/CodeWM_ProWES_Logits/reproduct/units/p05_brick_breaker_game/java/replays/0001_seed_2697919693/p05_brick_breaker_game_java/docs/system_design/20260913154006.json:[]
2026-09-13 15:51:09.644 | INFO     | metagpt.utils.file_repository:save:57 - save to: /home/zhaorz/project/CodeWM/CodeWM_ProWES_Logits/reproduct/units/p05_brick_breaker_game/java/replays/0001_seed_2697919693/p05_brick_breaker_game_java/docs/task/20260913154006.json
2026-09-13 15:51:09.646 | INFO     | metagpt.utils.file_repository:save:62 - update dependency: /home/zhaorz/project/CodeWM/CodeWM_ProWES_Logits/reproduct/units/p05_brick_breaker_game/java/replays/0001_seed_2697919693/p05_brick_breaker_game_java/docs/task/20260913154006.json:[]
>> [manual] Run 2/9: WriteCode -> src/main/java/Rect.java
2026-09-13 15:51:09.648 | INFO     | metagpt.actions.write_code:run:186 - Writing src/main/java/Rect.java..
2026-09-13 15:51:55.791 | INFO     | metagpt.utils.file_repository:save:57 - save to: /home/zhaorz/project/CodeWM/CodeWM_ProWES_Logits/reproduct/units/p05_brick_breaker_game/java/replays/0001_seed_2697919693/p05_brick_breaker_game_java/p05_brick_breaker_game_java/src/main/java/Rect.java
2026-09-13 15:51:55.793 | INFO     | metagpt.utils.file_repository:save:62 - update dependency: /home/zhaorz/project/CodeWM/CodeWM_ProWES_Logits/reproduct/units/p05_brick_breaker_game/java/replays/0001_seed_2697919693/p05_brick_breaker_game_java/p05_brick_breaker_game_java/src/main/java/Rect.java:['docs/task/20260913154006.json', 'docs/system_design/20260913154006.json']
2026-09-13 15:51:55.795 | INFO     | metagpt.utils.file_repository:save:57 - save to: /home/zhaorz/project/CodeWM/CodeWM_ProWES_Logits/reproduct/units/p05_brick_breaker_game/java/replays/0001_seed_2697919693/p05_brick_breaker_game_java/p05_brick_breaker_game_java/Rect_wm_detRes.txt
>> saved: src/src/main/java/Rect.java
2026-09-13 15:51:55.796 | INFO     | metagpt.utils.file_repository:save:57 - save to: /home/zhaorz/project/CodeWM/CodeWM_ProWES_Logits/reproduct/units/p05_brick_breaker_game/java/replays/0001_seed_2697919693/p05_brick_breaker_game_java/docs/system_design/20260913154006.json
2026-09-13 15:51:55.798 | INFO     | metagpt.utils.file_repository:save:62 - update dependency: /home/zhaorz/project/CodeWM/CodeWM_ProWES_Logits/reproduct/units/p05_brick_breaker_game/java/replays/0001_seed_2697919693/p05_brick_breaker_game_java/docs/system_design/20260913154006.json:[]
2026-09-13 15:51:55.799 | INFO     | metagpt.utils.file_repository:save:57 - save to: /home/zhaorz/project/CodeWM/CodeWM_ProWES_Logits/reproduct/units/p05_brick_breaker_game/java/replays/0001_seed_2697919693/p05_brick_breaker_game_java/docs/task/20260913154006.json
2026-09-13 15:51:55.800 | INFO     | metagpt.utils.file_repository:save:62 - update dependency: /home/zhaorz/project/CodeWM/CodeWM_ProWES_Logits/reproduct/units/p05_brick_breaker_game/java/replays/0001_seed_2697919693/p05_brick_breaker_game_java/docs/task/20260913154006.json:[]
>> [manual] Run 3/9: WriteCode -> src/main/java/Ball.java
2026-09-13 15:51:55.804 | INFO     | metagpt.actions.write_code:run:186 - Writing src/main/java/Ball.java..
2026-09-13 15:52:52.293 | INFO     | metagpt.utils.file_repository:save:57 - save to: /home/zhaorz/project/CodeWM/CodeWM_ProWES_Logits/reproduct/units/p05_brick_breaker_game/java/replays/0001_seed_2697919693/p05_brick_breaker_game_java/p05_brick_breaker_game_java/src/main/java/Ball.java
2026-09-13 15:52:52.294 | INFO     | metagpt.utils.file_repository:save:62 - update dependency: /home/zhaorz/project/CodeWM/CodeWM_ProWES_Logits/reproduct/units/p05_brick_breaker_game/java/replays/0001_seed_2697919693/p05_brick_breaker_game_java/p05_brick_breaker_game_java/src/main/java/Ball.java:['docs/task/20260913154006.json', 'docs/system_design/20260913154006.json']
2026-09-13 15:52:52.295 | INFO     | metagpt.utils.file_repository:save:57 - save to: /home/zhaorz/project/CodeWM/CodeWM_ProWES_Logits/reproduct/units/p05_brick_breaker_game/java/replays/0001_seed_2697919693/p05_brick_breaker_game_java/p05_brick_breaker_game_java/Ball_wm_detRes.txt
>> saved: src/src/main/java/Ball.java
2026-09-13 15:52:52.295 | INFO     | metagpt.utils.file_repository:save:57 - save to: /home/zhaorz/project/CodeWM/CodeWM_ProWES_Logits/reproduct/units/p05_brick_breaker_game/java/replays/0001_seed_2697919693/p05_brick_breaker_game_java/docs/system_design/20260913154006.json
2026-09-13 15:52:52.296 | INFO     | metagpt.utils.file_repository:save:62 - update dependency: /home/zhaorz/project/CodeWM/CodeWM_ProWES_Logits/reproduct/units/p05_brick_breaker_game/java/replays/0001_seed_2697919693/p05_brick_breaker_game_java/docs/system_design/20260913154006.json:[]
2026-09-13 15:52:52.297 | INFO     | metagpt.utils.file_repository:save:57 - save to: /home/zhaorz/project/CodeWM/CodeWM_ProWES_Logits/reproduct/units/p05_brick_breaker_game/java/replays/0001_seed_2697919693/p05_brick_breaker_game_java/docs/task/20260913154006.json
2026-09-13 15:52:52.298 | INFO     | metagpt.utils.file_repository:save:62 - update dependency: /home/zhaorz/project/CodeWM/CodeWM_ProWES_Logits/reproduct/units/p05_brick_breaker_game/java/replays/0001_seed_2697919693/p05_brick_breaker_game_java/docs/task/20260913154006.json:[]
>> [manual] Run 4/9: WriteCode -> src/main/java/Paddle.java
2026-09-13 15:52:52.300 | INFO     | metagpt.actions.write_code:run:186 - Writing src/main/java/Paddle.java..
2026-09-13 15:53:39.869 | INFO     | metagpt.utils.file_repository:save:57 - save to: /home/zhaorz/project/CodeWM/CodeWM_ProWES_Logits/reproduct/units/p05_brick_breaker_game/java/replays/0001_seed_2697919693/p05_brick_breaker_game_java/p05_brick_breaker_game_java/src/main/java/Paddle.java
2026-09-13 15:53:39.871 | INFO     | metagpt.utils.file_repository:save:62 - update dependency: /home/zhaorz/project/CodeWM/CodeWM_ProWES_Logits/reproduct/units/p05_brick_breaker_game/java/replays/0001_seed_2697919693/p05_brick_breaker_game_java/p05_brick_breaker_game_java/src/main/java/Paddle.java:['docs/task/20260913154006.json', 'docs/system_design/20260913154006.json']
2026-09-13 15:53:39.872 | INFO     | metagpt.utils.file_repository:save:57 - save to: /home/zhaorz/project/CodeWM/CodeWM_ProWES_Logits/reproduct/units/p05_brick_breaker_game/java/replays/0001_seed_2697919693/p05_brick_breaker_game_java/p05_brick_breaker_game_java/Paddle_wm_detRes.txt
>> saved: src/src/main/java/Paddle.java
2026-09-13 15:53:39.873 | INFO     | metagpt.utils.file_repository:save:57 - save to: /home/zhaorz/project/CodeWM/CodeWM_ProWES_Logits/reproduct/units/p05_brick_breaker_game/java/replays/0001_seed_2697919693/p05_brick_breaker_game_java/docs/system_design/20260913154006.json
2026-09-13 15:53:39.875 | INFO     | metagpt.utils.file_repository:save:62 - update dependency: /home/zhaorz/project/CodeWM/CodeWM_ProWES_Logits/reproduct/units/p05_brick_breaker_game/java/replays/0001_seed_2697919693/p05_brick_breaker_game_java/docs/system_design/20260913154006.json:[]
2026-09-13 15:53:39.876 | INFO     | metagpt.utils.file_repository:save:57 - save to: /home/zhaorz/project/CodeWM/CodeWM_ProWES_Logits/reproduct/units/p05_brick_breaker_game/java/replays/0001_seed_2697919693/p05_brick_breaker_game_java/docs/task/20260913154006.json
2026-09-13 15:53:39.878 | INFO     | metagpt.utils.file_repository:save:62 - update dependency: /home/zhaorz/project/CodeWM/CodeWM_ProWES_Logits/reproduct/units/p05_brick_breaker_game/java/replays/0001_seed_2697919693/p05_brick_breaker_game_java/docs/task/20260913154006.json:[]
>> [manual] Run 5/9: WriteCode -> src/main/java/Brick.java
2026-09-13 15:53:39.882 | INFO     | metagpt.actions.write_code:run:186 - Writing src/main/java/Brick.java..
2026-09-13 15:54:35.911 | INFO     | metagpt.utils.file_repository:save:57 - save to: /home/zhaorz/project/CodeWM/CodeWM_ProWES_Logits/reproduct/units/p05_brick_breaker_game/java/replays/0001_seed_2697919693/p05_brick_breaker_game_java/p05_brick_breaker_game_java/src/main/java/Brick.java
2026-09-13 15:54:35.912 | INFO     | metagpt.utils.file_repository:save:62 - update dependency: /home/zhaorz/project/CodeWM/CodeWM_ProWES_Logits/reproduct/units/p05_brick_breaker_game/java/replays/0001_seed_2697919693/p05_brick_breaker_game_java/p05_brick_breaker_game_java/src/main/java/Brick.java:['docs/task/20260913154006.json', 'docs/system_design/20260913154006.json']
2026-09-13 15:54:35.913 | INFO     | metagpt.utils.file_repository:save:57 - save to: /home/zhaorz/project/CodeWM/CodeWM_ProWES_Logits/reproduct/units/p05_brick_breaker_game/java/replays/0001_seed_2697919693/p05_brick_breaker_game_java/p05_brick_breaker_game_java/Brick_wm_detRes.txt
>> saved: src/src/main/java/Brick.java
2026-09-13 15:54:35.914 | INFO     | metagpt.utils.file_repository:save:57 - save to: /home/zhaorz/project/CodeWM/CodeWM_ProWES_Logits/reproduct/units/p05_brick_breaker_game/java/replays/0001_seed_2697919693/p05_brick_breaker_game_java/docs/system_design/20260913154006.json
2026-09-13 15:54:35.915 | INFO     | metagpt.utils.file_repository:save:62 - update dependency: /home/zhaorz/project/CodeWM/CodeWM_ProWES_Logits/reproduct/units/p05_brick_breaker_game/java/replays/0001_seed_2697919693/p05_brick_breaker_game_java/docs/system_design/20260913154006.json:[]
2026-09-13 15:54:35.915 | INFO     | metagpt.utils.file_repository:save:57 - save to: /home/zhaorz/project/CodeWM/CodeWM_ProWES_Logits/reproduct/units/p05_brick_breaker_game/java/replays/0001_seed_2697919693/p05_brick_breaker_game_java/docs/task/20260913154006.json
2026-09-13 15:54:35.916 | INFO     | metagpt.utils.file_repository:save:62 - update dependency: /home/zhaorz/project/CodeWM/CodeWM_ProWES_Logits/reproduct/units/p05_brick_breaker_game/java/replays/0001_seed_2697919693/p05_brick_breaker_game_java/docs/task/20260913154006.json:[]
>> [manual] Run 6/9: WriteCode -> src/main/java/Collision.java
2026-09-13 15:54:35.919 | INFO     | metagpt.actions.write_code:run:186 - Writing src/main/java/Collision.java..
2026-09-13 15:55:40.734 | INFO     | metagpt.utils.file_repository:save:57 - save to: /home/zhaorz/project/CodeWM/CodeWM_ProWES_Logits/reproduct/units/p05_brick_breaker_game/java/replays/0001_seed_2697919693/p05_brick_breaker_game_java/p05_brick_breaker_game_java/src/main/java/Collision.java
2026-09-13 15:55:40.736 | INFO     | metagpt.utils.file_repository:save:62 - update dependency: /home/zhaorz/project/CodeWM/CodeWM_ProWES_Logits/reproduct/units/p05_brick_breaker_game/java/replays/0001_seed_2697919693/p05_brick_breaker_game_java/p05_brick_breaker_game_java/src/main/java/Collision.java:['docs/task/20260913154006.json', 'docs/system_design/20260913154006.json']
2026-09-13 15:55:40.736 | INFO     | metagpt.utils.file_repository:save:57 - save to: /home/zhaorz/project/CodeWM/CodeWM_ProWES_Logits/reproduct/units/p05_brick_breaker_game/java/replays/0001_seed_2697919693/p05_brick_breaker_game_java/p05_brick_breaker_game_java/Collision_wm_detRes.txt
>> saved: src/src/main/java/Collision.java
2026-09-13 15:55:40.737 | INFO     | metagpt.utils.file_repository:save:57 - save to: /home/zhaorz/project/CodeWM/CodeWM_ProWES_Logits/reproduct/units/p05_brick_breaker_game/java/replays/0001_seed_2697919693/p05_brick_breaker_game_java/docs/system_design/20260913154006.json
2026-09-13 15:55:40.739 | INFO     | metagpt.utils.file_repository:save:62 - update dependency: /home/zhaorz/project/CodeWM/CodeWM_ProWES_Logits/reproduct/units/p05_brick_breaker_game/java/replays/0001_seed_2697919693/p05_brick_breaker_game_java/docs/system_design/20260913154006.json:[]
2026-09-13 15:55:40.739 | INFO     | metagpt.utils.file_repository:save:57 - save to: /home/zhaorz/project/CodeWM/CodeWM_ProWES_Logits/reproduct/units/p05_brick_breaker_game/java/replays/0001_seed_2697919693/p05_brick_breaker_game_java/docs/task/20260913154006.json
2026-09-13 15:55:40.740 | INFO     | metagpt.utils.file_repository:save:62 - update dependency: /home/zhaorz/project/CodeWM/CodeWM_ProWES_Logits/reproduct/units/p05_brick_breaker_game/java/replays/0001_seed_2697919693/p05_brick_breaker_game_java/docs/task/20260913154006.json:[]
>> [manual] Run 7/9: WriteCode -> src/main/java/Game.java
2026-09-13 15:55:40.744 | INFO     | metagpt.actions.write_code:run:186 - Writing src/main/java/Game.java..
2026-09-13 15:57:55.373 | INFO     | metagpt.utils.file_repository:save:57 - save to: /home/zhaorz/project/CodeWM/CodeWM_ProWES_Logits/reproduct/units/p05_brick_breaker_game/java/replays/0001_seed_2697919693/p05_brick_breaker_game_java/p05_brick_breaker_game_java/src/main/java/Game.java
2026-09-13 15:57:55.375 | INFO     | metagpt.utils.file_repository:save:62 - update dependency: /home/zhaorz/project/CodeWM/CodeWM_ProWES_Logits/reproduct/units/p05_brick_breaker_game/java/replays/0001_seed_2697919693/p05_brick_breaker_game_java/p05_brick_breaker_game_java/src/main/java/Game.java:['docs/task/20260913154006.json', 'docs/system_design/20260913154006.json']
2026-09-13 15:57:55.376 | INFO     | metagpt.utils.file_repository:save:57 - save to: /home/zhaorz/project/CodeWM/CodeWM_ProWES_Logits/reproduct/units/p05_brick_breaker_game/java/replays/0001_seed_2697919693/p05_brick_breaker_game_java/p05_brick_breaker_game_java/Game_wm_detRes.txt
>> saved: src/src/main/java/Game.java
2026-09-13 15:57:55.377 | INFO     | metagpt.utils.file_repository:save:57 - save to: /home/zhaorz/project/CodeWM/CodeWM_ProWES_Logits/reproduct/units/p05_brick_breaker_game/java/replays/0001_seed_2697919693/p05_brick_breaker_game_java/docs/system_design/20260913154006.json
2026-09-13 15:57:55.379 | INFO     | metagpt.utils.file_repository:save:62 - update dependency: /home/zhaorz/project/CodeWM/CodeWM_ProWES_Logits/reproduct/units/p05_brick_breaker_game/java/replays/0001_seed_2697919693/p05_brick_breaker_game_java/docs/system_design/20260913154006.json:[]
2026-09-13 15:57:55.380 | INFO     | metagpt.utils.file_repository:save:57 - save to: /home/zhaorz/project/CodeWM/CodeWM_ProWES_Logits/reproduct/units/p05_brick_breaker_game/java/replays/0001_seed_2697919693/p05_brick_breaker_game_java/docs/task/20260913154006.json
2026-09-13 15:57:55.381 | INFO     | metagpt.utils.file_repository:save:62 - update dependency: /home/zhaorz/project/CodeWM/CodeWM_ProWES_Logits/reproduct/units/p05_brick_breaker_game/java/replays/0001_seed_2697919693/p05_brick_breaker_game_java/docs/task/20260913154006.json:[]
>> [manual] Run 8/9: WriteCode -> src/main/java/Main.java
2026-09-13 15:57:55.386 | INFO     | metagpt.actions.write_code:run:186 - Writing src/main/java/Main.java..
2026-09-13 15:59:32.648 | INFO     | metagpt.utils.file_repository:save:57 - save to: /home/zhaorz/project/CodeWM/CodeWM_ProWES_Logits/reproduct/units/p05_brick_breaker_game/java/replays/0001_seed_2697919693/p05_brick_breaker_game_java/p05_brick_breaker_game_java/src/main/java/Main.java
2026-09-13 15:59:32.649 | INFO     | metagpt.utils.file_repository:save:62 - update dependency: /home/zhaorz/project/CodeWM/CodeWM_ProWES_Logits/reproduct/units/p05_brick_breaker_game/java/replays/0001_seed_2697919693/p05_brick_breaker_game_java/p05_brick_breaker_game_java/src/main/java/Main.java:['docs/task/20260913154006.json', 'docs/system_design/20260913154006.json']
2026-09-13 15:59:32.650 | INFO     | metagpt.utils.file_repository:save:57 - save to: /home/zhaorz/project/CodeWM/CodeWM_ProWES_Logits/reproduct/units/p05_brick_breaker_game/java/replays/0001_seed_2697919693/p05_brick_breaker_game_java/p05_brick_breaker_game_java/Main_wm_detRes.txt
>> saved: src/src/main/java/Main.java
2026-09-13 15:59:32.652 | INFO     | metagpt.utils.file_repository:save:57 - save to: /home/zhaorz/project/CodeWM/CodeWM_ProWES_Logits/reproduct/units/p05_brick_breaker_game/java/replays/0001_seed_2697919693/p05_brick_breaker_game_java/docs/system_design/20260913154006.json
2026-09-13 15:59:32.653 | INFO     | metagpt.utils.file_repository:save:62 - update dependency: /home/zhaorz/project/CodeWM/CodeWM_ProWES_Logits/reproduct/units/p05_brick_breaker_game/java/replays/0001_seed_2697919693/p05_brick_breaker_game_java/docs/system_design/20260913154006.json:[]
2026-09-13 15:59:32.654 | INFO     | metagpt.utils.file_repository:save:57 - save to: /home/zhaorz/project/CodeWM/CodeWM_ProWES_Logits/reproduct/units/p05_brick_breaker_game/java/replays/0001_seed_2697919693/p05_brick_breaker_game_java/docs/task/20260913154006.json
2026-09-13 15:59:32.656 | INFO     | metagpt.utils.file_repository:save:62 - update dependency: /home/zhaorz/project/CodeWM/CodeWM_ProWES_Logits/reproduct/units/p05_brick_breaker_game/java/replays/0001_seed_2697919693/p05_brick_breaker_game_java/docs/task/20260913154006.json:[]
>> [manual] Run 9/9: WriteCode -> src/test/java/MainTest.java
2026-09-13 15:59:32.661 | INFO     | metagpt.actions.write_code:run:186 - Writing src/test/java/MainTest.java..
2026-09-13 16:01:35.806 | INFO     | metagpt.utils.file_repository:save:57 - save to: /home/zhaorz/project/CodeWM/CodeWM_ProWES_Logits/reproduct/units/p05_brick_breaker_game/java/replays/0001_seed_2697919693/p05_brick_breaker_game_java/p05_brick_breaker_game_java/src/test/java/MainTest.java
2026-09-13 16:01:35.809 | INFO     | metagpt.utils.file_repository:save:62 - update dependency: /home/zhaorz/project/CodeWM/CodeWM_ProWES_Logits/reproduct/units/p05_brick_breaker_game/java/replays/0001_seed_2697919693/p05_brick_breaker_game_java/p05_brick_breaker_game_java/src/test/java/MainTest.java:['docs/task/20260913154006.json', 'docs/system_design/20260913154006.json']
2026-09-13 16:01:35.810 | INFO     | metagpt.utils.file_repository:save:57 - save to: /home/zhaorz/project/CodeWM/CodeWM_ProWES_Logits/reproduct/units/p05_brick_breaker_game/java/replays/0001_seed_2697919693/p05_brick_breaker_game_java/p05_brick_breaker_game_java/MainTest_wm_detRes.txt
>> saved: src/src/test/java/MainTest.java
>> [manual] all WriteCode actions finished.
[replay-worker] p05_brick_breaker_game_java passed=True
[replay-worker] waiting for accepted seeds
[replay-worker] waiting for accepted seeds
[replay-worker] waiting for accepted seeds
[replay-worker] waiting for accepted seeds
[replay-worker] waiting for accepted seeds
[replay-worker] waiting for accepted seeds
[replay-worker] waiting for accepted seeds
[replay-worker] waiting for accepted seeds
[replay-worker] waiting for accepted seeds
[replay-worker] waiting for accepted seeds
[replay-worker] waiting for accepted seeds
[replay-worker] waiting for accepted seeds
[replay-worker] waiting for accepted seeds
[replay-worker] waiting for accepted seeds
[replay-worker] waiting for accepted seeds
[replay-worker] waiting for accepted seeds
[replay-worker] waiting for accepted seeds
[replay-worker] waiting for accepted seeds
[replay-worker] waiting for accepted seeds
[replay-worker] waiting for accepted seeds
[replay-worker] waiting for accepted seeds
[replay-worker] waiting for accepted seeds
[replay-worker] waiting for accepted seeds
[replay-worker] waiting for accepted seeds
[replay-worker] waiting for accepted seeds
[replay-worker] waiting for accepted seeds
[replay-worker] waiting for accepted seeds
[replay-worker] waiting for accepted seeds
[replay-worker] waiting for accepted seeds
[replay-worker] waiting for accepted seeds
[replay-worker] waiting for accepted seeds
[replay-worker] waiting for accepted seeds
[replay-worker] waiting for accepted seeds
[replay-worker] waiting for accepted seeds
[replay-worker] waiting for accepted seeds
[replay-worker] waiting for accepted seeds
[replay-worker] waiting for accepted seeds
[replay-worker] waiting for accepted seeds
[replay-worker] waiting for accepted seeds
[replay-worker] waiting for accepted seeds
[replay-worker] waiting for accepted seeds
[replay-worker] waiting for accepted seeds
[replay-worker] waiting for accepted seeds
[replay-worker] waiting for accepted seeds
[replay-worker] waiting for accepted seeds
[replay-worker] waiting for accepted seeds
[replay-worker] waiting for accepted seeds
[replay-worker] waiting for accepted seeds
[replay-worker] waiting for accepted seeds
[replay-worker] waiting for accepted seeds
[replay-worker] waiting for accepted seeds
[replay-worker] waiting for accepted seeds
[replay-worker] waiting for accepted seeds
[replay-worker] waiting for accepted seeds
[replay-worker] waiting for accepted seeds
[replay-worker] waiting for accepted seeds
[replay-worker] waiting for accepted seeds
[replay-worker] waiting for accepted seeds
[replay-worker] waiting for accepted seeds
[replay-worker] waiting for accepted seeds
[replay-worker] waiting for accepted seeds
[replay-worker] waiting for accepted seeds
[replay-worker] waiting for accepted seeds
[replay-worker] waiting for accepted seeds
[replay-worker] waiting for accepted seeds
[replay-worker] waiting for accepted seeds
[replay-worker] waiting for accepted seeds
[replay-worker] waiting for accepted seeds
[replay-worker] waiting for accepted seeds
[replay-worker] waiting for accepted seeds
[replay-worker] waiting for accepted seeds
[replay-worker] waiting for accepted seeds
[replay-worker] waiting for accepted seeds
[replay-worker] waiting for accepted seeds
[replay-worker] waiting for accepted seeds
[replay-worker] waiting for accepted seeds
[replay-worker] waiting for accepted seeds
[replay-worker] waiting for accepted seeds
[replay-worker] waiting for accepted seeds
[replay-worker] waiting for accepted seeds
[replay-worker] waiting for accepted seeds
[replay-worker] waiting for accepted seeds
[replay-worker] waiting for accepted seeds
[replay-worker] waiting for accepted seeds
[replay-worker] waiting for accepted seeds
[replay-worker] waiting for accepted seeds
[replay-worker] waiting for accepted seeds
[replay-worker] waiting for accepted seeds
[replay-worker] waiting for accepted seeds
[replay-worker] waiting for accepted seeds
[replay-worker] waiting for accepted seeds
[replay-worker] waiting for accepted seeds
[replay-worker] waiting for accepted seeds
[replay-worker] waiting for accepted seeds
[replay-worker] waiting for accepted seeds
[replay-worker] waiting for accepted seeds
[replay-worker] waiting for accepted seeds
[replay-worker] waiting for accepted seeds
[replay-worker] waiting for accepted seeds
[replay-worker] waiting for accepted seeds
[replay-worker] waiting for accepted seeds
[replay-worker] waiting for accepted seeds
[replay-worker] waiting for accepted seeds
[replay-worker] waiting for accepted seeds
[replay-worker] waiting for accepted seeds
[replay-worker] waiting for accepted seeds
[replay-worker] waiting for accepted seeds
[replay-worker] waiting for accepted seeds
[replay-worker] waiting for accepted seeds
[replay-worker] waiting for accepted seeds
[replay-worker] waiting for accepted seeds
[replay-worker] waiting for accepted seeds
[replay-worker] waiting for accepted seeds
[replay-worker] waiting for accepted seeds
[replay-worker] waiting for accepted seeds
[replay-worker] waiting for accepted seeds
[replay-worker] waiting for accepted seeds
[replay-worker] waiting for accepted seeds
[replay-worker] waiting for accepted seeds
[replay-worker] waiting for accepted seeds
[replay-worker] waiting for accepted seeds
[replay-worker] waiting for accepted seeds
[replay-worker] waiting for accepted seeds
[replay-worker] waiting for accepted seeds
[replay-worker] waiting for accepted seeds
[replay-worker] waiting for accepted seeds
[replay-worker] waiting for accepted seeds
[replay-worker] waiting for accepted seeds
[replay-worker] waiting for accepted seeds
[replay-worker] waiting for accepted seeds
[replay-worker] waiting for accepted seeds
[replay-worker] waiting for accepted seeds
[replay-worker] waiting for accepted seeds
[replay-worker] waiting for accepted seeds
[replay-worker] waiting for accepted seeds
[replay-worker] waiting for accepted seeds
[replay-worker] waiting for accepted seeds
[replay-worker] waiting for accepted seeds
[replay-worker] waiting for accepted seeds
[replay-worker] waiting for accepted seeds
[replay-worker] waiting for accepted seeds
[replay-worker] waiting for accepted seeds
[replay-worker] waiting for accepted seeds
[replay-worker] waiting for accepted seeds
[replay-worker] waiting for accepted seeds
[replay-worker] waiting for accepted seeds
[replay-worker] waiting for accepted seeds
[replay-worker] waiting for accepted seeds
[replay-worker] waiting for accepted seeds
[replay-worker] waiting for accepted seeds
[replay-worker] waiting for accepted seeds
[replay-worker] waiting for accepted seeds
[replay-worker] waiting for accepted seeds
[replay-worker] waiting for accepted seeds
[replay-worker] waiting for accepted seeds
[replay-worker] waiting for accepted seeds
[replay-worker] waiting for accepted seeds
[replay-worker] waiting for accepted seeds
[replay-worker] waiting for accepted seeds
[replay-worker] waiting for accepted seeds
[replay-worker] waiting for accepted seeds
[replay-worker] waiting for accepted seeds
[replay-worker] waiting for accepted seeds
[replay-worker] waiting for accepted seeds
[replay-worker] waiting for accepted seeds
[replay-worker] waiting for accepted seeds
[replay-worker] waiting for accepted seeds
[replay-worker] waiting for accepted seeds
[replay-worker] waiting for accepted seeds
[replay-worker] waiting for accepted seeds
[replay-worker] waiting for accepted seeds
[replay-worker] waiting for accepted seeds
[replay-worker] waiting for accepted seeds
[replay-worker] waiting for accepted seeds
[replay-worker] waiting for accepted seeds
[replay-worker] waiting for accepted seeds
[replay-worker] waiting for accepted seeds
[replay-worker] waiting for accepted seeds
[replay-worker] waiting for accepted seeds
[replay-worker] waiting for accepted seeds
[replay-worker] waiting for accepted seeds
[replay-worker] waiting for accepted seeds
[replay-worker] waiting for accepted seeds
[replay-worker] waiting for accepted seeds
[replay-worker] waiting for accepted seeds
[replay-worker] waiting for accepted seeds
[replay-worker] waiting for accepted seeds
[replay-worker] waiting for accepted seeds
[replay-worker] waiting for accepted seeds
[replay-worker] waiting for accepted seeds
[replay-worker] waiting for accepted seeds
[replay-worker] waiting for accepted seeds
[replay-worker] waiting for accepted seeds
[replay-worker] waiting for accepted seeds
[replay-worker] waiting for accepted seeds
[replay-worker] waiting for accepted seeds
[replay-worker] waiting for accepted seeds
[replay-worker] waiting for accepted seeds
[replay-worker] waiting for accepted seeds
[replay-worker] waiting for accepted seeds
[replay-worker] waiting for accepted seeds
[replay-worker] waiting for accepted seeds
[replay-worker] waiting for accepted seeds
[replay-worker] waiting for accepted seeds
[replay-worker] waiting for accepted seeds
[replay-worker] waiting for accepted seeds
[replay-worker] waiting for accepted seeds
[replay-worker] waiting for accepted seeds
[replay-worker] waiting for accepted seeds
[replay-worker] waiting for accepted seeds
[replay-worker] waiting for accepted seeds
[replay-worker] waiting for accepted seeds
[replay-worker] waiting for accepted seeds
[replay-worker] waiting for accepted seeds
[replay-worker] waiting for accepted seeds
[replay-worker] waiting for accepted seeds
[replay-worker] waiting for accepted seeds
[replay-worker] waiting for accepted seeds
[replay-worker] waiting for accepted seeds
[replay-worker] waiting for accepted seeds
[replay-worker] waiting for accepted seeds
[replay-worker] waiting for accepted seeds
[replay-worker] waiting for accepted seeds
[replay-worker] waiting for accepted seeds
[replay-worker] waiting for accepted seeds
[replay-worker] waiting for accepted seeds
[replay-worker] waiting for accepted seeds
[replay-worker] waiting for accepted seeds
[replay-worker] waiting for accepted seeds
[replay-worker] waiting for accepted seeds
[replay-worker] waiting for accepted seeds
[replay-worker] waiting for accepted seeds
[replay-worker] waiting for accepted seeds
[replay-worker] waiting for accepted seeds
[replay-worker] waiting for accepted seeds
[replay-worker] waiting for accepted seeds
[replay-worker] waiting for accepted seeds
[replay-worker] waiting for accepted seeds
[replay-worker] waiting for accepted seeds
[replay-worker] waiting for accepted seeds
[replay-worker] waiting for accepted seeds
[replay-worker] waiting for accepted seeds
[replay-worker] waiting for accepted seeds
[replay-worker] waiting for accepted seeds
[replay-worker] waiting for accepted seeds
[replay-worker] waiting for accepted seeds
[replay-worker] waiting for accepted seeds
[replay-worker] waiting for accepted seeds
[replay-worker] waiting for accepted seeds
[replay-worker] waiting for accepted seeds
[replay-worker] waiting for accepted seeds
[replay-worker] waiting for accepted seeds
[replay-worker] waiting for accepted seeds
[replay-worker] waiting for accepted seeds
[replay-worker] waiting for accepted seeds
[replay-worker] waiting for accepted seeds
[replay-worker] waiting for accepted seeds
[replay-worker] waiting for accepted seeds
[replay-worker] waiting for accepted seeds
[replay-worker] waiting for accepted seeds
[replay-worker] waiting for accepted seeds
[replay-worker] waiting for accepted seeds
[replay-worker] waiting for accepted seeds
[replay-worker] waiting for accepted seeds
[replay-worker] waiting for accepted seeds
[replay-worker] waiting for accepted seeds
[replay-worker] waiting for accepted seeds
[replay-worker] waiting for accepted seeds
[replay-worker] waiting for accepted seeds
[replay-worker] waiting for accepted seeds
[replay-worker] waiting for accepted seeds
[replay-worker] waiting for accepted seeds
[replay-worker] waiting for accepted seeds
[replay-worker] waiting for accepted seeds
[replay-worker] waiting for accepted seeds
[replay-worker] waiting for accepted seeds
[replay-worker] waiting for accepted seeds
[replay-worker] waiting for accepted seeds
[replay-worker] waiting for accepted seeds
[replay-worker] waiting for accepted seeds
[replay-worker] waiting for accepted seeds
[replay-worker] waiting for accepted seeds
[replay-worker] waiting for accepted seeds
[replay-worker] waiting for accepted seeds
[replay-worker] waiting for accepted seeds
[replay-worker] waiting for accepted seeds
[replay-worker] waiting for accepted seeds
[replay-worker] waiting for accepted seeds
[replay-worker] waiting for accepted seeds
[replay-worker] waiting for accepted seeds
[replay-worker] waiting for accepted seeds
[replay-worker] waiting for accepted seeds
[replay-worker] waiting for accepted seeds
[replay-worker] waiting for accepted seeds
[replay-worker] waiting for accepted seeds
[replay-worker] waiting for accepted seeds
[replay-worker] waiting for accepted seeds
[replay-worker] waiting for accepted seeds
[replay-worker] waiting for accepted seeds
[replay-worker] waiting for accepted seeds
[replay-worker] waiting for accepted seeds
[replay-worker] waiting for accepted seeds
[replay-worker] waiting for accepted seeds
[replay-worker] waiting for accepted seeds
[replay-worker] waiting for accepted seeds
[replay-worker] waiting for accepted seeds
[replay-worker] waiting for accepted seeds
[replay-worker] waiting for accepted seeds
[replay-worker] waiting for accepted seeds
[replay-worker] waiting for accepted seeds
[replay-worker] waiting for accepted seeds
[replay-worker] waiting for accepted seeds
[replay-worker] waiting for accepted seeds
[replay-worker] waiting for accepted seeds
[replay-worker] waiting for accepted seeds
[replay-worker] waiting for accepted seeds
[replay-worker] waiting for accepted seeds
[replay-worker] waiting for accepted seeds
[replay-worker] waiting for accepted seeds
[replay-worker] waiting for accepted seeds
[replay-worker] waiting for accepted seeds
[replay-worker] waiting for accepted seeds
[replay-worker] waiting for accepted seeds
[replay-worker] waiting for accepted seeds
[replay-worker] waiting for accepted seeds
[replay-worker] waiting for accepted seeds
[replay-worker] waiting for accepted seeds
[replay-worker] waiting for accepted seeds
[replay-worker] waiting for accepted seeds
[replay-worker] waiting for accepted seeds
[replay-worker] waiting for accepted seeds
[replay-worker] waiting for accepted seeds
[replay-worker] waiting for accepted seeds
[replay-worker] waiting for accepted seeds
[replay-worker] waiting for accepted seeds
[replay-worker] waiting for accepted seeds
[replay-worker] waiting for accepted seeds
[replay-worker] waiting for accepted seeds
[replay-worker] waiting for accepted seeds
[replay-worker] waiting for accepted seeds
[replay-worker] waiting for accepted seeds
[replay-worker] waiting for accepted seeds
[replay-worker] waiting for accepted seeds
[replay-worker] waiting for accepted seeds
[replay-worker] waiting for accepted seeds
[replay-worker] waiting for accepted seeds
[replay-worker] waiting for accepted seeds
[replay-worker] waiting for accepted seeds
[replay-worker] waiting for accepted seeds
[replay-worker] waiting for accepted seeds
[replay-worker] waiting for accepted seeds
[replay-worker] waiting for accepted seeds
[replay-worker] waiting for accepted seeds
[replay-worker] waiting for accepted seeds
[replay-worker] waiting for accepted seeds
[replay-worker] waiting for accepted seeds
[replay-worker] waiting for accepted seeds
[replay-worker] waiting for accepted seeds
[replay-worker] waiting for accepted seeds
[replay-worker] waiting for accepted seeds
[replay-worker] waiting for accepted seeds
[replay-worker] waiting for accepted seeds
[replay-worker] waiting for accepted seeds
[replay-worker] waiting for accepted seeds
[replay-worker] waiting for accepted seeds
[replay-worker] waiting for accepted seeds
[replay-worker] waiting for accepted seeds
[replay-worker] waiting for accepted seeds
[replay-worker] waiting for accepted seeds
[replay-worker] waiting for accepted seeds
[replay-worker] waiting for accepted seeds
[replay-worker] waiting for accepted seeds
[replay-worker] waiting for accepted seeds
[replay-worker] waiting for accepted seeds
[replay-worker] waiting for accepted seeds
[replay-worker] waiting for accepted seeds
[replay-worker] waiting for accepted seeds
[replay-worker] waiting for accepted seeds
[replay-worker] waiting for accepted seeds
[replay-worker] waiting for accepted seeds
[replay-worker] waiting for accepted seeds
[replay-worker] waiting for accepted seeds
[replay-worker] waiting for accepted seeds
[replay-worker] waiting for accepted seeds
[replay-worker] waiting for accepted seeds
[replay-worker] waiting for accepted seeds
[replay-worker] waiting for accepted seeds
[replay-worker] waiting for accepted seeds
[replay-worker] waiting for accepted seeds
[replay-worker] waiting for accepted seeds
[replay-worker] waiting for accepted seeds
[replay-worker] waiting for accepted seeds
[replay-worker] waiting for accepted seeds
[replay-worker] waiting for accepted seeds
[replay-worker] waiting for accepted seeds
[replay-worker] waiting for accepted seeds
[replay-worker] waiting for accepted seeds
[replay-worker] waiting for accepted seeds
[replay-worker] waiting for accepted seeds
[replay-worker] waiting for accepted seeds
[replay-worker] waiting for accepted seeds
[replay-worker] waiting for accepted seeds
[replay-worker] waiting for accepted seeds
[replay-worker] waiting for accepted seeds
[replay-worker] waiting for accepted seeds
[replay-worker] waiting for accepted seeds
[replay-worker] waiting for accepted seeds
[replay-worker] waiting for accepted seeds
[replay-worker] waiting for accepted seeds
[replay-worker] waiting for accepted seeds
[replay-worker] waiting for accepted seeds
[replay-worker] waiting for accepted seeds
[replay-worker] waiting for accepted seeds
[replay-worker] waiting for accepted seeds
[replay-worker] waiting for accepted seeds
[replay-worker] waiting for accepted seeds
[replay-worker] waiting for accepted seeds
[replay-worker] waiting for accepted seeds
[replay-worker] waiting for accepted seeds
[replay-worker] waiting for accepted seeds
[replay-worker] waiting for accepted seeds
[replay-worker] waiting for accepted seeds
[replay-worker] waiting for accepted seeds
[replay-worker] waiting for accepted seeds
[replay-worker] waiting for accepted seeds
[replay-worker] waiting for accepted seeds
[replay-worker] waiting for accepted seeds
[replay-worker] waiting for accepted seeds
[replay-worker] waiting for accepted seeds
[replay-worker] waiting for accepted seeds
[replay-worker] waiting for accepted seeds
[replay-worker] waiting for accepted seeds
[replay-worker] waiting for accepted seeds
[replay-worker] waiting for accepted seeds
[replay-worker] waiting for accepted seeds
[replay-worker] waiting for accepted seeds
[replay-worker] waiting for accepted seeds
[replay-worker] waiting for accepted seeds
[replay-worker] waiting for accepted seeds
[replay-worker] waiting for accepted seeds
[replay-worker] waiting for accepted seeds
[replay-worker] waiting for accepted seeds
[replay-worker] waiting for accepted seeds
[replay-worker] waiting for accepted seeds
[replay-worker] waiting for accepted seeds
[replay-worker] waiting for accepted seeds
[replay-worker] waiting for accepted seeds
[replay-worker] waiting for accepted seeds
[replay-worker] waiting for accepted seeds
[replay-worker] waiting for accepted seeds
[replay-worker] waiting for accepted seeds
[replay-worker] waiting for accepted seeds
[replay-worker] waiting for accepted seeds
[replay-worker] waiting for accepted seeds
[replay-worker] waiting for accepted seeds
[replay-worker] waiting for accepted seeds
[replay-worker] waiting for accepted seeds
[replay-worker] waiting for accepted seeds
[replay-worker] waiting for accepted seeds
[replay-worker] waiting for accepted seeds
[replay-worker] waiting for accepted seeds
[replay-worker] waiting for accepted seeds
[replay-worker] waiting for accepted seeds
[replay-worker] waiting for accepted seeds
[replay-worker] waiting for accepted seeds
[replay-worker] waiting for accepted seeds
[replay-worker] waiting for accepted seeds
[replay-worker] waiting for accepted seeds
[replay-worker] waiting for accepted seeds
[replay-worker] waiting for accepted seeds
[replay-worker] waiting for accepted seeds
[replay-worker] waiting for accepted seeds
[replay-worker] waiting for accepted seeds
[replay-worker] waiting for accepted seeds
[replay-worker] waiting for accepted seeds
[replay-worker] waiting for accepted seeds
[replay-worker] waiting for accepted seeds
[replay-worker] waiting for accepted seeds
[replay-worker] waiting for accepted seeds
[replay-worker] waiting for accepted seeds
[replay-worker] waiting for accepted seeds
[replay-worker] waiting for accepted seeds
[replay-worker] waiting for accepted seeds
[replay-worker] waiting for accepted seeds
[replay-worker] waiting for accepted seeds
[replay-worker] waiting for accepted seeds
[replay-worker] waiting for accepted seeds
[replay-worker] waiting for accepted seeds
[replay-worker] waiting for accepted seeds
[replay-worker] waiting for accepted seeds
[replay-worker] waiting for accepted seeds
[replay-worker] waiting for accepted seeds
[replay-worker] waiting for accepted seeds
[replay-worker] waiting for accepted seeds
[replay-worker] waiting for accepted seeds
[replay-worker] waiting for accepted seeds
[replay-worker] waiting for accepted seeds
[replay-worker] waiting for accepted seeds
[replay-worker] waiting for accepted seeds
[replay-worker] waiting for accepted seeds
[replay-worker] waiting for accepted seeds
[replay-worker] waiting for accepted seeds
[replay-worker] waiting for accepted seeds
[replay-worker] waiting for accepted seeds
[replay-worker] waiting for accepted seeds
[replay-worker] waiting for accepted seeds
[replay-worker] waiting for accepted seeds
[replay-worker] waiting for accepted seeds
[replay-worker] waiting for accepted seeds
[replay-worker] waiting for accepted seeds
[replay-worker] waiting for accepted seeds
[replay-worker] waiting for accepted seeds
[replay-worker] waiting for accepted seeds
[replay-worker] waiting for accepted seeds
[replay-worker] waiting for accepted seeds
[replay-worker] waiting for accepted seeds
[replay-worker] waiting for accepted seeds
[replay-worker] waiting for accepted seeds
[replay-worker] waiting for accepted seeds
[replay-worker] waiting for accepted seeds
[replay-worker] waiting for accepted seeds
[replay-worker] waiting for accepted seeds
[replay-worker] waiting for accepted seeds
[replay-worker] waiting for accepted seeds
[replay-worker] waiting for accepted seeds
[replay-worker] waiting for accepted seeds
[replay-worker] waiting for accepted seeds
[replay-worker] waiting for accepted seeds
[replay-worker] waiting for accepted seeds
[replay-worker] waiting for accepted seeds
[replay-worker] waiting for accepted seeds
[replay-worker] waiting for accepted seeds
[replay-worker] waiting for accepted seeds
[replay-worker] waiting for accepted seeds
[replay-worker] waiting for accepted seeds
[replay-worker] waiting for accepted seeds
[replay-worker] waiting for accepted seeds
[replay-worker] waiting for accepted seeds
[replay-worker] waiting for accepted seeds
[replay-worker] waiting for accepted seeds
[replay-worker] waiting for accepted seeds
[replay-worker] waiting for accepted seeds
[replay-worker] waiting for accepted seeds
[replay-worker] waiting for accepted seeds
[replay-worker] waiting for accepted seeds
[replay-worker] waiting for accepted seeds
[replay-worker] waiting for accepted seeds
[replay-worker] waiting for accepted seeds
[replay-worker] waiting for accepted seeds
[replay-worker] waiting for accepted seeds
[replay-worker] waiting for accepted seeds
[replay-worker] waiting for accepted seeds
[replay-worker] waiting for accepted seeds
[replay-worker] waiting for accepted seeds
[replay-worker] waiting for accepted seeds
[replay-worker] waiting for accepted seeds
[replay-worker] waiting for accepted seeds
[replay-worker] waiting for accepted seeds
[replay-worker] waiting for accepted seeds
[replay-worker] waiting for accepted seeds
[replay-worker] waiting for accepted seeds
[replay-worker] waiting for accepted seeds
[replay-worker] waiting for accepted seeds
[replay-worker] waiting for accepted seeds
[replay-worker] waiting for accepted seeds
[replay-worker] waiting for accepted seeds
[replay-worker] waiting for accepted seeds
[replay-worker] waiting for accepted seeds
[replay-worker] waiting for accepted seeds
[replay-worker] waiting for accepted seeds
[replay-worker] waiting for accepted seeds
[replay-worker] waiting for accepted seeds
[replay-worker] waiting for accepted seeds
[replay-worker] waiting for accepted seeds
[replay-worker] waiting for accepted seeds
[replay-worker] waiting for accepted seeds
[replay-worker] waiting for accepted seeds
[replay-worker] waiting for accepted seeds
[replay-worker] waiting for accepted seeds
[replay-worker] waiting for accepted seeds
[replay-worker] waiting for accepted seeds
[replay-worker] waiting for accepted seeds
[replay-worker] waiting for accepted seeds
[replay-worker] waiting for accepted seeds
[replay-worker] waiting for accepted seeds
[replay-worker] waiting for accepted seeds
[replay-worker] waiting for accepted seeds
[replay-worker] waiting for accepted seeds
[replay-worker] waiting for accepted seeds
[replay-worker] waiting for accepted seeds
[replay-worker] waiting for accepted seeds
[replay-worker] waiting for accepted seeds
[replay-worker] waiting for accepted seeds
[replay-worker] waiting for accepted seeds
[replay-worker] waiting for accepted seeds
[replay-worker] waiting for accepted seeds
[replay-worker] waiting for accepted seeds
[replay-worker] waiting for accepted seeds
[replay-worker] waiting for accepted seeds
[replay-worker] waiting for accepted seeds
[replay-worker] waiting for accepted seeds
[replay-worker] waiting for accepted seeds
[replay-worker] waiting for accepted seeds
[replay-worker] waiting for accepted seeds
[replay-worker] waiting for accepted seeds
[replay-worker] waiting for accepted seeds
[replay-worker] waiting for accepted seeds
[replay-worker] waiting for accepted seeds
[replay-worker] waiting for accepted seeds
[replay-worker] waiting for accepted seeds
[replay-worker] waiting for accepted seeds
[replay-worker] waiting for accepted seeds
[replay-worker] waiting for accepted seeds
[replay-worker] waiting for accepted seeds
[replay-worker] waiting for accepted seeds
[replay-worker] waiting for accepted seeds
[replay-worker] waiting for accepted seeds
[replay-worker] waiting for accepted seeds
[replay-worker] waiting for accepted seeds
[replay-worker] waiting for accepted seeds
[replay-worker] waiting for accepted seeds
[replay-worker] waiting for accepted seeds
[replay-worker] waiting for accepted seeds
[replay-worker] waiting for accepted seeds
[replay-worker] waiting for accepted seeds
[replay-worker] waiting for accepted seeds
[replay-worker] waiting for accepted seeds
[replay-worker] waiting for accepted seeds
[replay-worker] waiting for accepted seeds
[replay-worker] waiting for accepted seeds
[replay-worker] waiting for accepted seeds
[replay-worker] waiting for accepted seeds
[replay-worker] waiting for accepted seeds
[replay-worker] waiting for accepted seeds
[replay-worker] waiting for accepted seeds
[replay-worker] waiting for accepted seeds
[replay-worker] waiting for accepted seeds
[replay-worker] waiting for accepted seeds
[replay-worker] waiting for accepted seeds
[replay-worker] waiting for accepted seeds
[replay-worker] waiting for accepted seeds
[replay-worker] waiting for accepted seeds
[replay-worker] waiting for accepted seeds
[replay-worker] waiting for accepted seeds
[replay-worker] waiting for accepted seeds
[replay-worker] waiting for accepted seeds
[replay-worker] waiting for accepted seeds
[replay-worker] waiting for accepted seeds
[replay-worker] waiting for accepted seeds
[replay-worker] waiting for accepted seeds
[replay-worker] waiting for accepted seeds
[replay-worker] waiting for accepted seeds
[replay-worker] waiting for accepted seeds
[replay-worker] waiting for accepted seeds
[replay-worker] waiting for accepted seeds
[replay-worker] waiting for accepted seeds
[replay-worker] waiting for accepted seeds
[replay-worker] waiting for accepted seeds
[replay-worker] waiting for accepted seeds
[replay-worker] waiting for accepted seeds
[replay-worker] waiting for accepted seeds
[replay-worker] waiting for accepted seeds
[replay-worker] waiting for accepted seeds
[replay-worker] waiting for accepted seeds
[replay-worker] waiting for accepted seeds
[replay-worker] waiting for accepted seeds
[replay-worker] waiting for accepted seeds
[replay-worker] waiting for accepted seeds
[replay-worker] waiting for accepted seeds
[replay-worker] waiting for accepted seeds
[replay-worker] waiting for accepted seeds
[replay-worker] waiting for accepted seeds
[replay-worker] waiting for accepted seeds
[replay-worker] waiting for accepted seeds
[replay-worker] waiting for accepted seeds
[replay-worker] waiting for accepted seeds
[replay-worker] waiting for accepted seeds
[replay-worker] waiting for accepted seeds
[replay-worker] waiting for accepted seeds
[replay-worker] waiting for accepted seeds
[replay-worker] waiting for accepted seeds
[replay-worker] waiting for accepted seeds
[replay-worker] waiting for accepted seeds
[replay-worker] waiting for accepted seeds
[replay-worker] waiting for accepted seeds
[replay-worker] waiting for accepted seeds
[replay-worker] waiting for accepted seeds
[replay-worker] waiting for accepted seeds
[replay-worker] waiting for accepted seeds
[replay-worker] waiting for accepted seeds
[replay-worker] waiting for accepted seeds
[replay-worker] waiting for accepted seeds
[replay-worker] waiting for accepted seeds
[replay-worker] waiting for accepted seeds
[replay-worker] waiting for accepted seeds
[replay-worker] waiting for accepted seeds
[replay-worker] waiting for accepted seeds
[replay-worker] waiting for accepted seeds
[replay-worker] waiting for accepted seeds
[replay-worker] waiting for accepted seeds
[replay-worker] waiting for accepted seeds
[replay-worker] waiting for accepted seeds
[replay-worker] waiting for accepted seeds
[replay-worker] waiting for accepted seeds
[replay-worker] waiting for accepted seeds
[replay-worker] waiting for accepted seeds
[replay-worker] waiting for accepted seeds
[replay-worker] waiting for accepted seeds
[replay-worker] waiting for accepted seeds
[replay-worker] waiting for accepted seeds
[replay-worker] waiting for accepted seeds
[replay-worker] waiting for accepted seeds
[replay-worker] waiting for accepted seeds
[replay-worker] waiting for accepted seeds
[replay-worker] waiting for accepted seeds
[replay-worker] waiting for accepted seeds
[replay-worker] waiting for accepted seeds
[replay-worker] waiting for accepted seeds
[replay-worker] waiting for accepted seeds
[replay-worker] waiting for accepted seeds
[replay-worker] waiting for accepted seeds
[replay-worker] waiting for accepted seeds
[replay-worker] waiting for accepted seeds
[replay-worker] waiting for accepted seeds
[replay-worker] waiting for accepted seeds
[replay-worker] waiting for accepted seeds
[replay-worker] waiting for accepted seeds
[replay-worker] waiting for accepted seeds
[replay-worker] waiting for accepted seeds
[replay-worker] waiting for accepted seeds
[replay-worker] waiting for accepted seeds
[replay-worker] waiting for accepted seeds
[replay-worker] waiting for accepted seeds
[replay-worker] waiting for accepted seeds
[replay-worker] waiting for accepted seeds
[replay-worker] waiting for accepted seeds
[replay-worker] waiting for accepted seeds
[replay-worker] waiting for accepted seeds
[replay-worker] waiting for accepted seeds
[replay-worker] waiting for accepted seeds
[replay-worker] waiting for accepted seeds
[replay-worker] waiting for accepted seeds
[replay-worker] waiting for accepted seeds
[replay-worker] waiting for accepted seeds
[replay-worker] waiting for accepted seeds
[replay-worker] waiting for accepted seeds
[replay-worker] waiting for accepted seeds
[replay-worker] waiting for accepted seeds
[replay-worker] waiting for accepted seeds
[replay-worker] waiting for accepted seeds
[replay-worker] waiting for accepted seeds
[replay-worker] waiting for accepted seeds
[replay-worker] waiting for accepted seeds
[replay-worker] waiting for accepted seeds
[replay-worker] waiting for accepted seeds
[replay-worker] waiting for accepted seeds
[replay-worker] waiting for accepted seeds
[replay-worker] waiting for accepted seeds
[replay-worker] waiting for accepted seeds
[replay-worker] waiting for accepted seeds
[replay-worker] waiting for accepted seeds
[replay-worker] waiting for accepted seeds
[replay-worker] waiting for accepted seeds
[replay-worker] waiting for accepted seeds
[replay-worker] waiting for accepted seeds
[replay-worker] waiting for accepted seeds
[replay-worker] waiting for accepted seeds
[replay-worker] waiting for accepted seeds
[replay-worker] waiting for accepted seeds
[replay-worker] waiting for accepted seeds
[replay-worker] waiting for accepted seeds
[replay-worker] waiting for accepted seeds
[replay-worker] waiting for accepted seeds
[replay-worker] waiting for accepted seeds
[replay-worker] waiting for accepted seeds
[replay-worker] waiting for accepted seeds
[replay-worker] waiting for accepted seeds
[replay-worker] waiting for accepted seeds
[replay-worker] waiting for accepted seeds
[replay-worker] waiting for accepted seeds
[replay-worker] waiting for accepted seeds
[replay-worker] waiting for accepted seeds
[replay-worker] waiting for accepted seeds
[replay-worker] waiting for accepted seeds
[replay-worker] waiting for accepted seeds
[replay-worker] waiting for accepted seeds
[replay-worker] waiting for accepted seeds
[replay-worker] waiting for accepted seeds
[replay-worker] waiting for accepted seeds
[replay-worker] waiting for accepted seeds
[replay-worker] waiting for accepted seeds
[replay-worker] waiting for accepted seeds
[replay-worker] waiting for accepted seeds
[replay-worker] waiting for accepted seeds
[replay-worker] waiting for accepted seeds
[replay-worker] waiting for accepted seeds
[replay-worker] waiting for accepted seeds
[replay-worker] waiting for accepted seeds
[replay-worker] waiting for accepted seeds
[replay-worker] waiting for accepted seeds
[replay-worker] waiting for accepted seeds
[replay-worker] waiting for accepted seeds
[replay-worker] waiting for accepted seeds
[replay-worker] waiting for accepted seeds
[replay-worker] waiting for accepted seeds
[replay-worker] waiting for accepted seeds
[replay-worker] waiting for accepted seeds
[replay-worker] waiting for accepted seeds
[replay-worker] waiting for accepted seeds
[replay-worker] waiting for accepted seeds
[replay-worker] waiting for accepted seeds
[replay-worker] waiting for accepted seeds
[replay-worker] waiting for accepted seeds
[replay-worker] waiting for accepted seeds
[replay-worker] waiting for accepted seeds
[replay-worker] waiting for accepted seeds
[replay-worker] waiting for accepted seeds
[replay-worker] waiting for accepted seeds
[replay-worker] waiting for accepted seeds
[replay-worker] waiting for accepted seeds
[replay-worker] waiting for accepted seeds
[replay-worker] waiting for accepted seeds
[replay-worker] waiting for accepted seeds
[replay-worker] waiting for accepted seeds
[replay-worker] waiting for accepted seeds
[replay-worker] waiting for accepted seeds
[replay-worker] waiting for accepted seeds
[replay-worker] waiting for accepted seeds
[replay-worker] waiting for accepted seeds
[replay-worker] waiting for accepted seeds
[replay-worker] waiting for accepted seeds
[replay-worker] waiting for accepted seeds
[replay-worker] waiting for accepted seeds
[replay-worker] waiting for accepted seeds
[replay-worker] waiting for accepted seeds
[replay-worker] waiting for accepted seeds
[replay-worker] waiting for accepted seeds
[replay-worker] waiting for accepted seeds
[replay-worker] waiting for accepted seeds
[replay-worker] waiting for accepted seeds
[replay-worker] waiting for accepted seeds
[replay-worker] waiting for accepted seeds
[replay-worker] waiting for accepted seeds
[replay-worker] waiting for accepted seeds
[replay-worker] waiting for accepted seeds
[replay-worker] waiting for accepted seeds
[replay-worker] waiting for accepted seeds
[replay-worker] waiting for accepted seeds
[replay-worker] waiting for accepted seeds
[replay-worker] waiting for accepted seeds
[replay-worker] waiting for accepted seeds
[replay-worker] waiting for accepted seeds
[replay-worker] waiting for accepted seeds
[replay-worker] waiting for accepted seeds
[replay-worker] waiting for accepted seeds
[replay-worker] waiting for accepted seeds
[replay-worker] waiting for accepted seeds
[replay-worker] waiting for accepted seeds
[replay-worker] waiting for accepted seeds
[replay-worker] waiting for accepted seeds
[replay-worker] waiting for accepted seeds
[replay-worker] waiting for accepted seeds
[replay-worker] waiting for accepted seeds
[replay-worker] waiting for accepted seeds
[replay-worker] waiting for accepted seeds
[replay-worker] waiting for accepted seeds
[replay-worker] waiting for accepted seeds
[replay-worker] waiting for accepted seeds
[replay-worker] waiting for accepted seeds
[replay-worker] waiting for accepted seeds
[replay-worker] waiting for accepted seeds
[replay-worker] waiting for accepted seeds
[replay-worker] waiting for accepted seeds
[replay-worker] waiting for accepted seeds
[replay-worker] waiting for accepted seeds
[replay-worker] waiting for accepted seeds
[replay-worker] waiting for accepted seeds
[replay-worker] waiting for accepted seeds
[replay-worker] waiting for accepted seeds
[replay-worker] waiting for accepted seeds
[replay-worker] waiting for accepted seeds
[replay-worker] waiting for accepted seeds
[replay-worker] waiting for accepted seeds
[replay-worker] waiting for accepted seeds
[replay-worker] waiting for accepted seeds
[replay-worker] waiting for accepted seeds
[replay-worker] waiting for accepted seeds
[replay-worker] waiting for accepted seeds
[replay-worker] waiting for accepted seeds
[replay-worker] waiting for accepted seeds
[replay-worker] waiting for accepted seeds
[replay-worker] waiting for accepted seeds
[replay-worker] waiting for accepted seeds
[replay-worker] waiting for accepted seeds
[replay-worker] waiting for accepted seeds
[replay-worker] waiting for accepted seeds
[replay-worker] waiting for accepted seeds
[replay-worker] waiting for accepted seeds
[replay-worker] waiting for accepted seeds
[replay-worker] waiting for accepted seeds
[replay-worker] waiting for accepted seeds
[replay-worker] waiting for accepted seeds
[replay-worker] waiting for accepted seeds
[replay-worker] waiting for accepted seeds
[replay-worker] waiting for accepted seeds
[replay-worker] waiting for accepted seeds
[replay-worker] waiting for accepted seeds
[replay-worker] waiting for accepted seeds
[replay-worker] waiting for accepted seeds
[replay-worker] waiting for accepted seeds
[replay-worker] waiting for accepted seeds
[replay-worker] waiting for accepted seeds
[replay-worker] waiting for accepted seeds
[replay-worker] waiting for accepted seeds
[replay-worker] waiting for accepted seeds
[replay-worker] waiting for accepted seeds
[replay-worker] waiting for accepted seeds
[replay-worker] waiting for accepted seeds
[replay-worker] waiting for accepted seeds
[replay-worker] waiting for accepted seeds
[replay-worker] waiting for accepted seeds
[replay-worker] waiting for accepted seeds
[replay-worker] waiting for accepted seeds
[replay-worker] waiting for accepted seeds
[replay-worker] waiting for accepted seeds
[replay-worker] waiting for accepted seeds
[replay-worker] waiting for accepted seeds
[replay-worker] waiting for accepted seeds
[replay-worker] waiting for accepted seeds
[replay-worker] waiting for accepted seeds
[replay-worker] waiting for accepted seeds
[replay-worker] waiting for accepted seeds
[replay-worker] waiting for accepted seeds
[replay-worker] waiting for accepted seeds
[replay-worker] waiting for accepted seeds
[replay-worker] waiting for accepted seeds
[replay-worker] waiting for accepted seeds
[replay-worker] waiting for accepted seeds
[replay-worker] waiting for accepted seeds
[replay-worker] waiting for accepted seeds
[replay-worker] waiting for accepted seeds
[replay-worker] waiting for accepted seeds
[replay-worker] waiting for accepted seeds
[replay-worker] waiting for accepted seeds
[replay-worker] waiting for accepted seeds
[replay-worker] waiting for accepted seeds
[replay-worker] waiting for accepted seeds
[replay-worker] waiting for accepted seeds
[replay-worker] waiting for accepted seeds
[replay-worker] waiting for accepted seeds
[replay-worker] waiting for accepted seeds
[replay-worker] waiting for accepted seeds
[replay-worker] waiting for accepted seeds
[replay-worker] waiting for accepted seeds
[replay-worker] waiting for accepted seeds
[replay-worker] waiting for accepted seeds
[replay-worker] waiting for accepted seeds
[replay-worker] waiting for accepted seeds
[replay-worker] waiting for accepted seeds
[replay-worker] waiting for accepted seeds
[replay-worker] waiting for accepted seeds
[replay-worker] waiting for accepted seeds
[replay-worker] waiting for accepted seeds
[replay-worker] waiting for accepted seeds
[replay-worker] waiting for accepted seeds
[replay-worker] waiting for accepted seeds
[replay-worker] waiting for accepted seeds
[replay-worker] waiting for accepted seeds
[replay-worker] waiting for accepted seeds
[replay-worker] waiting for accepted seeds
[replay-worker] waiting for accepted seeds
[replay-worker] waiting for accepted seeds
[replay-worker] waiting for accepted seeds
[replay-worker] waiting for accepted seeds
[replay-worker] waiting for accepted seeds
[replay-worker] waiting for accepted seeds
[replay-worker] waiting for accepted seeds
[replay-worker] waiting for accepted seeds
[replay-worker] waiting for accepted seeds
[replay-worker] waiting for accepted seeds
[replay-worker] waiting for accepted seeds
[replay-worker] waiting for accepted seeds
[replay-worker] waiting for accepted seeds
[replay-worker] waiting for accepted seeds
[replay-worker] waiting for accepted seeds
[replay-worker] waiting for accepted seeds
[replay-worker] waiting for accepted seeds
[replay-worker] waiting for accepted seeds
[replay-worker] waiting for accepted seeds
[replay-worker] waiting for accepted seeds
[replay-worker] waiting for accepted seeds
[replay-worker] waiting for accepted seeds
[replay-worker] waiting for accepted seeds
[replay-worker] waiting for accepted seeds
[replay-worker] waiting for accepted seeds
[replay-worker] waiting for accepted seeds
[replay-worker] waiting for accepted seeds
[replay-worker] waiting for accepted seeds
[replay-worker] waiting for accepted seeds
[replay-worker] waiting for accepted seeds
[replay-worker] waiting for accepted seeds
[replay-worker] waiting for accepted seeds
[replay-worker] waiting for accepted seeds
[replay-worker] waiting for accepted seeds
[replay-worker] waiting for accepted seeds
[replay-worker] waiting for accepted seeds
[replay-worker] waiting for accepted seeds
[replay-worker] waiting for accepted seeds
[replay-worker] waiting for accepted seeds
[replay-worker] waiting for accepted seeds
[replay-worker] waiting for accepted seeds
[replay-worker] waiting for accepted seeds
[replay-worker] waiting for accepted seeds
[replay-worker] waiting for accepted seeds
[replay-worker] waiting for accepted seeds
[replay-worker] waiting for accepted seeds
[replay-worker] waiting for accepted seeds
[replay-worker] waiting for accepted seeds
[replay-worker] waiting for accepted seeds
[replay-worker] waiting for accepted seeds
[replay-worker] waiting for accepted seeds
[replay-worker] waiting for accepted seeds
[replay-worker] waiting for accepted seeds
[replay-worker] waiting for accepted seeds
[replay-worker] waiting for accepted seeds
[replay-worker] waiting for accepted seeds
[replay-worker] waiting for accepted seeds
[replay-worker] waiting for accepted seeds
[replay-worker] waiting for accepted seeds
[replay-worker] waiting for accepted seeds
[replay-worker] waiting for accepted seeds
[replay-worker] waiting for accepted seeds
[replay-worker] waiting for accepted seeds
[replay-worker] waiting for accepted seeds
[replay-worker] waiting for accepted seeds
[replay-worker] waiting for accepted seeds
[replay-worker] waiting for accepted seeds
[replay-worker] waiting for accepted seeds
[replay-worker] waiting for accepted seeds
[replay-worker] waiting for accepted seeds
[replay-worker] waiting for accepted seeds
[replay-worker] waiting for accepted seeds
[replay-worker] waiting for accepted seeds
[replay-worker] waiting for accepted seeds
[replay-worker] waiting for accepted seeds
[replay-worker] waiting for accepted seeds
[replay-worker] waiting for accepted seeds
[replay-worker] waiting for accepted seeds
[replay-worker] waiting for accepted seeds
[replay-worker] waiting for accepted seeds
[replay-worker] waiting for accepted seeds
[replay-worker] waiting for accepted seeds
[replay-worker] waiting for accepted seeds
[replay-worker] waiting for accepted seeds
[replay-worker] waiting for accepted seeds
[replay-worker] waiting for accepted seeds
[replay-worker] waiting for accepted seeds
[replay-worker] waiting for accepted seeds
[replay-worker] waiting for accepted seeds
[replay-worker] waiting for accepted seeds
[replay-worker] waiting for accepted seeds
[replay-worker] waiting for accepted seeds
[replay-worker] waiting for accepted seeds
[replay-worker] waiting for accepted seeds
[replay-worker] waiting for accepted seeds
[replay-worker] waiting for accepted seeds
[replay-worker] waiting for accepted seeds
[replay-worker] waiting for accepted seeds
[replay-worker] waiting for accepted seeds
[replay-worker] waiting for accepted seeds
[replay-worker] waiting for accepted seeds
[replay-worker] waiting for accepted seeds
[replay-worker] waiting for accepted seeds
[replay-worker] waiting for accepted seeds
[replay-worker] waiting for accepted seeds
[replay-worker] waiting for accepted seeds
[replay-worker] waiting for accepted seeds
[replay-worker] waiting for accepted seeds
[replay-worker] waiting for accepted seeds
[replay-worker] waiting for accepted seeds
[replay-worker] waiting for accepted seeds
[replay-worker] waiting for accepted seeds
[replay-worker] waiting for accepted seeds
[replay-worker] waiting for accepted seeds
[replay-worker] waiting for accepted seeds
[replay-worker] waiting for accepted seeds
[replay-worker] waiting for accepted seeds
[replay-worker] waiting for accepted seeds
[replay-worker] waiting for accepted seeds
[replay-worker] waiting for accepted seeds
[replay-worker] waiting for accepted seeds
[replay-worker] waiting for accepted seeds
[replay-worker] waiting for accepted seeds
[replay-worker] waiting for accepted seeds
[replay-worker] waiting for accepted seeds
[replay-worker] waiting for accepted seeds
[replay-worker] waiting for accepted seeds
[replay-worker] waiting for accepted seeds
[replay-worker] waiting for accepted seeds
[replay-worker] waiting for accepted seeds
[replay-worker] waiting for accepted seeds
[replay-worker] waiting for accepted seeds
[replay-worker] waiting for accepted seeds
[replay-worker] waiting for accepted seeds
[replay-worker] waiting for accepted seeds
[replay-worker] waiting for accepted seeds
[replay-worker] waiting for accepted seeds
[replay-worker] waiting for accepted seeds
[replay-worker] waiting for accepted seeds
[replay-worker] waiting for accepted seeds
[replay-worker] waiting for accepted seeds
[replay-worker] waiting for accepted seeds
[replay-worker] waiting for accepted seeds
[replay-worker] waiting for accepted seeds
[replay-worker] waiting for accepted seeds
[replay-worker] waiting for accepted seeds
[replay-worker] waiting for accepted seeds
[replay-worker] waiting for accepted seeds
[replay-worker] waiting for accepted seeds
[replay-worker] waiting for accepted seeds
[replay-worker] waiting for accepted seeds
[replay-worker] waiting for accepted seeds
[replay-worker] waiting for accepted seeds
[replay-worker] waiting for accepted seeds
[replay-worker] waiting for accepted seeds
[replay-worker] waiting for accepted seeds
[replay-worker] waiting for accepted seeds
[replay-worker] waiting for accepted seeds
[replay-worker] waiting for accepted seeds
[replay-worker] waiting for accepted seeds
[replay-worker] waiting for accepted seeds
[replay-worker] waiting for accepted seeds
[replay-worker] waiting for accepted seeds
[replay-worker] waiting for accepted seeds
[replay-worker] waiting for accepted seeds
[replay-worker] waiting for accepted seeds
[replay-worker] waiting for accepted seeds
[replay-worker] waiting for accepted seeds
[replay-worker] waiting for accepted seeds
[replay-worker] waiting for accepted seeds
[replay-worker] waiting for accepted seeds
[replay-worker] waiting for accepted seeds
[replay-worker] waiting for accepted seeds
[replay-worker] waiting for accepted seeds
[replay-worker] waiting for accepted seeds
[replay-worker] waiting for accepted seeds
[replay-worker] waiting for accepted seeds
[replay-worker] waiting for accepted seeds
[replay-worker] waiting for accepted seeds
[replay-worker] waiting for accepted seeds
[replay-worker] waiting for accepted seeds
[replay-worker] waiting for accepted seeds
[replay-worker] waiting for accepted seeds
[replay-worker] waiting for accepted seeds
[replay-worker] waiting for accepted seeds
[replay-worker] waiting for accepted seeds
[replay-worker] waiting for accepted seeds
[replay-worker] waiting for accepted seeds
[replay-worker] waiting for accepted seeds
[replay-worker] waiting for accepted seeds
[replay-worker] waiting for accepted seeds
[replay-worker] waiting for accepted seeds
[replay-worker] waiting for accepted seeds
[replay-worker] waiting for accepted seeds
[replay-worker] waiting for accepted seeds
[replay-worker] waiting for accepted seeds
[replay-worker] waiting for accepted seeds
[replay-worker] waiting for accepted seeds
[replay-worker] waiting for accepted seeds
[replay-worker] waiting for accepted seeds
[replay-worker] waiting for accepted seeds
[replay-worker] waiting for accepted seeds
[replay-worker] waiting for accepted seeds
[replay-worker] waiting for accepted seeds
[replay-worker] waiting for accepted seeds
[replay-worker] waiting for accepted seeds
[replay-worker] waiting for accepted seeds
[replay-worker] waiting for accepted seeds
[replay-worker] waiting for accepted seeds
[replay-worker] waiting for accepted seeds
[replay-worker] waiting for accepted seeds
[replay-worker] waiting for accepted seeds
[replay-worker] waiting for accepted seeds
[replay-worker] waiting for accepted seeds
[replay-worker] waiting for accepted seeds
[replay-worker] waiting for accepted seeds
[replay-worker] waiting for accepted seeds
[replay-worker] waiting for accepted seeds
[replay-worker] waiting for accepted seeds
[replay-worker] waiting for accepted seeds
[replay-worker] waiting for accepted seeds
[replay-worker] waiting for accepted seeds
[replay-worker] waiting for accepted seeds
[replay-worker] waiting for accepted seeds
[replay-worker] waiting for accepted seeds
[replay-worker] waiting for accepted seeds
[replay-worker] waiting for accepted seeds
[replay-worker] waiting for accepted seeds
[replay-worker] waiting for accepted seeds
[replay-worker] waiting for accepted seeds
[replay-worker] waiting for accepted seeds
[replay-worker] waiting for accepted seeds
[replay-worker] waiting for accepted seeds
[replay-worker] waiting for accepted seeds
[replay-worker] waiting for accepted seeds
[replay-worker] waiting for accepted seeds
[replay-worker] waiting for accepted seeds
[replay-worker] waiting for accepted seeds
[replay-worker] waiting for accepted seeds
[replay-worker] waiting for accepted seeds
[replay-worker] waiting for accepted seeds
[replay-worker] waiting for accepted seeds
[replay-worker] waiting for accepted seeds
[replay-worker] waiting for accepted seeds
[replay-worker] waiting for accepted seeds
[replay-worker] waiting for accepted seeds
[replay-worker] waiting for accepted seeds
[replay-worker] waiting for accepted seeds
[replay-worker] waiting for accepted seeds
[replay-worker] waiting for accepted seeds
[replay-worker] waiting for accepted seeds
[replay-worker] waiting for accepted seeds
[replay-worker] waiting for accepted seeds
[replay-worker] waiting for accepted seeds
[replay-worker] waiting for accepted seeds
[replay-worker] waiting for accepted seeds
[replay-worker] waiting for accepted seeds
[replay-worker] waiting for accepted seeds
[replay-worker] waiting for accepted seeds
[replay-worker] waiting for accepted seeds
[replay-worker] waiting for accepted seeds
[replay-worker] waiting for accepted seeds
[replay-worker] waiting for accepted seeds
[replay-worker] waiting for accepted seeds
[replay-worker] waiting for accepted seeds
[replay-worker] waiting for accepted seeds
[replay-worker] waiting for accepted seeds
[replay-worker] waiting for accepted seeds
[replay-worker] waiting for accepted seeds
[replay-worker] waiting for accepted seeds
[replay-worker] waiting for accepted seeds
[replay-worker] waiting for accepted seeds
[replay-worker] waiting for accepted seeds
[replay-worker] waiting for accepted seeds
[replay-worker] waiting for accepted seeds
[replay-worker] waiting for accepted seeds
[replay-worker] waiting for accepted seeds
[replay-worker] waiting for accepted seeds
[replay-worker] waiting for accepted seeds
[replay-worker] waiting for accepted seeds
[replay-worker] waiting for accepted seeds
[replay-worker] waiting for accepted seeds
[replay-worker] waiting for accepted seeds
[replay-worker] waiting for accepted seeds
[replay-worker] waiting for accepted seeds
[replay-worker] waiting for accepted seeds
[replay-worker] waiting for accepted seeds
[replay-worker] waiting for accepted seeds
[replay-worker] waiting for accepted seeds
[replay-worker] waiting for accepted seeds
[replay-worker] waiting for accepted seeds
[replay-worker] waiting for accepted seeds
[replay-worker] waiting for accepted seeds
[replay-worker] waiting for accepted seeds
[replay-worker] waiting for accepted seeds
[replay-worker] waiting for accepted seeds
[replay-worker] waiting for accepted seeds
[replay-worker] waiting for accepted seeds
[replay-worker] waiting for accepted seeds
[replay-worker] waiting for accepted seeds
[replay-worker] waiting for accepted seeds
[replay-worker] waiting for accepted seeds
[replay-worker] waiting for accepted seeds
[replay-worker] waiting for accepted seeds
[replay-worker] waiting for accepted seeds
[replay-worker] waiting for accepted seeds
[replay-worker] waiting for accepted seeds
[replay-worker] waiting for accepted seeds
[replay-worker] waiting for accepted seeds
[replay-worker] waiting for accepted seeds
[replay-worker] waiting for accepted seeds
[replay-worker] waiting for accepted seeds
[replay-worker] waiting for accepted seeds
[replay-worker] waiting for accepted seeds
[replay-worker] waiting for accepted seeds
[replay-worker] waiting for accepted seeds
[replay-worker] waiting for accepted seeds
[replay-worker] waiting for accepted seeds
[replay-worker] waiting for accepted seeds
[replay-worker] waiting for accepted seeds
[replay-worker] waiting for accepted seeds
[replay-worker] waiting for accepted seeds
[replay-worker] waiting for accepted seeds
[replay-worker] waiting for accepted seeds
[replay-worker] waiting for accepted seeds
[replay-worker] waiting for accepted seeds
[replay-worker] waiting for accepted seeds
[replay-worker] waiting for accepted seeds
[replay-worker] waiting for accepted seeds
[replay-worker] waiting for accepted seeds
[replay-worker] waiting for accepted seeds
[replay-worker] waiting for accepted seeds
[replay-worker] waiting for accepted seeds
[replay-worker] waiting for accepted seeds
[replay-worker] waiting for accepted seeds
[replay-worker] waiting for accepted seeds
[replay-worker] waiting for accepted seeds
[replay-worker] waiting for accepted seeds
[replay-worker] waiting for accepted seeds
[replay-worker] waiting for accepted seeds
[replay-worker] waiting for accepted seeds
[replay-worker] waiting for accepted seeds
[replay-worker] waiting for accepted seeds
[replay-worker] waiting for accepted seeds
[replay-worker] waiting for accepted seeds
[replay-worker] waiting for accepted seeds
[replay-worker] waiting for accepted seeds
[replay-worker] waiting for accepted seeds
[replay-worker] waiting for accepted seeds
[replay-worker] waiting for accepted seeds
[replay-worker] waiting for accepted seeds
[replay-worker] waiting for accepted seeds
[replay-worker] waiting for accepted seeds
[replay-worker] waiting for accepted seeds
[replay-worker] waiting for accepted seeds
[replay-worker] waiting for accepted seeds
[replay-worker] waiting for accepted seeds
[replay-worker] waiting for accepted seeds
[replay-worker] waiting for accepted seeds
[replay-worker] waiting for accepted seeds
[replay-worker] waiting for accepted seeds
[replay-worker] waiting for accepted seeds
[replay-worker] waiting for accepted seeds
[replay-worker] waiting for accepted seeds
[replay-worker] waiting for accepted seeds
[replay-worker] waiting for accepted seeds
[replay-worker] waiting for accepted seeds
[replay-worker] waiting for accepted seeds
[replay-worker] waiting for accepted seeds
[replay-worker] waiting for accepted seeds
[replay-worker] waiting for accepted seeds
[replay-worker] waiting for accepted seeds
[replay-worker] waiting for accepted seeds
[replay-worker] waiting for accepted seeds
[replay-worker] waiting for accepted seeds
[replay-worker] waiting for accepted seeds
[replay-worker] waiting for accepted seeds
[replay-worker] waiting for accepted seeds
[replay-worker] waiting for accepted seeds
[replay-worker] waiting for accepted seeds
[replay-worker] waiting for accepted seeds
[replay-worker] waiting for accepted seeds
[replay-worker] waiting for accepted seeds
[replay-worker] waiting for accepted seeds
[replay-worker] waiting for accepted seeds
[replay-worker] waiting for accepted seeds
[replay-worker] waiting for accepted seeds
[replay-worker] waiting for accepted seeds
[replay-worker] waiting for accepted seeds
[replay-worker] waiting for accepted seeds
[replay-worker] waiting for accepted seeds
[replay-worker] waiting for accepted seeds
[replay-worker] waiting for accepted seeds
[replay-worker] waiting for accepted seeds
[replay-worker] waiting for accepted seeds
[replay-worker] waiting for accepted seeds
[replay-worker] waiting for accepted seeds
[replay-worker] waiting for accepted seeds
[replay-worker] waiting for accepted seeds
[replay-worker] waiting for accepted seeds
[replay-worker] waiting for accepted seeds
[replay-worker] waiting for accepted seeds
[replay-worker] waiting for accepted seeds
[replay-worker] waiting for accepted seeds
[replay-worker] waiting for accepted seeds
[replay-worker] waiting for accepted seeds
[replay-worker] waiting for accepted seeds
[replay-worker] waiting for accepted seeds
[replay-worker] waiting for accepted seeds
[replay-worker] waiting for accepted seeds
[replay-worker] waiting for accepted seeds
[replay-worker] waiting for accepted seeds
[replay-worker] waiting for accepted seeds
[replay-worker] waiting for accepted seeds
[replay-worker] waiting for accepted seeds
[replay-worker] waiting for accepted seeds
[replay-worker] waiting for accepted seeds
[replay-worker] waiting for accepted seeds
[replay-worker] waiting for accepted seeds
[replay-worker] waiting for accepted seeds
[replay-worker] waiting for accepted seeds
[replay-worker] waiting for accepted seeds
[replay-worker] waiting for accepted seeds
[replay-worker] waiting for accepted seeds
[replay-worker] waiting for accepted seeds
[replay-worker] waiting for accepted seeds
[replay-worker] waiting for accepted seeds
[replay-worker] waiting for accepted seeds
[replay-worker] waiting for accepted seeds
[replay-worker] waiting for accepted seeds
[replay-worker] waiting for accepted seeds
[replay-worker] waiting for accepted seeds
[replay-worker] waiting for accepted seeds
[replay-worker] waiting for accepted seeds
[replay-worker] waiting for accepted seeds
[replay-worker] waiting for accepted seeds
[replay-worker] waiting for accepted seeds
[replay-worker] waiting for accepted seeds
[replay-worker] waiting for accepted seeds
[replay-worker] waiting for accepted seeds
[replay-worker] waiting for accepted seeds
[replay-worker] waiting for accepted seeds
[replay-worker] waiting for accepted seeds
[replay-worker] waiting for accepted seeds
[replay-worker] waiting for accepted seeds
[replay-worker] waiting for accepted seeds
[replay-worker] waiting for accepted seeds
[replay-worker] waiting for accepted seeds
[replay-worker] waiting for accepted seeds
[replay-worker] waiting for accepted seeds
[replay-worker] waiting for accepted seeds
[replay-worker] waiting for accepted seeds
[replay-worker] waiting for accepted seeds
[replay-worker] waiting for accepted seeds
[replay-worker] waiting for accepted seeds
[replay-worker] waiting for accepted seeds
[replay-worker] waiting for accepted seeds
[replay-worker] waiting for accepted seeds
[replay-worker] waiting for accepted seeds
[replay-worker] waiting for accepted seeds
[replay-worker] waiting for accepted seeds
[replay-worker] waiting for accepted seeds
[replay-worker] waiting for accepted seeds
[replay-worker] waiting for accepted seeds
[replay-worker] waiting for accepted seeds
[replay-worker] waiting for accepted seeds
[replay-worker] waiting for accepted seeds
[replay-worker] waiting for accepted seeds
[replay-worker] waiting for accepted seeds
[replay-worker] waiting for accepted seeds
[replay-worker] waiting for accepted seeds
[replay-worker] waiting for accepted seeds
[replay-worker] waiting for accepted seeds
[replay-worker] waiting for accepted seeds
[replay-worker] waiting for accepted seeds
[replay-worker] waiting for accepted seeds
[replay-worker] waiting for accepted seeds
[replay-worker] waiting for accepted seeds
[replay-worker] waiting for accepted seeds
[replay-worker] waiting for accepted seeds
[replay-worker] waiting for accepted seeds
[replay-worker] waiting for accepted seeds
[replay-worker] waiting for accepted seeds
[replay-worker] waiting for accepted seeds
[replay-worker] waiting for accepted seeds
[replay-worker] waiting for accepted seeds
[replay-worker] waiting for accepted seeds
[replay-worker] waiting for accepted seeds
[replay-worker] waiting for accepted seeds
[replay-worker] waiting for accepted seeds
[replay-worker] waiting for accepted seeds
[replay-worker] waiting for accepted seeds
[replay-worker] waiting for accepted seeds
[replay-worker] waiting for accepted seeds
[replay-worker] waiting for accepted seeds
[replay-worker] waiting for accepted seeds
[replay-worker] waiting for accepted seeds
[replay-worker] waiting for accepted seeds
[replay-worker] waiting for accepted seeds
[replay-worker] waiting for accepted seeds
[replay-worker] waiting for accepted seeds
[replay-worker] waiting for accepted seeds
[replay-worker] waiting for accepted seeds
[replay-worker] waiting for accepted seeds
[replay-worker] waiting for accepted seeds
[replay-worker] waiting for accepted seeds
[replay-worker] waiting for accepted seeds
[replay-worker] waiting for accepted seeds
[replay-worker] waiting for accepted seeds
[replay-worker] waiting for accepted seeds
[replay-worker] waiting for accepted seeds
[replay-worker] waiting for accepted seeds
[replay-worker] waiting for accepted seeds
[replay-worker] waiting for accepted seeds
[replay-worker] waiting for accepted seeds
[replay-worker] waiting for accepted seeds
[replay-worker] waiting for accepted seeds
[replay-worker] waiting for accepted seeds
[replay-worker] waiting for accepted seeds
[replay-worker] waiting for accepted seeds
[replay-worker] waiting for accepted seeds
[replay-worker] waiting for accepted seeds
[replay-worker] waiting for accepted seeds
[replay-worker] waiting for accepted seeds
[replay-worker] waiting for accepted seeds
[replay-worker] waiting for accepted seeds
[replay-worker] waiting for accepted seeds
[replay-worker] waiting for accepted seeds
[replay-worker] waiting for accepted seeds
[replay-worker] waiting for accepted seeds
[replay-worker] waiting for accepted seeds
[replay-worker] waiting for accepted seeds
[replay-worker] waiting for accepted seeds
[replay-worker] waiting for accepted seeds
[replay-worker] waiting for accepted seeds
[replay-worker] waiting for accepted seeds
[replay-worker] waiting for accepted seeds
[replay-worker] waiting for accepted seeds
[replay-worker] waiting for accepted seeds
[replay-worker] waiting for accepted seeds
[replay-worker] waiting for accepted seeds
[replay-worker] waiting for accepted seeds
[replay-worker] waiting for accepted seeds
[replay-worker] waiting for accepted seeds
[replay-worker] waiting for accepted seeds
[replay-worker] waiting for accepted seeds
[replay-worker] waiting for accepted seeds
[replay-worker] waiting for accepted seeds
[replay-worker] waiting for accepted seeds
[replay-worker] waiting for accepted seeds
[replay-worker] waiting for accepted seeds
[replay-worker] waiting for accepted seeds
[replay-worker] waiting for accepted seeds
[replay-worker] waiting for accepted seeds
[replay-worker] waiting for accepted seeds
[replay-worker] waiting for accepted seeds
[replay-worker] waiting for accepted seeds
[replay-worker] waiting for accepted seeds
[replay-worker] waiting for accepted seeds
[replay-worker] waiting for accepted seeds
[replay-worker] waiting for accepted seeds
[replay-worker] waiting for accepted seeds
[replay-worker] waiting for accepted seeds
[replay-worker] waiting for accepted seeds
[replay-worker] waiting for accepted seeds
[replay-worker] waiting for accepted seeds
[replay-worker] waiting for accepted seeds
[replay-worker] waiting for accepted seeds
[replay-worker] waiting for accepted seeds
[replay-worker] waiting for accepted seeds
[replay-worker] waiting for accepted seeds
[replay-worker] waiting for accepted seeds
[replay-worker] waiting for accepted seeds
[replay-worker] waiting for accepted seeds
[replay-worker] waiting for accepted seeds
[replay-worker] waiting for accepted seeds
[replay-worker] waiting for accepted seeds
[replay-worker] waiting for accepted seeds
[replay-worker] waiting for accepted seeds
[replay-worker] waiting for accepted seeds
[replay-worker] waiting for accepted seeds
[replay-worker] waiting for accepted seeds
[replay-worker] waiting for accepted seeds
[replay-worker] waiting for accepted seeds
[replay-worker] waiting for accepted seeds
[replay-worker] waiting for accepted seeds
[replay-worker] waiting for accepted seeds
[replay-worker] waiting for accepted seeds
[replay-worker] waiting for accepted seeds
[replay-worker] waiting for accepted seeds
[replay-worker] waiting for accepted seeds
[replay-worker] waiting for accepted seeds
[replay-worker] waiting for accepted seeds
[replay-worker] waiting for accepted seeds
[replay-worker] waiting for accepted seeds
[replay-worker] waiting for accepted seeds
[replay-worker] waiting for accepted seeds
[replay-worker] waiting for accepted seeds
[replay-worker] waiting for accepted seeds
[replay-worker] waiting for accepted seeds
[replay-worker] waiting for accepted seeds
[replay-worker] waiting for accepted seeds
[replay-worker] waiting for accepted seeds
[replay-worker] waiting for accepted seeds
[replay-worker] waiting for accepted seeds
[replay-worker] waiting for accepted seeds
[replay-worker] waiting for accepted seeds
[replay-worker] waiting for accepted seeds
[replay-worker] waiting for accepted seeds
[replay-worker] waiting for accepted seeds
[replay-worker] waiting for accepted seeds
[replay-worker] waiting for accepted seeds
[replay-worker] waiting for accepted seeds
[replay-worker] waiting for accepted seeds
[replay-worker] waiting for accepted seeds
[replay-worker] waiting for accepted seeds
[replay-worker] waiting for accepted seeds
[replay-worker] waiting for accepted seeds
[replay-worker] waiting for accepted seeds
[replay-worker] waiting for accepted seeds
[replay-worker] waiting for accepted seeds
[replay-worker] waiting for accepted seeds
[replay-worker] waiting for accepted seeds
[replay-worker] waiting for accepted seeds
[replay-worker] waiting for accepted seeds
[replay-worker] waiting for accepted seeds
[replay-worker] waiting for accepted seeds
[replay-worker] waiting for accepted seeds
[replay-worker] waiting for accepted seeds
[replay-worker] waiting for accepted seeds
[replay-worker] waiting for accepted seeds
[replay-worker] waiting for accepted seeds
[replay-worker] waiting for accepted seeds
[replay-worker] waiting for accepted seeds
[replay-worker] waiting for accepted seeds
[replay-worker] waiting for accepted seeds
[replay-worker] waiting for accepted seeds
[replay-worker] waiting for accepted seeds
[replay-worker] waiting for accepted seeds
[replay-worker] waiting for accepted seeds
[replay-worker] waiting for accepted seeds
[replay-worker] waiting for accepted seeds
[replay-worker] waiting for accepted seeds
[replay-worker] waiting for accepted seeds
[replay-worker] waiting for accepted seeds
[replay-worker] waiting for accepted seeds
[replay-worker] waiting for accepted seeds
[replay-worker] waiting for accepted seeds
[replay-worker] waiting for accepted seeds
[replay-worker] waiting for accepted seeds
[replay-worker] waiting for accepted seeds
[replay-worker] waiting for accepted seeds
[replay-worker] waiting for accepted seeds
[replay-worker] waiting for accepted seeds
[replay-worker] waiting for accepted seeds
[replay-worker] waiting for accepted seeds
[replay-worker] waiting for accepted seeds
[replay-worker] waiting for accepted seeds
[replay-worker] waiting for accepted seeds
[replay-worker] waiting for accepted seeds
[replay-worker] waiting for accepted seeds
[replay-worker] waiting for accepted seeds
[replay-worker] waiting for accepted seeds
[replay-worker] waiting for accepted seeds
[replay-worker] waiting for accepted seeds
[replay-worker] waiting for accepted seeds
[replay-worker] waiting for accepted seeds
[replay-worker] waiting for accepted seeds
[replay-worker] waiting for accepted seeds
[replay-worker] waiting for accepted seeds
[replay-worker] waiting for accepted seeds
[replay-worker] waiting for accepted seeds
[replay-worker] waiting for accepted seeds
[replay-worker] waiting for accepted seeds
[replay-worker] waiting for accepted seeds
[replay-worker] waiting for accepted seeds
[replay-worker] waiting for accepted seeds
[replay-worker] waiting for accepted seeds
[replay-worker] waiting for accepted seeds
[replay-worker] waiting for accepted seeds
[replay-worker] waiting for accepted seeds
[replay-worker] waiting for accepted seeds
[replay-worker] waiting for accepted seeds
[replay-worker] waiting for accepted seeds
[replay-worker] waiting for accepted seeds
[replay-worker] waiting for accepted seeds
[replay-worker] waiting for accepted seeds
[replay-worker] waiting for accepted seeds
[replay-worker] waiting for accepted seeds
[replay-worker] waiting for accepted seeds
[replay-worker] waiting for accepted seeds
[replay-worker] waiting for accepted seeds
[replay-worker] waiting for accepted seeds
[replay-worker] waiting for accepted seeds
[replay-worker] waiting for accepted seeds
[replay-worker] waiting for accepted seeds
[replay-worker] waiting for accepted seeds
[replay-worker] waiting for accepted seeds
[replay-worker] waiting for accepted seeds
[replay-worker] waiting for accepted seeds
[replay-worker] waiting for accepted seeds
[replay-worker] waiting for accepted seeds
[replay-worker] waiting for accepted seeds
[replay-worker] waiting for accepted seeds
[replay-worker] waiting for accepted seeds
[replay-worker] waiting for accepted seeds
[replay-worker] waiting for accepted seeds
[replay-worker] waiting for accepted seeds
[replay-worker] waiting for accepted seeds
[replay-worker] waiting for accepted seeds
[replay-worker] waiting for accepted seeds
[replay-worker] waiting for accepted seeds
[replay-worker] waiting for accepted seeds
[replay-worker] waiting for accepted seeds
[replay-worker] waiting for accepted seeds
[replay-worker] waiting for accepted seeds
[replay-worker] waiting for accepted seeds
[replay-worker] waiting for accepted seeds
[replay-worker] waiting for accepted seeds
[replay-worker] waiting for accepted seeds
[replay-worker] waiting for accepted seeds
[replay-worker] waiting for accepted seeds
[replay-worker] waiting for accepted seeds
[replay-worker] waiting for accepted seeds
[replay-worker] waiting for accepted seeds
[replay-worker] waiting for accepted seeds
[replay-worker] waiting for accepted seeds
[replay-worker] waiting for accepted seeds
[replay-worker] waiting for accepted seeds
[replay-worker] waiting for accepted seeds
[replay-worker] waiting for accepted seeds
[replay-worker] waiting for accepted seeds
[replay-worker] waiting for accepted seeds
[replay-worker] waiting for accepted seeds
[replay-worker] waiting for accepted seeds
[replay-worker] waiting for accepted seeds
[replay-worker] waiting for accepted seeds
[replay-worker] waiting for accepted seeds
[replay-worker] waiting for accepted seeds
[replay-worker] waiting for accepted seeds
[replay-worker] waiting for accepted seeds
[replay-worker] waiting for accepted seeds
[replay-worker] waiting for accepted seeds
[replay-worker] waiting for accepted seeds
[replay-worker] waiting for accepted seeds
[replay-worker] waiting for accepted seeds
[replay-worker] waiting for accepted seeds
[replay-worker] waiting for accepted seeds
[replay-worker] waiting for accepted seeds
[replay-worker] waiting for accepted seeds
[replay-worker] waiting for accepted seeds
[replay-worker] waiting for accepted seeds
[replay-worker] waiting for accepted seeds
[replay-worker] waiting for accepted seeds
[replay-worker] waiting for accepted seeds
[replay-worker] waiting for accepted seeds
[replay-worker] waiting for accepted seeds
[replay-worker] waiting for accepted seeds
[replay-worker] waiting for accepted seeds
[replay-worker] waiting for accepted seeds
[replay-worker] waiting for accepted seeds
[replay-worker] waiting for accepted seeds
[replay-worker] waiting for accepted seeds
[replay-worker] waiting for accepted seeds
[replay-worker] waiting for accepted seeds
[replay-worker] waiting for accepted seeds
[replay-worker] waiting for accepted seeds
[replay-worker] waiting for accepted seeds
[replay-worker] waiting for accepted seeds
[replay-worker] waiting for accepted seeds
[replay-worker] waiting for accepted seeds
[replay-worker] waiting for accepted seeds
[replay-worker] waiting for accepted seeds
[replay-worker] waiting for accepted seeds
[replay-worker] waiting for accepted seeds
[replay-worker] waiting for accepted seeds
[replay-worker] waiting for accepted seeds
[replay-worker] waiting for accepted seeds
[replay-worker] waiting for accepted seeds
[replay-worker] waiting for accepted seeds
[replay-worker] waiting for accepted seeds
[replay-worker] waiting for accepted seeds
[replay-worker] waiting for accepted seeds
[replay-worker] waiting for accepted seeds
[replay-worker] waiting for accepted seeds
[replay-worker] waiting for accepted seeds
[replay-worker] waiting for accepted seeds
[replay-worker] waiting for accepted seeds
[replay-worker] waiting for accepted seeds
[replay-worker] waiting for accepted seeds
[replay-worker] waiting for accepted seeds
[replay-worker] waiting for accepted seeds
[replay-worker] waiting for accepted seeds
[replay-worker] waiting for accepted seeds
[replay-worker] waiting for accepted seeds
[replay-worker] waiting for accepted seeds
[replay-worker] waiting for accepted seeds
[replay-worker] waiting for accepted seeds
[replay-worker] waiting for accepted seeds
[replay-worker] waiting for accepted seeds
[replay-worker] waiting for accepted seeds
[replay-worker] waiting for accepted seeds
[replay-worker] waiting for accepted seeds
[replay-worker] waiting for accepted seeds
[replay-worker] waiting for accepted seeds
[replay-worker] waiting for accepted seeds
[replay-worker] waiting for accepted seeds
[replay-worker] waiting for accepted seeds
[replay-worker] waiting for accepted seeds
[replay-worker] waiting for accepted seeds
[replay-worker] waiting for accepted seeds
[replay-worker] waiting for accepted seeds
[replay-worker] waiting for accepted seeds
[replay-worker] waiting for accepted seeds
[replay-worker] waiting for accepted seeds
[replay-worker] waiting for accepted seeds
[replay-worker] waiting for accepted seeds
[replay-worker] waiting for accepted seeds
[replay-worker] waiting for accepted seeds
[replay-worker] waiting for accepted seeds
[replay-worker] waiting for accepted seeds
[replay-worker] waiting for accepted seeds
[replay-worker] waiting for accepted seeds
[replay-worker] waiting for accepted seeds
[replay-worker] waiting for accepted seeds
[replay-worker] waiting for accepted seeds
[replay-worker] waiting for accepted seeds
[replay-worker] waiting for accepted seeds
[replay-worker] waiting for accepted seeds
[replay-worker] waiting for accepted seeds
[replay-worker] waiting for accepted seeds
[replay-worker] waiting for accepted seeds
[replay-worker] waiting for accepted seeds
[replay-worker] waiting for accepted seeds
[replay-worker] waiting for accepted seeds
[replay-worker] waiting for accepted seeds
[replay-worker] waiting for accepted seeds
[replay-worker] waiting for accepted seeds
[replay-worker] waiting for accepted seeds
[replay-worker] waiting for accepted seeds
[replay-worker] waiting for accepted seeds
[replay-worker] waiting for accepted seeds
[replay-worker] waiting for accepted seeds
[replay-worker] waiting for accepted seeds
[replay-worker] waiting for accepted seeds
[replay-worker] waiting for accepted seeds
[replay-worker] waiting for accepted seeds
[replay-worker] waiting for accepted seeds
[replay-worker] waiting for accepted seeds
[replay-worker] waiting for accepted seeds
[replay-worker] waiting for accepted seeds
[replay-worker] waiting for accepted seeds
[replay-worker] waiting for accepted seeds
[replay-worker] waiting for accepted seeds
[replay-worker] waiting for accepted seeds
[replay-worker] waiting for accepted seeds
[replay-worker] waiting for accepted seeds
[replay-worker] waiting for accepted seeds
[replay-worker] waiting for accepted seeds
[replay-worker] waiting for accepted seeds
[replay-worker] waiting for accepted seeds
[replay-worker] waiting for accepted seeds
[replay-worker] waiting for accepted seeds
[replay-worker] waiting for accepted seeds
[replay-worker] waiting for accepted seeds
[replay-worker] waiting for accepted seeds
[replay-worker] waiting for accepted seeds
[replay-worker] waiting for accepted seeds
[replay-worker] waiting for accepted seeds
[replay-worker] waiting for accepted seeds
[replay-worker] waiting for accepted seeds
[replay-worker] waiting for accepted seeds
[replay-worker] waiting for accepted seeds
[replay-worker] waiting for accepted seeds
[replay-worker] waiting for accepted seeds
[replay-worker] waiting for accepted seeds
[replay-worker] waiting for accepted seeds
[replay-worker] waiting for accepted seeds
[replay-worker] waiting for accepted seeds
[replay-worker] waiting for accepted seeds
[replay-worker] waiting for accepted seeds
[replay-worker] waiting for accepted seeds
[replay-worker] waiting for accepted seeds
[replay-worker] waiting for accepted seeds
[replay-worker] waiting for accepted seeds
[replay-worker] waiting for accepted seeds
[replay-worker] waiting for accepted seeds
[replay-worker] waiting for accepted seeds
[replay-worker] waiting for accepted seeds
[replay-worker] waiting for accepted seeds
[replay-worker] waiting for accepted seeds
[replay-worker] waiting for accepted seeds
[replay-worker] waiting for accepted seeds
[replay-worker] waiting for accepted seeds
[replay-worker] waiting for accepted seeds
[replay-worker] waiting for accepted seeds
[replay-worker] waiting for accepted seeds
[replay-worker] waiting for accepted seeds
[replay-worker] waiting for accepted seeds
[replay-worker] waiting for accepted seeds
[replay-worker] waiting for accepted seeds
[replay-worker] waiting for accepted seeds
>> recovering from: /home/zhaorz/project/CodeWM/CodeWM_ProWES_Logits/reproduct/units/p06_tank_battle_game/python/architecture/team
>> team.json exists: True path: /home/zhaorz/project/CodeWM/CodeWM_ProWES_Logits/reproduct/units/p06_tank_battle_game/python/architecture/team/team.json
>> ctx.git_repo.workdir = /home/zhaorz/project/CodeWM/CodeWM_ProWES_Logits/reproduct/units/p06_tank_battle_game/python/replays/0001_seed_1796061374/p06_tank_battle_game_python
eng.code_todos: ['requirements.txt', 'tank_battle/directions.py', 'tank_battle/geometry.py', 'tank_battle/obstacle.py', 'tank_battle/arena.py', 'tank_battle/tank.py', 'tank_battle/projectile.py', 'tank_battle/commands.py', 'tank_battle/scoring.py', 'tank_battle/game.py', 'tank_battle/configs.py', 'tank_battle/__init__.py', 'Main.py', 'tests/test_main.py']
>> ready, ctx.git_repo.workdir = /home/zhaorz/project/CodeWM/CodeWM_ProWES_Logits/reproduct/units/p06_tank_battle_game/python/replays/0001_seed_1796061374/p06_tank_battle_game_python
>> ctx.git_repo.workdir = /home/zhaorz/project/CodeWM/CodeWM_ProWES_Logits/reproduct/units/p06_tank_battle_game/python/replays/0001_seed_1796061374/p06_tank_battle_game_python
2026-09-14 02:27:30.670 | INFO     | metagpt.utils.file_repository:save:57 - save to: /home/zhaorz/project/CodeWM/CodeWM_ProWES_Logits/reproduct/units/p06_tank_battle_game/python/replays/0001_seed_1796061374/p06_tank_battle_game_python/docs/system_design/20260914020712.json
2026-09-14 02:27:30.672 | INFO     | metagpt.utils.file_repository:save:62 - update dependency: /home/zhaorz/project/CodeWM/CodeWM_ProWES_Logits/reproduct/units/p06_tank_battle_game/python/replays/0001_seed_1796061374/p06_tank_battle_game_python/docs/system_design/20260914020712.json:[]
2026-09-14 02:27:30.673 | INFO     | metagpt.utils.file_repository:save:57 - save to: /home/zhaorz/project/CodeWM/CodeWM_ProWES_Logits/reproduct/units/p06_tank_battle_game/python/replays/0001_seed_1796061374/p06_tank_battle_game_python/docs/task/20260914020712.json
2026-09-14 02:27:30.675 | INFO     | metagpt.utils.file_repository:save:62 - update dependency: /home/zhaorz/project/CodeWM/CodeWM_ProWES_Logits/reproduct/units/p06_tank_battle_game/python/replays/0001_seed_1796061374/p06_tank_battle_game_python/docs/task/20260914020712.json:[]
>> [manual] Run 1/14: WriteCode -> requirements.txt
2026-09-14 02:27:30.677 | INFO     | metagpt.actions.write_code:run:186 - Writing requirements.txt..
2026-09-14 02:27:33.782 | INFO     | metagpt.utils.file_repository:save:57 - save to: /home/zhaorz/project/CodeWM/CodeWM_ProWES_Logits/reproduct/units/p06_tank_battle_game/python/replays/0001_seed_1796061374/p06_tank_battle_game_python/p06_tank_battle_game_python/requirements.txt
2026-09-14 02:27:33.783 | INFO     | metagpt.utils.file_repository:save:62 - update dependency: /home/zhaorz/project/CodeWM/CodeWM_ProWES_Logits/reproduct/units/p06_tank_battle_game/python/replays/0001_seed_1796061374/p06_tank_battle_game_python/p06_tank_battle_game_python/requirements.txt:['docs/system_design/20260914020712.json', 'docs/task/20260914020712.json']
2026-09-14 02:27:33.784 | INFO     | metagpt.utils.file_repository:save:57 - save to: /home/zhaorz/project/CodeWM/CodeWM_ProWES_Logits/reproduct/units/p06_tank_battle_game/python/replays/0001_seed_1796061374/p06_tank_battle_game_python/p06_tank_battle_game_python/requirements_wm_detRes.txt
>> saved: src/requirements.txt
2026-09-14 02:27:33.786 | INFO     | metagpt.utils.file_repository:save:57 - save to: /home/zhaorz/project/CodeWM/CodeWM_ProWES_Logits/reproduct/units/p06_tank_battle_game/python/replays/0001_seed_1796061374/p06_tank_battle_game_python/docs/system_design/20260914020712.json
2026-09-14 02:27:33.787 | INFO     | metagpt.utils.file_repository:save:62 - update dependency: /home/zhaorz/project/CodeWM/CodeWM_ProWES_Logits/reproduct/units/p06_tank_battle_game/python/replays/0001_seed_1796061374/p06_tank_battle_game_python/docs/system_design/20260914020712.json:[]
2026-09-14 02:27:33.788 | INFO     | metagpt.utils.file_repository:save:57 - save to: /home/zhaorz/project/CodeWM/CodeWM_ProWES_Logits/reproduct/units/p06_tank_battle_game/python/replays/0001_seed_1796061374/p06_tank_battle_game_python/docs/task/20260914020712.json
2026-09-14 02:27:33.789 | INFO     | metagpt.utils.file_repository:save:62 - update dependency: /home/zhaorz/project/CodeWM/CodeWM_ProWES_Logits/reproduct/units/p06_tank_battle_game/python/replays/0001_seed_1796061374/p06_tank_battle_game_python/docs/task/20260914020712.json:[]
>> [manual] Run 2/14: WriteCode -> tank_battle/directions.py
2026-09-14 02:27:33.792 | INFO     | metagpt.actions.write_code:run:186 - Writing tank_battle/directions.py..
2026-09-14 02:27:52.928 | INFO     | metagpt.utils.file_repository:save:57 - save to: /home/zhaorz/project/CodeWM/CodeWM_ProWES_Logits/reproduct/units/p06_tank_battle_game/python/replays/0001_seed_1796061374/p06_tank_battle_game_python/p06_tank_battle_game_python/tank_battle/directions.py
2026-09-14 02:27:52.929 | INFO     | metagpt.utils.file_repository:save:62 - update dependency: /home/zhaorz/project/CodeWM/CodeWM_ProWES_Logits/reproduct/units/p06_tank_battle_game/python/replays/0001_seed_1796061374/p06_tank_battle_game_python/p06_tank_battle_game_python/tank_battle/directions.py:['docs/system_design/20260914020712.json', 'docs/task/20260914020712.json']
2026-09-14 02:27:52.930 | INFO     | metagpt.utils.file_repository:save:57 - save to: /home/zhaorz/project/CodeWM/CodeWM_ProWES_Logits/reproduct/units/p06_tank_battle_game/python/replays/0001_seed_1796061374/p06_tank_battle_game_python/p06_tank_battle_game_python/directions_wm_detRes.txt
>> saved: src/tank_battle/directions.py
2026-09-14 02:27:52.932 | INFO     | metagpt.utils.file_repository:save:57 - save to: /home/zhaorz/project/CodeWM/CodeWM_ProWES_Logits/reproduct/units/p06_tank_battle_game/python/replays/0001_seed_1796061374/p06_tank_battle_game_python/docs/system_design/20260914020712.json
2026-09-14 02:27:52.934 | INFO     | metagpt.utils.file_repository:save:62 - update dependency: /home/zhaorz/project/CodeWM/CodeWM_ProWES_Logits/reproduct/units/p06_tank_battle_game/python/replays/0001_seed_1796061374/p06_tank_battle_game_python/docs/system_design/20260914020712.json:[]
2026-09-14 02:27:52.935 | INFO     | metagpt.utils.file_repository:save:57 - save to: /home/zhaorz/project/CodeWM/CodeWM_ProWES_Logits/reproduct/units/p06_tank_battle_game/python/replays/0001_seed_1796061374/p06_tank_battle_game_python/docs/task/20260914020712.json
2026-09-14 02:27:52.936 | INFO     | metagpt.utils.file_repository:save:62 - update dependency: /home/zhaorz/project/CodeWM/CodeWM_ProWES_Logits/reproduct/units/p06_tank_battle_game/python/replays/0001_seed_1796061374/p06_tank_battle_game_python/docs/task/20260914020712.json:[]
>> [manual] Run 3/14: WriteCode -> tank_battle/geometry.py
2026-09-14 02:27:52.940 | INFO     | metagpt.actions.write_code:run:186 - Writing tank_battle/geometry.py..
2026-09-14 02:28:19.019 | INFO     | metagpt.utils.file_repository:save:57 - save to: /home/zhaorz/project/CodeWM/CodeWM_ProWES_Logits/reproduct/units/p06_tank_battle_game/python/replays/0001_seed_1796061374/p06_tank_battle_game_python/p06_tank_battle_game_python/tank_battle/geometry.py
2026-09-14 02:28:19.021 | INFO     | metagpt.utils.file_repository:save:62 - update dependency: /home/zhaorz/project/CodeWM/CodeWM_ProWES_Logits/reproduct/units/p06_tank_battle_game/python/replays/0001_seed_1796061374/p06_tank_battle_game_python/p06_tank_battle_game_python/tank_battle/geometry.py:['docs/system_design/20260914020712.json', 'docs/task/20260914020712.json']
2026-09-14 02:28:19.022 | INFO     | metagpt.utils.file_repository:save:57 - save to: /home/zhaorz/project/CodeWM/CodeWM_ProWES_Logits/reproduct/units/p06_tank_battle_game/python/replays/0001_seed_1796061374/p06_tank_battle_game_python/p06_tank_battle_game_python/geometry_wm_detRes.txt
>> saved: src/tank_battle/geometry.py
2026-09-14 02:28:19.024 | INFO     | metagpt.utils.file_repository:save:57 - save to: /home/zhaorz/project/CodeWM/CodeWM_ProWES_Logits/reproduct/units/p06_tank_battle_game/python/replays/0001_seed_1796061374/p06_tank_battle_game_python/docs/system_design/20260914020712.json
2026-09-14 02:28:19.025 | INFO     | metagpt.utils.file_repository:save:62 - update dependency: /home/zhaorz/project/CodeWM/CodeWM_ProWES_Logits/reproduct/units/p06_tank_battle_game/python/replays/0001_seed_1796061374/p06_tank_battle_game_python/docs/system_design/20260914020712.json:[]
2026-09-14 02:28:19.026 | INFO     | metagpt.utils.file_repository:save:57 - save to: /home/zhaorz/project/CodeWM/CodeWM_ProWES_Logits/reproduct/units/p06_tank_battle_game/python/replays/0001_seed_1796061374/p06_tank_battle_game_python/docs/task/20260914020712.json
2026-09-14 02:28:19.028 | INFO     | metagpt.utils.file_repository:save:62 - update dependency: /home/zhaorz/project/CodeWM/CodeWM_ProWES_Logits/reproduct/units/p06_tank_battle_game/python/replays/0001_seed_1796061374/p06_tank_battle_game_python/docs/task/20260914020712.json:[]
>> [manual] Run 4/14: WriteCode -> tank_battle/obstacle.py
2026-09-14 02:28:19.031 | INFO     | metagpt.actions.write_code:run:186 - Writing tank_battle/obstacle.py..
2026-09-14 02:28:28.178 | INFO     | metagpt.utils.file_repository:save:57 - save to: /home/zhaorz/project/CodeWM/CodeWM_ProWES_Logits/reproduct/units/p06_tank_battle_game/python/replays/0001_seed_1796061374/p06_tank_battle_game_python/p06_tank_battle_game_python/tank_battle/obstacle.py
2026-09-14 02:28:28.180 | INFO     | metagpt.utils.file_repository:save:62 - update dependency: /home/zhaorz/project/CodeWM/CodeWM_ProWES_Logits/reproduct/units/p06_tank_battle_game/python/replays/0001_seed_1796061374/p06_tank_battle_game_python/p06_tank_battle_game_python/tank_battle/obstacle.py:['docs/system_design/20260914020712.json', 'docs/task/20260914020712.json']
2026-09-14 02:28:28.182 | INFO     | metagpt.utils.file_repository:save:57 - save to: /home/zhaorz/project/CodeWM/CodeWM_ProWES_Logits/reproduct/units/p06_tank_battle_game/python/replays/0001_seed_1796061374/p06_tank_battle_game_python/p06_tank_battle_game_python/obstacle_wm_detRes.txt
>> saved: src/tank_battle/obstacle.py
2026-09-14 02:28:28.184 | INFO     | metagpt.utils.file_repository:save:57 - save to: /home/zhaorz/project/CodeWM/CodeWM_ProWES_Logits/reproduct/units/p06_tank_battle_game/python/replays/0001_seed_1796061374/p06_tank_battle_game_python/docs/system_design/20260914020712.json
2026-09-14 02:28:28.186 | INFO     | metagpt.utils.file_repository:save:62 - update dependency: /home/zhaorz/project/CodeWM/CodeWM_ProWES_Logits/reproduct/units/p06_tank_battle_game/python/replays/0001_seed_1796061374/p06_tank_battle_game_python/docs/system_design/20260914020712.json:[]
2026-09-14 02:28:28.188 | INFO     | metagpt.utils.file_repository:save:57 - save to: /home/zhaorz/project/CodeWM/CodeWM_ProWES_Logits/reproduct/units/p06_tank_battle_game/python/replays/0001_seed_1796061374/p06_tank_battle_game_python/docs/task/20260914020712.json
2026-09-14 02:28:28.191 | INFO     | metagpt.utils.file_repository:save:62 - update dependency: /home/zhaorz/project/CodeWM/CodeWM_ProWES_Logits/reproduct/units/p06_tank_battle_game/python/replays/0001_seed_1796061374/p06_tank_battle_game_python/docs/task/20260914020712.json:[]
>> [manual] Run 5/14: WriteCode -> tank_battle/arena.py
2026-09-14 02:28:28.200 | INFO     | metagpt.actions.write_code:run:186 - Writing tank_battle/arena.py..
2026-09-14 02:28:58.491 | INFO     | metagpt.utils.file_repository:save:57 - save to: /home/zhaorz/project/CodeWM/CodeWM_ProWES_Logits/reproduct/units/p06_tank_battle_game/python/replays/0001_seed_1796061374/p06_tank_battle_game_python/p06_tank_battle_game_python/tank_battle/arena.py
2026-09-14 02:28:58.493 | INFO     | metagpt.utils.file_repository:save:62 - update dependency: /home/zhaorz/project/CodeWM/CodeWM_ProWES_Logits/reproduct/units/p06_tank_battle_game/python/replays/0001_seed_1796061374/p06_tank_battle_game_python/p06_tank_battle_game_python/tank_battle/arena.py:['docs/system_design/20260914020712.json', 'docs/task/20260914020712.json']
2026-09-14 02:28:58.494 | INFO     | metagpt.utils.file_repository:save:57 - save to: /home/zhaorz/project/CodeWM/CodeWM_ProWES_Logits/reproduct/units/p06_tank_battle_game/python/replays/0001_seed_1796061374/p06_tank_battle_game_python/p06_tank_battle_game_python/arena_wm_detRes.txt
>> saved: src/tank_battle/arena.py
2026-09-14 02:28:58.495 | INFO     | metagpt.utils.file_repository:save:57 - save to: /home/zhaorz/project/CodeWM/CodeWM_ProWES_Logits/reproduct/units/p06_tank_battle_game/python/replays/0001_seed_1796061374/p06_tank_battle_game_python/docs/system_design/20260914020712.json
2026-09-14 02:28:58.497 | INFO     | metagpt.utils.file_repository:save:62 - update dependency: /home/zhaorz/project/CodeWM/CodeWM_ProWES_Logits/reproduct/units/p06_tank_battle_game/python/replays/0001_seed_1796061374/p06_tank_battle_game_python/docs/system_design/20260914020712.json:[]
2026-09-14 02:28:58.498 | INFO     | metagpt.utils.file_repository:save:57 - save to: /home/zhaorz/project/CodeWM/CodeWM_ProWES_Logits/reproduct/units/p06_tank_battle_game/python/replays/0001_seed_1796061374/p06_tank_battle_game_python/docs/task/20260914020712.json
2026-09-14 02:28:58.499 | INFO     | metagpt.utils.file_repository:save:62 - update dependency: /home/zhaorz/project/CodeWM/CodeWM_ProWES_Logits/reproduct/units/p06_tank_battle_game/python/replays/0001_seed_1796061374/p06_tank_battle_game_python/docs/task/20260914020712.json:[]
>> [manual] Run 6/14: WriteCode -> tank_battle/tank.py
2026-09-14 02:28:58.504 | INFO     | metagpt.actions.write_code:run:186 - Writing tank_battle/tank.py..
2026-09-14 02:29:32.939 | INFO     | metagpt.utils.file_repository:save:57 - save to: /home/zhaorz/project/CodeWM/CodeWM_ProWES_Logits/reproduct/units/p06_tank_battle_game/python/replays/0001_seed_1796061374/p06_tank_battle_game_python/p06_tank_battle_game_python/tank_battle/tank.py
2026-09-14 02:29:32.940 | INFO     | metagpt.utils.file_repository:save:62 - update dependency: /home/zhaorz/project/CodeWM/CodeWM_ProWES_Logits/reproduct/units/p06_tank_battle_game/python/replays/0001_seed_1796061374/p06_tank_battle_game_python/p06_tank_battle_game_python/tank_battle/tank.py:['docs/system_design/20260914020712.json', 'docs/task/20260914020712.json']
2026-09-14 02:29:32.941 | INFO     | metagpt.utils.file_repository:save:57 - save to: /home/zhaorz/project/CodeWM/CodeWM_ProWES_Logits/reproduct/units/p06_tank_battle_game/python/replays/0001_seed_1796061374/p06_tank_battle_game_python/p06_tank_battle_game_python/tank_wm_detRes.txt
>> saved: src/tank_battle/tank.py
2026-09-14 02:29:32.942 | INFO     | metagpt.utils.file_repository:save:57 - save to: /home/zhaorz/project/CodeWM/CodeWM_ProWES_Logits/reproduct/units/p06_tank_battle_game/python/replays/0001_seed_1796061374/p06_tank_battle_game_python/docs/system_design/20260914020712.json
2026-09-14 02:29:32.943 | INFO     | metagpt.utils.file_repository:save:62 - update dependency: /home/zhaorz/project/CodeWM/CodeWM_ProWES_Logits/reproduct/units/p06_tank_battle_game/python/replays/0001_seed_1796061374/p06_tank_battle_game_python/docs/system_design/20260914020712.json:[]
2026-09-14 02:29:32.944 | INFO     | metagpt.utils.file_repository:save:57 - save to: /home/zhaorz/project/CodeWM/CodeWM_ProWES_Logits/reproduct/units/p06_tank_battle_game/python/replays/0001_seed_1796061374/p06_tank_battle_game_python/docs/task/20260914020712.json
2026-09-14 02:29:32.945 | INFO     | metagpt.utils.file_repository:save:62 - update dependency: /home/zhaorz/project/CodeWM/CodeWM_ProWES_Logits/reproduct/units/p06_tank_battle_game/python/replays/0001_seed_1796061374/p06_tank_battle_game_python/docs/task/20260914020712.json:[]
>> [manual] Run 7/14: WriteCode -> tank_battle/projectile.py
2026-09-14 02:29:32.950 | INFO     | metagpt.actions.write_code:run:186 - Writing tank_battle/projectile.py..
2026-09-14 02:30:01.752 | INFO     | metagpt.utils.file_repository:save:57 - save to: /home/zhaorz/project/CodeWM/CodeWM_ProWES_Logits/reproduct/units/p06_tank_battle_game/python/replays/0001_seed_1796061374/p06_tank_battle_game_python/p06_tank_battle_game_python/tank_battle/projectile.py
2026-09-14 02:30:01.754 | INFO     | metagpt.utils.file_repository:save:62 - update dependency: /home/zhaorz/project/CodeWM/CodeWM_ProWES_Logits/reproduct/units/p06_tank_battle_game/python/replays/0001_seed_1796061374/p06_tank_battle_game_python/p06_tank_battle_game_python/tank_battle/projectile.py:['docs/system_design/20260914020712.json', 'docs/task/20260914020712.json']
2026-09-14 02:30:01.755 | INFO     | metagpt.utils.file_repository:save:57 - save to: /home/zhaorz/project/CodeWM/CodeWM_ProWES_Logits/reproduct/units/p06_tank_battle_game/python/replays/0001_seed_1796061374/p06_tank_battle_game_python/p06_tank_battle_game_python/projectile_wm_detRes.txt
>> saved: src/tank_battle/projectile.py
2026-09-14 02:30:01.756 | INFO     | metagpt.utils.file_repository:save:57 - save to: /home/zhaorz/project/CodeWM/CodeWM_ProWES_Logits/reproduct/units/p06_tank_battle_game/python/replays/0001_seed_1796061374/p06_tank_battle_game_python/docs/system_design/20260914020712.json
2026-09-14 02:30:01.758 | INFO     | metagpt.utils.file_repository:save:62 - update dependency: /home/zhaorz/project/CodeWM/CodeWM_ProWES_Logits/reproduct/units/p06_tank_battle_game/python/replays/0001_seed_1796061374/p06_tank_battle_game_python/docs/system_design/20260914020712.json:[]
2026-09-14 02:30:01.759 | INFO     | metagpt.utils.file_repository:save:57 - save to: /home/zhaorz/project/CodeWM/CodeWM_ProWES_Logits/reproduct/units/p06_tank_battle_game/python/replays/0001_seed_1796061374/p06_tank_battle_game_python/docs/task/20260914020712.json
2026-09-14 02:30:01.760 | INFO     | metagpt.utils.file_repository:save:62 - update dependency: /home/zhaorz/project/CodeWM/CodeWM_ProWES_Logits/reproduct/units/p06_tank_battle_game/python/replays/0001_seed_1796061374/p06_tank_battle_game_python/docs/task/20260914020712.json:[]
>> [manual] Run 8/14: WriteCode -> tank_battle/commands.py
2026-09-14 02:30:01.766 | INFO     | metagpt.actions.write_code:run:186 - Writing tank_battle/commands.py..
2026-09-14 02:30:22.779 | INFO     | metagpt.utils.file_repository:save:57 - save to: /home/zhaorz/project/CodeWM/CodeWM_ProWES_Logits/reproduct/units/p06_tank_battle_game/python/replays/0001_seed_1796061374/p06_tank_battle_game_python/p06_tank_battle_game_python/tank_battle/commands.py
2026-09-14 02:30:22.781 | INFO     | metagpt.utils.file_repository:save:62 - update dependency: /home/zhaorz/project/CodeWM/CodeWM_ProWES_Logits/reproduct/units/p06_tank_battle_game/python/replays/0001_seed_1796061374/p06_tank_battle_game_python/p06_tank_battle_game_python/tank_battle/commands.py:['docs/system_design/20260914020712.json', 'docs/task/20260914020712.json']
2026-09-14 02:30:22.782 | INFO     | metagpt.utils.file_repository:save:57 - save to: /home/zhaorz/project/CodeWM/CodeWM_ProWES_Logits/reproduct/units/p06_tank_battle_game/python/replays/0001_seed_1796061374/p06_tank_battle_game_python/p06_tank_battle_game_python/commands_wm_detRes.txt
>> saved: src/tank_battle/commands.py
2026-09-14 02:30:22.783 | INFO     | metagpt.utils.file_repository:save:57 - save to: /home/zhaorz/project/CodeWM/CodeWM_ProWES_Logits/reproduct/units/p06_tank_battle_game/python/replays/0001_seed_1796061374/p06_tank_battle_game_python/docs/system_design/20260914020712.json
2026-09-14 02:30:22.785 | INFO     | metagpt.utils.file_repository:save:62 - update dependency: /home/zhaorz/project/CodeWM/CodeWM_ProWES_Logits/reproduct/units/p06_tank_battle_game/python/replays/0001_seed_1796061374/p06_tank_battle_game_python/docs/system_design/20260914020712.json:[]
2026-09-14 02:30:22.786 | INFO     | metagpt.utils.file_repository:save:57 - save to: /home/zhaorz/project/CodeWM/CodeWM_ProWES_Logits/reproduct/units/p06_tank_battle_game/python/replays/0001_seed_1796061374/p06_tank_battle_game_python/docs/task/20260914020712.json
2026-09-14 02:30:22.787 | INFO     | metagpt.utils.file_repository:save:62 - update dependency: /home/zhaorz/project/CodeWM/CodeWM_ProWES_Logits/reproduct/units/p06_tank_battle_game/python/replays/0001_seed_1796061374/p06_tank_battle_game_python/docs/task/20260914020712.json:[]
>> [manual] Run 9/14: WriteCode -> tank_battle/scoring.py
2026-09-14 02:30:22.793 | INFO     | metagpt.actions.write_code:run:186 - Writing tank_battle/scoring.py..
2026-09-14 02:30:47.455 | INFO     | metagpt.utils.file_repository:save:57 - save to: /home/zhaorz/project/CodeWM/CodeWM_ProWES_Logits/reproduct/units/p06_tank_battle_game/python/replays/0001_seed_1796061374/p06_tank_battle_game_python/p06_tank_battle_game_python/tank_battle/scoring.py
2026-09-14 02:30:47.457 | INFO     | metagpt.utils.file_repository:save:62 - update dependency: /home/zhaorz/project/CodeWM/CodeWM_ProWES_Logits/reproduct/units/p06_tank_battle_game/python/replays/0001_seed_1796061374/p06_tank_battle_game_python/p06_tank_battle_game_python/tank_battle/scoring.py:['docs/system_design/20260914020712.json', 'docs/task/20260914020712.json']
2026-09-14 02:30:47.458 | INFO     | metagpt.utils.file_repository:save:57 - save to: /home/zhaorz/project/CodeWM/CodeWM_ProWES_Logits/reproduct/units/p06_tank_battle_game/python/replays/0001_seed_1796061374/p06_tank_battle_game_python/p06_tank_battle_game_python/scoring_wm_detRes.txt
>> saved: src/tank_battle/scoring.py
2026-09-14 02:30:47.459 | INFO     | metagpt.utils.file_repository:save:57 - save to: /home/zhaorz/project/CodeWM/CodeWM_ProWES_Logits/reproduct/units/p06_tank_battle_game/python/replays/0001_seed_1796061374/p06_tank_battle_game_python/docs/system_design/20260914020712.json
2026-09-14 02:30:47.461 | INFO     | metagpt.utils.file_repository:save:62 - update dependency: /home/zhaorz/project/CodeWM/CodeWM_ProWES_Logits/reproduct/units/p06_tank_battle_game/python/replays/0001_seed_1796061374/p06_tank_battle_game_python/docs/system_design/20260914020712.json:[]
2026-09-14 02:30:47.462 | INFO     | metagpt.utils.file_repository:save:57 - save to: /home/zhaorz/project/CodeWM/CodeWM_ProWES_Logits/reproduct/units/p06_tank_battle_game/python/replays/0001_seed_1796061374/p06_tank_battle_game_python/docs/task/20260914020712.json
2026-09-14 02:30:47.464 | INFO     | metagpt.utils.file_repository:save:62 - update dependency: /home/zhaorz/project/CodeWM/CodeWM_ProWES_Logits/reproduct/units/p06_tank_battle_game/python/replays/0001_seed_1796061374/p06_tank_battle_game_python/docs/task/20260914020712.json:[]
>> [manual] Run 10/14: WriteCode -> tank_battle/game.py
2026-09-14 02:30:47.471 | INFO     | metagpt.actions.write_code:run:186 - Writing tank_battle/game.py..
2026-09-14 02:33:16.140 | INFO     | metagpt.utils.file_repository:save:57 - save to: /home/zhaorz/project/CodeWM/CodeWM_ProWES_Logits/reproduct/units/p06_tank_battle_game/python/replays/0001_seed_1796061374/p06_tank_battle_game_python/p06_tank_battle_game_python/tank_battle/game.py
2026-09-14 02:33:16.142 | INFO     | metagpt.utils.file_repository:save:62 - update dependency: /home/zhaorz/project/CodeWM/CodeWM_ProWES_Logits/reproduct/units/p06_tank_battle_game/python/replays/0001_seed_1796061374/p06_tank_battle_game_python/p06_tank_battle_game_python/tank_battle/game.py:['docs/system_design/20260914020712.json', 'docs/task/20260914020712.json']
2026-09-14 02:33:16.143 | INFO     | metagpt.utils.file_repository:save:57 - save to: /home/zhaorz/project/CodeWM/CodeWM_ProWES_Logits/reproduct/units/p06_tank_battle_game/python/replays/0001_seed_1796061374/p06_tank_battle_game_python/p06_tank_battle_game_python/game_wm_detRes.txt
>> saved: src/tank_battle/game.py
2026-09-14 02:33:16.144 | INFO     | metagpt.utils.file_repository:save:57 - save to: /home/zhaorz/project/CodeWM/CodeWM_ProWES_Logits/reproduct/units/p06_tank_battle_game/python/replays/0001_seed_1796061374/p06_tank_battle_game_python/docs/system_design/20260914020712.json
2026-09-14 02:33:16.146 | INFO     | metagpt.utils.file_repository:save:62 - update dependency: /home/zhaorz/project/CodeWM/CodeWM_ProWES_Logits/reproduct/units/p06_tank_battle_game/python/replays/0001_seed_1796061374/p06_tank_battle_game_python/docs/system_design/20260914020712.json:[]
2026-09-14 02:33:16.147 | INFO     | metagpt.utils.file_repository:save:57 - save to: /home/zhaorz/project/CodeWM/CodeWM_ProWES_Logits/reproduct/units/p06_tank_battle_game/python/replays/0001_seed_1796061374/p06_tank_battle_game_python/docs/task/20260914020712.json
2026-09-14 02:33:16.148 | INFO     | metagpt.utils.file_repository:save:62 - update dependency: /home/zhaorz/project/CodeWM/CodeWM_ProWES_Logits/reproduct/units/p06_tank_battle_game/python/replays/0001_seed_1796061374/p06_tank_battle_game_python/docs/task/20260914020712.json:[]
>> [manual] Run 11/14: WriteCode -> tank_battle/configs.py
2026-09-14 02:33:16.156 | INFO     | metagpt.actions.write_code:run:186 - Writing tank_battle/configs.py..
2026-09-14 02:33:33.550 | INFO     | metagpt.utils.file_repository:save:57 - save to: /home/zhaorz/project/CodeWM/CodeWM_ProWES_Logits/reproduct/units/p06_tank_battle_game/python/replays/0001_seed_1796061374/p06_tank_battle_game_python/p06_tank_battle_game_python/tank_battle/configs.py
2026-09-14 02:33:33.552 | INFO     | metagpt.utils.file_repository:save:62 - update dependency: /home/zhaorz/project/CodeWM/CodeWM_ProWES_Logits/reproduct/units/p06_tank_battle_game/python/replays/0001_seed_1796061374/p06_tank_battle_game_python/p06_tank_battle_game_python/tank_battle/configs.py:['docs/system_design/20260914020712.json', 'docs/task/20260914020712.json']
2026-09-14 02:33:33.553 | INFO     | metagpt.utils.file_repository:save:57 - save to: /home/zhaorz/project/CodeWM/CodeWM_ProWES_Logits/reproduct/units/p06_tank_battle_game/python/replays/0001_seed_1796061374/p06_tank_battle_game_python/p06_tank_battle_game_python/configs_wm_detRes.txt
>> saved: src/tank_battle/configs.py
2026-09-14 02:33:33.554 | INFO     | metagpt.utils.file_repository:save:57 - save to: /home/zhaorz/project/CodeWM/CodeWM_ProWES_Logits/reproduct/units/p06_tank_battle_game/python/replays/0001_seed_1796061374/p06_tank_battle_game_python/docs/system_design/20260914020712.json
2026-09-14 02:33:33.556 | INFO     | metagpt.utils.file_repository:save:62 - update dependency: /home/zhaorz/project/CodeWM/CodeWM_ProWES_Logits/reproduct/units/p06_tank_battle_game/python/replays/0001_seed_1796061374/p06_tank_battle_game_python/docs/system_design/20260914020712.json:[]
2026-09-14 02:33:33.557 | INFO     | metagpt.utils.file_repository:save:57 - save to: /home/zhaorz/project/CodeWM/CodeWM_ProWES_Logits/reproduct/units/p06_tank_battle_game/python/replays/0001_seed_1796061374/p06_tank_battle_game_python/docs/task/20260914020712.json
2026-09-14 02:33:33.558 | INFO     | metagpt.utils.file_repository:save:62 - update dependency: /home/zhaorz/project/CodeWM/CodeWM_ProWES_Logits/reproduct/units/p06_tank_battle_game/python/replays/0001_seed_1796061374/p06_tank_battle_game_python/docs/task/20260914020712.json:[]
>> [manual] Run 12/14: WriteCode -> tank_battle/__init__.py
2026-09-14 02:33:33.570 | INFO     | metagpt.actions.write_code:run:186 - Writing tank_battle/__init__.py..
2026-09-14 02:33:47.825 | INFO     | metagpt.utils.file_repository:save:57 - save to: /home/zhaorz/project/CodeWM/CodeWM_ProWES_Logits/reproduct/units/p06_tank_battle_game/python/replays/0001_seed_1796061374/p06_tank_battle_game_python/p06_tank_battle_game_python/tank_battle/__init__.py
2026-09-14 02:33:47.827 | INFO     | metagpt.utils.file_repository:save:62 - update dependency: /home/zhaorz/project/CodeWM/CodeWM_ProWES_Logits/reproduct/units/p06_tank_battle_game/python/replays/0001_seed_1796061374/p06_tank_battle_game_python/p06_tank_battle_game_python/tank_battle/__init__.py:['docs/system_design/20260914020712.json', 'docs/task/20260914020712.json']
2026-09-14 02:33:47.828 | INFO     | metagpt.utils.file_repository:save:57 - save to: /home/zhaorz/project/CodeWM/CodeWM_ProWES_Logits/reproduct/units/p06_tank_battle_game/python/replays/0001_seed_1796061374/p06_tank_battle_game_python/p06_tank_battle_game_python/__init___wm_detRes.txt
>> saved: src/tank_battle/__init__.py
2026-09-14 02:33:47.829 | INFO     | metagpt.utils.file_repository:save:57 - save to: /home/zhaorz/project/CodeWM/CodeWM_ProWES_Logits/reproduct/units/p06_tank_battle_game/python/replays/0001_seed_1796061374/p06_tank_battle_game_python/docs/system_design/20260914020712.json
2026-09-14 02:33:47.831 | INFO     | metagpt.utils.file_repository:save:62 - update dependency: /home/zhaorz/project/CodeWM/CodeWM_ProWES_Logits/reproduct/units/p06_tank_battle_game/python/replays/0001_seed_1796061374/p06_tank_battle_game_python/docs/system_design/20260914020712.json:[]
2026-09-14 02:33:47.832 | INFO     | metagpt.utils.file_repository:save:57 - save to: /home/zhaorz/project/CodeWM/CodeWM_ProWES_Logits/reproduct/units/p06_tank_battle_game/python/replays/0001_seed_1796061374/p06_tank_battle_game_python/docs/task/20260914020712.json
2026-09-14 02:33:47.834 | INFO     | metagpt.utils.file_repository:save:62 - update dependency: /home/zhaorz/project/CodeWM/CodeWM_ProWES_Logits/reproduct/units/p06_tank_battle_game/python/replays/0001_seed_1796061374/p06_tank_battle_game_python/docs/task/20260914020712.json:[]
>> [manual] Run 13/14: WriteCode -> Main.py
2026-09-14 02:33:47.842 | INFO     | metagpt.actions.write_code:run:186 - Writing Main.py..
2026-09-14 02:34:01.071 | INFO     | metagpt.utils.file_repository:save:57 - save to: /home/zhaorz/project/CodeWM/CodeWM_ProWES_Logits/reproduct/units/p06_tank_battle_game/python/replays/0001_seed_1796061374/p06_tank_battle_game_python/p06_tank_battle_game_python/Main.py
2026-09-14 02:34:01.073 | INFO     | metagpt.utils.file_repository:save:62 - update dependency: /home/zhaorz/project/CodeWM/CodeWM_ProWES_Logits/reproduct/units/p06_tank_battle_game/python/replays/0001_seed_1796061374/p06_tank_battle_game_python/p06_tank_battle_game_python/Main.py:['docs/system_design/20260914020712.json', 'docs/task/20260914020712.json']
2026-09-14 02:34:01.074 | INFO     | metagpt.utils.file_repository:save:57 - save to: /home/zhaorz/project/CodeWM/CodeWM_ProWES_Logits/reproduct/units/p06_tank_battle_game/python/replays/0001_seed_1796061374/p06_tank_battle_game_python/p06_tank_battle_game_python/Main_wm_detRes.txt
>> saved: src/Main.py
2026-09-14 02:34:01.076 | INFO     | metagpt.utils.file_repository:save:57 - save to: /home/zhaorz/project/CodeWM/CodeWM_ProWES_Logits/reproduct/units/p06_tank_battle_game/python/replays/0001_seed_1796061374/p06_tank_battle_game_python/docs/system_design/20260914020712.json
2026-09-14 02:34:01.077 | INFO     | metagpt.utils.file_repository:save:62 - update dependency: /home/zhaorz/project/CodeWM/CodeWM_ProWES_Logits/reproduct/units/p06_tank_battle_game/python/replays/0001_seed_1796061374/p06_tank_battle_game_python/docs/system_design/20260914020712.json:[]
2026-09-14 02:34:01.078 | INFO     | metagpt.utils.file_repository:save:57 - save to: /home/zhaorz/project/CodeWM/CodeWM_ProWES_Logits/reproduct/units/p06_tank_battle_game/python/replays/0001_seed_1796061374/p06_tank_battle_game_python/docs/task/20260914020712.json
2026-09-14 02:34:01.080 | INFO     | metagpt.utils.file_repository:save:62 - update dependency: /home/zhaorz/project/CodeWM/CodeWM_ProWES_Logits/reproduct/units/p06_tank_battle_game/python/replays/0001_seed_1796061374/p06_tank_battle_game_python/docs/task/20260914020712.json:[]
>> [manual] Run 14/14: WriteCode -> tests/test_main.py
2026-09-14 02:34:01.089 | INFO     | metagpt.actions.write_code:run:186 - Writing tests/test_main.py..
2026-09-14 02:35:09.550 | INFO     | metagpt.utils.file_repository:save:57 - save to: /home/zhaorz/project/CodeWM/CodeWM_ProWES_Logits/reproduct/units/p06_tank_battle_game/python/replays/0001_seed_1796061374/p06_tank_battle_game_python/p06_tank_battle_game_python/tests/test_main.py
2026-09-14 02:35:09.552 | INFO     | metagpt.utils.file_repository:save:62 - update dependency: /home/zhaorz/project/CodeWM/CodeWM_ProWES_Logits/reproduct/units/p06_tank_battle_game/python/replays/0001_seed_1796061374/p06_tank_battle_game_python/p06_tank_battle_game_python/tests/test_main.py:['docs/system_design/20260914020712.json', 'docs/task/20260914020712.json']
2026-09-14 02:35:09.553 | INFO     | metagpt.utils.file_repository:save:57 - save to: /home/zhaorz/project/CodeWM/CodeWM_ProWES_Logits/reproduct/units/p06_tank_battle_game/python/replays/0001_seed_1796061374/p06_tank_battle_game_python/p06_tank_battle_game_python/test_main_wm_detRes.txt
>> saved: src/tests/test_main.py
>> [manual] all WriteCode actions finished.
[replay-worker] p06_tank_battle_game_python passed=True
[replay-worker] waiting for accepted seeds
[replay-worker] waiting for accepted seeds
[replay-worker] waiting for accepted seeds
[replay-worker] waiting for accepted seeds
[replay-worker] waiting for accepted seeds
[replay-worker] waiting for accepted seeds
[replay-worker] waiting for accepted seeds
[replay-worker] waiting for accepted seeds
[replay-worker] waiting for accepted seeds
[replay-worker] waiting for accepted seeds
[replay-worker] waiting for accepted seeds
[replay-worker] waiting for accepted seeds
[replay-worker] waiting for accepted seeds
[replay-worker] waiting for accepted seeds
[replay-worker] waiting for accepted seeds
[replay-worker] waiting for accepted seeds
[replay-worker] waiting for accepted seeds
[replay-worker] waiting for accepted seeds
[replay-worker] waiting for accepted seeds
[replay-worker] waiting for accepted seeds
[replay-worker] waiting for accepted seeds
[replay-worker] waiting for accepted seeds
[replay-worker] waiting for accepted seeds
[replay-worker] waiting for accepted seeds
[replay-worker] waiting for accepted seeds
[replay-worker] waiting for accepted seeds
[replay-worker] waiting for accepted seeds
[replay-worker] waiting for accepted seeds
[replay-worker] waiting for accepted seeds
[replay-worker] waiting for accepted seeds
[replay-worker] waiting for accepted seeds
[replay-worker] waiting for accepted seeds
[replay-worker] waiting for accepted seeds
[replay-worker] waiting for accepted seeds
[replay-worker] waiting for accepted seeds
[replay-worker] waiting for accepted seeds
[replay-worker] waiting for accepted seeds
[replay-worker] waiting for accepted seeds
[replay-worker] waiting for accepted seeds
[replay-worker] waiting for accepted seeds
[replay-worker] waiting for accepted seeds
[replay-worker] waiting for accepted seeds
[replay-worker] waiting for accepted seeds
[replay-worker] waiting for accepted seeds
[replay-worker] waiting for accepted seeds
[replay-worker] waiting for accepted seeds
[replay-worker] waiting for accepted seeds
[replay-worker] waiting for accepted seeds
[replay-worker] waiting for accepted seeds
[replay-worker] waiting for accepted seeds
[replay-worker] waiting for accepted seeds
[replay-worker] waiting for accepted seeds
[replay-worker] waiting for accepted seeds
[replay-worker] waiting for accepted seeds
[replay-worker] waiting for accepted seeds
[replay-worker] waiting for accepted seeds
[replay-worker] waiting for accepted seeds
[replay-worker] waiting for accepted seeds
[replay-worker] waiting for accepted seeds
[replay-worker] waiting for accepted seeds
[replay-worker] waiting for accepted seeds
[replay-worker] waiting for accepted seeds
[replay-worker] waiting for accepted seeds
[replay-worker] waiting for accepted seeds
[replay-worker] waiting for accepted seeds
[replay-worker] waiting for accepted seeds
[replay-worker] waiting for accepted seeds
[replay-worker] waiting for accepted seeds
[replay-worker] waiting for accepted seeds
[replay-worker] waiting for accepted seeds
[replay-worker] waiting for accepted seeds
[replay-worker] waiting for accepted seeds
[replay-worker] waiting for accepted seeds
[replay-worker] waiting for accepted seeds
[replay-worker] waiting for accepted seeds
[replay-worker] waiting for accepted seeds
[replay-worker] waiting for accepted seeds
[replay-worker] waiting for accepted seeds
[replay-worker] waiting for accepted seeds
[replay-worker] waiting for accepted seeds
[replay-worker] waiting for accepted seeds
[replay-worker] waiting for accepted seeds
[replay-worker] waiting for accepted seeds
[replay-worker] waiting for accepted seeds
[replay-worker] waiting for accepted seeds
[replay-worker] waiting for accepted seeds
[replay-worker] waiting for accepted seeds
[replay-worker] waiting for accepted seeds
[replay-worker] waiting for accepted seeds
[replay-worker] waiting for accepted seeds
[replay-worker] waiting for accepted seeds
[replay-worker] waiting for accepted seeds
[replay-worker] waiting for accepted seeds
[replay-worker] waiting for accepted seeds
[replay-worker] waiting for accepted seeds
[replay-worker] waiting for accepted seeds
[replay-worker] waiting for accepted seeds
[replay-worker] waiting for accepted seeds
[replay-worker] waiting for accepted seeds
[replay-worker] waiting for accepted seeds
[replay-worker] waiting for accepted seeds
[replay-worker] waiting for accepted seeds
[replay-worker] waiting for accepted seeds
[replay-worker] waiting for accepted seeds
[replay-worker] waiting for accepted seeds
[replay-worker] waiting for accepted seeds
[replay-worker] waiting for accepted seeds
[replay-worker] waiting for accepted seeds
[replay-worker] waiting for accepted seeds
[replay-worker] waiting for accepted seeds
[replay-worker] waiting for accepted seeds
[replay-worker] waiting for accepted seeds
[replay-worker] waiting for accepted seeds
[replay-worker] waiting for accepted seeds
[replay-worker] waiting for accepted seeds
[replay-worker] waiting for accepted seeds
[replay-worker] waiting for accepted seeds
[replay-worker] waiting for accepted seeds
[replay-worker] waiting for accepted seeds
[replay-worker] waiting for accepted seeds
[replay-worker] waiting for accepted seeds
[replay-worker] waiting for accepted seeds
[replay-worker] waiting for accepted seeds
[replay-worker] waiting for accepted seeds
[replay-worker] waiting for accepted seeds
[replay-worker] waiting for accepted seeds
[replay-worker] waiting for accepted seeds
[replay-worker] waiting for accepted seeds
[replay-worker] waiting for accepted seeds
[replay-worker] waiting for accepted seeds
[replay-worker] waiting for accepted seeds
[replay-worker] waiting for accepted seeds
[replay-worker] waiting for accepted seeds
[replay-worker] waiting for accepted seeds
[replay-worker] waiting for accepted seeds
[replay-worker] waiting for accepted seeds
[replay-worker] waiting for accepted seeds
[replay-worker] waiting for accepted seeds
[replay-worker] waiting for accepted seeds
[replay-worker] waiting for accepted seeds
[replay-worker] waiting for accepted seeds
[replay-worker] waiting for accepted seeds
[replay-worker] waiting for accepted seeds
[replay-worker] waiting for accepted seeds
[replay-worker] waiting for accepted seeds
[replay-worker] waiting for accepted seeds
[replay-worker] waiting for accepted seeds
[replay-worker] waiting for accepted seeds
[replay-worker] waiting for accepted seeds
[replay-worker] waiting for accepted seeds
[replay-worker] waiting for accepted seeds
[replay-worker] waiting for accepted seeds
[replay-worker] waiting for accepted seeds
[replay-worker] waiting for accepted seeds
[replay-worker] waiting for accepted seeds
[replay-worker] waiting for accepted seeds
[replay-worker] waiting for accepted seeds
[replay-worker] waiting for accepted seeds
[replay-worker] waiting for accepted seeds
[replay-worker] waiting for accepted seeds
[replay-worker] waiting for accepted seeds
[replay-worker] waiting for accepted seeds
[replay-worker] waiting for accepted seeds
[replay-worker] waiting for accepted seeds
[replay-worker] waiting for accepted seeds
[replay-worker] waiting for accepted seeds
[replay-worker] waiting for accepted seeds
[replay-worker] waiting for accepted seeds
[replay-worker] waiting for accepted seeds
[replay-worker] waiting for accepted seeds
[replay-worker] waiting for accepted seeds
[replay-worker] waiting for accepted seeds
[replay-worker] waiting for accepted seeds
[replay-worker] waiting for accepted seeds
[replay-worker] waiting for accepted seeds
[replay-worker] waiting for accepted seeds
[replay-worker] waiting for accepted seeds
[replay-worker] waiting for accepted seeds
[replay-worker] waiting for accepted seeds
[replay-worker] waiting for accepted seeds
[replay-worker] waiting for accepted seeds
[replay-worker] waiting for accepted seeds
[replay-worker] waiting for accepted seeds
[replay-worker] waiting for accepted seeds
[replay-worker] waiting for accepted seeds
[replay-worker] waiting for accepted seeds
[replay-worker] waiting for accepted seeds
[replay-worker] waiting for accepted seeds
[replay-worker] waiting for accepted seeds
[replay-worker] waiting for accepted seeds
[replay-worker] waiting for accepted seeds
[replay-worker] waiting for accepted seeds
[replay-worker] waiting for accepted seeds
[replay-worker] waiting for accepted seeds
[replay-worker] waiting for accepted seeds
[replay-worker] waiting for accepted seeds
[replay-worker] waiting for accepted seeds
[replay-worker] waiting for accepted seeds
[replay-worker] waiting for accepted seeds
[replay-worker] waiting for accepted seeds
[replay-worker] waiting for accepted seeds
[replay-worker] waiting for accepted seeds
[replay-worker] waiting for accepted seeds
[replay-worker] waiting for accepted seeds
[replay-worker] waiting for accepted seeds
[replay-worker] waiting for accepted seeds
[replay-worker] waiting for accepted seeds
[replay-worker] waiting for accepted seeds
[replay-worker] waiting for accepted seeds
[replay-worker] waiting for accepted seeds
[replay-worker] waiting for accepted seeds
[replay-worker] waiting for accepted seeds
[replay-worker] waiting for accepted seeds
[replay-worker] waiting for accepted seeds
[replay-worker] waiting for accepted seeds
[replay-worker] waiting for accepted seeds
[replay-worker] waiting for accepted seeds
[replay-worker] waiting for accepted seeds
[replay-worker] waiting for accepted seeds
[replay-worker] waiting for accepted seeds
[replay-worker] waiting for accepted seeds
[replay-worker] waiting for accepted seeds
[replay-worker] waiting for accepted seeds
[replay-worker] waiting for accepted seeds
[replay-worker] waiting for accepted seeds
[replay-worker] waiting for accepted seeds
[replay-worker] waiting for accepted seeds
[replay-worker] waiting for accepted seeds
[replay-worker] waiting for accepted seeds
[replay-worker] waiting for accepted seeds
[replay-worker] waiting for accepted seeds
[replay-worker] waiting for accepted seeds
[replay-worker] waiting for accepted seeds
[replay-worker] waiting for accepted seeds
[replay-worker] waiting for accepted seeds
[replay-worker] waiting for accepted seeds
[replay-worker] waiting for accepted seeds
[replay-worker] waiting for accepted seeds
[replay-worker] waiting for accepted seeds
[replay-worker] waiting for accepted seeds
[replay-worker] waiting for accepted seeds
[replay-worker] waiting for accepted seeds
[replay-worker] waiting for accepted seeds
[replay-worker] waiting for accepted seeds
[replay-worker] waiting for accepted seeds
[replay-worker] waiting for accepted seeds
[replay-worker] waiting for accepted seeds
[replay-worker] waiting for accepted seeds
[replay-worker] waiting for accepted seeds
[replay-worker] waiting for accepted seeds
[replay-worker] waiting for accepted seeds
[replay-worker] waiting for accepted seeds
[replay-worker] waiting for accepted seeds
[replay-worker] waiting for accepted seeds
[replay-worker] waiting for accepted seeds
[replay-worker] waiting for accepted seeds
[replay-worker] waiting for accepted seeds
[replay-worker] waiting for accepted seeds
[replay-worker] waiting for accepted seeds
[replay-worker] waiting for accepted seeds
[replay-worker] waiting for accepted seeds
[replay-worker] waiting for accepted seeds
[replay-worker] waiting for accepted seeds
[replay-worker] waiting for accepted seeds
[replay-worker] waiting for accepted seeds
[replay-worker] waiting for accepted seeds
[replay-worker] waiting for accepted seeds
[replay-worker] waiting for accepted seeds
[replay-worker] waiting for accepted seeds
[replay-worker] waiting for accepted seeds
[replay-worker] waiting for accepted seeds
[replay-worker] waiting for accepted seeds
[replay-worker] waiting for accepted seeds
[replay-worker] waiting for accepted seeds
[replay-worker] waiting for accepted seeds
[replay-worker] waiting for accepted seeds
[replay-worker] waiting for accepted seeds
[replay-worker] waiting for accepted seeds
[replay-worker] waiting for accepted seeds
[replay-worker] waiting for accepted seeds
[replay-worker] waiting for accepted seeds
[replay-worker] waiting for accepted seeds
[replay-worker] waiting for accepted seeds
[replay-worker] waiting for accepted seeds
[replay-worker] waiting for accepted seeds
[replay-worker] waiting for accepted seeds
[replay-worker] waiting for accepted seeds
[replay-worker] waiting for accepted seeds
[replay-worker] waiting for accepted seeds
[replay-worker] waiting for accepted seeds
[replay-worker] waiting for accepted seeds
[replay-worker] waiting for accepted seeds
[replay-worker] waiting for accepted seeds
[replay-worker] waiting for accepted seeds
[replay-worker] waiting for accepted seeds
[replay-worker] waiting for accepted seeds
[replay-worker] waiting for accepted seeds
[replay-worker] waiting for accepted seeds
[replay-worker] waiting for accepted seeds
[replay-worker] waiting for accepted seeds
[replay-worker] waiting for accepted seeds
[replay-worker] waiting for accepted seeds
[replay-worker] waiting for accepted seeds
[replay-worker] waiting for accepted seeds
[replay-worker] waiting for accepted seeds
[replay-worker] waiting for accepted seeds
[replay-worker] waiting for accepted seeds
[replay-worker] waiting for accepted seeds
[replay-worker] waiting for accepted seeds
[replay-worker] waiting for accepted seeds
[replay-worker] waiting for accepted seeds
[replay-worker] waiting for accepted seeds
[replay-worker] waiting for accepted seeds
[replay-worker] waiting for accepted seeds
[replay-worker] waiting for accepted seeds
[replay-worker] waiting for accepted seeds
[replay-worker] waiting for accepted seeds
[replay-worker] waiting for accepted seeds
[replay-worker] waiting for accepted seeds
[replay-worker] waiting for accepted seeds
[replay-worker] waiting for accepted seeds
[replay-worker] waiting for accepted seeds
[replay-worker] waiting for accepted seeds
[replay-worker] waiting for accepted seeds
[replay-worker] waiting for accepted seeds
[replay-worker] waiting for accepted seeds
[replay-worker] waiting for accepted seeds
[replay-worker] waiting for accepted seeds
[replay-worker] waiting for accepted seeds
[replay-worker] waiting for accepted seeds
[replay-worker] waiting for accepted seeds
[replay-worker] waiting for accepted seeds
[replay-worker] waiting for accepted seeds
[replay-worker] waiting for accepted seeds
[replay-worker] waiting for accepted seeds
[replay-worker] waiting for accepted seeds
[replay-worker] waiting for accepted seeds
[replay-worker] waiting for accepted seeds
[replay-worker] waiting for accepted seeds
[replay-worker] waiting for accepted seeds
[replay-worker] waiting for accepted seeds
[replay-worker] waiting for accepted seeds
[replay-worker] waiting for accepted seeds
[replay-worker] waiting for accepted seeds
[replay-worker] waiting for accepted seeds
[replay-worker] waiting for accepted seeds
[replay-worker] waiting for accepted seeds
[replay-worker] waiting for accepted seeds
[replay-worker] waiting for accepted seeds
[replay-worker] waiting for accepted seeds
[replay-worker] waiting for accepted seeds
[replay-worker] waiting for accepted seeds
[replay-worker] waiting for accepted seeds
[replay-worker] waiting for accepted seeds
[replay-worker] waiting for accepted seeds
[replay-worker] waiting for accepted seeds
[replay-worker] waiting for accepted seeds
[replay-worker] waiting for accepted seeds
[replay-worker] waiting for accepted seeds
[replay-worker] waiting for accepted seeds
[replay-worker] waiting for accepted seeds
[replay-worker] waiting for accepted seeds
[replay-worker] waiting for accepted seeds
[replay-worker] waiting for accepted seeds
[replay-worker] waiting for accepted seeds
[replay-worker] waiting for accepted seeds
[replay-worker] waiting for accepted seeds
[replay-worker] waiting for accepted seeds
[replay-worker] waiting for accepted seeds
[replay-worker] waiting for accepted seeds
[replay-worker] waiting for accepted seeds
[replay-worker] waiting for accepted seeds
[replay-worker] waiting for accepted seeds
[replay-worker] waiting for accepted seeds
[replay-worker] waiting for accepted seeds
[replay-worker] waiting for accepted seeds
[replay-worker] waiting for accepted seeds
[replay-worker] waiting for accepted seeds
[replay-worker] waiting for accepted seeds
[replay-worker] waiting for accepted seeds
[replay-worker] waiting for accepted seeds
[replay-worker] waiting for accepted seeds
[replay-worker] waiting for accepted seeds
[replay-worker] waiting for accepted seeds
[replay-worker] waiting for accepted seeds
[replay-worker] waiting for accepted seeds
[replay-worker] waiting for accepted seeds
[replay-worker] waiting for accepted seeds
[replay-worker] waiting for accepted seeds
[replay-worker] waiting for accepted seeds
[replay-worker] waiting for accepted seeds
[replay-worker] waiting for accepted seeds
[replay-worker] waiting for accepted seeds
[replay-worker] waiting for accepted seeds
[replay-worker] waiting for accepted seeds
[replay-worker] waiting for accepted seeds
[replay-worker] waiting for accepted seeds
[replay-worker] waiting for accepted seeds
[replay-worker] waiting for accepted seeds
[replay-worker] waiting for accepted seeds
[replay-worker] waiting for accepted seeds
[replay-worker] waiting for accepted seeds
[replay-worker] waiting for accepted seeds
[replay-worker] waiting for accepted seeds
[replay-worker] waiting for accepted seeds
[replay-worker] waiting for accepted seeds
[replay-worker] waiting for accepted seeds
[replay-worker] waiting for accepted seeds
[replay-worker] waiting for accepted seeds
[replay-worker] waiting for accepted seeds
[replay-worker] waiting for accepted seeds
[replay-worker] waiting for accepted seeds
[replay-worker] waiting for accepted seeds
[replay-worker] waiting for accepted seeds
[replay-worker] waiting for accepted seeds
[replay-worker] waiting for accepted seeds
[replay-worker] waiting for accepted seeds
[replay-worker] waiting for accepted seeds
[replay-worker] waiting for accepted seeds
[replay-worker] waiting for accepted seeds
[replay-worker] waiting for accepted seeds
[replay-worker] waiting for accepted seeds
[replay-worker] waiting for accepted seeds
[replay-worker] waiting for accepted seeds
[replay-worker] waiting for accepted seeds
[replay-worker] waiting for accepted seeds
[replay-worker] waiting for accepted seeds
[replay-worker] waiting for accepted seeds
[replay-worker] waiting for accepted seeds
[replay-worker] waiting for accepted seeds
[replay-worker] waiting for accepted seeds
[replay-worker] waiting for accepted seeds
[replay-worker] waiting for accepted seeds
[replay-worker] waiting for accepted seeds
[replay-worker] waiting for accepted seeds
[replay-worker] waiting for accepted seeds
[replay-worker] waiting for accepted seeds
[replay-worker] waiting for accepted seeds
[replay-worker] waiting for accepted seeds
[replay-worker] waiting for accepted seeds
[replay-worker] waiting for accepted seeds
[replay-worker] waiting for accepted seeds
[replay-worker] waiting for accepted seeds
[replay-worker] waiting for accepted seeds
[replay-worker] waiting for accepted seeds
[replay-worker] waiting for accepted seeds
[replay-worker] waiting for accepted seeds
[replay-worker] waiting for accepted seeds
[replay-worker] waiting for accepted seeds
[replay-worker] waiting for accepted seeds
[replay-worker] waiting for accepted seeds
[replay-worker] waiting for accepted seeds
[replay-worker] waiting for accepted seeds
[replay-worker] waiting for accepted seeds
[replay-worker] waiting for accepted seeds
[replay-worker] waiting for accepted seeds
[replay-worker] waiting for accepted seeds
[replay-worker] waiting for accepted seeds
[replay-worker] waiting for accepted seeds
[replay-worker] waiting for accepted seeds
[replay-worker] waiting for accepted seeds
[replay-worker] waiting for accepted seeds
[replay-worker] waiting for accepted seeds
[replay-worker] waiting for accepted seeds
[replay-worker] waiting for accepted seeds
[replay-worker] waiting for accepted seeds
[replay-worker] waiting for accepted seeds
[replay-worker] waiting for accepted seeds
[replay-worker] waiting for accepted seeds
[replay-worker] waiting for accepted seeds
[replay-worker] waiting for accepted seeds
[replay-worker] waiting for accepted seeds
[replay-worker] waiting for accepted seeds
[replay-worker] waiting for accepted seeds
[replay-worker] waiting for accepted seeds
[replay-worker] waiting for accepted seeds
[replay-worker] waiting for accepted seeds
[replay-worker] waiting for accepted seeds
[replay-worker] waiting for accepted seeds
[replay-worker] waiting for accepted seeds
[replay-worker] waiting for accepted seeds
[replay-worker] waiting for accepted seeds
[replay-worker] waiting for accepted seeds
[replay-worker] waiting for accepted seeds
[replay-worker] waiting for accepted seeds
[replay-worker] waiting for accepted seeds
[replay-worker] waiting for accepted seeds
[replay-worker] waiting for accepted seeds
[replay-worker] waiting for accepted seeds
[replay-worker] waiting for accepted seeds
[replay-worker] waiting for accepted seeds
[replay-worker] waiting for accepted seeds
[replay-worker] waiting for accepted seeds
[replay-worker] waiting for accepted seeds
[replay-worker] waiting for accepted seeds
[replay-worker] waiting for accepted seeds
[replay-worker] waiting for accepted seeds
[replay-worker] waiting for accepted seeds
[replay-worker] waiting for accepted seeds
[replay-worker] waiting for accepted seeds
[replay-worker] waiting for accepted seeds
[replay-worker] waiting for accepted seeds
[replay-worker] waiting for accepted seeds
[replay-worker] waiting for accepted seeds
[replay-worker] waiting for accepted seeds
[replay-worker] waiting for accepted seeds
[replay-worker] waiting for accepted seeds
[replay-worker] waiting for accepted seeds
[replay-worker] waiting for accepted seeds
[replay-worker] waiting for accepted seeds
[replay-worker] waiting for accepted seeds
[replay-worker] waiting for accepted seeds
[replay-worker] waiting for accepted seeds
[replay-worker] waiting for accepted seeds
[replay-worker] waiting for accepted seeds
[replay-worker] waiting for accepted seeds
[replay-worker] waiting for accepted seeds
[replay-worker] waiting for accepted seeds
[replay-worker] waiting for accepted seeds
[replay-worker] waiting for accepted seeds
[replay-worker] waiting for accepted seeds
[replay-worker] waiting for accepted seeds
[replay-worker] waiting for accepted seeds
[replay-worker] waiting for accepted seeds
[replay-worker] waiting for accepted seeds
[replay-worker] waiting for accepted seeds
[replay-worker] waiting for accepted seeds
[replay-worker] waiting for accepted seeds
[replay-worker] waiting for accepted seeds
[replay-worker] waiting for accepted seeds
[replay-worker] waiting for accepted seeds
[replay-worker] waiting for accepted seeds
[replay-worker] waiting for accepted seeds
[replay-worker] waiting for accepted seeds
[replay-worker] waiting for accepted seeds
[replay-worker] waiting for accepted seeds
[replay-worker] waiting for accepted seeds
[replay-worker] waiting for accepted seeds
[replay-worker] waiting for accepted seeds
[replay-worker] waiting for accepted seeds
[replay-worker] waiting for accepted seeds
[replay-worker] waiting for accepted seeds
[replay-worker] waiting for accepted seeds
[replay-worker] waiting for accepted seeds
[replay-worker] waiting for accepted seeds
[replay-worker] waiting for accepted seeds
[replay-worker] waiting for accepted seeds
[replay-worker] waiting for accepted seeds
[replay-worker] waiting for accepted seeds
[replay-worker] waiting for accepted seeds
[replay-worker] waiting for accepted seeds
[replay-worker] waiting for accepted seeds
[replay-worker] waiting for accepted seeds
[replay-worker] waiting for accepted seeds
[replay-worker] waiting for accepted seeds
[replay-worker] waiting for accepted seeds
[replay-worker] waiting for accepted seeds
[replay-worker] waiting for accepted seeds
[replay-worker] waiting for accepted seeds
[replay-worker] waiting for accepted seeds
[replay-worker] waiting for accepted seeds
[replay-worker] waiting for accepted seeds
[replay-worker] waiting for accepted seeds
[replay-worker] waiting for accepted seeds
[replay-worker] waiting for accepted seeds
[replay-worker] waiting for accepted seeds
[replay-worker] waiting for accepted seeds
[replay-worker] waiting for accepted seeds
[replay-worker] waiting for accepted seeds
[replay-worker] waiting for accepted seeds
[replay-worker] waiting for accepted seeds
[replay-worker] waiting for accepted seeds
[replay-worker] waiting for accepted seeds
[replay-worker] waiting for accepted seeds
[replay-worker] waiting for accepted seeds
[replay-worker] waiting for accepted seeds
[replay-worker] waiting for accepted seeds
[replay-worker] waiting for accepted seeds
[replay-worker] waiting for accepted seeds
[replay-worker] waiting for accepted seeds
[replay-worker] waiting for accepted seeds
[replay-worker] waiting for accepted seeds
[replay-worker] waiting for accepted seeds
[replay-worker] waiting for accepted seeds
[replay-worker] waiting for accepted seeds
[replay-worker] waiting for accepted seeds
[replay-worker] waiting for accepted seeds
[replay-worker] waiting for accepted seeds
[replay-worker] waiting for accepted seeds
[replay-worker] waiting for accepted seeds
[replay-worker] waiting for accepted seeds
[replay-worker] waiting for accepted seeds
[replay-worker] waiting for accepted seeds
[replay-worker] waiting for accepted seeds
[replay-worker] waiting for accepted seeds
[replay-worker] waiting for accepted seeds
[replay-worker] waiting for accepted seeds
[replay-worker] waiting for accepted seeds
[replay-worker] waiting for accepted seeds
[replay-worker] waiting for accepted seeds
[replay-worker] waiting for accepted seeds
[replay-worker] waiting for accepted seeds
[replay-worker] waiting for accepted seeds
[replay-worker] waiting for accepted seeds
[replay-worker] waiting for accepted seeds
[replay-worker] waiting for accepted seeds
[replay-worker] waiting for accepted seeds
[replay-worker] waiting for accepted seeds
[replay-worker] waiting for accepted seeds
[replay-worker] waiting for accepted seeds
[replay-worker] waiting for accepted seeds
[replay-worker] waiting for accepted seeds
[replay-worker] waiting for accepted seeds
[replay-worker] waiting for accepted seeds
[replay-worker] waiting for accepted seeds
[replay-worker] waiting for accepted seeds
[replay-worker] waiting for accepted seeds
[replay-worker] waiting for accepted seeds
[replay-worker] waiting for accepted seeds
[replay-worker] waiting for accepted seeds
[replay-worker] waiting for accepted seeds
[replay-worker] waiting for accepted seeds
[replay-worker] waiting for accepted seeds
[replay-worker] waiting for accepted seeds
[replay-worker] waiting for accepted seeds
[replay-worker] waiting for accepted seeds
[replay-worker] waiting for accepted seeds
[replay-worker] waiting for accepted seeds
[replay-worker] waiting for accepted seeds
[replay-worker] waiting for accepted seeds
[replay-worker] waiting for accepted seeds
[replay-worker] waiting for accepted seeds
[replay-worker] waiting for accepted seeds
[replay-worker] waiting for accepted seeds
[replay-worker] waiting for accepted seeds
[replay-worker] waiting for accepted seeds
[replay-worker] waiting for accepted seeds
[replay-worker] waiting for accepted seeds
[replay-worker] waiting for accepted seeds
[replay-worker] waiting for accepted seeds
[replay-worker] waiting for accepted seeds
[replay-worker] waiting for accepted seeds
[replay-worker] waiting for accepted seeds
[replay-worker] waiting for accepted seeds
[replay-worker] waiting for accepted seeds
[replay-worker] waiting for accepted seeds
[replay-worker] waiting for accepted seeds
[replay-worker] waiting for accepted seeds
[replay-worker] waiting for accepted seeds
[replay-worker] waiting for accepted seeds
[replay-worker] waiting for accepted seeds
[replay-worker] waiting for accepted seeds
[replay-worker] waiting for accepted seeds
[replay-worker] waiting for accepted seeds
[replay-worker] waiting for accepted seeds
[replay-worker] waiting for accepted seeds
[replay-worker] waiting for accepted seeds
[replay-worker] waiting for accepted seeds
[replay-worker] waiting for accepted seeds
[replay-worker] waiting for accepted seeds
[replay-worker] waiting for accepted seeds
[replay-worker] waiting for accepted seeds
[replay-worker] waiting for accepted seeds
[replay-worker] waiting for accepted seeds
[replay-worker] waiting for accepted seeds
[replay-worker] waiting for accepted seeds
[replay-worker] waiting for accepted seeds
[replay-worker] waiting for accepted seeds
[replay-worker] waiting for accepted seeds
[replay-worker] waiting for accepted seeds
[replay-worker] waiting for accepted seeds
[replay-worker] waiting for accepted seeds
[replay-worker] waiting for accepted seeds
[replay-worker] waiting for accepted seeds
[replay-worker] waiting for accepted seeds
[replay-worker] waiting for accepted seeds
[replay-worker] waiting for accepted seeds
[replay-worker] waiting for accepted seeds
[replay-worker] waiting for accepted seeds
[replay-worker] waiting for accepted seeds
[replay-worker] waiting for accepted seeds
[replay-worker] waiting for accepted seeds
[replay-worker] waiting for accepted seeds
[replay-worker] waiting for accepted seeds
[replay-worker] waiting for accepted seeds
[replay-worker] waiting for accepted seeds
[replay-worker] waiting for accepted seeds
[replay-worker] waiting for accepted seeds
[replay-worker] waiting for accepted seeds
[replay-worker] waiting for accepted seeds
[replay-worker] waiting for accepted seeds
[replay-worker] waiting for accepted seeds
[replay-worker] waiting for accepted seeds
[replay-worker] waiting for accepted seeds
[replay-worker] waiting for accepted seeds
[replay-worker] waiting for accepted seeds
[replay-worker] waiting for accepted seeds
[replay-worker] waiting for accepted seeds
[replay-worker] waiting for accepted seeds
[replay-worker] waiting for accepted seeds
[replay-worker] waiting for accepted seeds
[replay-worker] waiting for accepted seeds
[replay-worker] waiting for accepted seeds
[replay-worker] waiting for accepted seeds
[replay-worker] waiting for accepted seeds
[replay-worker] waiting for accepted seeds
[replay-worker] waiting for accepted seeds
[replay-worker] waiting for accepted seeds
[replay-worker] waiting for accepted seeds
>> recovering from: /home/zhaorz/project/CodeWM/CodeWM_ProWES_Logits/reproduct/units/p07_calculator/java/architecture/team
>> team.json exists: True path: /home/zhaorz/project/CodeWM/CodeWM_ProWES_Logits/reproduct/units/p07_calculator/java/architecture/team/team.json
>> ctx.git_repo.workdir = /home/zhaorz/project/CodeWM/CodeWM_ProWES_Logits/reproduct/units/p07_calculator/java/replays/0001_seed_1482699596/p07_calculator_java
eng.code_todos: ['pom.xml', 'src/main/java/Tokenizer.java', 'src/main/java/Parser.java', 'src/main/java/Evaluator.java', 'src/main/java/History.java', 'src/main/java/Main.java', 'src/test/java/MainTest.java']
>> ready, ctx.git_repo.workdir = /home/zhaorz/project/CodeWM/CodeWM_ProWES_Logits/reproduct/units/p07_calculator/java/replays/0001_seed_1482699596/p07_calculator_java
>> ctx.git_repo.workdir = /home/zhaorz/project/CodeWM/CodeWM_ProWES_Logits/reproduct/units/p07_calculator/java/replays/0001_seed_1482699596/p07_calculator_java
2026-09-14 06:32:11.069 | INFO     | metagpt.utils.file_repository:save:57 - save to: /home/zhaorz/project/CodeWM/CodeWM_ProWES_Logits/reproduct/units/p07_calculator/java/replays/0001_seed_1482699596/p07_calculator_java/docs/system_design/20260914024734.json
2026-09-14 06:32:11.070 | INFO     | metagpt.utils.file_repository:save:62 - update dependency: /home/zhaorz/project/CodeWM/CodeWM_ProWES_Logits/reproduct/units/p07_calculator/java/replays/0001_seed_1482699596/p07_calculator_java/docs/system_design/20260914024734.json:[]
2026-09-14 06:32:11.071 | INFO     | metagpt.utils.file_repository:save:57 - save to: /home/zhaorz/project/CodeWM/CodeWM_ProWES_Logits/reproduct/units/p07_calculator/java/replays/0001_seed_1482699596/p07_calculator_java/docs/task/20260914024734.json
2026-09-14 06:32:11.072 | INFO     | metagpt.utils.file_repository:save:62 - update dependency: /home/zhaorz/project/CodeWM/CodeWM_ProWES_Logits/reproduct/units/p07_calculator/java/replays/0001_seed_1482699596/p07_calculator_java/docs/task/20260914024734.json:[]
>> [manual] Run 1/7: WriteCode -> pom.xml
2026-09-14 06:32:11.074 | INFO     | metagpt.actions.write_code:run:186 - Writing pom.xml..
2026-09-14 06:32:32.057 | INFO     | metagpt.utils.file_repository:save:57 - save to: /home/zhaorz/project/CodeWM/CodeWM_ProWES_Logits/reproduct/units/p07_calculator/java/replays/0001_seed_1482699596/p07_calculator_java/p07_calculator_java/pom.xml
2026-09-14 06:32:32.059 | INFO     | metagpt.utils.file_repository:save:62 - update dependency: /home/zhaorz/project/CodeWM/CodeWM_ProWES_Logits/reproduct/units/p07_calculator/java/replays/0001_seed_1482699596/p07_calculator_java/p07_calculator_java/pom.xml:['docs/system_design/20260914024734.json', 'docs/task/20260914024734.json']
2026-09-14 06:32:32.060 | INFO     | metagpt.utils.file_repository:save:57 - save to: /home/zhaorz/project/CodeWM/CodeWM_ProWES_Logits/reproduct/units/p07_calculator/java/replays/0001_seed_1482699596/p07_calculator_java/p07_calculator_java/pom_wm_detRes.txt
>> saved: src/pom.xml
2026-09-14 06:32:32.061 | INFO     | metagpt.utils.file_repository:save:57 - save to: /home/zhaorz/project/CodeWM/CodeWM_ProWES_Logits/reproduct/units/p07_calculator/java/replays/0001_seed_1482699596/p07_calculator_java/docs/system_design/20260914024734.json
2026-09-14 06:32:32.062 | INFO     | metagpt.utils.file_repository:save:62 - update dependency: /home/zhaorz/project/CodeWM/CodeWM_ProWES_Logits/reproduct/units/p07_calculator/java/replays/0001_seed_1482699596/p07_calculator_java/docs/system_design/20260914024734.json:[]
2026-09-14 06:32:32.063 | INFO     | metagpt.utils.file_repository:save:57 - save to: /home/zhaorz/project/CodeWM/CodeWM_ProWES_Logits/reproduct/units/p07_calculator/java/replays/0001_seed_1482699596/p07_calculator_java/docs/task/20260914024734.json
2026-09-14 06:32:32.064 | INFO     | metagpt.utils.file_repository:save:62 - update dependency: /home/zhaorz/project/CodeWM/CodeWM_ProWES_Logits/reproduct/units/p07_calculator/java/replays/0001_seed_1482699596/p07_calculator_java/docs/task/20260914024734.json:[]
>> [manual] Run 2/7: WriteCode -> src/main/java/Tokenizer.java
2026-09-14 06:32:32.067 | INFO     | metagpt.actions.write_code:run:186 - Writing src/main/java/Tokenizer.java..
2026-09-14 06:33:03.670 | INFO     | metagpt.utils.file_repository:save:57 - save to: /home/zhaorz/project/CodeWM/CodeWM_ProWES_Logits/reproduct/units/p07_calculator/java/replays/0001_seed_1482699596/p07_calculator_java/p07_calculator_java/src/main/java/Tokenizer.java
2026-09-14 06:33:03.673 | INFO     | metagpt.utils.file_repository:save:62 - update dependency: /home/zhaorz/project/CodeWM/CodeWM_ProWES_Logits/reproduct/units/p07_calculator/java/replays/0001_seed_1482699596/p07_calculator_java/p07_calculator_java/src/main/java/Tokenizer.java:['docs/system_design/20260914024734.json', 'docs/task/20260914024734.json']
2026-09-14 06:33:03.674 | INFO     | metagpt.utils.file_repository:save:57 - save to: /home/zhaorz/project/CodeWM/CodeWM_ProWES_Logits/reproduct/units/p07_calculator/java/replays/0001_seed_1482699596/p07_calculator_java/p07_calculator_java/Tokenizer_wm_detRes.txt
>> saved: src/src/main/java/Tokenizer.java
2026-09-14 06:33:03.676 | INFO     | metagpt.utils.file_repository:save:57 - save to: /home/zhaorz/project/CodeWM/CodeWM_ProWES_Logits/reproduct/units/p07_calculator/java/replays/0001_seed_1482699596/p07_calculator_java/docs/system_design/20260914024734.json
2026-09-14 06:33:03.677 | INFO     | metagpt.utils.file_repository:save:62 - update dependency: /home/zhaorz/project/CodeWM/CodeWM_ProWES_Logits/reproduct/units/p07_calculator/java/replays/0001_seed_1482699596/p07_calculator_java/docs/system_design/20260914024734.json:[]
2026-09-14 06:33:03.678 | INFO     | metagpt.utils.file_repository:save:57 - save to: /home/zhaorz/project/CodeWM/CodeWM_ProWES_Logits/reproduct/units/p07_calculator/java/replays/0001_seed_1482699596/p07_calculator_java/docs/task/20260914024734.json
2026-09-14 06:33:03.683 | INFO     | metagpt.utils.file_repository:save:62 - update dependency: /home/zhaorz/project/CodeWM/CodeWM_ProWES_Logits/reproduct/units/p07_calculator/java/replays/0001_seed_1482699596/p07_calculator_java/docs/task/20260914024734.json:[]
>> [manual] Run 3/7: WriteCode -> src/main/java/Parser.java
2026-09-14 06:33:03.689 | INFO     | metagpt.actions.write_code:run:186 - Writing src/main/java/Parser.java..
2026-09-14 06:33:51.443 | INFO     | metagpt.utils.file_repository:save:57 - save to: /home/zhaorz/project/CodeWM/CodeWM_ProWES_Logits/reproduct/units/p07_calculator/java/replays/0001_seed_1482699596/p07_calculator_java/p07_calculator_java/src/main/java/Parser.java
2026-09-14 06:33:51.444 | INFO     | metagpt.utils.file_repository:save:62 - update dependency: /home/zhaorz/project/CodeWM/CodeWM_ProWES_Logits/reproduct/units/p07_calculator/java/replays/0001_seed_1482699596/p07_calculator_java/p07_calculator_java/src/main/java/Parser.java:['docs/system_design/20260914024734.json', 'docs/task/20260914024734.json']
2026-09-14 06:33:51.445 | INFO     | metagpt.utils.file_repository:save:57 - save to: /home/zhaorz/project/CodeWM/CodeWM_ProWES_Logits/reproduct/units/p07_calculator/java/replays/0001_seed_1482699596/p07_calculator_java/p07_calculator_java/Parser_wm_detRes.txt
>> saved: src/src/main/java/Parser.java
2026-09-14 06:33:51.446 | INFO     | metagpt.utils.file_repository:save:57 - save to: /home/zhaorz/project/CodeWM/CodeWM_ProWES_Logits/reproduct/units/p07_calculator/java/replays/0001_seed_1482699596/p07_calculator_java/docs/system_design/20260914024734.json
2026-09-14 06:33:51.447 | INFO     | metagpt.utils.file_repository:save:62 - update dependency: /home/zhaorz/project/CodeWM/CodeWM_ProWES_Logits/reproduct/units/p07_calculator/java/replays/0001_seed_1482699596/p07_calculator_java/docs/system_design/20260914024734.json:[]
2026-09-14 06:33:51.448 | INFO     | metagpt.utils.file_repository:save:57 - save to: /home/zhaorz/project/CodeWM/CodeWM_ProWES_Logits/reproduct/units/p07_calculator/java/replays/0001_seed_1482699596/p07_calculator_java/docs/task/20260914024734.json
2026-09-14 06:33:51.449 | INFO     | metagpt.utils.file_repository:save:62 - update dependency: /home/zhaorz/project/CodeWM/CodeWM_ProWES_Logits/reproduct/units/p07_calculator/java/replays/0001_seed_1482699596/p07_calculator_java/docs/task/20260914024734.json:[]
>> [manual] Run 4/7: WriteCode -> src/main/java/Evaluator.java
2026-09-14 06:33:51.452 | INFO     | metagpt.actions.write_code:run:186 - Writing src/main/java/Evaluator.java..
2026-09-14 06:34:13.623 | INFO     | metagpt.utils.file_repository:save:57 - save to: /home/zhaorz/project/CodeWM/CodeWM_ProWES_Logits/reproduct/units/p07_calculator/java/replays/0001_seed_1482699596/p07_calculator_java/p07_calculator_java/src/main/java/Evaluator.java
2026-09-14 06:34:13.624 | INFO     | metagpt.utils.file_repository:save:62 - update dependency: /home/zhaorz/project/CodeWM/CodeWM_ProWES_Logits/reproduct/units/p07_calculator/java/replays/0001_seed_1482699596/p07_calculator_java/p07_calculator_java/src/main/java/Evaluator.java:['docs/system_design/20260914024734.json', 'docs/task/20260914024734.json']
2026-09-14 06:34:13.626 | INFO     | metagpt.utils.file_repository:save:57 - save to: /home/zhaorz/project/CodeWM/CodeWM_ProWES_Logits/reproduct/units/p07_calculator/java/replays/0001_seed_1482699596/p07_calculator_java/p07_calculator_java/Evaluator_wm_detRes.txt
>> saved: src/src/main/java/Evaluator.java
2026-09-14 06:34:13.627 | INFO     | metagpt.utils.file_repository:save:57 - save to: /home/zhaorz/project/CodeWM/CodeWM_ProWES_Logits/reproduct/units/p07_calculator/java/replays/0001_seed_1482699596/p07_calculator_java/docs/system_design/20260914024734.json
2026-09-14 06:34:13.628 | INFO     | metagpt.utils.file_repository:save:62 - update dependency: /home/zhaorz/project/CodeWM/CodeWM_ProWES_Logits/reproduct/units/p07_calculator/java/replays/0001_seed_1482699596/p07_calculator_java/docs/system_design/20260914024734.json:[]
2026-09-14 06:34:13.629 | INFO     | metagpt.utils.file_repository:save:57 - save to: /home/zhaorz/project/CodeWM/CodeWM_ProWES_Logits/reproduct/units/p07_calculator/java/replays/0001_seed_1482699596/p07_calculator_java/docs/task/20260914024734.json
2026-09-14 06:34:13.631 | INFO     | metagpt.utils.file_repository:save:62 - update dependency: /home/zhaorz/project/CodeWM/CodeWM_ProWES_Logits/reproduct/units/p07_calculator/java/replays/0001_seed_1482699596/p07_calculator_java/docs/task/20260914024734.json:[]
>> [manual] Run 5/7: WriteCode -> src/main/java/History.java
2026-09-14 06:34:13.637 | INFO     | metagpt.actions.write_code:run:186 - Writing src/main/java/History.java..
2026-09-14 06:34:31.600 | INFO     | metagpt.utils.file_repository:save:57 - save to: /home/zhaorz/project/CodeWM/CodeWM_ProWES_Logits/reproduct/units/p07_calculator/java/replays/0001_seed_1482699596/p07_calculator_java/p07_calculator_java/src/main/java/History.java
2026-09-14 06:34:31.602 | INFO     | metagpt.utils.file_repository:save:62 - update dependency: /home/zhaorz/project/CodeWM/CodeWM_ProWES_Logits/reproduct/units/p07_calculator/java/replays/0001_seed_1482699596/p07_calculator_java/p07_calculator_java/src/main/java/History.java:['docs/system_design/20260914024734.json', 'docs/task/20260914024734.json']
2026-09-14 06:34:31.603 | INFO     | metagpt.utils.file_repository:save:57 - save to: /home/zhaorz/project/CodeWM/CodeWM_ProWES_Logits/reproduct/units/p07_calculator/java/replays/0001_seed_1482699596/p07_calculator_java/p07_calculator_java/History_wm_detRes.txt
>> saved: src/src/main/java/History.java
2026-09-14 06:34:31.605 | INFO     | metagpt.utils.file_repository:save:57 - save to: /home/zhaorz/project/CodeWM/CodeWM_ProWES_Logits/reproduct/units/p07_calculator/java/replays/0001_seed_1482699596/p07_calculator_java/docs/system_design/20260914024734.json
2026-09-14 06:34:31.606 | INFO     | metagpt.utils.file_repository:save:62 - update dependency: /home/zhaorz/project/CodeWM/CodeWM_ProWES_Logits/reproduct/units/p07_calculator/java/replays/0001_seed_1482699596/p07_calculator_java/docs/system_design/20260914024734.json:[]
2026-09-14 06:34:31.607 | INFO     | metagpt.utils.file_repository:save:57 - save to: /home/zhaorz/project/CodeWM/CodeWM_ProWES_Logits/reproduct/units/p07_calculator/java/replays/0001_seed_1482699596/p07_calculator_java/docs/task/20260914024734.json
2026-09-14 06:34:31.609 | INFO     | metagpt.utils.file_repository:save:62 - update dependency: /home/zhaorz/project/CodeWM/CodeWM_ProWES_Logits/reproduct/units/p07_calculator/java/replays/0001_seed_1482699596/p07_calculator_java/docs/task/20260914024734.json:[]
>> [manual] Run 6/7: WriteCode -> src/main/java/Main.java
2026-09-14 06:34:31.613 | INFO     | metagpt.actions.write_code:run:186 - Writing src/main/java/Main.java..
2026-09-14 06:34:54.755 | INFO     | metagpt.utils.file_repository:save:57 - save to: /home/zhaorz/project/CodeWM/CodeWM_ProWES_Logits/reproduct/units/p07_calculator/java/replays/0001_seed_1482699596/p07_calculator_java/p07_calculator_java/src/main/java/Main.java
2026-09-14 06:34:54.757 | INFO     | metagpt.utils.file_repository:save:62 - update dependency: /home/zhaorz/project/CodeWM/CodeWM_ProWES_Logits/reproduct/units/p07_calculator/java/replays/0001_seed_1482699596/p07_calculator_java/p07_calculator_java/src/main/java/Main.java:['docs/system_design/20260914024734.json', 'docs/task/20260914024734.json']
2026-09-14 06:34:54.757 | INFO     | metagpt.utils.file_repository:save:57 - save to: /home/zhaorz/project/CodeWM/CodeWM_ProWES_Logits/reproduct/units/p07_calculator/java/replays/0001_seed_1482699596/p07_calculator_java/p07_calculator_java/Main_wm_detRes.txt
>> saved: src/src/main/java/Main.java
2026-09-14 06:34:54.758 | INFO     | metagpt.utils.file_repository:save:57 - save to: /home/zhaorz/project/CodeWM/CodeWM_ProWES_Logits/reproduct/units/p07_calculator/java/replays/0001_seed_1482699596/p07_calculator_java/docs/system_design/20260914024734.json
2026-09-14 06:34:54.759 | INFO     | metagpt.utils.file_repository:save:62 - update dependency: /home/zhaorz/project/CodeWM/CodeWM_ProWES_Logits/reproduct/units/p07_calculator/java/replays/0001_seed_1482699596/p07_calculator_java/docs/system_design/20260914024734.json:[]
2026-09-14 06:34:54.760 | INFO     | metagpt.utils.file_repository:save:57 - save to: /home/zhaorz/project/CodeWM/CodeWM_ProWES_Logits/reproduct/units/p07_calculator/java/replays/0001_seed_1482699596/p07_calculator_java/docs/task/20260914024734.json
2026-09-14 06:34:54.761 | INFO     | metagpt.utils.file_repository:save:62 - update dependency: /home/zhaorz/project/CodeWM/CodeWM_ProWES_Logits/reproduct/units/p07_calculator/java/replays/0001_seed_1482699596/p07_calculator_java/docs/task/20260914024734.json:[]
>> [manual] Run 7/7: WriteCode -> src/test/java/MainTest.java
2026-09-14 06:34:54.765 | INFO     | metagpt.actions.write_code:run:186 - Writing src/test/java/MainTest.java..
2026-09-14 06:35:37.912 | INFO     | metagpt.utils.file_repository:save:57 - save to: /home/zhaorz/project/CodeWM/CodeWM_ProWES_Logits/reproduct/units/p07_calculator/java/replays/0001_seed_1482699596/p07_calculator_java/p07_calculator_java/src/test/java/MainTest.java
2026-09-14 06:35:37.914 | INFO     | metagpt.utils.file_repository:save:62 - update dependency: /home/zhaorz/project/CodeWM/CodeWM_ProWES_Logits/reproduct/units/p07_calculator/java/replays/0001_seed_1482699596/p07_calculator_java/p07_calculator_java/src/test/java/MainTest.java:['docs/system_design/20260914024734.json', 'docs/task/20260914024734.json']
2026-09-14 06:35:37.915 | INFO     | metagpt.utils.file_repository:save:57 - save to: /home/zhaorz/project/CodeWM/CodeWM_ProWES_Logits/reproduct/units/p07_calculator/java/replays/0001_seed_1482699596/p07_calculator_java/p07_calculator_java/MainTest_wm_detRes.txt
>> saved: src/src/test/java/MainTest.java
>> [manual] all WriteCode actions finished.
[replay-worker] p07_calculator_java passed=True
[replay-worker] waiting for accepted seeds
[replay-worker] waiting for accepted seeds
[replay-worker] waiting for accepted seeds
[replay-worker] waiting for accepted seeds
[replay-worker] waiting for accepted seeds
[replay-worker] waiting for accepted seeds
[replay-worker] waiting for accepted seeds
[replay-worker] waiting for accepted seeds
[replay-worker] waiting for accepted seeds
[replay-worker] waiting for accepted seeds
[replay-worker] waiting for accepted seeds
[replay-worker] waiting for accepted seeds
[replay-worker] waiting for accepted seeds
[replay-worker] waiting for accepted seeds
[replay-worker] waiting for accepted seeds
[replay-worker] waiting for accepted seeds
[replay-worker] waiting for accepted seeds
[replay-worker] waiting for accepted seeds
[replay-worker] waiting for accepted seeds
[replay-worker] waiting for accepted seeds
[replay-worker] waiting for accepted seeds
[replay-worker] waiting for accepted seeds
[replay-worker] waiting for accepted seeds
[replay-worker] waiting for accepted seeds
[replay-worker] waiting for accepted seeds
[replay-worker] waiting for accepted seeds
[replay-worker] waiting for accepted seeds
[replay-worker] waiting for accepted seeds
[replay-worker] waiting for accepted seeds
[replay-worker] waiting for accepted seeds
[replay-worker] waiting for accepted seeds
[replay-worker] waiting for accepted seeds
[replay-worker] waiting for accepted seeds
[replay-worker] waiting for accepted seeds
[replay-worker] waiting for accepted seeds
[replay-worker] waiting for accepted seeds
[replay-worker] waiting for accepted seeds
[replay-worker] waiting for accepted seeds
[replay-worker] waiting for accepted seeds
[replay-worker] waiting for accepted seeds
[replay-worker] waiting for accepted seeds
[replay-worker] waiting for accepted seeds
[replay-worker] waiting for accepted seeds
[replay-worker] waiting for accepted seeds
[replay-worker] waiting for accepted seeds
[replay-worker] waiting for accepted seeds
[replay-worker] waiting for accepted seeds
[replay-worker] waiting for accepted seeds
[replay-worker] waiting for accepted seeds
[replay-worker] waiting for accepted seeds
[replay-worker] waiting for accepted seeds
[replay-worker] waiting for accepted seeds
[replay-worker] waiting for accepted seeds
[replay-worker] waiting for accepted seeds
[replay-worker] waiting for accepted seeds
[replay-worker] waiting for accepted seeds
[replay-worker] waiting for accepted seeds
[replay-worker] waiting for accepted seeds
[replay-worker] waiting for accepted seeds
[replay-worker] waiting for accepted seeds
[replay-worker] waiting for accepted seeds
[replay-worker] waiting for accepted seeds
[replay-worker] waiting for accepted seeds
[replay-worker] waiting for accepted seeds
[replay-worker] waiting for accepted seeds
[replay-worker] waiting for accepted seeds
[replay-worker] waiting for accepted seeds
[replay-worker] waiting for accepted seeds
[replay-worker] waiting for accepted seeds
[replay-worker] waiting for accepted seeds
[replay-worker] waiting for accepted seeds
[replay-worker] waiting for accepted seeds
[replay-worker] waiting for accepted seeds
[replay-worker] waiting for accepted seeds
[replay-worker] waiting for accepted seeds
[replay-worker] waiting for accepted seeds
[replay-worker] waiting for accepted seeds
[replay-worker] waiting for accepted seeds
[replay-worker] waiting for accepted seeds
[replay-worker] waiting for accepted seeds
[replay-worker] waiting for accepted seeds
[replay-worker] waiting for accepted seeds
[replay-worker] waiting for accepted seeds
[replay-worker] waiting for accepted seeds
[replay-worker] waiting for accepted seeds
[replay-worker] waiting for accepted seeds
[replay-worker] waiting for accepted seeds
[replay-worker] waiting for accepted seeds
[replay-worker] waiting for accepted seeds
[replay-worker] waiting for accepted seeds
[replay-worker] waiting for accepted seeds
[replay-worker] waiting for accepted seeds
[replay-worker] waiting for accepted seeds
[replay-worker] waiting for accepted seeds
[replay-worker] waiting for accepted seeds
[replay-worker] waiting for accepted seeds
[replay-worker] waiting for accepted seeds
[replay-worker] waiting for accepted seeds
[replay-worker] waiting for accepted seeds
[replay-worker] waiting for accepted seeds
[replay-worker] waiting for accepted seeds
[replay-worker] waiting for accepted seeds
[replay-worker] waiting for accepted seeds
[replay-worker] waiting for accepted seeds
[replay-worker] waiting for accepted seeds
[replay-worker] waiting for accepted seeds
[replay-worker] waiting for accepted seeds
[replay-worker] waiting for accepted seeds
[replay-worker] waiting for accepted seeds
[replay-worker] waiting for accepted seeds
[replay-worker] waiting for accepted seeds
[replay-worker] waiting for accepted seeds
[replay-worker] waiting for accepted seeds
[replay-worker] waiting for accepted seeds
[replay-worker] waiting for accepted seeds
[replay-worker] waiting for accepted seeds
[replay-worker] waiting for accepted seeds
[replay-worker] waiting for accepted seeds
[replay-worker] waiting for accepted seeds
[replay-worker] waiting for accepted seeds
[replay-worker] waiting for accepted seeds
[replay-worker] waiting for accepted seeds
[replay-worker] waiting for accepted seeds
[replay-worker] waiting for accepted seeds
[replay-worker] waiting for accepted seeds
[replay-worker] waiting for accepted seeds
[replay-worker] waiting for accepted seeds
[replay-worker] waiting for accepted seeds
[replay-worker] waiting for accepted seeds
[replay-worker] waiting for accepted seeds
[replay-worker] waiting for accepted seeds
[replay-worker] waiting for accepted seeds
[replay-worker] waiting for accepted seeds
[replay-worker] waiting for accepted seeds
[replay-worker] waiting for accepted seeds
[replay-worker] waiting for accepted seeds
[replay-worker] waiting for accepted seeds
[replay-worker] waiting for accepted seeds
[replay-worker] waiting for accepted seeds
[replay-worker] waiting for accepted seeds
[replay-worker] waiting for accepted seeds
[replay-worker] waiting for accepted seeds
[replay-worker] waiting for accepted seeds
[replay-worker] waiting for accepted seeds
[replay-worker] waiting for accepted seeds
[replay-worker] waiting for accepted seeds
[replay-worker] waiting for accepted seeds
[replay-worker] waiting for accepted seeds
[replay-worker] waiting for accepted seeds
[replay-worker] waiting for accepted seeds
[replay-worker] waiting for accepted seeds
[replay-worker] waiting for accepted seeds
[replay-worker] waiting for accepted seeds
[replay-worker] waiting for accepted seeds
[replay-worker] waiting for accepted seeds
[replay-worker] waiting for accepted seeds
[replay-worker] waiting for accepted seeds
[replay-worker] waiting for accepted seeds
[replay-worker] waiting for accepted seeds
[replay-worker] waiting for accepted seeds
[replay-worker] waiting for accepted seeds
[replay-worker] waiting for accepted seeds
[replay-worker] waiting for accepted seeds
[replay-worker] waiting for accepted seeds
[replay-worker] waiting for accepted seeds
[replay-worker] waiting for accepted seeds
[replay-worker] waiting for accepted seeds
[replay-worker] waiting for accepted seeds
[replay-worker] waiting for accepted seeds
[replay-worker] waiting for accepted seeds
[replay-worker] waiting for accepted seeds
[replay-worker] waiting for accepted seeds
[replay-worker] waiting for accepted seeds
[replay-worker] waiting for accepted seeds
[replay-worker] waiting for accepted seeds
[replay-worker] waiting for accepted seeds
[replay-worker] waiting for accepted seeds
[replay-worker] waiting for accepted seeds
[replay-worker] waiting for accepted seeds
[replay-worker] waiting for accepted seeds
[replay-worker] waiting for accepted seeds
[replay-worker] waiting for accepted seeds
[replay-worker] waiting for accepted seeds
[replay-worker] waiting for accepted seeds
[replay-worker] waiting for accepted seeds
[replay-worker] waiting for accepted seeds
[replay-worker] waiting for accepted seeds
[replay-worker] waiting for accepted seeds
[replay-worker] waiting for accepted seeds
[replay-worker] waiting for accepted seeds
[replay-worker] waiting for accepted seeds
[replay-worker] waiting for accepted seeds
[replay-worker] waiting for accepted seeds
[replay-worker] waiting for accepted seeds
[replay-worker] waiting for accepted seeds
[replay-worker] waiting for accepted seeds
[replay-worker] waiting for accepted seeds
[replay-worker] waiting for accepted seeds
[replay-worker] waiting for accepted seeds
[replay-worker] waiting for accepted seeds
[replay-worker] waiting for accepted seeds
[replay-worker] waiting for accepted seeds
[replay-worker] waiting for accepted seeds
[replay-worker] waiting for accepted seeds
[replay-worker] waiting for accepted seeds
[replay-worker] waiting for accepted seeds
[replay-worker] waiting for accepted seeds
[replay-worker] waiting for accepted seeds
[replay-worker] waiting for accepted seeds
[replay-worker] waiting for accepted seeds
[replay-worker] waiting for accepted seeds
[replay-worker] waiting for accepted seeds
[replay-worker] waiting for accepted seeds
[replay-worker] waiting for accepted seeds
[replay-worker] waiting for accepted seeds
[replay-worker] waiting for accepted seeds
[replay-worker] waiting for accepted seeds
[replay-worker] waiting for accepted seeds
[replay-worker] waiting for accepted seeds
[replay-worker] waiting for accepted seeds
[replay-worker] waiting for accepted seeds
[replay-worker] waiting for accepted seeds
[replay-worker] waiting for accepted seeds
[replay-worker] waiting for accepted seeds
[replay-worker] waiting for accepted seeds
[replay-worker] waiting for accepted seeds
[replay-worker] waiting for accepted seeds
[replay-worker] waiting for accepted seeds
[replay-worker] waiting for accepted seeds
[replay-worker] waiting for accepted seeds
[replay-worker] waiting for accepted seeds
[replay-worker] waiting for accepted seeds
[replay-worker] waiting for accepted seeds
[replay-worker] waiting for accepted seeds
[replay-worker] waiting for accepted seeds
[replay-worker] waiting for accepted seeds
[replay-worker] waiting for accepted seeds
[replay-worker] waiting for accepted seeds
[replay-worker] waiting for accepted seeds
[replay-worker] waiting for accepted seeds
>> recovering from: /home/zhaorz/project/CodeWM/CodeWM_ProWES_Logits/reproduct/units/p08_excel_data_processing/python/architecture/team
>> team.json exists: True path: /home/zhaorz/project/CodeWM/CodeWM_ProWES_Logits/reproduct/units/p08_excel_data_processing/python/architecture/team/team.json
>> ctx.git_repo.workdir = /home/zhaorz/project/CodeWM/CodeWM_ProWES_Logits/reproduct/units/p08_excel_data_processing/python/replays/0001_seed_2051842436/p08_excel_data_processing_python
eng.code_todos: ['requirements.txt', 'excel_processor/model.py', 'excel_processor/operations.py', 'excel_processor/csv_io.py', 'excel_processor/report.py', 'excel_processor/__init__.py', 'Main.py', 'tests/test_main.py']
>> ready, ctx.git_repo.workdir = /home/zhaorz/project/CodeWM/CodeWM_ProWES_Logits/reproduct/units/p08_excel_data_processing/python/replays/0001_seed_2051842436/p08_excel_data_processing_python
>> ctx.git_repo.workdir = /home/zhaorz/project/CodeWM/CodeWM_ProWES_Logits/reproduct/units/p08_excel_data_processing/python/replays/0001_seed_2051842436/p08_excel_data_processing_python
2026-09-14 07:56:01.512 | INFO     | metagpt.utils.file_repository:save:57 - save to: /home/zhaorz/project/CodeWM/CodeWM_ProWES_Logits/reproduct/units/p08_excel_data_processing/python/replays/0001_seed_2051842436/p08_excel_data_processing_python/docs/system_design/20260914074808.json
2026-09-14 07:56:01.513 | INFO     | metagpt.utils.file_repository:save:62 - update dependency: /home/zhaorz/project/CodeWM/CodeWM_ProWES_Logits/reproduct/units/p08_excel_data_processing/python/replays/0001_seed_2051842436/p08_excel_data_processing_python/docs/system_design/20260914074808.json:[]
2026-09-14 07:56:01.514 | INFO     | metagpt.utils.file_repository:save:57 - save to: /home/zhaorz/project/CodeWM/CodeWM_ProWES_Logits/reproduct/units/p08_excel_data_processing/python/replays/0001_seed_2051842436/p08_excel_data_processing_python/docs/task/20260914074808.json
2026-09-14 07:56:01.515 | INFO     | metagpt.utils.file_repository:save:62 - update dependency: /home/zhaorz/project/CodeWM/CodeWM_ProWES_Logits/reproduct/units/p08_excel_data_processing/python/replays/0001_seed_2051842436/p08_excel_data_processing_python/docs/task/20260914074808.json:[]
>> [manual] Run 1/8: WriteCode -> requirements.txt
2026-09-14 07:56:01.517 | INFO     | metagpt.actions.write_code:run:186 - Writing requirements.txt..
2026-09-14 07:56:03.560 | INFO     | metagpt.utils.file_repository:save:57 - save to: /home/zhaorz/project/CodeWM/CodeWM_ProWES_Logits/reproduct/units/p08_excel_data_processing/python/replays/0001_seed_2051842436/p08_excel_data_processing_python/p08_excel_data_processing_python/requirements.txt
2026-09-14 07:56:03.561 | INFO     | metagpt.utils.file_repository:save:62 - update dependency: /home/zhaorz/project/CodeWM/CodeWM_ProWES_Logits/reproduct/units/p08_excel_data_processing/python/replays/0001_seed_2051842436/p08_excel_data_processing_python/p08_excel_data_processing_python/requirements.txt:['docs/system_design/20260914074808.json', 'docs/task/20260914074808.json']
2026-09-14 07:56:03.562 | INFO     | metagpt.utils.file_repository:save:57 - save to: /home/zhaorz/project/CodeWM/CodeWM_ProWES_Logits/reproduct/units/p08_excel_data_processing/python/replays/0001_seed_2051842436/p08_excel_data_processing_python/p08_excel_data_processing_python/requirements_wm_detRes.txt
>> saved: src/requirements.txt
2026-09-14 07:56:03.566 | INFO     | metagpt.utils.file_repository:save:57 - save to: /home/zhaorz/project/CodeWM/CodeWM_ProWES_Logits/reproduct/units/p08_excel_data_processing/python/replays/0001_seed_2051842436/p08_excel_data_processing_python/docs/system_design/20260914074808.json
2026-09-14 07:56:03.568 | INFO     | metagpt.utils.file_repository:save:62 - update dependency: /home/zhaorz/project/CodeWM/CodeWM_ProWES_Logits/reproduct/units/p08_excel_data_processing/python/replays/0001_seed_2051842436/p08_excel_data_processing_python/docs/system_design/20260914074808.json:[]
2026-09-14 07:56:03.569 | INFO     | metagpt.utils.file_repository:save:57 - save to: /home/zhaorz/project/CodeWM/CodeWM_ProWES_Logits/reproduct/units/p08_excel_data_processing/python/replays/0001_seed_2051842436/p08_excel_data_processing_python/docs/task/20260914074808.json
2026-09-14 07:56:03.570 | INFO     | metagpt.utils.file_repository:save:62 - update dependency: /home/zhaorz/project/CodeWM/CodeWM_ProWES_Logits/reproduct/units/p08_excel_data_processing/python/replays/0001_seed_2051842436/p08_excel_data_processing_python/docs/task/20260914074808.json:[]
>> [manual] Run 2/8: WriteCode -> excel_processor/model.py
2026-09-14 07:56:03.572 | INFO     | metagpt.actions.write_code:run:186 - Writing excel_processor/model.py..
2026-09-14 07:57:16.432 | INFO     | metagpt.utils.file_repository:save:57 - save to: /home/zhaorz/project/CodeWM/CodeWM_ProWES_Logits/reproduct/units/p08_excel_data_processing/python/replays/0001_seed_2051842436/p08_excel_data_processing_python/p08_excel_data_processing_python/excel_processor/model.py
2026-09-14 07:57:16.434 | INFO     | metagpt.utils.file_repository:save:62 - update dependency: /home/zhaorz/project/CodeWM/CodeWM_ProWES_Logits/reproduct/units/p08_excel_data_processing/python/replays/0001_seed_2051842436/p08_excel_data_processing_python/p08_excel_data_processing_python/excel_processor/model.py:['docs/system_design/20260914074808.json', 'docs/task/20260914074808.json']
2026-09-14 07:57:16.435 | INFO     | metagpt.utils.file_repository:save:57 - save to: /home/zhaorz/project/CodeWM/CodeWM_ProWES_Logits/reproduct/units/p08_excel_data_processing/python/replays/0001_seed_2051842436/p08_excel_data_processing_python/p08_excel_data_processing_python/model_wm_detRes.txt
>> saved: src/excel_processor/model.py
2026-09-14 07:57:16.436 | INFO     | metagpt.utils.file_repository:save:57 - save to: /home/zhaorz/project/CodeWM/CodeWM_ProWES_Logits/reproduct/units/p08_excel_data_processing/python/replays/0001_seed_2051842436/p08_excel_data_processing_python/docs/system_design/20260914074808.json
2026-09-14 07:57:16.438 | INFO     | metagpt.utils.file_repository:save:62 - update dependency: /home/zhaorz/project/CodeWM/CodeWM_ProWES_Logits/reproduct/units/p08_excel_data_processing/python/replays/0001_seed_2051842436/p08_excel_data_processing_python/docs/system_design/20260914074808.json:[]
2026-09-14 07:57:16.439 | INFO     | metagpt.utils.file_repository:save:57 - save to: /home/zhaorz/project/CodeWM/CodeWM_ProWES_Logits/reproduct/units/p08_excel_data_processing/python/replays/0001_seed_2051842436/p08_excel_data_processing_python/docs/task/20260914074808.json
2026-09-14 07:57:16.440 | INFO     | metagpt.utils.file_repository:save:62 - update dependency: /home/zhaorz/project/CodeWM/CodeWM_ProWES_Logits/reproduct/units/p08_excel_data_processing/python/replays/0001_seed_2051842436/p08_excel_data_processing_python/docs/task/20260914074808.json:[]
>> [manual] Run 3/8: WriteCode -> excel_processor/operations.py
2026-09-14 07:57:16.443 | INFO     | metagpt.actions.write_code:run:186 - Writing excel_processor/operations.py..
2026-09-14 07:57:59.380 | INFO     | metagpt.utils.file_repository:save:57 - save to: /home/zhaorz/project/CodeWM/CodeWM_ProWES_Logits/reproduct/units/p08_excel_data_processing/python/replays/0001_seed_2051842436/p08_excel_data_processing_python/p08_excel_data_processing_python/excel_processor/operations.py
2026-09-14 07:57:59.383 | INFO     | metagpt.utils.file_repository:save:62 - update dependency: /home/zhaorz/project/CodeWM/CodeWM_ProWES_Logits/reproduct/units/p08_excel_data_processing/python/replays/0001_seed_2051842436/p08_excel_data_processing_python/p08_excel_data_processing_python/excel_processor/operations.py:['docs/system_design/20260914074808.json', 'docs/task/20260914074808.json']
2026-09-14 07:57:59.384 | INFO     | metagpt.utils.file_repository:save:57 - save to: /home/zhaorz/project/CodeWM/CodeWM_ProWES_Logits/reproduct/units/p08_excel_data_processing/python/replays/0001_seed_2051842436/p08_excel_data_processing_python/p08_excel_data_processing_python/operations_wm_detRes.txt
>> saved: src/excel_processor/operations.py
2026-09-14 07:57:59.385 | INFO     | metagpt.utils.file_repository:save:57 - save to: /home/zhaorz/project/CodeWM/CodeWM_ProWES_Logits/reproduct/units/p08_excel_data_processing/python/replays/0001_seed_2051842436/p08_excel_data_processing_python/docs/system_design/20260914074808.json
2026-09-14 07:57:59.387 | INFO     | metagpt.utils.file_repository:save:62 - update dependency: /home/zhaorz/project/CodeWM/CodeWM_ProWES_Logits/reproduct/units/p08_excel_data_processing/python/replays/0001_seed_2051842436/p08_excel_data_processing_python/docs/system_design/20260914074808.json:[]
2026-09-14 07:57:59.388 | INFO     | metagpt.utils.file_repository:save:57 - save to: /home/zhaorz/project/CodeWM/CodeWM_ProWES_Logits/reproduct/units/p08_excel_data_processing/python/replays/0001_seed_2051842436/p08_excel_data_processing_python/docs/task/20260914074808.json
2026-09-14 07:57:59.389 | INFO     | metagpt.utils.file_repository:save:62 - update dependency: /home/zhaorz/project/CodeWM/CodeWM_ProWES_Logits/reproduct/units/p08_excel_data_processing/python/replays/0001_seed_2051842436/p08_excel_data_processing_python/docs/task/20260914074808.json:[]
>> [manual] Run 4/8: WriteCode -> excel_processor/csv_io.py
2026-09-14 07:57:59.393 | INFO     | metagpt.actions.write_code:run:186 - Writing excel_processor/csv_io.py..
2026-09-14 07:58:28.752 | INFO     | metagpt.utils.file_repository:save:57 - save to: /home/zhaorz/project/CodeWM/CodeWM_ProWES_Logits/reproduct/units/p08_excel_data_processing/python/replays/0001_seed_2051842436/p08_excel_data_processing_python/p08_excel_data_processing_python/excel_processor/csv_io.py
2026-09-14 07:58:28.754 | INFO     | metagpt.utils.file_repository:save:62 - update dependency: /home/zhaorz/project/CodeWM/CodeWM_ProWES_Logits/reproduct/units/p08_excel_data_processing/python/replays/0001_seed_2051842436/p08_excel_data_processing_python/p08_excel_data_processing_python/excel_processor/csv_io.py:['docs/system_design/20260914074808.json', 'docs/task/20260914074808.json']
2026-09-14 07:58:28.755 | INFO     | metagpt.utils.file_repository:save:57 - save to: /home/zhaorz/project/CodeWM/CodeWM_ProWES_Logits/reproduct/units/p08_excel_data_processing/python/replays/0001_seed_2051842436/p08_excel_data_processing_python/p08_excel_data_processing_python/csv_io_wm_detRes.txt
>> saved: src/excel_processor/csv_io.py
2026-09-14 07:58:28.756 | INFO     | metagpt.utils.file_repository:save:57 - save to: /home/zhaorz/project/CodeWM/CodeWM_ProWES_Logits/reproduct/units/p08_excel_data_processing/python/replays/0001_seed_2051842436/p08_excel_data_processing_python/docs/system_design/20260914074808.json
2026-09-14 07:58:28.758 | INFO     | metagpt.utils.file_repository:save:62 - update dependency: /home/zhaorz/project/CodeWM/CodeWM_ProWES_Logits/reproduct/units/p08_excel_data_processing/python/replays/0001_seed_2051842436/p08_excel_data_processing_python/docs/system_design/20260914074808.json:[]
2026-09-14 07:58:28.759 | INFO     | metagpt.utils.file_repository:save:57 - save to: /home/zhaorz/project/CodeWM/CodeWM_ProWES_Logits/reproduct/units/p08_excel_data_processing/python/replays/0001_seed_2051842436/p08_excel_data_processing_python/docs/task/20260914074808.json
2026-09-14 07:58:28.760 | INFO     | metagpt.utils.file_repository:save:62 - update dependency: /home/zhaorz/project/CodeWM/CodeWM_ProWES_Logits/reproduct/units/p08_excel_data_processing/python/replays/0001_seed_2051842436/p08_excel_data_processing_python/docs/task/20260914074808.json:[]
>> [manual] Run 5/8: WriteCode -> excel_processor/report.py
2026-09-14 07:58:28.764 | INFO     | metagpt.actions.write_code:run:186 - Writing excel_processor/report.py..
2026-09-14 07:58:44.924 | INFO     | metagpt.utils.file_repository:save:57 - save to: /home/zhaorz/project/CodeWM/CodeWM_ProWES_Logits/reproduct/units/p08_excel_data_processing/python/replays/0001_seed_2051842436/p08_excel_data_processing_python/p08_excel_data_processing_python/excel_processor/report.py
2026-09-14 07:58:44.926 | INFO     | metagpt.utils.file_repository:save:62 - update dependency: /home/zhaorz/project/CodeWM/CodeWM_ProWES_Logits/reproduct/units/p08_excel_data_processing/python/replays/0001_seed_2051842436/p08_excel_data_processing_python/p08_excel_data_processing_python/excel_processor/report.py:['docs/system_design/20260914074808.json', 'docs/task/20260914074808.json']
2026-09-14 07:58:44.927 | INFO     | metagpt.utils.file_repository:save:57 - save to: /home/zhaorz/project/CodeWM/CodeWM_ProWES_Logits/reproduct/units/p08_excel_data_processing/python/replays/0001_seed_2051842436/p08_excel_data_processing_python/p08_excel_data_processing_python/report_wm_detRes.txt
>> saved: src/excel_processor/report.py
2026-09-14 07:58:44.928 | INFO     | metagpt.utils.file_repository:save:57 - save to: /home/zhaorz/project/CodeWM/CodeWM_ProWES_Logits/reproduct/units/p08_excel_data_processing/python/replays/0001_seed_2051842436/p08_excel_data_processing_python/docs/system_design/20260914074808.json
2026-09-14 07:58:44.929 | INFO     | metagpt.utils.file_repository:save:62 - update dependency: /home/zhaorz/project/CodeWM/CodeWM_ProWES_Logits/reproduct/units/p08_excel_data_processing/python/replays/0001_seed_2051842436/p08_excel_data_processing_python/docs/system_design/20260914074808.json:[]
2026-09-14 07:58:44.930 | INFO     | metagpt.utils.file_repository:save:57 - save to: /home/zhaorz/project/CodeWM/CodeWM_ProWES_Logits/reproduct/units/p08_excel_data_processing/python/replays/0001_seed_2051842436/p08_excel_data_processing_python/docs/task/20260914074808.json
2026-09-14 07:58:44.931 | INFO     | metagpt.utils.file_repository:save:62 - update dependency: /home/zhaorz/project/CodeWM/CodeWM_ProWES_Logits/reproduct/units/p08_excel_data_processing/python/replays/0001_seed_2051842436/p08_excel_data_processing_python/docs/task/20260914074808.json:[]
>> [manual] Run 6/8: WriteCode -> excel_processor/__init__.py
2026-09-14 07:58:44.935 | INFO     | metagpt.actions.write_code:run:186 - Writing excel_processor/__init__.py..
2026-09-14 07:58:53.632 | INFO     | metagpt.utils.file_repository:save:57 - save to: /home/zhaorz/project/CodeWM/CodeWM_ProWES_Logits/reproduct/units/p08_excel_data_processing/python/replays/0001_seed_2051842436/p08_excel_data_processing_python/p08_excel_data_processing_python/excel_processor/__init__.py
2026-09-14 07:58:53.634 | INFO     | metagpt.utils.file_repository:save:62 - update dependency: /home/zhaorz/project/CodeWM/CodeWM_ProWES_Logits/reproduct/units/p08_excel_data_processing/python/replays/0001_seed_2051842436/p08_excel_data_processing_python/p08_excel_data_processing_python/excel_processor/__init__.py:['docs/system_design/20260914074808.json', 'docs/task/20260914074808.json']
2026-09-14 07:58:53.635 | INFO     | metagpt.utils.file_repository:save:57 - save to: /home/zhaorz/project/CodeWM/CodeWM_ProWES_Logits/reproduct/units/p08_excel_data_processing/python/replays/0001_seed_2051842436/p08_excel_data_processing_python/p08_excel_data_processing_python/__init___wm_detRes.txt
>> saved: src/excel_processor/__init__.py
2026-09-14 07:58:53.636 | INFO     | metagpt.utils.file_repository:save:57 - save to: /home/zhaorz/project/CodeWM/CodeWM_ProWES_Logits/reproduct/units/p08_excel_data_processing/python/replays/0001_seed_2051842436/p08_excel_data_processing_python/docs/system_design/20260914074808.json
2026-09-14 07:58:53.637 | INFO     | metagpt.utils.file_repository:save:62 - update dependency: /home/zhaorz/project/CodeWM/CodeWM_ProWES_Logits/reproduct/units/p08_excel_data_processing/python/replays/0001_seed_2051842436/p08_excel_data_processing_python/docs/system_design/20260914074808.json:[]
2026-09-14 07:58:53.638 | INFO     | metagpt.utils.file_repository:save:57 - save to: /home/zhaorz/project/CodeWM/CodeWM_ProWES_Logits/reproduct/units/p08_excel_data_processing/python/replays/0001_seed_2051842436/p08_excel_data_processing_python/docs/task/20260914074808.json
2026-09-14 07:58:53.639 | INFO     | metagpt.utils.file_repository:save:62 - update dependency: /home/zhaorz/project/CodeWM/CodeWM_ProWES_Logits/reproduct/units/p08_excel_data_processing/python/replays/0001_seed_2051842436/p08_excel_data_processing_python/docs/task/20260914074808.json:[]
>> [manual] Run 7/8: WriteCode -> Main.py
2026-09-14 07:58:53.643 | INFO     | metagpt.actions.write_code:run:186 - Writing Main.py..
2026-09-14 07:59:14.963 | INFO     | metagpt.utils.file_repository:save:57 - save to: /home/zhaorz/project/CodeWM/CodeWM_ProWES_Logits/reproduct/units/p08_excel_data_processing/python/replays/0001_seed_2051842436/p08_excel_data_processing_python/p08_excel_data_processing_python/Main.py
2026-09-14 07:59:14.965 | INFO     | metagpt.utils.file_repository:save:62 - update dependency: /home/zhaorz/project/CodeWM/CodeWM_ProWES_Logits/reproduct/units/p08_excel_data_processing/python/replays/0001_seed_2051842436/p08_excel_data_processing_python/p08_excel_data_processing_python/Main.py:['docs/system_design/20260914074808.json', 'docs/task/20260914074808.json']
2026-09-14 07:59:14.966 | INFO     | metagpt.utils.file_repository:save:57 - save to: /home/zhaorz/project/CodeWM/CodeWM_ProWES_Logits/reproduct/units/p08_excel_data_processing/python/replays/0001_seed_2051842436/p08_excel_data_processing_python/p08_excel_data_processing_python/Main_wm_detRes.txt
>> saved: src/Main.py
2026-09-14 07:59:14.967 | INFO     | metagpt.utils.file_repository:save:57 - save to: /home/zhaorz/project/CodeWM/CodeWM_ProWES_Logits/reproduct/units/p08_excel_data_processing/python/replays/0001_seed_2051842436/p08_excel_data_processing_python/docs/system_design/20260914074808.json
2026-09-14 07:59:14.969 | INFO     | metagpt.utils.file_repository:save:62 - update dependency: /home/zhaorz/project/CodeWM/CodeWM_ProWES_Logits/reproduct/units/p08_excel_data_processing/python/replays/0001_seed_2051842436/p08_excel_data_processing_python/docs/system_design/20260914074808.json:[]
2026-09-14 07:59:14.970 | INFO     | metagpt.utils.file_repository:save:57 - save to: /home/zhaorz/project/CodeWM/CodeWM_ProWES_Logits/reproduct/units/p08_excel_data_processing/python/replays/0001_seed_2051842436/p08_excel_data_processing_python/docs/task/20260914074808.json
2026-09-14 07:59:14.971 | INFO     | metagpt.utils.file_repository:save:62 - update dependency: /home/zhaorz/project/CodeWM/CodeWM_ProWES_Logits/reproduct/units/p08_excel_data_processing/python/replays/0001_seed_2051842436/p08_excel_data_processing_python/docs/task/20260914074808.json:[]
>> [manual] Run 8/8: WriteCode -> tests/test_main.py
2026-09-14 07:59:14.977 | INFO     | metagpt.actions.write_code:run:186 - Writing tests/test_main.py..
2026-09-14 07:59:53.883 | INFO     | metagpt.utils.file_repository:save:57 - save to: /home/zhaorz/project/CodeWM/CodeWM_ProWES_Logits/reproduct/units/p08_excel_data_processing/python/replays/0001_seed_2051842436/p08_excel_data_processing_python/p08_excel_data_processing_python/tests/test_main.py
2026-09-14 07:59:53.885 | INFO     | metagpt.utils.file_repository:save:62 - update dependency: /home/zhaorz/project/CodeWM/CodeWM_ProWES_Logits/reproduct/units/p08_excel_data_processing/python/replays/0001_seed_2051842436/p08_excel_data_processing_python/p08_excel_data_processing_python/tests/test_main.py:['docs/system_design/20260914074808.json', 'docs/task/20260914074808.json']
2026-09-14 07:59:53.886 | INFO     | metagpt.utils.file_repository:save:57 - save to: /home/zhaorz/project/CodeWM/CodeWM_ProWES_Logits/reproduct/units/p08_excel_data_processing/python/replays/0001_seed_2051842436/p08_excel_data_processing_python/p08_excel_data_processing_python/test_main_wm_detRes.txt
>> saved: src/tests/test_main.py
>> [manual] all WriteCode actions finished.
[replay-worker] p08_excel_data_processing_python passed=True
[replay-worker] waiting for accepted seeds
[replay-worker] waiting for accepted seeds
[replay-worker] waiting for accepted seeds
[replay-worker] waiting for accepted seeds
[replay-worker] waiting for accepted seeds
[replay-worker] waiting for accepted seeds
[replay-worker] waiting for accepted seeds
[replay-worker] waiting for accepted seeds
[replay-worker] waiting for accepted seeds
[replay-worker] waiting for accepted seeds
[replay-worker] waiting for accepted seeds
[replay-worker] waiting for accepted seeds
[replay-worker] waiting for accepted seeds
[replay-worker] waiting for accepted seeds
[replay-worker] waiting for accepted seeds
[replay-worker] waiting for accepted seeds
[replay-worker] waiting for accepted seeds
[replay-worker] waiting for accepted seeds
[replay-worker] waiting for accepted seeds
[replay-worker] waiting for accepted seeds
[replay-worker] waiting for accepted seeds
[replay-worker] waiting for accepted seeds
[replay-worker] waiting for accepted seeds
[replay-worker] waiting for accepted seeds
[replay-worker] waiting for accepted seeds
[replay-worker] waiting for accepted seeds
[replay-worker] waiting for accepted seeds
[replay-worker] waiting for accepted seeds
[replay-worker] waiting for accepted seeds
[replay-worker] waiting for accepted seeds
>> recovering from: /home/zhaorz/project/CodeWM/CodeWM_ProWES_Logits/reproduct/units/p09_qr_code_gen_det/java/architecture/team
>> team.json exists: True path: /home/zhaorz/project/CodeWM/CodeWM_ProWES_Logits/reproduct/units/p09_qr_code_gen_det/java/architecture/team/team.json
>> ctx.git_repo.workdir = /home/zhaorz/project/CodeWM/CodeWM_ProWES_Logits/reproduct/units/p09_qr_code_gen_det/java/replays/0001_seed_3884833618/p09_qr_code_gen_det_java
eng.code_todos: ['pom.xml', 'src/main/java/PayloadEncoder.java', 'src/main/java/MatrixValidator.java', 'src/main/java/FinderPlacer.java', 'src/main/java/MatrixRenderer.java', 'src/main/java/QRCodeGenerator.java', 'src/main/java/Main.java', 'src/test/java/MainTest.java']
>> ready, ctx.git_repo.workdir = /home/zhaorz/project/CodeWM/CodeWM_ProWES_Logits/reproduct/units/p09_qr_code_gen_det/java/replays/0001_seed_3884833618/p09_qr_code_gen_det_java
>> ctx.git_repo.workdir = /home/zhaorz/project/CodeWM/CodeWM_ProWES_Logits/reproduct/units/p09_qr_code_gen_det/java/replays/0001_seed_3884833618/p09_qr_code_gen_det_java
2026-09-14 08:09:58.325 | INFO     | metagpt.utils.file_repository:save:57 - save to: /home/zhaorz/project/CodeWM/CodeWM_ProWES_Logits/reproduct/units/p09_qr_code_gen_det/java/replays/0001_seed_3884833618/p09_qr_code_gen_det_java/docs/system_design/20260914080336.json
2026-09-14 08:09:58.327 | INFO     | metagpt.utils.file_repository:save:62 - update dependency: /home/zhaorz/project/CodeWM/CodeWM_ProWES_Logits/reproduct/units/p09_qr_code_gen_det/java/replays/0001_seed_3884833618/p09_qr_code_gen_det_java/docs/system_design/20260914080336.json:[]
2026-09-14 08:09:58.328 | INFO     | metagpt.utils.file_repository:save:57 - save to: /home/zhaorz/project/CodeWM/CodeWM_ProWES_Logits/reproduct/units/p09_qr_code_gen_det/java/replays/0001_seed_3884833618/p09_qr_code_gen_det_java/docs/task/20260914080336.json
2026-09-14 08:09:58.329 | INFO     | metagpt.utils.file_repository:save:62 - update dependency: /home/zhaorz/project/CodeWM/CodeWM_ProWES_Logits/reproduct/units/p09_qr_code_gen_det/java/replays/0001_seed_3884833618/p09_qr_code_gen_det_java/docs/task/20260914080336.json:[]
>> [manual] Run 1/8: WriteCode -> pom.xml
2026-09-14 08:09:58.331 | INFO     | metagpt.actions.write_code:run:186 - Writing pom.xml..
2026-09-14 08:10:19.734 | INFO     | metagpt.utils.file_repository:save:57 - save to: /home/zhaorz/project/CodeWM/CodeWM_ProWES_Logits/reproduct/units/p09_qr_code_gen_det/java/replays/0001_seed_3884833618/p09_qr_code_gen_det_java/p09_qr_code_gen_det_java/pom.xml
2026-09-14 08:10:19.736 | INFO     | metagpt.utils.file_repository:save:62 - update dependency: /home/zhaorz/project/CodeWM/CodeWM_ProWES_Logits/reproduct/units/p09_qr_code_gen_det/java/replays/0001_seed_3884833618/p09_qr_code_gen_det_java/p09_qr_code_gen_det_java/pom.xml:['docs/system_design/20260914080336.json', 'docs/task/20260914080336.json']
2026-09-14 08:10:19.737 | INFO     | metagpt.utils.file_repository:save:57 - save to: /home/zhaorz/project/CodeWM/CodeWM_ProWES_Logits/reproduct/units/p09_qr_code_gen_det/java/replays/0001_seed_3884833618/p09_qr_code_gen_det_java/p09_qr_code_gen_det_java/pom_wm_detRes.txt
>> saved: src/pom.xml
2026-09-14 08:10:19.738 | INFO     | metagpt.utils.file_repository:save:57 - save to: /home/zhaorz/project/CodeWM/CodeWM_ProWES_Logits/reproduct/units/p09_qr_code_gen_det/java/replays/0001_seed_3884833618/p09_qr_code_gen_det_java/docs/system_design/20260914080336.json
2026-09-14 08:10:19.739 | INFO     | metagpt.utils.file_repository:save:62 - update dependency: /home/zhaorz/project/CodeWM/CodeWM_ProWES_Logits/reproduct/units/p09_qr_code_gen_det/java/replays/0001_seed_3884833618/p09_qr_code_gen_det_java/docs/system_design/20260914080336.json:[]
2026-09-14 08:10:19.740 | INFO     | metagpt.utils.file_repository:save:57 - save to: /home/zhaorz/project/CodeWM/CodeWM_ProWES_Logits/reproduct/units/p09_qr_code_gen_det/java/replays/0001_seed_3884833618/p09_qr_code_gen_det_java/docs/task/20260914080336.json
2026-09-14 08:10:19.742 | INFO     | metagpt.utils.file_repository:save:62 - update dependency: /home/zhaorz/project/CodeWM/CodeWM_ProWES_Logits/reproduct/units/p09_qr_code_gen_det/java/replays/0001_seed_3884833618/p09_qr_code_gen_det_java/docs/task/20260914080336.json:[]
>> [manual] Run 2/8: WriteCode -> src/main/java/PayloadEncoder.java
2026-09-14 08:10:19.744 | INFO     | metagpt.actions.write_code:run:186 - Writing src/main/java/PayloadEncoder.java..
2026-09-14 08:10:28.796 | INFO     | metagpt.utils.file_repository:save:57 - save to: /home/zhaorz/project/CodeWM/CodeWM_ProWES_Logits/reproduct/units/p09_qr_code_gen_det/java/replays/0001_seed_3884833618/p09_qr_code_gen_det_java/p09_qr_code_gen_det_java/src/main/java/PayloadEncoder.java
2026-09-14 08:10:28.798 | INFO     | metagpt.utils.file_repository:save:62 - update dependency: /home/zhaorz/project/CodeWM/CodeWM_ProWES_Logits/reproduct/units/p09_qr_code_gen_det/java/replays/0001_seed_3884833618/p09_qr_code_gen_det_java/p09_qr_code_gen_det_java/src/main/java/PayloadEncoder.java:['docs/system_design/20260914080336.json', 'docs/task/20260914080336.json']
2026-09-14 08:10:28.799 | INFO     | metagpt.utils.file_repository:save:57 - save to: /home/zhaorz/project/CodeWM/CodeWM_ProWES_Logits/reproduct/units/p09_qr_code_gen_det/java/replays/0001_seed_3884833618/p09_qr_code_gen_det_java/p09_qr_code_gen_det_java/PayloadEncoder_wm_detRes.txt
>> saved: src/src/main/java/PayloadEncoder.java
2026-09-14 08:10:28.800 | INFO     | metagpt.utils.file_repository:save:57 - save to: /home/zhaorz/project/CodeWM/CodeWM_ProWES_Logits/reproduct/units/p09_qr_code_gen_det/java/replays/0001_seed_3884833618/p09_qr_code_gen_det_java/docs/system_design/20260914080336.json
2026-09-14 08:10:28.801 | INFO     | metagpt.utils.file_repository:save:62 - update dependency: /home/zhaorz/project/CodeWM/CodeWM_ProWES_Logits/reproduct/units/p09_qr_code_gen_det/java/replays/0001_seed_3884833618/p09_qr_code_gen_det_java/docs/system_design/20260914080336.json:[]
2026-09-14 08:10:28.802 | INFO     | metagpt.utils.file_repository:save:57 - save to: /home/zhaorz/project/CodeWM/CodeWM_ProWES_Logits/reproduct/units/p09_qr_code_gen_det/java/replays/0001_seed_3884833618/p09_qr_code_gen_det_java/docs/task/20260914080336.json
2026-09-14 08:10:28.804 | INFO     | metagpt.utils.file_repository:save:62 - update dependency: /home/zhaorz/project/CodeWM/CodeWM_ProWES_Logits/reproduct/units/p09_qr_code_gen_det/java/replays/0001_seed_3884833618/p09_qr_code_gen_det_java/docs/task/20260914080336.json:[]
>> [manual] Run 3/8: WriteCode -> src/main/java/MatrixValidator.java
2026-09-14 08:10:28.807 | INFO     | metagpt.actions.write_code:run:186 - Writing src/main/java/MatrixValidator.java..
2026-09-14 08:10:47.133 | INFO     | metagpt.utils.file_repository:save:57 - save to: /home/zhaorz/project/CodeWM/CodeWM_ProWES_Logits/reproduct/units/p09_qr_code_gen_det/java/replays/0001_seed_3884833618/p09_qr_code_gen_det_java/p09_qr_code_gen_det_java/src/main/java/MatrixValidator.java
2026-09-14 08:10:47.135 | INFO     | metagpt.utils.file_repository:save:62 - update dependency: /home/zhaorz/project/CodeWM/CodeWM_ProWES_Logits/reproduct/units/p09_qr_code_gen_det/java/replays/0001_seed_3884833618/p09_qr_code_gen_det_java/p09_qr_code_gen_det_java/src/main/java/MatrixValidator.java:['docs/system_design/20260914080336.json', 'docs/task/20260914080336.json']
2026-09-14 08:10:47.136 | INFO     | metagpt.utils.file_repository:save:57 - save to: /home/zhaorz/project/CodeWM/CodeWM_ProWES_Logits/reproduct/units/p09_qr_code_gen_det/java/replays/0001_seed_3884833618/p09_qr_code_gen_det_java/p09_qr_code_gen_det_java/MatrixValidator_wm_detRes.txt
>> saved: src/src/main/java/MatrixValidator.java
2026-09-14 08:10:47.139 | INFO     | metagpt.utils.file_repository:save:57 - save to: /home/zhaorz/project/CodeWM/CodeWM_ProWES_Logits/reproduct/units/p09_qr_code_gen_det/java/replays/0001_seed_3884833618/p09_qr_code_gen_det_java/docs/system_design/20260914080336.json
2026-09-14 08:10:47.141 | INFO     | metagpt.utils.file_repository:save:62 - update dependency: /home/zhaorz/project/CodeWM/CodeWM_ProWES_Logits/reproduct/units/p09_qr_code_gen_det/java/replays/0001_seed_3884833618/p09_qr_code_gen_det_java/docs/system_design/20260914080336.json:[]
2026-09-14 08:10:47.141 | INFO     | metagpt.utils.file_repository:save:57 - save to: /home/zhaorz/project/CodeWM/CodeWM_ProWES_Logits/reproduct/units/p09_qr_code_gen_det/java/replays/0001_seed_3884833618/p09_qr_code_gen_det_java/docs/task/20260914080336.json
2026-09-14 08:10:47.143 | INFO     | metagpt.utils.file_repository:save:62 - update dependency: /home/zhaorz/project/CodeWM/CodeWM_ProWES_Logits/reproduct/units/p09_qr_code_gen_det/java/replays/0001_seed_3884833618/p09_qr_code_gen_det_java/docs/task/20260914080336.json:[]
>> [manual] Run 4/8: WriteCode -> src/main/java/FinderPlacer.java
2026-09-14 08:10:47.145 | INFO     | metagpt.actions.write_code:run:186 - Writing src/main/java/FinderPlacer.java..
2026-09-14 08:11:33.876 | INFO     | metagpt.utils.file_repository:save:57 - save to: /home/zhaorz/project/CodeWM/CodeWM_ProWES_Logits/reproduct/units/p09_qr_code_gen_det/java/replays/0001_seed_3884833618/p09_qr_code_gen_det_java/p09_qr_code_gen_det_java/src/main/java/FinderPlacer.java
2026-09-14 08:11:33.878 | INFO     | metagpt.utils.file_repository:save:62 - update dependency: /home/zhaorz/project/CodeWM/CodeWM_ProWES_Logits/reproduct/units/p09_qr_code_gen_det/java/replays/0001_seed_3884833618/p09_qr_code_gen_det_java/p09_qr_code_gen_det_java/src/main/java/FinderPlacer.java:['docs/system_design/20260914080336.json', 'docs/task/20260914080336.json']
2026-09-14 08:11:33.879 | INFO     | metagpt.utils.file_repository:save:57 - save to: /home/zhaorz/project/CodeWM/CodeWM_ProWES_Logits/reproduct/units/p09_qr_code_gen_det/java/replays/0001_seed_3884833618/p09_qr_code_gen_det_java/p09_qr_code_gen_det_java/FinderPlacer_wm_detRes.txt
>> saved: src/src/main/java/FinderPlacer.java
2026-09-14 08:11:33.880 | INFO     | metagpt.utils.file_repository:save:57 - save to: /home/zhaorz/project/CodeWM/CodeWM_ProWES_Logits/reproduct/units/p09_qr_code_gen_det/java/replays/0001_seed_3884833618/p09_qr_code_gen_det_java/docs/system_design/20260914080336.json
2026-09-14 08:11:33.882 | INFO     | metagpt.utils.file_repository:save:62 - update dependency: /home/zhaorz/project/CodeWM/CodeWM_ProWES_Logits/reproduct/units/p09_qr_code_gen_det/java/replays/0001_seed_3884833618/p09_qr_code_gen_det_java/docs/system_design/20260914080336.json:[]
2026-09-14 08:11:33.883 | INFO     | metagpt.utils.file_repository:save:57 - save to: /home/zhaorz/project/CodeWM/CodeWM_ProWES_Logits/reproduct/units/p09_qr_code_gen_det/java/replays/0001_seed_3884833618/p09_qr_code_gen_det_java/docs/task/20260914080336.json
2026-09-14 08:11:33.885 | INFO     | metagpt.utils.file_repository:save:62 - update dependency: /home/zhaorz/project/CodeWM/CodeWM_ProWES_Logits/reproduct/units/p09_qr_code_gen_det/java/replays/0001_seed_3884833618/p09_qr_code_gen_det_java/docs/task/20260914080336.json:[]
>> [manual] Run 5/8: WriteCode -> src/main/java/MatrixRenderer.java
2026-09-14 08:11:33.888 | INFO     | metagpt.actions.write_code:run:186 - Writing src/main/java/MatrixRenderer.java..
2026-09-14 08:11:52.943 | INFO     | metagpt.utils.file_repository:save:57 - save to: /home/zhaorz/project/CodeWM/CodeWM_ProWES_Logits/reproduct/units/p09_qr_code_gen_det/java/replays/0001_seed_3884833618/p09_qr_code_gen_det_java/p09_qr_code_gen_det_java/src/main/java/MatrixRenderer.java
2026-09-14 08:11:52.945 | INFO     | metagpt.utils.file_repository:save:62 - update dependency: /home/zhaorz/project/CodeWM/CodeWM_ProWES_Logits/reproduct/units/p09_qr_code_gen_det/java/replays/0001_seed_3884833618/p09_qr_code_gen_det_java/p09_qr_code_gen_det_java/src/main/java/MatrixRenderer.java:['docs/system_design/20260914080336.json', 'docs/task/20260914080336.json']
2026-09-14 08:11:52.946 | INFO     | metagpt.utils.file_repository:save:57 - save to: /home/zhaorz/project/CodeWM/CodeWM_ProWES_Logits/reproduct/units/p09_qr_code_gen_det/java/replays/0001_seed_3884833618/p09_qr_code_gen_det_java/p09_qr_code_gen_det_java/MatrixRenderer_wm_detRes.txt
>> saved: src/src/main/java/MatrixRenderer.java
2026-09-14 08:11:52.947 | INFO     | metagpt.utils.file_repository:save:57 - save to: /home/zhaorz/project/CodeWM/CodeWM_ProWES_Logits/reproduct/units/p09_qr_code_gen_det/java/replays/0001_seed_3884833618/p09_qr_code_gen_det_java/docs/system_design/20260914080336.json
2026-09-14 08:11:52.949 | INFO     | metagpt.utils.file_repository:save:62 - update dependency: /home/zhaorz/project/CodeWM/CodeWM_ProWES_Logits/reproduct/units/p09_qr_code_gen_det/java/replays/0001_seed_3884833618/p09_qr_code_gen_det_java/docs/system_design/20260914080336.json:[]
2026-09-14 08:11:52.950 | INFO     | metagpt.utils.file_repository:save:57 - save to: /home/zhaorz/project/CodeWM/CodeWM_ProWES_Logits/reproduct/units/p09_qr_code_gen_det/java/replays/0001_seed_3884833618/p09_qr_code_gen_det_java/docs/task/20260914080336.json
2026-09-14 08:11:52.951 | INFO     | metagpt.utils.file_repository:save:62 - update dependency: /home/zhaorz/project/CodeWM/CodeWM_ProWES_Logits/reproduct/units/p09_qr_code_gen_det/java/replays/0001_seed_3884833618/p09_qr_code_gen_det_java/docs/task/20260914080336.json:[]
>> [manual] Run 6/8: WriteCode -> src/main/java/QRCodeGenerator.java
2026-09-14 08:11:52.956 | INFO     | metagpt.actions.write_code:run:186 - Writing src/main/java/QRCodeGenerator.java..
2026-09-14 08:12:24.875 | INFO     | metagpt.utils.file_repository:save:57 - save to: /home/zhaorz/project/CodeWM/CodeWM_ProWES_Logits/reproduct/units/p09_qr_code_gen_det/java/replays/0001_seed_3884833618/p09_qr_code_gen_det_java/p09_qr_code_gen_det_java/src/main/java/QRCodeGenerator.java
2026-09-14 08:12:24.877 | INFO     | metagpt.utils.file_repository:save:62 - update dependency: /home/zhaorz/project/CodeWM/CodeWM_ProWES_Logits/reproduct/units/p09_qr_code_gen_det/java/replays/0001_seed_3884833618/p09_qr_code_gen_det_java/p09_qr_code_gen_det_java/src/main/java/QRCodeGenerator.java:['docs/system_design/20260914080336.json', 'docs/task/20260914080336.json']
2026-09-14 08:12:24.878 | INFO     | metagpt.utils.file_repository:save:57 - save to: /home/zhaorz/project/CodeWM/CodeWM_ProWES_Logits/reproduct/units/p09_qr_code_gen_det/java/replays/0001_seed_3884833618/p09_qr_code_gen_det_java/p09_qr_code_gen_det_java/QRCodeGenerator_wm_detRes.txt
>> saved: src/src/main/java/QRCodeGenerator.java
2026-09-14 08:12:24.880 | INFO     | metagpt.utils.file_repository:save:57 - save to: /home/zhaorz/project/CodeWM/CodeWM_ProWES_Logits/reproduct/units/p09_qr_code_gen_det/java/replays/0001_seed_3884833618/p09_qr_code_gen_det_java/docs/system_design/20260914080336.json
2026-09-14 08:12:24.881 | INFO     | metagpt.utils.file_repository:save:62 - update dependency: /home/zhaorz/project/CodeWM/CodeWM_ProWES_Logits/reproduct/units/p09_qr_code_gen_det/java/replays/0001_seed_3884833618/p09_qr_code_gen_det_java/docs/system_design/20260914080336.json:[]
2026-09-14 08:12:24.882 | INFO     | metagpt.utils.file_repository:save:57 - save to: /home/zhaorz/project/CodeWM/CodeWM_ProWES_Logits/reproduct/units/p09_qr_code_gen_det/java/replays/0001_seed_3884833618/p09_qr_code_gen_det_java/docs/task/20260914080336.json
2026-09-14 08:12:24.884 | INFO     | metagpt.utils.file_repository:save:62 - update dependency: /home/zhaorz/project/CodeWM/CodeWM_ProWES_Logits/reproduct/units/p09_qr_code_gen_det/java/replays/0001_seed_3884833618/p09_qr_code_gen_det_java/docs/task/20260914080336.json:[]
>> [manual] Run 7/8: WriteCode -> src/main/java/Main.java
2026-09-14 08:12:24.889 | INFO     | metagpt.actions.write_code:run:186 - Writing src/main/java/Main.java..
2026-09-14 08:12:41.651 | INFO     | metagpt.utils.file_repository:save:57 - save to: /home/zhaorz/project/CodeWM/CodeWM_ProWES_Logits/reproduct/units/p09_qr_code_gen_det/java/replays/0001_seed_3884833618/p09_qr_code_gen_det_java/p09_qr_code_gen_det_java/src/main/java/Main.java
2026-09-14 08:12:41.653 | INFO     | metagpt.utils.file_repository:save:62 - update dependency: /home/zhaorz/project/CodeWM/CodeWM_ProWES_Logits/reproduct/units/p09_qr_code_gen_det/java/replays/0001_seed_3884833618/p09_qr_code_gen_det_java/p09_qr_code_gen_det_java/src/main/java/Main.java:['docs/system_design/20260914080336.json', 'docs/task/20260914080336.json']
2026-09-14 08:12:41.654 | INFO     | metagpt.utils.file_repository:save:57 - save to: /home/zhaorz/project/CodeWM/CodeWM_ProWES_Logits/reproduct/units/p09_qr_code_gen_det/java/replays/0001_seed_3884833618/p09_qr_code_gen_det_java/p09_qr_code_gen_det_java/Main_wm_detRes.txt
>> saved: src/src/main/java/Main.java
2026-09-14 08:12:41.655 | INFO     | metagpt.utils.file_repository:save:57 - save to: /home/zhaorz/project/CodeWM/CodeWM_ProWES_Logits/reproduct/units/p09_qr_code_gen_det/java/replays/0001_seed_3884833618/p09_qr_code_gen_det_java/docs/system_design/20260914080336.json
2026-09-14 08:12:41.657 | INFO     | metagpt.utils.file_repository:save:62 - update dependency: /home/zhaorz/project/CodeWM/CodeWM_ProWES_Logits/reproduct/units/p09_qr_code_gen_det/java/replays/0001_seed_3884833618/p09_qr_code_gen_det_java/docs/system_design/20260914080336.json:[]
2026-09-14 08:12:41.658 | INFO     | metagpt.utils.file_repository:save:57 - save to: /home/zhaorz/project/CodeWM/CodeWM_ProWES_Logits/reproduct/units/p09_qr_code_gen_det/java/replays/0001_seed_3884833618/p09_qr_code_gen_det_java/docs/task/20260914080336.json
2026-09-14 08:12:41.659 | INFO     | metagpt.utils.file_repository:save:62 - update dependency: /home/zhaorz/project/CodeWM/CodeWM_ProWES_Logits/reproduct/units/p09_qr_code_gen_det/java/replays/0001_seed_3884833618/p09_qr_code_gen_det_java/docs/task/20260914080336.json:[]
>> [manual] Run 8/8: WriteCode -> src/test/java/MainTest.java
2026-09-14 08:12:41.665 | INFO     | metagpt.actions.write_code:run:186 - Writing src/test/java/MainTest.java..
2026-09-14 08:12:57.038 | INFO     | metagpt.utils.file_repository:save:57 - save to: /home/zhaorz/project/CodeWM/CodeWM_ProWES_Logits/reproduct/units/p09_qr_code_gen_det/java/replays/0001_seed_3884833618/p09_qr_code_gen_det_java/p09_qr_code_gen_det_java/src/test/java/MainTest.java
2026-09-14 08:12:57.040 | INFO     | metagpt.utils.file_repository:save:62 - update dependency: /home/zhaorz/project/CodeWM/CodeWM_ProWES_Logits/reproduct/units/p09_qr_code_gen_det/java/replays/0001_seed_3884833618/p09_qr_code_gen_det_java/p09_qr_code_gen_det_java/src/test/java/MainTest.java:['docs/system_design/20260914080336.json', 'docs/task/20260914080336.json']
2026-09-14 08:12:57.041 | INFO     | metagpt.utils.file_repository:save:57 - save to: /home/zhaorz/project/CodeWM/CodeWM_ProWES_Logits/reproduct/units/p09_qr_code_gen_det/java/replays/0001_seed_3884833618/p09_qr_code_gen_det_java/p09_qr_code_gen_det_java/MainTest_wm_detRes.txt
>> saved: src/src/test/java/MainTest.java
>> [manual] all WriteCode actions finished.
[replay-worker] p09_qr_code_gen_det_java passed=True
[replay-worker] waiting for accepted seeds
[replay-worker] waiting for accepted seeds
[replay-worker] waiting for accepted seeds
[replay-worker] waiting for accepted seeds
[replay-worker] waiting for accepted seeds
[replay-worker] waiting for accepted seeds
[replay-worker] waiting for accepted seeds
[replay-worker] waiting for accepted seeds
[replay-worker] waiting for accepted seeds
[replay-worker] waiting for accepted seeds
[replay-worker] waiting for accepted seeds
[replay-worker] waiting for accepted seeds
[replay-worker] waiting for accepted seeds
[replay-worker] waiting for accepted seeds
[replay-worker] waiting for accepted seeds
[replay-worker] waiting for accepted seeds
[replay-worker] waiting for accepted seeds
[replay-worker] waiting for accepted seeds
[replay-worker] waiting for accepted seeds
[replay-worker] waiting for accepted seeds
[replay-worker] waiting for accepted seeds
[replay-worker] waiting for accepted seeds
[replay-worker] waiting for accepted seeds
[replay-worker] waiting for accepted seeds
[replay-worker] waiting for accepted seeds
[replay-worker] waiting for accepted seeds
[replay-worker] waiting for accepted seeds
[replay-worker] waiting for accepted seeds
[replay-worker] waiting for accepted seeds
[replay-worker] waiting for accepted seeds
[replay-worker] waiting for accepted seeds
[replay-worker] waiting for accepted seeds
[replay-worker] waiting for accepted seeds
[replay-worker] waiting for accepted seeds
[replay-worker] waiting for accepted seeds
[replay-worker] waiting for accepted seeds
[replay-worker] waiting for accepted seeds
[replay-worker] waiting for accepted seeds
[replay-worker] waiting for accepted seeds
[replay-worker] waiting for accepted seeds
[replay-worker] waiting for accepted seeds
[replay-worker] waiting for accepted seeds
[replay-worker] waiting for accepted seeds
[replay-worker] waiting for accepted seeds
[replay-worker] waiting for accepted seeds
[replay-worker] waiting for accepted seeds
[replay-worker] waiting for accepted seeds
[replay-worker] waiting for accepted seeds
[replay-worker] waiting for accepted seeds
>> recovering from: /home/zhaorz/project/CodeWM/CodeWM_ProWES_Logits/reproduct/units/p10_crud_system/cpp/architecture/team
>> team.json exists: True path: /home/zhaorz/project/CodeWM/CodeWM_ProWES_Logits/reproduct/units/p10_crud_system/cpp/architecture/team/team.json
>> ctx.git_repo.workdir = /home/zhaorz/project/CodeWM/CodeWM_ProWES_Logits/reproduct/units/p10_crud_system/cpp/replays/0001_seed_2559525778/p10_crud_system_cpp
eng.code_todos: ['CMakeLists.txt', 'include/Record.h', 'include/Repository.h', 'include/SearchFilter.h', 'include/AuditLogger.h', 'src/Record.cpp', 'src/Repository.cpp', 'src/SearchFilter.cpp', 'src/AuditLogger.cpp', 'src/Main.cpp', 'tests/test_main.cpp']
>> ready, ctx.git_repo.workdir = /home/zhaorz/project/CodeWM/CodeWM_ProWES_Logits/reproduct/units/p10_crud_system/cpp/replays/0001_seed_2559525778/p10_crud_system_cpp
>> ctx.git_repo.workdir = /home/zhaorz/project/CodeWM/CodeWM_ProWES_Logits/reproduct/units/p10_crud_system/cpp/replays/0001_seed_2559525778/p10_crud_system_cpp
2026-09-14 08:29:29.006 | INFO     | metagpt.utils.file_repository:save:57 - save to: /home/zhaorz/project/CodeWM/CodeWM_ProWES_Logits/reproduct/units/p10_crud_system/cpp/replays/0001_seed_2559525778/p10_crud_system_cpp/docs/system_design/20260914081515.json
2026-09-14 08:29:29.008 | INFO     | metagpt.utils.file_repository:save:62 - update dependency: /home/zhaorz/project/CodeWM/CodeWM_ProWES_Logits/reproduct/units/p10_crud_system/cpp/replays/0001_seed_2559525778/p10_crud_system_cpp/docs/system_design/20260914081515.json:[]
2026-09-14 08:29:29.008 | INFO     | metagpt.utils.file_repository:save:57 - save to: /home/zhaorz/project/CodeWM/CodeWM_ProWES_Logits/reproduct/units/p10_crud_system/cpp/replays/0001_seed_2559525778/p10_crud_system_cpp/docs/task/20260914081515.json
2026-09-14 08:29:29.009 | INFO     | metagpt.utils.file_repository:save:62 - update dependency: /home/zhaorz/project/CodeWM/CodeWM_ProWES_Logits/reproduct/units/p10_crud_system/cpp/replays/0001_seed_2559525778/p10_crud_system_cpp/docs/task/20260914081515.json:[]
>> [manual] Run 1/11: WriteCode -> CMakeLists.txt
2026-09-14 08:29:29.010 | INFO     | metagpt.actions.write_code:run:186 - Writing CMakeLists.txt..
2026-09-14 08:29:41.055 | INFO     | metagpt.utils.file_repository:save:57 - save to: /home/zhaorz/project/CodeWM/CodeWM_ProWES_Logits/reproduct/units/p10_crud_system/cpp/replays/0001_seed_2559525778/p10_crud_system_cpp/p10_crud_system_cpp/CMakeLists.txt
2026-09-14 08:29:41.056 | INFO     | metagpt.utils.file_repository:save:62 - update dependency: /home/zhaorz/project/CodeWM/CodeWM_ProWES_Logits/reproduct/units/p10_crud_system/cpp/replays/0001_seed_2559525778/p10_crud_system_cpp/p10_crud_system_cpp/CMakeLists.txt:['docs/task/20260914081515.json', 'docs/system_design/20260914081515.json']
2026-09-14 08:29:41.057 | INFO     | metagpt.utils.file_repository:save:57 - save to: /home/zhaorz/project/CodeWM/CodeWM_ProWES_Logits/reproduct/units/p10_crud_system/cpp/replays/0001_seed_2559525778/p10_crud_system_cpp/p10_crud_system_cpp/CMakeLists_wm_detRes.txt
>> saved: src/CMakeLists.txt
2026-09-14 08:29:41.058 | INFO     | metagpt.utils.file_repository:save:57 - save to: /home/zhaorz/project/CodeWM/CodeWM_ProWES_Logits/reproduct/units/p10_crud_system/cpp/replays/0001_seed_2559525778/p10_crud_system_cpp/docs/system_design/20260914081515.json
2026-09-14 08:29:41.059 | INFO     | metagpt.utils.file_repository:save:62 - update dependency: /home/zhaorz/project/CodeWM/CodeWM_ProWES_Logits/reproduct/units/p10_crud_system/cpp/replays/0001_seed_2559525778/p10_crud_system_cpp/docs/system_design/20260914081515.json:[]
2026-09-14 08:29:41.060 | INFO     | metagpt.utils.file_repository:save:57 - save to: /home/zhaorz/project/CodeWM/CodeWM_ProWES_Logits/reproduct/units/p10_crud_system/cpp/replays/0001_seed_2559525778/p10_crud_system_cpp/docs/task/20260914081515.json
2026-09-14 08:29:41.061 | INFO     | metagpt.utils.file_repository:save:62 - update dependency: /home/zhaorz/project/CodeWM/CodeWM_ProWES_Logits/reproduct/units/p10_crud_system/cpp/replays/0001_seed_2559525778/p10_crud_system_cpp/docs/task/20260914081515.json:[]
>> [manual] Run 2/11: WriteCode -> include/Record.h
2026-09-14 08:29:41.064 | INFO     | metagpt.actions.write_code:run:186 - Writing include/Record.h..
2026-09-14 08:30:07.071 | INFO     | metagpt.utils.file_repository:save:57 - save to: /home/zhaorz/project/CodeWM/CodeWM_ProWES_Logits/reproduct/units/p10_crud_system/cpp/replays/0001_seed_2559525778/p10_crud_system_cpp/p10_crud_system_cpp/include/Record.h
2026-09-14 08:30:07.072 | INFO     | metagpt.utils.file_repository:save:62 - update dependency: /home/zhaorz/project/CodeWM/CodeWM_ProWES_Logits/reproduct/units/p10_crud_system/cpp/replays/0001_seed_2559525778/p10_crud_system_cpp/p10_crud_system_cpp/include/Record.h:['docs/task/20260914081515.json', 'docs/system_design/20260914081515.json']
2026-09-14 08:30:07.073 | INFO     | metagpt.utils.file_repository:save:57 - save to: /home/zhaorz/project/CodeWM/CodeWM_ProWES_Logits/reproduct/units/p10_crud_system/cpp/replays/0001_seed_2559525778/p10_crud_system_cpp/p10_crud_system_cpp/Record_wm_detRes.txt
>> saved: src/include/Record.h
2026-09-14 08:30:07.074 | INFO     | metagpt.utils.file_repository:save:57 - save to: /home/zhaorz/project/CodeWM/CodeWM_ProWES_Logits/reproduct/units/p10_crud_system/cpp/replays/0001_seed_2559525778/p10_crud_system_cpp/docs/system_design/20260914081515.json
2026-09-14 08:30:07.075 | INFO     | metagpt.utils.file_repository:save:62 - update dependency: /home/zhaorz/project/CodeWM/CodeWM_ProWES_Logits/reproduct/units/p10_crud_system/cpp/replays/0001_seed_2559525778/p10_crud_system_cpp/docs/system_design/20260914081515.json:[]
2026-09-14 08:30:07.078 | INFO     | metagpt.utils.file_repository:save:57 - save to: /home/zhaorz/project/CodeWM/CodeWM_ProWES_Logits/reproduct/units/p10_crud_system/cpp/replays/0001_seed_2559525778/p10_crud_system_cpp/docs/task/20260914081515.json
2026-09-14 08:30:07.079 | INFO     | metagpt.utils.file_repository:save:62 - update dependency: /home/zhaorz/project/CodeWM/CodeWM_ProWES_Logits/reproduct/units/p10_crud_system/cpp/replays/0001_seed_2559525778/p10_crud_system_cpp/docs/task/20260914081515.json:[]
>> [manual] Run 3/11: WriteCode -> include/Repository.h
2026-09-14 08:30:07.083 | INFO     | metagpt.actions.write_code:run:186 - Writing include/Repository.h..
2026-09-14 08:30:33.795 | INFO     | metagpt.utils.file_repository:save:57 - save to: /home/zhaorz/project/CodeWM/CodeWM_ProWES_Logits/reproduct/units/p10_crud_system/cpp/replays/0001_seed_2559525778/p10_crud_system_cpp/p10_crud_system_cpp/include/Repository.h
2026-09-14 08:30:33.797 | INFO     | metagpt.utils.file_repository:save:62 - update dependency: /home/zhaorz/project/CodeWM/CodeWM_ProWES_Logits/reproduct/units/p10_crud_system/cpp/replays/0001_seed_2559525778/p10_crud_system_cpp/p10_crud_system_cpp/include/Repository.h:['docs/task/20260914081515.json', 'docs/system_design/20260914081515.json']
2026-09-14 08:30:33.798 | INFO     | metagpt.utils.file_repository:save:57 - save to: /home/zhaorz/project/CodeWM/CodeWM_ProWES_Logits/reproduct/units/p10_crud_system/cpp/replays/0001_seed_2559525778/p10_crud_system_cpp/p10_crud_system_cpp/Repository_wm_detRes.txt
>> saved: src/include/Repository.h
2026-09-14 08:30:33.800 | INFO     | metagpt.utils.file_repository:save:57 - save to: /home/zhaorz/project/CodeWM/CodeWM_ProWES_Logits/reproduct/units/p10_crud_system/cpp/replays/0001_seed_2559525778/p10_crud_system_cpp/docs/system_design/20260914081515.json
2026-09-14 08:30:33.801 | INFO     | metagpt.utils.file_repository:save:62 - update dependency: /home/zhaorz/project/CodeWM/CodeWM_ProWES_Logits/reproduct/units/p10_crud_system/cpp/replays/0001_seed_2559525778/p10_crud_system_cpp/docs/system_design/20260914081515.json:[]
2026-09-14 08:30:33.802 | INFO     | metagpt.utils.file_repository:save:57 - save to: /home/zhaorz/project/CodeWM/CodeWM_ProWES_Logits/reproduct/units/p10_crud_system/cpp/replays/0001_seed_2559525778/p10_crud_system_cpp/docs/task/20260914081515.json
2026-09-14 08:30:33.804 | INFO     | metagpt.utils.file_repository:save:62 - update dependency: /home/zhaorz/project/CodeWM/CodeWM_ProWES_Logits/reproduct/units/p10_crud_system/cpp/replays/0001_seed_2559525778/p10_crud_system_cpp/docs/task/20260914081515.json:[]
>> [manual] Run 4/11: WriteCode -> include/SearchFilter.h
2026-09-14 08:30:33.808 | INFO     | metagpt.actions.write_code:run:186 - Writing include/SearchFilter.h..
2026-09-14 08:30:53.166 | INFO     | metagpt.utils.file_repository:save:57 - save to: /home/zhaorz/project/CodeWM/CodeWM_ProWES_Logits/reproduct/units/p10_crud_system/cpp/replays/0001_seed_2559525778/p10_crud_system_cpp/p10_crud_system_cpp/include/SearchFilter.h
2026-09-14 08:30:53.167 | INFO     | metagpt.utils.file_repository:save:62 - update dependency: /home/zhaorz/project/CodeWM/CodeWM_ProWES_Logits/reproduct/units/p10_crud_system/cpp/replays/0001_seed_2559525778/p10_crud_system_cpp/p10_crud_system_cpp/include/SearchFilter.h:['docs/task/20260914081515.json', 'docs/system_design/20260914081515.json']
2026-09-14 08:30:53.168 | INFO     | metagpt.utils.file_repository:save:57 - save to: /home/zhaorz/project/CodeWM/CodeWM_ProWES_Logits/reproduct/units/p10_crud_system/cpp/replays/0001_seed_2559525778/p10_crud_system_cpp/p10_crud_system_cpp/SearchFilter_wm_detRes.txt
>> saved: src/include/SearchFilter.h
2026-09-14 08:30:53.169 | INFO     | metagpt.utils.file_repository:save:57 - save to: /home/zhaorz/project/CodeWM/CodeWM_ProWES_Logits/reproduct/units/p10_crud_system/cpp/replays/0001_seed_2559525778/p10_crud_system_cpp/docs/system_design/20260914081515.json
2026-09-14 08:30:53.170 | INFO     | metagpt.utils.file_repository:save:62 - update dependency: /home/zhaorz/project/CodeWM/CodeWM_ProWES_Logits/reproduct/units/p10_crud_system/cpp/replays/0001_seed_2559525778/p10_crud_system_cpp/docs/system_design/20260914081515.json:[]
2026-09-14 08:30:53.170 | INFO     | metagpt.utils.file_repository:save:57 - save to: /home/zhaorz/project/CodeWM/CodeWM_ProWES_Logits/reproduct/units/p10_crud_system/cpp/replays/0001_seed_2559525778/p10_crud_system_cpp/docs/task/20260914081515.json
2026-09-14 08:30:53.171 | INFO     | metagpt.utils.file_repository:save:62 - update dependency: /home/zhaorz/project/CodeWM/CodeWM_ProWES_Logits/reproduct/units/p10_crud_system/cpp/replays/0001_seed_2559525778/p10_crud_system_cpp/docs/task/20260914081515.json:[]
>> [manual] Run 5/11: WriteCode -> include/AuditLogger.h
2026-09-14 08:30:53.174 | INFO     | metagpt.actions.write_code:run:186 - Writing include/AuditLogger.h..
2026-09-14 08:31:08.737 | INFO     | metagpt.utils.file_repository:save:57 - save to: /home/zhaorz/project/CodeWM/CodeWM_ProWES_Logits/reproduct/units/p10_crud_system/cpp/replays/0001_seed_2559525778/p10_crud_system_cpp/p10_crud_system_cpp/include/AuditLogger.h
2026-09-14 08:31:08.739 | INFO     | metagpt.utils.file_repository:save:62 - update dependency: /home/zhaorz/project/CodeWM/CodeWM_ProWES_Logits/reproduct/units/p10_crud_system/cpp/replays/0001_seed_2559525778/p10_crud_system_cpp/p10_crud_system_cpp/include/AuditLogger.h:['docs/task/20260914081515.json', 'docs/system_design/20260914081515.json']
2026-09-14 08:31:08.740 | INFO     | metagpt.utils.file_repository:save:57 - save to: /home/zhaorz/project/CodeWM/CodeWM_ProWES_Logits/reproduct/units/p10_crud_system/cpp/replays/0001_seed_2559525778/p10_crud_system_cpp/p10_crud_system_cpp/AuditLogger_wm_detRes.txt
>> saved: src/include/AuditLogger.h
2026-09-14 08:31:08.741 | INFO     | metagpt.utils.file_repository:save:57 - save to: /home/zhaorz/project/CodeWM/CodeWM_ProWES_Logits/reproduct/units/p10_crud_system/cpp/replays/0001_seed_2559525778/p10_crud_system_cpp/docs/system_design/20260914081515.json
2026-09-14 08:31:08.743 | INFO     | metagpt.utils.file_repository:save:62 - update dependency: /home/zhaorz/project/CodeWM/CodeWM_ProWES_Logits/reproduct/units/p10_crud_system/cpp/replays/0001_seed_2559525778/p10_crud_system_cpp/docs/system_design/20260914081515.json:[]
2026-09-14 08:31:08.744 | INFO     | metagpt.utils.file_repository:save:57 - save to: /home/zhaorz/project/CodeWM/CodeWM_ProWES_Logits/reproduct/units/p10_crud_system/cpp/replays/0001_seed_2559525778/p10_crud_system_cpp/docs/task/20260914081515.json
2026-09-14 08:31:08.745 | INFO     | metagpt.utils.file_repository:save:62 - update dependency: /home/zhaorz/project/CodeWM/CodeWM_ProWES_Logits/reproduct/units/p10_crud_system/cpp/replays/0001_seed_2559525778/p10_crud_system_cpp/docs/task/20260914081515.json:[]
>> [manual] Run 6/11: WriteCode -> src/Record.cpp
2026-09-14 08:31:08.748 | INFO     | metagpt.actions.write_code:run:186 - Writing src/Record.cpp..
2026-09-14 08:31:29.078 | INFO     | metagpt.utils.file_repository:save:57 - save to: /home/zhaorz/project/CodeWM/CodeWM_ProWES_Logits/reproduct/units/p10_crud_system/cpp/replays/0001_seed_2559525778/p10_crud_system_cpp/p10_crud_system_cpp/src/Record.cpp
2026-09-14 08:31:29.080 | INFO     | metagpt.utils.file_repository:save:62 - update dependency: /home/zhaorz/project/CodeWM/CodeWM_ProWES_Logits/reproduct/units/p10_crud_system/cpp/replays/0001_seed_2559525778/p10_crud_system_cpp/p10_crud_system_cpp/src/Record.cpp:['docs/task/20260914081515.json', 'docs/system_design/20260914081515.json']
2026-09-14 08:31:29.081 | INFO     | metagpt.utils.file_repository:save:57 - save to: /home/zhaorz/project/CodeWM/CodeWM_ProWES_Logits/reproduct/units/p10_crud_system/cpp/replays/0001_seed_2559525778/p10_crud_system_cpp/p10_crud_system_cpp/Record_wm_detRes.txt
>> saved: src/src/Record.cpp
2026-09-14 08:31:29.082 | INFO     | metagpt.utils.file_repository:save:57 - save to: /home/zhaorz/project/CodeWM/CodeWM_ProWES_Logits/reproduct/units/p10_crud_system/cpp/replays/0001_seed_2559525778/p10_crud_system_cpp/docs/system_design/20260914081515.json
2026-09-14 08:31:29.083 | INFO     | metagpt.utils.file_repository:save:62 - update dependency: /home/zhaorz/project/CodeWM/CodeWM_ProWES_Logits/reproduct/units/p10_crud_system/cpp/replays/0001_seed_2559525778/p10_crud_system_cpp/docs/system_design/20260914081515.json:[]
2026-09-14 08:31:29.083 | INFO     | metagpt.utils.file_repository:save:57 - save to: /home/zhaorz/project/CodeWM/CodeWM_ProWES_Logits/reproduct/units/p10_crud_system/cpp/replays/0001_seed_2559525778/p10_crud_system_cpp/docs/task/20260914081515.json
2026-09-14 08:31:29.084 | INFO     | metagpt.utils.file_repository:save:62 - update dependency: /home/zhaorz/project/CodeWM/CodeWM_ProWES_Logits/reproduct/units/p10_crud_system/cpp/replays/0001_seed_2559525778/p10_crud_system_cpp/docs/task/20260914081515.json:[]
>> [manual] Run 7/11: WriteCode -> src/Repository.cpp
2026-09-14 08:31:29.088 | INFO     | metagpt.actions.write_code:run:186 - Writing src/Repository.cpp..
2026-09-14 08:32:05.683 | INFO     | metagpt.utils.file_repository:save:57 - save to: /home/zhaorz/project/CodeWM/CodeWM_ProWES_Logits/reproduct/units/p10_crud_system/cpp/replays/0001_seed_2559525778/p10_crud_system_cpp/p10_crud_system_cpp/src/Repository.cpp
2026-09-14 08:32:05.684 | INFO     | metagpt.utils.file_repository:save:62 - update dependency: /home/zhaorz/project/CodeWM/CodeWM_ProWES_Logits/reproduct/units/p10_crud_system/cpp/replays/0001_seed_2559525778/p10_crud_system_cpp/p10_crud_system_cpp/src/Repository.cpp:['docs/task/20260914081515.json', 'docs/system_design/20260914081515.json']
2026-09-14 08:32:05.685 | INFO     | metagpt.utils.file_repository:save:57 - save to: /home/zhaorz/project/CodeWM/CodeWM_ProWES_Logits/reproduct/units/p10_crud_system/cpp/replays/0001_seed_2559525778/p10_crud_system_cpp/p10_crud_system_cpp/Repository_wm_detRes.txt
>> saved: src/src/Repository.cpp
2026-09-14 08:32:05.686 | INFO     | metagpt.utils.file_repository:save:57 - save to: /home/zhaorz/project/CodeWM/CodeWM_ProWES_Logits/reproduct/units/p10_crud_system/cpp/replays/0001_seed_2559525778/p10_crud_system_cpp/docs/system_design/20260914081515.json
2026-09-14 08:32:05.687 | INFO     | metagpt.utils.file_repository:save:62 - update dependency: /home/zhaorz/project/CodeWM/CodeWM_ProWES_Logits/reproduct/units/p10_crud_system/cpp/replays/0001_seed_2559525778/p10_crud_system_cpp/docs/system_design/20260914081515.json:[]
2026-09-14 08:32:05.688 | INFO     | metagpt.utils.file_repository:save:57 - save to: /home/zhaorz/project/CodeWM/CodeWM_ProWES_Logits/reproduct/units/p10_crud_system/cpp/replays/0001_seed_2559525778/p10_crud_system_cpp/docs/task/20260914081515.json
2026-09-14 08:32:05.689 | INFO     | metagpt.utils.file_repository:save:62 - update dependency: /home/zhaorz/project/CodeWM/CodeWM_ProWES_Logits/reproduct/units/p10_crud_system/cpp/replays/0001_seed_2559525778/p10_crud_system_cpp/docs/task/20260914081515.json:[]
>> [manual] Run 8/11: WriteCode -> src/SearchFilter.cpp
2026-09-14 08:32:05.694 | INFO     | metagpt.actions.write_code:run:186 - Writing src/SearchFilter.cpp..
2026-09-14 08:32:32.647 | INFO     | metagpt.utils.file_repository:save:57 - save to: /home/zhaorz/project/CodeWM/CodeWM_ProWES_Logits/reproduct/units/p10_crud_system/cpp/replays/0001_seed_2559525778/p10_crud_system_cpp/p10_crud_system_cpp/src/SearchFilter.cpp
2026-09-14 08:32:32.648 | INFO     | metagpt.utils.file_repository:save:62 - update dependency: /home/zhaorz/project/CodeWM/CodeWM_ProWES_Logits/reproduct/units/p10_crud_system/cpp/replays/0001_seed_2559525778/p10_crud_system_cpp/p10_crud_system_cpp/src/SearchFilter.cpp:['docs/task/20260914081515.json', 'docs/system_design/20260914081515.json']
2026-09-14 08:32:32.649 | INFO     | metagpt.utils.file_repository:save:57 - save to: /home/zhaorz/project/CodeWM/CodeWM_ProWES_Logits/reproduct/units/p10_crud_system/cpp/replays/0001_seed_2559525778/p10_crud_system_cpp/p10_crud_system_cpp/SearchFilter_wm_detRes.txt
>> saved: src/src/SearchFilter.cpp
2026-09-14 08:32:32.650 | INFO     | metagpt.utils.file_repository:save:57 - save to: /home/zhaorz/project/CodeWM/CodeWM_ProWES_Logits/reproduct/units/p10_crud_system/cpp/replays/0001_seed_2559525778/p10_crud_system_cpp/docs/system_design/20260914081515.json
2026-09-14 08:32:32.651 | INFO     | metagpt.utils.file_repository:save:62 - update dependency: /home/zhaorz/project/CodeWM/CodeWM_ProWES_Logits/reproduct/units/p10_crud_system/cpp/replays/0001_seed_2559525778/p10_crud_system_cpp/docs/system_design/20260914081515.json:[]
2026-09-14 08:32:32.651 | INFO     | metagpt.utils.file_repository:save:57 - save to: /home/zhaorz/project/CodeWM/CodeWM_ProWES_Logits/reproduct/units/p10_crud_system/cpp/replays/0001_seed_2559525778/p10_crud_system_cpp/docs/task/20260914081515.json
2026-09-14 08:32:32.652 | INFO     | metagpt.utils.file_repository:save:62 - update dependency: /home/zhaorz/project/CodeWM/CodeWM_ProWES_Logits/reproduct/units/p10_crud_system/cpp/replays/0001_seed_2559525778/p10_crud_system_cpp/docs/task/20260914081515.json:[]
>> [manual] Run 9/11: WriteCode -> src/AuditLogger.cpp
2026-09-14 08:32:32.655 | INFO     | metagpt.actions.write_code:run:186 - Writing src/AuditLogger.cpp..
2026-09-14 08:32:43.500 | INFO     | metagpt.utils.file_repository:save:57 - save to: /home/zhaorz/project/CodeWM/CodeWM_ProWES_Logits/reproduct/units/p10_crud_system/cpp/replays/0001_seed_2559525778/p10_crud_system_cpp/p10_crud_system_cpp/src/AuditLogger.cpp
2026-09-14 08:32:43.502 | INFO     | metagpt.utils.file_repository:save:62 - update dependency: /home/zhaorz/project/CodeWM/CodeWM_ProWES_Logits/reproduct/units/p10_crud_system/cpp/replays/0001_seed_2559525778/p10_crud_system_cpp/p10_crud_system_cpp/src/AuditLogger.cpp:['docs/task/20260914081515.json', 'docs/system_design/20260914081515.json']
2026-09-14 08:32:43.503 | INFO     | metagpt.utils.file_repository:save:57 - save to: /home/zhaorz/project/CodeWM/CodeWM_ProWES_Logits/reproduct/units/p10_crud_system/cpp/replays/0001_seed_2559525778/p10_crud_system_cpp/p10_crud_system_cpp/AuditLogger_wm_detRes.txt
>> saved: src/src/AuditLogger.cpp
2026-09-14 08:32:43.504 | INFO     | metagpt.utils.file_repository:save:57 - save to: /home/zhaorz/project/CodeWM/CodeWM_ProWES_Logits/reproduct/units/p10_crud_system/cpp/replays/0001_seed_2559525778/p10_crud_system_cpp/docs/system_design/20260914081515.json
2026-09-14 08:32:43.506 | INFO     | metagpt.utils.file_repository:save:62 - update dependency: /home/zhaorz/project/CodeWM/CodeWM_ProWES_Logits/reproduct/units/p10_crud_system/cpp/replays/0001_seed_2559525778/p10_crud_system_cpp/docs/system_design/20260914081515.json:[]
2026-09-14 08:32:43.507 | INFO     | metagpt.utils.file_repository:save:57 - save to: /home/zhaorz/project/CodeWM/CodeWM_ProWES_Logits/reproduct/units/p10_crud_system/cpp/replays/0001_seed_2559525778/p10_crud_system_cpp/docs/task/20260914081515.json
2026-09-14 08:32:43.508 | INFO     | metagpt.utils.file_repository:save:62 - update dependency: /home/zhaorz/project/CodeWM/CodeWM_ProWES_Logits/reproduct/units/p10_crud_system/cpp/replays/0001_seed_2559525778/p10_crud_system_cpp/docs/task/20260914081515.json:[]
>> [manual] Run 10/11: WriteCode -> src/Main.cpp
2026-09-14 08:32:43.515 | INFO     | metagpt.actions.write_code:run:186 - Writing src/Main.cpp..
2026-09-14 08:33:37.402 | INFO     | metagpt.utils.file_repository:save:57 - save to: /home/zhaorz/project/CodeWM/CodeWM_ProWES_Logits/reproduct/units/p10_crud_system/cpp/replays/0001_seed_2559525778/p10_crud_system_cpp/p10_crud_system_cpp/src/Main.cpp
2026-09-14 08:33:37.404 | INFO     | metagpt.utils.file_repository:save:62 - update dependency: /home/zhaorz/project/CodeWM/CodeWM_ProWES_Logits/reproduct/units/p10_crud_system/cpp/replays/0001_seed_2559525778/p10_crud_system_cpp/p10_crud_system_cpp/src/Main.cpp:['docs/task/20260914081515.json', 'docs/system_design/20260914081515.json']
2026-09-14 08:33:37.405 | INFO     | metagpt.utils.file_repository:save:57 - save to: /home/zhaorz/project/CodeWM/CodeWM_ProWES_Logits/reproduct/units/p10_crud_system/cpp/replays/0001_seed_2559525778/p10_crud_system_cpp/p10_crud_system_cpp/Main_wm_detRes.txt
>> saved: src/src/Main.cpp
2026-09-14 08:33:37.407 | INFO     | metagpt.utils.file_repository:save:57 - save to: /home/zhaorz/project/CodeWM/CodeWM_ProWES_Logits/reproduct/units/p10_crud_system/cpp/replays/0001_seed_2559525778/p10_crud_system_cpp/docs/system_design/20260914081515.json
2026-09-14 08:33:37.408 | INFO     | metagpt.utils.file_repository:save:62 - update dependency: /home/zhaorz/project/CodeWM/CodeWM_ProWES_Logits/reproduct/units/p10_crud_system/cpp/replays/0001_seed_2559525778/p10_crud_system_cpp/docs/system_design/20260914081515.json:[]
2026-09-14 08:33:37.409 | INFO     | metagpt.utils.file_repository:save:57 - save to: /home/zhaorz/project/CodeWM/CodeWM_ProWES_Logits/reproduct/units/p10_crud_system/cpp/replays/0001_seed_2559525778/p10_crud_system_cpp/docs/task/20260914081515.json
2026-09-14 08:33:37.411 | INFO     | metagpt.utils.file_repository:save:62 - update dependency: /home/zhaorz/project/CodeWM/CodeWM_ProWES_Logits/reproduct/units/p10_crud_system/cpp/replays/0001_seed_2559525778/p10_crud_system_cpp/docs/task/20260914081515.json:[]
>> [manual] Run 11/11: WriteCode -> tests/test_main.cpp
2026-09-14 08:33:37.418 | INFO     | metagpt.actions.write_code:run:186 - Writing tests/test_main.cpp..
2026-09-14 08:34:31.130 | INFO     | metagpt.utils.file_repository:save:57 - save to: /home/zhaorz/project/CodeWM/CodeWM_ProWES_Logits/reproduct/units/p10_crud_system/cpp/replays/0001_seed_2559525778/p10_crud_system_cpp/p10_crud_system_cpp/tests/test_main.cpp
2026-09-14 08:34:31.132 | INFO     | metagpt.utils.file_repository:save:62 - update dependency: /home/zhaorz/project/CodeWM/CodeWM_ProWES_Logits/reproduct/units/p10_crud_system/cpp/replays/0001_seed_2559525778/p10_crud_system_cpp/p10_crud_system_cpp/tests/test_main.cpp:['docs/task/20260914081515.json', 'docs/system_design/20260914081515.json']
2026-09-14 08:34:31.133 | INFO     | metagpt.utils.file_repository:save:57 - save to: /home/zhaorz/project/CodeWM/CodeWM_ProWES_Logits/reproduct/units/p10_crud_system/cpp/replays/0001_seed_2559525778/p10_crud_system_cpp/p10_crud_system_cpp/test_main_wm_detRes.txt
>> saved: src/tests/test_main.cpp
>> [manual] all WriteCode actions finished.
[replay-worker] p10_crud_system_cpp passed=True
[replay-worker] waiting for accepted seeds
[replay-worker] waiting for accepted seeds
[replay-worker] waiting for accepted seeds
[replay-worker] waiting for accepted seeds
[replay-worker] waiting for accepted seeds
[replay-worker] waiting for accepted seeds
[replay-worker] waiting for accepted seeds
[replay-worker] waiting for accepted seeds
[replay-worker] waiting for accepted seeds
[replay-worker] waiting for accepted seeds
[replay-worker] waiting for accepted seeds
[replay-worker] waiting for accepted seeds
[replay-worker] waiting for accepted seeds
[replay-worker] waiting for accepted seeds
[replay-worker] waiting for accepted seeds
[replay-worker] waiting for accepted seeds
[replay-worker] waiting for accepted seeds
[replay-worker] waiting for accepted seeds
[replay-worker] waiting for accepted seeds
[replay-worker] waiting for accepted seeds
[replay-worker] waiting for accepted seeds
[replay-worker] waiting for accepted seeds
[replay-worker] waiting for accepted seeds
[replay-worker] waiting for accepted seeds
[replay-worker] waiting for accepted seeds
[replay-worker] waiting for accepted seeds
[replay-worker] waiting for accepted seeds
[replay-worker] waiting for accepted seeds
[replay-worker] waiting for accepted seeds
>> recovering from: /home/zhaorz/project/CodeWM/CodeWM_ProWES_Logits/reproduct/units/p10_crud_system/python/architecture/team
>> team.json exists: True path: /home/zhaorz/project/CodeWM/CodeWM_ProWES_Logits/reproduct/units/p10_crud_system/python/architecture/team/team.json
>> ctx.git_repo.workdir = /home/zhaorz/project/CodeWM/CodeWM_ProWES_Logits/reproduct/units/p10_crud_system/python/replays/0001_seed_2839588297/p10_crud_system_python
eng.code_todos: ['requirements.txt', 'crud_system/__init__.py', 'crud_system/models.py', 'crud_system/audit.py', 'crud_system/search.py', 'crud_system/repository.py', 'Main.py', 'tests/test_main.py']
>> ready, ctx.git_repo.workdir = /home/zhaorz/project/CodeWM/CodeWM_ProWES_Logits/reproduct/units/p10_crud_system/python/replays/0001_seed_2839588297/p10_crud_system_python
>> ctx.git_repo.workdir = /home/zhaorz/project/CodeWM/CodeWM_ProWES_Logits/reproduct/units/p10_crud_system/python/replays/0001_seed_2839588297/p10_crud_system_python
2026-09-14 08:44:16.308 | INFO     | metagpt.utils.file_repository:save:57 - save to: /home/zhaorz/project/CodeWM/CodeWM_ProWES_Logits/reproduct/units/p10_crud_system/python/replays/0001_seed_2839588297/p10_crud_system_python/docs/system_design/20260914083633.json
2026-09-14 08:44:16.310 | INFO     | metagpt.utils.file_repository:save:62 - update dependency: /home/zhaorz/project/CodeWM/CodeWM_ProWES_Logits/reproduct/units/p10_crud_system/python/replays/0001_seed_2839588297/p10_crud_system_python/docs/system_design/20260914083633.json:[]
2026-09-14 08:44:16.311 | INFO     | metagpt.utils.file_repository:save:57 - save to: /home/zhaorz/project/CodeWM/CodeWM_ProWES_Logits/reproduct/units/p10_crud_system/python/replays/0001_seed_2839588297/p10_crud_system_python/docs/task/20260914083633.json
2026-09-14 08:44:16.312 | INFO     | metagpt.utils.file_repository:save:62 - update dependency: /home/zhaorz/project/CodeWM/CodeWM_ProWES_Logits/reproduct/units/p10_crud_system/python/replays/0001_seed_2839588297/p10_crud_system_python/docs/task/20260914083633.json:[]
>> [manual] Run 1/8: WriteCode -> requirements.txt
2026-09-14 08:44:16.313 | INFO     | metagpt.actions.write_code:run:186 - Writing requirements.txt..
2026-09-14 08:44:18.195 | INFO     | metagpt.utils.file_repository:save:57 - save to: /home/zhaorz/project/CodeWM/CodeWM_ProWES_Logits/reproduct/units/p10_crud_system/python/replays/0001_seed_2839588297/p10_crud_system_python/p10_crud_system_python/requirements.txt
2026-09-14 08:44:18.197 | INFO     | metagpt.utils.file_repository:save:62 - update dependency: /home/zhaorz/project/CodeWM/CodeWM_ProWES_Logits/reproduct/units/p10_crud_system/python/replays/0001_seed_2839588297/p10_crud_system_python/p10_crud_system_python/requirements.txt:['docs/task/20260914083633.json', 'docs/system_design/20260914083633.json']
2026-09-14 08:44:18.198 | INFO     | metagpt.utils.file_repository:save:57 - save to: /home/zhaorz/project/CodeWM/CodeWM_ProWES_Logits/reproduct/units/p10_crud_system/python/replays/0001_seed_2839588297/p10_crud_system_python/p10_crud_system_python/requirements_wm_detRes.txt
>> saved: src/requirements.txt
2026-09-14 08:44:18.199 | INFO     | metagpt.utils.file_repository:save:57 - save to: /home/zhaorz/project/CodeWM/CodeWM_ProWES_Logits/reproduct/units/p10_crud_system/python/replays/0001_seed_2839588297/p10_crud_system_python/docs/system_design/20260914083633.json
2026-09-14 08:44:18.200 | INFO     | metagpt.utils.file_repository:save:62 - update dependency: /home/zhaorz/project/CodeWM/CodeWM_ProWES_Logits/reproduct/units/p10_crud_system/python/replays/0001_seed_2839588297/p10_crud_system_python/docs/system_design/20260914083633.json:[]
2026-09-14 08:44:18.201 | INFO     | metagpt.utils.file_repository:save:57 - save to: /home/zhaorz/project/CodeWM/CodeWM_ProWES_Logits/reproduct/units/p10_crud_system/python/replays/0001_seed_2839588297/p10_crud_system_python/docs/task/20260914083633.json
2026-09-14 08:44:18.203 | INFO     | metagpt.utils.file_repository:save:62 - update dependency: /home/zhaorz/project/CodeWM/CodeWM_ProWES_Logits/reproduct/units/p10_crud_system/python/replays/0001_seed_2839588297/p10_crud_system_python/docs/task/20260914083633.json:[]
>> [manual] Run 2/8: WriteCode -> crud_system/__init__.py
2026-09-14 08:44:18.205 | INFO     | metagpt.actions.write_code:run:186 - Writing crud_system/__init__.py..
2026-09-14 08:44:24.744 | INFO     | metagpt.utils.file_repository:save:57 - save to: /home/zhaorz/project/CodeWM/CodeWM_ProWES_Logits/reproduct/units/p10_crud_system/python/replays/0001_seed_2839588297/p10_crud_system_python/p10_crud_system_python/crud_system/__init__.py
2026-09-14 08:44:24.746 | INFO     | metagpt.utils.file_repository:save:62 - update dependency: /home/zhaorz/project/CodeWM/CodeWM_ProWES_Logits/reproduct/units/p10_crud_system/python/replays/0001_seed_2839588297/p10_crud_system_python/p10_crud_system_python/crud_system/__init__.py:['docs/task/20260914083633.json', 'docs/system_design/20260914083633.json']
2026-09-14 08:44:24.747 | INFO     | metagpt.utils.file_repository:save:57 - save to: /home/zhaorz/project/CodeWM/CodeWM_ProWES_Logits/reproduct/units/p10_crud_system/python/replays/0001_seed_2839588297/p10_crud_system_python/p10_crud_system_python/__init___wm_detRes.txt
>> saved: src/crud_system/__init__.py
2026-09-14 08:44:24.748 | INFO     | metagpt.utils.file_repository:save:57 - save to: /home/zhaorz/project/CodeWM/CodeWM_ProWES_Logits/reproduct/units/p10_crud_system/python/replays/0001_seed_2839588297/p10_crud_system_python/docs/system_design/20260914083633.json
2026-09-14 08:44:24.750 | INFO     | metagpt.utils.file_repository:save:62 - update dependency: /home/zhaorz/project/CodeWM/CodeWM_ProWES_Logits/reproduct/units/p10_crud_system/python/replays/0001_seed_2839588297/p10_crud_system_python/docs/system_design/20260914083633.json:[]
2026-09-14 08:44:24.751 | INFO     | metagpt.utils.file_repository:save:57 - save to: /home/zhaorz/project/CodeWM/CodeWM_ProWES_Logits/reproduct/units/p10_crud_system/python/replays/0001_seed_2839588297/p10_crud_system_python/docs/task/20260914083633.json
2026-09-14 08:44:24.752 | INFO     | metagpt.utils.file_repository:save:62 - update dependency: /home/zhaorz/project/CodeWM/CodeWM_ProWES_Logits/reproduct/units/p10_crud_system/python/replays/0001_seed_2839588297/p10_crud_system_python/docs/task/20260914083633.json:[]
>> [manual] Run 3/8: WriteCode -> crud_system/models.py
2026-09-14 08:44:24.755 | INFO     | metagpt.actions.write_code:run:186 - Writing crud_system/models.py..
2026-09-14 08:44:53.095 | INFO     | metagpt.utils.file_repository:save:57 - save to: /home/zhaorz/project/CodeWM/CodeWM_ProWES_Logits/reproduct/units/p10_crud_system/python/replays/0001_seed_2839588297/p10_crud_system_python/p10_crud_system_python/crud_system/models.py
2026-09-14 08:44:53.097 | INFO     | metagpt.utils.file_repository:save:62 - update dependency: /home/zhaorz/project/CodeWM/CodeWM_ProWES_Logits/reproduct/units/p10_crud_system/python/replays/0001_seed_2839588297/p10_crud_system_python/p10_crud_system_python/crud_system/models.py:['docs/task/20260914083633.json', 'docs/system_design/20260914083633.json']
2026-09-14 08:44:53.098 | INFO     | metagpt.utils.file_repository:save:57 - save to: /home/zhaorz/project/CodeWM/CodeWM_ProWES_Logits/reproduct/units/p10_crud_system/python/replays/0001_seed_2839588297/p10_crud_system_python/p10_crud_system_python/models_wm_detRes.txt
>> saved: src/crud_system/models.py
2026-09-14 08:44:53.103 | INFO     | metagpt.utils.file_repository:save:57 - save to: /home/zhaorz/project/CodeWM/CodeWM_ProWES_Logits/reproduct/units/p10_crud_system/python/replays/0001_seed_2839588297/p10_crud_system_python/docs/system_design/20260914083633.json
2026-09-14 08:44:53.104 | INFO     | metagpt.utils.file_repository:save:62 - update dependency: /home/zhaorz/project/CodeWM/CodeWM_ProWES_Logits/reproduct/units/p10_crud_system/python/replays/0001_seed_2839588297/p10_crud_system_python/docs/system_design/20260914083633.json:[]
2026-09-14 08:44:53.105 | INFO     | metagpt.utils.file_repository:save:57 - save to: /home/zhaorz/project/CodeWM/CodeWM_ProWES_Logits/reproduct/units/p10_crud_system/python/replays/0001_seed_2839588297/p10_crud_system_python/docs/task/20260914083633.json
2026-09-14 08:44:53.107 | INFO     | metagpt.utils.file_repository:save:62 - update dependency: /home/zhaorz/project/CodeWM/CodeWM_ProWES_Logits/reproduct/units/p10_crud_system/python/replays/0001_seed_2839588297/p10_crud_system_python/docs/task/20260914083633.json:[]
>> [manual] Run 4/8: WriteCode -> crud_system/audit.py
2026-09-14 08:44:53.110 | INFO     | metagpt.actions.write_code:run:186 - Writing crud_system/audit.py..
2026-09-14 08:45:12.728 | INFO     | metagpt.utils.file_repository:save:57 - save to: /home/zhaorz/project/CodeWM/CodeWM_ProWES_Logits/reproduct/units/p10_crud_system/python/replays/0001_seed_2839588297/p10_crud_system_python/p10_crud_system_python/crud_system/audit.py
2026-09-14 08:45:12.730 | INFO     | metagpt.utils.file_repository:save:62 - update dependency: /home/zhaorz/project/CodeWM/CodeWM_ProWES_Logits/reproduct/units/p10_crud_system/python/replays/0001_seed_2839588297/p10_crud_system_python/p10_crud_system_python/crud_system/audit.py:['docs/task/20260914083633.json', 'docs/system_design/20260914083633.json']
2026-09-14 08:45:12.731 | INFO     | metagpt.utils.file_repository:save:57 - save to: /home/zhaorz/project/CodeWM/CodeWM_ProWES_Logits/reproduct/units/p10_crud_system/python/replays/0001_seed_2839588297/p10_crud_system_python/p10_crud_system_python/audit_wm_detRes.txt
>> saved: src/crud_system/audit.py
2026-09-14 08:45:12.733 | INFO     | metagpt.utils.file_repository:save:57 - save to: /home/zhaorz/project/CodeWM/CodeWM_ProWES_Logits/reproduct/units/p10_crud_system/python/replays/0001_seed_2839588297/p10_crud_system_python/docs/system_design/20260914083633.json
2026-09-14 08:45:12.734 | INFO     | metagpt.utils.file_repository:save:62 - update dependency: /home/zhaorz/project/CodeWM/CodeWM_ProWES_Logits/reproduct/units/p10_crud_system/python/replays/0001_seed_2839588297/p10_crud_system_python/docs/system_design/20260914083633.json:[]
2026-09-14 08:45:12.735 | INFO     | metagpt.utils.file_repository:save:57 - save to: /home/zhaorz/project/CodeWM/CodeWM_ProWES_Logits/reproduct/units/p10_crud_system/python/replays/0001_seed_2839588297/p10_crud_system_python/docs/task/20260914083633.json
2026-09-14 08:45:12.737 | INFO     | metagpt.utils.file_repository:save:62 - update dependency: /home/zhaorz/project/CodeWM/CodeWM_ProWES_Logits/reproduct/units/p10_crud_system/python/replays/0001_seed_2839588297/p10_crud_system_python/docs/task/20260914083633.json:[]
>> [manual] Run 5/8: WriteCode -> crud_system/search.py
2026-09-14 08:45:12.740 | INFO     | metagpt.actions.write_code:run:186 - Writing crud_system/search.py..
2026-09-14 08:45:35.920 | INFO     | metagpt.utils.file_repository:save:57 - save to: /home/zhaorz/project/CodeWM/CodeWM_ProWES_Logits/reproduct/units/p10_crud_system/python/replays/0001_seed_2839588297/p10_crud_system_python/p10_crud_system_python/crud_system/search.py
2026-09-14 08:45:35.922 | INFO     | metagpt.utils.file_repository:save:62 - update dependency: /home/zhaorz/project/CodeWM/CodeWM_ProWES_Logits/reproduct/units/p10_crud_system/python/replays/0001_seed_2839588297/p10_crud_system_python/p10_crud_system_python/crud_system/search.py:['docs/task/20260914083633.json', 'docs/system_design/20260914083633.json']
2026-09-14 08:45:35.923 | INFO     | metagpt.utils.file_repository:save:57 - save to: /home/zhaorz/project/CodeWM/CodeWM_ProWES_Logits/reproduct/units/p10_crud_system/python/replays/0001_seed_2839588297/p10_crud_system_python/p10_crud_system_python/search_wm_detRes.txt
>> saved: src/crud_system/search.py
2026-09-14 08:45:35.925 | INFO     | metagpt.utils.file_repository:save:57 - save to: /home/zhaorz/project/CodeWM/CodeWM_ProWES_Logits/reproduct/units/p10_crud_system/python/replays/0001_seed_2839588297/p10_crud_system_python/docs/system_design/20260914083633.json
2026-09-14 08:45:35.926 | INFO     | metagpt.utils.file_repository:save:62 - update dependency: /home/zhaorz/project/CodeWM/CodeWM_ProWES_Logits/reproduct/units/p10_crud_system/python/replays/0001_seed_2839588297/p10_crud_system_python/docs/system_design/20260914083633.json:[]
2026-09-14 08:45:35.927 | INFO     | metagpt.utils.file_repository:save:57 - save to: /home/zhaorz/project/CodeWM/CodeWM_ProWES_Logits/reproduct/units/p10_crud_system/python/replays/0001_seed_2839588297/p10_crud_system_python/docs/task/20260914083633.json
2026-09-14 08:45:35.929 | INFO     | metagpt.utils.file_repository:save:62 - update dependency: /home/zhaorz/project/CodeWM/CodeWM_ProWES_Logits/reproduct/units/p10_crud_system/python/replays/0001_seed_2839588297/p10_crud_system_python/docs/task/20260914083633.json:[]
>> [manual] Run 6/8: WriteCode -> crud_system/repository.py
2026-09-14 08:45:35.933 | INFO     | metagpt.actions.write_code:run:186 - Writing crud_system/repository.py..
2026-09-14 08:46:21.925 | INFO     | metagpt.utils.file_repository:save:57 - save to: /home/zhaorz/project/CodeWM/CodeWM_ProWES_Logits/reproduct/units/p10_crud_system/python/replays/0001_seed_2839588297/p10_crud_system_python/p10_crud_system_python/crud_system/repository.py
2026-09-14 08:46:21.927 | INFO     | metagpt.utils.file_repository:save:62 - update dependency: /home/zhaorz/project/CodeWM/CodeWM_ProWES_Logits/reproduct/units/p10_crud_system/python/replays/0001_seed_2839588297/p10_crud_system_python/p10_crud_system_python/crud_system/repository.py:['docs/task/20260914083633.json', 'docs/system_design/20260914083633.json']
2026-09-14 08:46:21.927 | INFO     | metagpt.utils.file_repository:save:57 - save to: /home/zhaorz/project/CodeWM/CodeWM_ProWES_Logits/reproduct/units/p10_crud_system/python/replays/0001_seed_2839588297/p10_crud_system_python/p10_crud_system_python/repository_wm_detRes.txt
>> saved: src/crud_system/repository.py
2026-09-14 08:46:21.929 | INFO     | metagpt.utils.file_repository:save:57 - save to: /home/zhaorz/project/CodeWM/CodeWM_ProWES_Logits/reproduct/units/p10_crud_system/python/replays/0001_seed_2839588297/p10_crud_system_python/docs/system_design/20260914083633.json
2026-09-14 08:46:21.930 | INFO     | metagpt.utils.file_repository:save:62 - update dependency: /home/zhaorz/project/CodeWM/CodeWM_ProWES_Logits/reproduct/units/p10_crud_system/python/replays/0001_seed_2839588297/p10_crud_system_python/docs/system_design/20260914083633.json:[]
2026-09-14 08:46:21.931 | INFO     | metagpt.utils.file_repository:save:57 - save to: /home/zhaorz/project/CodeWM/CodeWM_ProWES_Logits/reproduct/units/p10_crud_system/python/replays/0001_seed_2839588297/p10_crud_system_python/docs/task/20260914083633.json
2026-09-14 08:46:21.932 | INFO     | metagpt.utils.file_repository:save:62 - update dependency: /home/zhaorz/project/CodeWM/CodeWM_ProWES_Logits/reproduct/units/p10_crud_system/python/replays/0001_seed_2839588297/p10_crud_system_python/docs/task/20260914083633.json:[]
>> [manual] Run 7/8: WriteCode -> Main.py
2026-09-14 08:46:21.936 | INFO     | metagpt.actions.write_code:run:186 - Writing Main.py..
2026-09-14 08:47:03.626 | INFO     | metagpt.utils.file_repository:save:57 - save to: /home/zhaorz/project/CodeWM/CodeWM_ProWES_Logits/reproduct/units/p10_crud_system/python/replays/0001_seed_2839588297/p10_crud_system_python/p10_crud_system_python/Main.py
2026-09-14 08:47:03.628 | INFO     | metagpt.utils.file_repository:save:62 - update dependency: /home/zhaorz/project/CodeWM/CodeWM_ProWES_Logits/reproduct/units/p10_crud_system/python/replays/0001_seed_2839588297/p10_crud_system_python/p10_crud_system_python/Main.py:['docs/task/20260914083633.json', 'docs/system_design/20260914083633.json']
2026-09-14 08:47:03.629 | INFO     | metagpt.utils.file_repository:save:57 - save to: /home/zhaorz/project/CodeWM/CodeWM_ProWES_Logits/reproduct/units/p10_crud_system/python/replays/0001_seed_2839588297/p10_crud_system_python/p10_crud_system_python/Main_wm_detRes.txt
>> saved: src/Main.py
2026-09-14 08:47:03.630 | INFO     | metagpt.utils.file_repository:save:57 - save to: /home/zhaorz/project/CodeWM/CodeWM_ProWES_Logits/reproduct/units/p10_crud_system/python/replays/0001_seed_2839588297/p10_crud_system_python/docs/system_design/20260914083633.json
2026-09-14 08:47:03.632 | INFO     | metagpt.utils.file_repository:save:62 - update dependency: /home/zhaorz/project/CodeWM/CodeWM_ProWES_Logits/reproduct/units/p10_crud_system/python/replays/0001_seed_2839588297/p10_crud_system_python/docs/system_design/20260914083633.json:[]
2026-09-14 08:47:03.633 | INFO     | metagpt.utils.file_repository:save:57 - save to: /home/zhaorz/project/CodeWM/CodeWM_ProWES_Logits/reproduct/units/p10_crud_system/python/replays/0001_seed_2839588297/p10_crud_system_python/docs/task/20260914083633.json
2026-09-14 08:47:03.634 | INFO     | metagpt.utils.file_repository:save:62 - update dependency: /home/zhaorz/project/CodeWM/CodeWM_ProWES_Logits/reproduct/units/p10_crud_system/python/replays/0001_seed_2839588297/p10_crud_system_python/docs/task/20260914083633.json:[]
>> [manual] Run 8/8: WriteCode -> tests/test_main.py
2026-09-14 08:47:03.640 | INFO     | metagpt.actions.write_code:run:186 - Writing tests/test_main.py..
2026-09-14 08:48:14.767 | INFO     | metagpt.utils.file_repository:save:57 - save to: /home/zhaorz/project/CodeWM/CodeWM_ProWES_Logits/reproduct/units/p10_crud_system/python/replays/0001_seed_2839588297/p10_crud_system_python/p10_crud_system_python/tests/test_main.py
2026-09-14 08:48:14.768 | INFO     | metagpt.utils.file_repository:save:62 - update dependency: /home/zhaorz/project/CodeWM/CodeWM_ProWES_Logits/reproduct/units/p10_crud_system/python/replays/0001_seed_2839588297/p10_crud_system_python/p10_crud_system_python/tests/test_main.py:['docs/task/20260914083633.json', 'docs/system_design/20260914083633.json']
2026-09-14 08:48:14.769 | INFO     | metagpt.utils.file_repository:save:57 - save to: /home/zhaorz/project/CodeWM/CodeWM_ProWES_Logits/reproduct/units/p10_crud_system/python/replays/0001_seed_2839588297/p10_crud_system_python/p10_crud_system_python/test_main_wm_detRes.txt
>> saved: src/tests/test_main.py
>> [manual] all WriteCode actions finished.
[replay-worker] p10_crud_system_python passed=True
[replay-worker] waiting for accepted seeds
[replay-worker] waiting for accepted seeds
[replay-worker] waiting for accepted seeds
[replay-worker] waiting for accepted seeds
[replay-worker] waiting for accepted seeds
[replay-worker] waiting for accepted seeds
[replay-worker] waiting for accepted seeds
[replay-worker] waiting for accepted seeds
[replay-worker] waiting for accepted seeds
[replay-worker] waiting for accepted seeds
[replay-worker] waiting for accepted seeds
[replay-worker] waiting for accepted seeds
[replay-worker] waiting for accepted seeds
[replay-worker] waiting for accepted seeds
[replay-worker] waiting for accepted seeds
[replay-worker] waiting for accepted seeds
[replay-worker] waiting for accepted seeds
[replay-worker] waiting for accepted seeds
[replay-worker] waiting for accepted seeds
[replay-worker] waiting for accepted seeds
[replay-worker] waiting for accepted seeds
[replay-worker] waiting for accepted seeds
[replay-worker] waiting for accepted seeds
[replay-worker] waiting for accepted seeds
[replay-worker] waiting for accepted seeds
[replay-worker] waiting for accepted seeds
[replay-worker] waiting for accepted seeds
[replay-worker] waiting for accepted seeds
[replay-worker] waiting for accepted seeds
[replay-worker] waiting for accepted seeds
[replay-worker] waiting for accepted seeds
[replay-worker] waiting for accepted seeds
[replay-worker] waiting for accepted seeds
[replay-worker] waiting for accepted seeds
[replay-worker] waiting for accepted seeds
[replay-worker] waiting for accepted seeds
[replay-worker] waiting for accepted seeds
[replay-worker] waiting for accepted seeds
[replay-worker] waiting for accepted seeds
[replay-worker] waiting for accepted seeds
[replay-worker] waiting for accepted seeds
[replay-worker] waiting for accepted seeds
[replay-worker] waiting for accepted seeds
[replay-worker] waiting for accepted seeds
[replay-worker] waiting for accepted seeds
[replay-worker] waiting for accepted seeds
[replay-worker] waiting for accepted seeds
[replay-worker] waiting for accepted seeds
[replay-worker] waiting for accepted seeds
[replay-worker] waiting for accepted seeds
[replay-worker] waiting for accepted seeds
[replay-worker] waiting for accepted seeds
[replay-worker] waiting for accepted seeds
[replay-worker] waiting for accepted seeds
[replay-worker] waiting for accepted seeds
[replay-worker] waiting for accepted seeds
[replay-worker] waiting for accepted seeds
[replay-worker] waiting for accepted seeds
[replay-worker] waiting for accepted seeds
[replay-worker] waiting for accepted seeds
[replay-worker] waiting for accepted seeds
[replay-worker] waiting for accepted seeds
[replay-worker] waiting for accepted seeds
[replay-worker] waiting for accepted seeds
[replay-worker] waiting for accepted seeds
[replay-worker] waiting for accepted seeds
[replay-worker] waiting for accepted seeds
[replay-worker] waiting for accepted seeds
[replay-worker] waiting for accepted seeds
[replay-worker] waiting for accepted seeds
[replay-worker] waiting for accepted seeds
[replay-worker] waiting for accepted seeds
[replay-worker] waiting for accepted seeds
[replay-worker] waiting for accepted seeds
[replay-worker] waiting for accepted seeds
[replay-worker] waiting for accepted seeds
[replay-worker] waiting for accepted seeds
[replay-worker] waiting for accepted seeds
[replay-worker] waiting for accepted seeds
[replay-worker] waiting for accepted seeds
[replay-worker] waiting for accepted seeds
[replay-worker] waiting for accepted seeds
[replay-worker] waiting for accepted seeds
[replay-worker] waiting for accepted seeds
[replay-worker] waiting for accepted seeds
[replay-worker] waiting for accepted seeds
[replay-worker] waiting for accepted seeds
[replay-worker] waiting for accepted seeds
[replay-worker] waiting for accepted seeds
[replay-worker] waiting for accepted seeds
[replay-worker] waiting for accepted seeds
[replay-worker] waiting for accepted seeds
[replay-worker] waiting for accepted seeds
[replay-worker] waiting for accepted seeds
[replay-worker] waiting for accepted seeds
[replay-worker] waiting for accepted seeds
[replay-worker] waiting for accepted seeds
[replay-worker] waiting for accepted seeds
[replay-worker] waiting for accepted seeds
[replay-worker] waiting for accepted seeds
[replay-worker] waiting for accepted seeds
[replay-worker] waiting for accepted seeds
[replay-worker] waiting for accepted seeds
[replay-worker] waiting for accepted seeds
[replay-worker] waiting for accepted seeds
[replay-worker] waiting for accepted seeds
[replay-worker] waiting for accepted seeds
[replay-worker] waiting for accepted seeds
[replay-worker] waiting for accepted seeds
[replay-worker] waiting for accepted seeds
[replay-worker] waiting for accepted seeds
[replay-worker] waiting for accepted seeds
[replay-worker] waiting for accepted seeds
[replay-worker] waiting for accepted seeds
[replay-worker] waiting for accepted seeds
[replay-worker] waiting for accepted seeds
[replay-worker] waiting for accepted seeds
[replay-worker] waiting for accepted seeds
[replay-worker] waiting for accepted seeds
[replay-worker] waiting for accepted seeds
[replay-worker] waiting for accepted seeds
[replay-worker] waiting for accepted seeds
[replay-worker] waiting for accepted seeds
[replay-worker] waiting for accepted seeds
[replay-worker] waiting for accepted seeds
[replay-worker] waiting for accepted seeds
[replay-worker] waiting for accepted seeds
[replay-worker] waiting for accepted seeds
[replay-worker] waiting for accepted seeds
[replay-worker] waiting for accepted seeds
[replay-worker] waiting for accepted seeds
[replay-worker] waiting for accepted seeds
[replay-worker] waiting for accepted seeds
[replay-worker] waiting for accepted seeds
[replay-worker] waiting for accepted seeds
[replay-worker] waiting for accepted seeds
[replay-worker] waiting for accepted seeds
[replay-worker] waiting for accepted seeds
[replay-worker] waiting for accepted seeds
[replay-worker] waiting for accepted seeds
[replay-worker] waiting for accepted seeds
[replay-worker] waiting for accepted seeds
[replay-worker] waiting for accepted seeds
[replay-worker] waiting for accepted seeds
[replay-worker] waiting for accepted seeds
[replay-worker] waiting for accepted seeds
[replay-worker] waiting for accepted seeds
[replay-worker] waiting for accepted seeds
[replay-worker] waiting for accepted seeds
[replay-worker] waiting for accepted seeds
[replay-worker] waiting for accepted seeds
[replay-worker] waiting for accepted seeds
[replay-worker] waiting for accepted seeds
[replay-worker] waiting for accepted seeds
[replay-worker] waiting for accepted seeds
[replay-worker] waiting for accepted seeds
[replay-worker] waiting for accepted seeds
[replay-worker] waiting for accepted seeds
[replay-worker] waiting for accepted seeds
[replay-worker] waiting for accepted seeds
[replay-worker] waiting for accepted seeds
[replay-worker] waiting for accepted seeds
[replay-worker] waiting for accepted seeds
[replay-worker] waiting for accepted seeds
[replay-worker] waiting for accepted seeds
[replay-worker] waiting for accepted seeds
[replay-worker] waiting for accepted seeds
[replay-worker] waiting for accepted seeds
[replay-worker] waiting for accepted seeds
[replay-worker] waiting for accepted seeds
[replay-worker] waiting for accepted seeds
[replay-worker] waiting for accepted seeds
[replay-worker] waiting for accepted seeds
[replay-worker] waiting for accepted seeds
[replay-worker] waiting for accepted seeds
[replay-worker] waiting for accepted seeds
[replay-worker] waiting for accepted seeds
[replay-worker] waiting for accepted seeds
[replay-worker] waiting for accepted seeds
[replay-worker] waiting for accepted seeds
[replay-worker] waiting for accepted seeds
[replay-worker] waiting for accepted seeds
[replay-worker] waiting for accepted seeds
[replay-worker] waiting for accepted seeds
[replay-worker] waiting for accepted seeds
[replay-worker] waiting for accepted seeds
[replay-worker] waiting for accepted seeds
[replay-worker] waiting for accepted seeds
[replay-worker] waiting for accepted seeds
[replay-worker] waiting for accepted seeds
[replay-worker] waiting for accepted seeds
[replay-worker] waiting for accepted seeds
[replay-worker] waiting for accepted seeds
[replay-worker] waiting for accepted seeds
[replay-worker] waiting for accepted seeds
[replay-worker] waiting for accepted seeds
[replay-worker] waiting for accepted seeds
[replay-worker] waiting for accepted seeds
[replay-worker] waiting for accepted seeds
[replay-worker] waiting for accepted seeds
[replay-worker] waiting for accepted seeds
[replay-worker] waiting for accepted seeds
[replay-worker] waiting for accepted seeds
[replay-worker] waiting for accepted seeds
[replay-worker] waiting for accepted seeds
[replay-worker] waiting for accepted seeds
[replay-worker] waiting for accepted seeds
[replay-worker] waiting for accepted seeds
[replay-worker] waiting for accepted seeds
[replay-worker] waiting for accepted seeds
[replay-worker] waiting for accepted seeds
[replay-worker] waiting for accepted seeds
[replay-worker] waiting for accepted seeds
[replay-worker] waiting for accepted seeds
[replay-worker] waiting for accepted seeds
[replay-worker] waiting for accepted seeds
[replay-worker] waiting for accepted seeds
[replay-worker] waiting for accepted seeds
[replay-worker] waiting for accepted seeds
[replay-worker] waiting for accepted seeds
[replay-worker] waiting for accepted seeds
[replay-worker] waiting for accepted seeds
[replay-worker] waiting for accepted seeds
[replay-worker] waiting for accepted seeds
[replay-worker] waiting for accepted seeds
[replay-worker] waiting for accepted seeds
[replay-worker] waiting for accepted seeds
[replay-worker] waiting for accepted seeds
[replay-worker] waiting for accepted seeds
[replay-worker] waiting for accepted seeds
[replay-worker] waiting for accepted seeds
[replay-worker] waiting for accepted seeds
[replay-worker] waiting for accepted seeds
[replay-worker] waiting for accepted seeds
[replay-worker] waiting for accepted seeds
[replay-worker] waiting for accepted seeds
[replay-worker] waiting for accepted seeds
[replay-worker] waiting for accepted seeds
[replay-worker] waiting for accepted seeds
[replay-worker] waiting for accepted seeds
[replay-worker] waiting for accepted seeds
[replay-worker] waiting for accepted seeds
[replay-worker] waiting for accepted seeds
[replay-worker] waiting for accepted seeds
[replay-worker] waiting for accepted seeds
[replay-worker] waiting for accepted seeds
[replay-worker] waiting for accepted seeds
[replay-worker] waiting for accepted seeds
[replay-worker] waiting for accepted seeds
[replay-worker] waiting for accepted seeds
[replay-worker] waiting for accepted seeds
[replay-worker] waiting for accepted seeds
[replay-worker] waiting for accepted seeds
[replay-worker] waiting for accepted seeds
[replay-worker] waiting for accepted seeds
[replay-worker] waiting for accepted seeds
[replay-worker] waiting for accepted seeds
[replay-worker] waiting for accepted seeds
[replay-worker] waiting for accepted seeds
[replay-worker] waiting for accepted seeds
[replay-worker] waiting for accepted seeds
[replay-worker] waiting for accepted seeds
[replay-worker] waiting for accepted seeds
[replay-worker] waiting for accepted seeds
[replay-worker] waiting for accepted seeds
[replay-worker] waiting for accepted seeds
[replay-worker] waiting for accepted seeds
[replay-worker] waiting for accepted seeds
[replay-worker] waiting for accepted seeds
[replay-worker] waiting for accepted seeds
[replay-worker] waiting for accepted seeds
[replay-worker] waiting for accepted seeds
[replay-worker] waiting for accepted seeds
[replay-worker] waiting for accepted seeds
[replay-worker] waiting for accepted seeds
[replay-worker] waiting for accepted seeds
[replay-worker] waiting for accepted seeds
[replay-worker] waiting for accepted seeds
[replay-worker] waiting for accepted seeds
[replay-worker] waiting for accepted seeds
[replay-worker] waiting for accepted seeds
[replay-worker] waiting for accepted seeds
[replay-worker] waiting for accepted seeds
[replay-worker] waiting for accepted seeds
[replay-worker] waiting for accepted seeds
[replay-worker] waiting for accepted seeds
[replay-worker] waiting for accepted seeds
[replay-worker] waiting for accepted seeds
[replay-worker] waiting for accepted seeds
[replay-worker] waiting for accepted seeds
[replay-worker] waiting for accepted seeds
[replay-worker] waiting for accepted seeds
[replay-worker] waiting for accepted seeds
[replay-worker] waiting for accepted seeds
[replay-worker] waiting for accepted seeds
[replay-worker] waiting for accepted seeds
[replay-worker] waiting for accepted seeds
[replay-worker] waiting for accepted seeds
[replay-worker] waiting for accepted seeds
[replay-worker] waiting for accepted seeds
[replay-worker] waiting for accepted seeds
[replay-worker] waiting for accepted seeds
[replay-worker] waiting for accepted seeds
[replay-worker] waiting for accepted seeds
[replay-worker] waiting for accepted seeds
[replay-worker] waiting for accepted seeds
[replay-worker] waiting for accepted seeds
[replay-worker] waiting for accepted seeds
[replay-worker] waiting for accepted seeds
[replay-worker] waiting for accepted seeds
[replay-worker] waiting for accepted seeds
[replay-worker] waiting for accepted seeds
[replay-worker] waiting for accepted seeds
[replay-worker] waiting for accepted seeds
[replay-worker] waiting for accepted seeds
[replay-worker] waiting for accepted seeds
[replay-worker] waiting for accepted seeds
[replay-worker] waiting for accepted seeds
[replay-worker] waiting for accepted seeds
[replay-worker] waiting for accepted seeds
[replay-worker] waiting for accepted seeds
[replay-worker] waiting for accepted seeds
[replay-worker] waiting for accepted seeds
[replay-worker] waiting for accepted seeds
[replay-worker] waiting for accepted seeds
[replay-worker] waiting for accepted seeds
[replay-worker] waiting for accepted seeds
[replay-worker] waiting for accepted seeds
[replay-worker] waiting for accepted seeds
[replay-worker] waiting for accepted seeds
[replay-worker] waiting for accepted seeds
[replay-worker] waiting for accepted seeds
[replay-worker] waiting for accepted seeds
[replay-worker] waiting for accepted seeds
[replay-worker] waiting for accepted seeds
[replay-worker] waiting for accepted seeds
[replay-worker] waiting for accepted seeds
[replay-worker] waiting for accepted seeds
[replay-worker] waiting for accepted seeds
[replay-worker] waiting for accepted seeds
[replay-worker] waiting for accepted seeds
[replay-worker] waiting for accepted seeds
[replay-worker] waiting for accepted seeds
[replay-worker] waiting for accepted seeds
[replay-worker] waiting for accepted seeds
[replay-worker] waiting for accepted seeds
[replay-worker] waiting for accepted seeds
[replay-worker] waiting for accepted seeds
[replay-worker] waiting for accepted seeds
[replay-worker] waiting for accepted seeds
[replay-worker] waiting for accepted seeds
[replay-worker] waiting for accepted seeds
[replay-worker] waiting for accepted seeds
[replay-worker] waiting for accepted seeds
[replay-worker] waiting for accepted seeds
[replay-worker] waiting for accepted seeds
[replay-worker] waiting for accepted seeds
[replay-worker] waiting for accepted seeds
[replay-worker] waiting for accepted seeds
[replay-worker] waiting for accepted seeds
[replay-worker] waiting for accepted seeds
[replay-worker] waiting for accepted seeds
[replay-worker] waiting for accepted seeds
[replay-worker] waiting for accepted seeds
[replay-worker] waiting for accepted seeds
[replay-worker] waiting for accepted seeds
[replay-worker] waiting for accepted seeds
[replay-worker] waiting for accepted seeds
[replay-worker] waiting for accepted seeds
[replay-worker] waiting for accepted seeds
[replay-worker] waiting for accepted seeds
[replay-worker] waiting for accepted seeds
[replay-worker] waiting for accepted seeds
[replay-worker] waiting for accepted seeds
[replay-worker] waiting for accepted seeds
[replay-worker] waiting for accepted seeds
[replay-worker] waiting for accepted seeds
[replay-worker] waiting for accepted seeds
[replay-worker] waiting for accepted seeds
[replay-worker] waiting for accepted seeds
[replay-worker] waiting for accepted seeds
[replay-worker] waiting for accepted seeds
[replay-worker] waiting for accepted seeds
[replay-worker] waiting for accepted seeds
[replay-worker] waiting for accepted seeds
[replay-worker] waiting for accepted seeds
[replay-worker] waiting for accepted seeds
[replay-worker] waiting for accepted seeds
[replay-worker] waiting for accepted seeds
[replay-worker] waiting for accepted seeds
[replay-worker] waiting for accepted seeds
[replay-worker] waiting for accepted seeds
[replay-worker] waiting for accepted seeds
[replay-worker] waiting for accepted seeds
[replay-worker] waiting for accepted seeds
[replay-worker] waiting for accepted seeds
[replay-worker] waiting for accepted seeds
[replay-worker] waiting for accepted seeds
[replay-worker] waiting for accepted seeds
[replay-worker] waiting for accepted seeds
[replay-worker] waiting for accepted seeds
[replay-worker] waiting for accepted seeds
[replay-worker] waiting for accepted seeds
[replay-worker] waiting for accepted seeds
[replay-worker] waiting for accepted seeds
[replay-worker] waiting for accepted seeds
[replay-worker] waiting for accepted seeds
[replay-worker] waiting for accepted seeds
[replay-worker] waiting for accepted seeds
[replay-worker] waiting for accepted seeds
[replay-worker] waiting for accepted seeds
[replay-worker] waiting for accepted seeds
[replay-worker] waiting for accepted seeds
[replay-worker] waiting for accepted seeds
[replay-worker] waiting for accepted seeds
[replay-worker] waiting for accepted seeds
[replay-worker] waiting for accepted seeds
[replay-worker] waiting for accepted seeds
[replay-worker] waiting for accepted seeds
[replay-worker] waiting for accepted seeds
[replay-worker] waiting for accepted seeds
[replay-worker] waiting for accepted seeds
[replay-worker] waiting for accepted seeds
[replay-worker] waiting for accepted seeds
[replay-worker] waiting for accepted seeds
[replay-worker] waiting for accepted seeds
[replay-worker] waiting for accepted seeds
[replay-worker] waiting for accepted seeds
[replay-worker] waiting for accepted seeds
[replay-worker] waiting for accepted seeds
[replay-worker] waiting for accepted seeds
[replay-worker] waiting for accepted seeds
[replay-worker] waiting for accepted seeds
[replay-worker] waiting for accepted seeds
[replay-worker] waiting for accepted seeds
[replay-worker] waiting for accepted seeds
[replay-worker] waiting for accepted seeds
[replay-worker] waiting for accepted seeds
[replay-worker] waiting for accepted seeds
[replay-worker] waiting for accepted seeds
[replay-worker] waiting for accepted seeds
[replay-worker] waiting for accepted seeds
[replay-worker] waiting for accepted seeds
[replay-worker] waiting for accepted seeds
[replay-worker] waiting for accepted seeds
[replay-worker] waiting for accepted seeds
[replay-worker] waiting for accepted seeds
[replay-worker] waiting for accepted seeds
[replay-worker] waiting for accepted seeds
[replay-worker] waiting for accepted seeds
[replay-worker] waiting for accepted seeds
[replay-worker] waiting for accepted seeds
[replay-worker] waiting for accepted seeds
[replay-worker] waiting for accepted seeds
[replay-worker] waiting for accepted seeds
[replay-worker] waiting for accepted seeds
[replay-worker] waiting for accepted seeds
[replay-worker] waiting for accepted seeds
[replay-worker] waiting for accepted seeds
[replay-worker] waiting for accepted seeds
[replay-worker] waiting for accepted seeds
[replay-worker] waiting for accepted seeds
[replay-worker] waiting for accepted seeds
[replay-worker] waiting for accepted seeds
[replay-worker] waiting for accepted seeds
[replay-worker] waiting for accepted seeds
[replay-worker] waiting for accepted seeds
[replay-worker] waiting for accepted seeds
[replay-worker] waiting for accepted seeds
[replay-worker] waiting for accepted seeds
[replay-worker] waiting for accepted seeds
[replay-worker] waiting for accepted seeds
[replay-worker] waiting for accepted seeds
[replay-worker] waiting for accepted seeds
[replay-worker] waiting for accepted seeds
[replay-worker] waiting for accepted seeds
[replay-worker] waiting for accepted seeds
[replay-worker] waiting for accepted seeds
[replay-worker] waiting for accepted seeds
[replay-worker] waiting for accepted seeds
[replay-worker] waiting for accepted seeds
[replay-worker] waiting for accepted seeds
[replay-worker] waiting for accepted seeds
[replay-worker] waiting for accepted seeds
[replay-worker] waiting for accepted seeds
[replay-worker] waiting for accepted seeds
[replay-worker] waiting for accepted seeds
[replay-worker] waiting for accepted seeds
[replay-worker] waiting for accepted seeds
[replay-worker] waiting for accepted seeds
[replay-worker] waiting for accepted seeds
[replay-worker] waiting for accepted seeds
[replay-worker] waiting for accepted seeds
[replay-worker] waiting for accepted seeds
[replay-worker] waiting for accepted seeds
[replay-worker] waiting for accepted seeds
[replay-worker] waiting for accepted seeds
[replay-worker] waiting for accepted seeds
[replay-worker] waiting for accepted seeds
[replay-worker] waiting for accepted seeds
[replay-worker] waiting for accepted seeds
[replay-worker] waiting for accepted seeds
[replay-worker] waiting for accepted seeds
[replay-worker] waiting for accepted seeds
[replay-worker] waiting for accepted seeds
[replay-worker] waiting for accepted seeds
[replay-worker] waiting for accepted seeds
[replay-worker] waiting for accepted seeds
[replay-worker] waiting for accepted seeds
[replay-worker] waiting for accepted seeds
[replay-worker] waiting for accepted seeds
[replay-worker] waiting for accepted seeds
[replay-worker] waiting for accepted seeds
[replay-worker] waiting for accepted seeds
[replay-worker] waiting for accepted seeds
[replay-worker] waiting for accepted seeds
[replay-worker] waiting for accepted seeds
[replay-worker] waiting for accepted seeds
[replay-worker] waiting for accepted seeds
[replay-worker] waiting for accepted seeds
[replay-worker] waiting for accepted seeds
[replay-worker] waiting for accepted seeds
[replay-worker] waiting for accepted seeds
[replay-worker] waiting for accepted seeds
[replay-worker] waiting for accepted seeds
[replay-worker] waiting for accepted seeds
[replay-worker] waiting for accepted seeds
[replay-worker] waiting for accepted seeds
[replay-worker] waiting for accepted seeds
[replay-worker] waiting for accepted seeds
[replay-worker] waiting for accepted seeds
[replay-worker] waiting for accepted seeds
[replay-worker] waiting for accepted seeds
[replay-worker] waiting for accepted seeds
[replay-worker] waiting for accepted seeds
[replay-worker] waiting for accepted seeds
[replay-worker] waiting for accepted seeds
[replay-worker] waiting for accepted seeds
[replay-worker] waiting for accepted seeds
>> recovering from: /home/zhaorz/project/CodeWM/CodeWM_ProWES_Logits/reproduct/units/p11_custom_press_releases/java/architecture/team
>> team.json exists: True path: /home/zhaorz/project/CodeWM/CodeWM_ProWES_Logits/reproduct/units/p11_custom_press_releases/java/architecture/team/team.json
>> ctx.git_repo.workdir = /home/zhaorz/project/CodeWM/CodeWM_ProWES_Logits/reproduct/units/p11_custom_press_releases/java/replays/0001_seed_2810241787/p11_custom_press_releases_java
eng.code_todos: ['pom.xml', 'src/main/java/ReleaseState.java', 'src/main/java/Version.java', 'src/main/java/Template.java', 'src/main/java/Validator.java', 'src/main/java/PressRelease.java', 'src/main/java/TaggingSystem.java', 'src/main/java/RenderService.java', 'src/main/java/Main.java', 'src/test/java/MainTest.java']
>> ready, ctx.git_repo.workdir = /home/zhaorz/project/CodeWM/CodeWM_ProWES_Logits/reproduct/units/p11_custom_press_releases/java/replays/0001_seed_2810241787/p11_custom_press_releases_java
>> ctx.git_repo.workdir = /home/zhaorz/project/CodeWM/CodeWM_ProWES_Logits/reproduct/units/p11_custom_press_releases/java/replays/0001_seed_2810241787/p11_custom_press_releases_java
2026-09-14 11:48:30.146 | INFO     | metagpt.utils.file_repository:save:57 - save to: /home/zhaorz/project/CodeWM/CodeWM_ProWES_Logits/reproduct/units/p11_custom_press_releases/java/replays/0001_seed_2810241787/p11_custom_press_releases_java/docs/system_design/20260914114046.json
2026-09-14 11:48:30.148 | INFO     | metagpt.utils.file_repository:save:62 - update dependency: /home/zhaorz/project/CodeWM/CodeWM_ProWES_Logits/reproduct/units/p11_custom_press_releases/java/replays/0001_seed_2810241787/p11_custom_press_releases_java/docs/system_design/20260914114046.json:[]
2026-09-14 11:48:30.149 | INFO     | metagpt.utils.file_repository:save:57 - save to: /home/zhaorz/project/CodeWM/CodeWM_ProWES_Logits/reproduct/units/p11_custom_press_releases/java/replays/0001_seed_2810241787/p11_custom_press_releases_java/docs/task/20260914114046.json
2026-09-14 11:48:30.150 | INFO     | metagpt.utils.file_repository:save:62 - update dependency: /home/zhaorz/project/CodeWM/CodeWM_ProWES_Logits/reproduct/units/p11_custom_press_releases/java/replays/0001_seed_2810241787/p11_custom_press_releases_java/docs/task/20260914114046.json:[]
>> [manual] Run 1/10: WriteCode -> pom.xml
2026-09-14 11:48:30.152 | INFO     | metagpt.actions.write_code:run:186 - Writing pom.xml..
2026-09-14 11:48:55.939 | INFO     | metagpt.utils.file_repository:save:57 - save to: /home/zhaorz/project/CodeWM/CodeWM_ProWES_Logits/reproduct/units/p11_custom_press_releases/java/replays/0001_seed_2810241787/p11_custom_press_releases_java/p11_custom_press_releases_java/pom.xml
2026-09-14 11:48:55.941 | INFO     | metagpt.utils.file_repository:save:62 - update dependency: /home/zhaorz/project/CodeWM/CodeWM_ProWES_Logits/reproduct/units/p11_custom_press_releases/java/replays/0001_seed_2810241787/p11_custom_press_releases_java/p11_custom_press_releases_java/pom.xml:['docs/system_design/20260914114046.json', 'docs/task/20260914114046.json']
2026-09-14 11:48:55.942 | INFO     | metagpt.utils.file_repository:save:57 - save to: /home/zhaorz/project/CodeWM/CodeWM_ProWES_Logits/reproduct/units/p11_custom_press_releases/java/replays/0001_seed_2810241787/p11_custom_press_releases_java/p11_custom_press_releases_java/pom_wm_detRes.txt
>> saved: src/pom.xml
2026-09-14 11:48:55.943 | INFO     | metagpt.utils.file_repository:save:57 - save to: /home/zhaorz/project/CodeWM/CodeWM_ProWES_Logits/reproduct/units/p11_custom_press_releases/java/replays/0001_seed_2810241787/p11_custom_press_releases_java/docs/system_design/20260914114046.json
2026-09-14 11:48:55.944 | INFO     | metagpt.utils.file_repository:save:62 - update dependency: /home/zhaorz/project/CodeWM/CodeWM_ProWES_Logits/reproduct/units/p11_custom_press_releases/java/replays/0001_seed_2810241787/p11_custom_press_releases_java/docs/system_design/20260914114046.json:[]
2026-09-14 11:48:55.945 | INFO     | metagpt.utils.file_repository:save:57 - save to: /home/zhaorz/project/CodeWM/CodeWM_ProWES_Logits/reproduct/units/p11_custom_press_releases/java/replays/0001_seed_2810241787/p11_custom_press_releases_java/docs/task/20260914114046.json
2026-09-14 11:48:55.946 | INFO     | metagpt.utils.file_repository:save:62 - update dependency: /home/zhaorz/project/CodeWM/CodeWM_ProWES_Logits/reproduct/units/p11_custom_press_releases/java/replays/0001_seed_2810241787/p11_custom_press_releases_java/docs/task/20260914114046.json:[]
>> [manual] Run 2/10: WriteCode -> src/main/java/ReleaseState.java
2026-09-14 11:48:55.948 | INFO     | metagpt.actions.write_code:run:186 - Writing src/main/java/ReleaseState.java..
2026-09-14 11:49:03.248 | INFO     | metagpt.utils.file_repository:save:57 - save to: /home/zhaorz/project/CodeWM/CodeWM_ProWES_Logits/reproduct/units/p11_custom_press_releases/java/replays/0001_seed_2810241787/p11_custom_press_releases_java/p11_custom_press_releases_java/src/main/java/ReleaseState.java
2026-09-14 11:49:03.249 | INFO     | metagpt.utils.file_repository:save:62 - update dependency: /home/zhaorz/project/CodeWM/CodeWM_ProWES_Logits/reproduct/units/p11_custom_press_releases/java/replays/0001_seed_2810241787/p11_custom_press_releases_java/p11_custom_press_releases_java/src/main/java/ReleaseState.java:['docs/system_design/20260914114046.json', 'docs/task/20260914114046.json']
2026-09-14 11:49:03.250 | INFO     | metagpt.utils.file_repository:save:57 - save to: /home/zhaorz/project/CodeWM/CodeWM_ProWES_Logits/reproduct/units/p11_custom_press_releases/java/replays/0001_seed_2810241787/p11_custom_press_releases_java/p11_custom_press_releases_java/ReleaseState_wm_detRes.txt
>> saved: src/src/main/java/ReleaseState.java
2026-09-14 11:49:03.251 | INFO     | metagpt.utils.file_repository:save:57 - save to: /home/zhaorz/project/CodeWM/CodeWM_ProWES_Logits/reproduct/units/p11_custom_press_releases/java/replays/0001_seed_2810241787/p11_custom_press_releases_java/docs/system_design/20260914114046.json
2026-09-14 11:49:03.252 | INFO     | metagpt.utils.file_repository:save:62 - update dependency: /home/zhaorz/project/CodeWM/CodeWM_ProWES_Logits/reproduct/units/p11_custom_press_releases/java/replays/0001_seed_2810241787/p11_custom_press_releases_java/docs/system_design/20260914114046.json:[]
2026-09-14 11:49:03.253 | INFO     | metagpt.utils.file_repository:save:57 - save to: /home/zhaorz/project/CodeWM/CodeWM_ProWES_Logits/reproduct/units/p11_custom_press_releases/java/replays/0001_seed_2810241787/p11_custom_press_releases_java/docs/task/20260914114046.json
2026-09-14 11:49:03.254 | INFO     | metagpt.utils.file_repository:save:62 - update dependency: /home/zhaorz/project/CodeWM/CodeWM_ProWES_Logits/reproduct/units/p11_custom_press_releases/java/replays/0001_seed_2810241787/p11_custom_press_releases_java/docs/task/20260914114046.json:[]
>> [manual] Run 3/10: WriteCode -> src/main/java/Version.java
2026-09-14 11:49:03.257 | INFO     | metagpt.actions.write_code:run:186 - Writing src/main/java/Version.java..
2026-09-14 11:49:37.571 | INFO     | metagpt.utils.file_repository:save:57 - save to: /home/zhaorz/project/CodeWM/CodeWM_ProWES_Logits/reproduct/units/p11_custom_press_releases/java/replays/0001_seed_2810241787/p11_custom_press_releases_java/p11_custom_press_releases_java/src/main/java/Version.java
2026-09-14 11:49:37.573 | INFO     | metagpt.utils.file_repository:save:62 - update dependency: /home/zhaorz/project/CodeWM/CodeWM_ProWES_Logits/reproduct/units/p11_custom_press_releases/java/replays/0001_seed_2810241787/p11_custom_press_releases_java/p11_custom_press_releases_java/src/main/java/Version.java:['docs/system_design/20260914114046.json', 'docs/task/20260914114046.json']
2026-09-14 11:49:37.574 | INFO     | metagpt.utils.file_repository:save:57 - save to: /home/zhaorz/project/CodeWM/CodeWM_ProWES_Logits/reproduct/units/p11_custom_press_releases/java/replays/0001_seed_2810241787/p11_custom_press_releases_java/p11_custom_press_releases_java/Version_wm_detRes.txt
>> saved: src/src/main/java/Version.java
2026-09-14 11:49:37.575 | INFO     | metagpt.utils.file_repository:save:57 - save to: /home/zhaorz/project/CodeWM/CodeWM_ProWES_Logits/reproduct/units/p11_custom_press_releases/java/replays/0001_seed_2810241787/p11_custom_press_releases_java/docs/system_design/20260914114046.json
2026-09-14 11:49:37.577 | INFO     | metagpt.utils.file_repository:save:62 - update dependency: /home/zhaorz/project/CodeWM/CodeWM_ProWES_Logits/reproduct/units/p11_custom_press_releases/java/replays/0001_seed_2810241787/p11_custom_press_releases_java/docs/system_design/20260914114046.json:[]
2026-09-14 11:49:37.578 | INFO     | metagpt.utils.file_repository:save:57 - save to: /home/zhaorz/project/CodeWM/CodeWM_ProWES_Logits/reproduct/units/p11_custom_press_releases/java/replays/0001_seed_2810241787/p11_custom_press_releases_java/docs/task/20260914114046.json
2026-09-14 11:49:37.580 | INFO     | metagpt.utils.file_repository:save:62 - update dependency: /home/zhaorz/project/CodeWM/CodeWM_ProWES_Logits/reproduct/units/p11_custom_press_releases/java/replays/0001_seed_2810241787/p11_custom_press_releases_java/docs/task/20260914114046.json:[]
>> [manual] Run 4/10: WriteCode -> src/main/java/Template.java
2026-09-14 11:49:37.583 | INFO     | metagpt.actions.write_code:run:186 - Writing src/main/java/Template.java..
2026-09-14 11:50:12.253 | INFO     | metagpt.utils.file_repository:save:57 - save to: /home/zhaorz/project/CodeWM/CodeWM_ProWES_Logits/reproduct/units/p11_custom_press_releases/java/replays/0001_seed_2810241787/p11_custom_press_releases_java/p11_custom_press_releases_java/src/main/java/Template.java
2026-09-14 11:50:12.255 | INFO     | metagpt.utils.file_repository:save:62 - update dependency: /home/zhaorz/project/CodeWM/CodeWM_ProWES_Logits/reproduct/units/p11_custom_press_releases/java/replays/0001_seed_2810241787/p11_custom_press_releases_java/p11_custom_press_releases_java/src/main/java/Template.java:['docs/system_design/20260914114046.json', 'docs/task/20260914114046.json']
2026-09-14 11:50:12.255 | INFO     | metagpt.utils.file_repository:save:57 - save to: /home/zhaorz/project/CodeWM/CodeWM_ProWES_Logits/reproduct/units/p11_custom_press_releases/java/replays/0001_seed_2810241787/p11_custom_press_releases_java/p11_custom_press_releases_java/Template_wm_detRes.txt
>> saved: src/src/main/java/Template.java
2026-09-14 11:50:12.256 | INFO     | metagpt.utils.file_repository:save:57 - save to: /home/zhaorz/project/CodeWM/CodeWM_ProWES_Logits/reproduct/units/p11_custom_press_releases/java/replays/0001_seed_2810241787/p11_custom_press_releases_java/docs/system_design/20260914114046.json
2026-09-14 11:50:12.257 | INFO     | metagpt.utils.file_repository:save:62 - update dependency: /home/zhaorz/project/CodeWM/CodeWM_ProWES_Logits/reproduct/units/p11_custom_press_releases/java/replays/0001_seed_2810241787/p11_custom_press_releases_java/docs/system_design/20260914114046.json:[]
2026-09-14 11:50:12.258 | INFO     | metagpt.utils.file_repository:save:57 - save to: /home/zhaorz/project/CodeWM/CodeWM_ProWES_Logits/reproduct/units/p11_custom_press_releases/java/replays/0001_seed_2810241787/p11_custom_press_releases_java/docs/task/20260914114046.json
2026-09-14 11:50:12.258 | INFO     | metagpt.utils.file_repository:save:62 - update dependency: /home/zhaorz/project/CodeWM/CodeWM_ProWES_Logits/reproduct/units/p11_custom_press_releases/java/replays/0001_seed_2810241787/p11_custom_press_releases_java/docs/task/20260914114046.json:[]
>> [manual] Run 5/10: WriteCode -> src/main/java/Validator.java
2026-09-14 11:50:12.261 | INFO     | metagpt.actions.write_code:run:186 - Writing src/main/java/Validator.java..
2026-09-14 11:50:39.825 | INFO     | metagpt.utils.file_repository:save:57 - save to: /home/zhaorz/project/CodeWM/CodeWM_ProWES_Logits/reproduct/units/p11_custom_press_releases/java/replays/0001_seed_2810241787/p11_custom_press_releases_java/p11_custom_press_releases_java/src/main/java/Validator.java
2026-09-14 11:50:39.827 | INFO     | metagpt.utils.file_repository:save:62 - update dependency: /home/zhaorz/project/CodeWM/CodeWM_ProWES_Logits/reproduct/units/p11_custom_press_releases/java/replays/0001_seed_2810241787/p11_custom_press_releases_java/p11_custom_press_releases_java/src/main/java/Validator.java:['docs/system_design/20260914114046.json', 'docs/task/20260914114046.json']
2026-09-14 11:50:39.829 | INFO     | metagpt.utils.file_repository:save:57 - save to: /home/zhaorz/project/CodeWM/CodeWM_ProWES_Logits/reproduct/units/p11_custom_press_releases/java/replays/0001_seed_2810241787/p11_custom_press_releases_java/p11_custom_press_releases_java/Validator_wm_detRes.txt
>> saved: src/src/main/java/Validator.java
2026-09-14 11:50:39.830 | INFO     | metagpt.utils.file_repository:save:57 - save to: /home/zhaorz/project/CodeWM/CodeWM_ProWES_Logits/reproduct/units/p11_custom_press_releases/java/replays/0001_seed_2810241787/p11_custom_press_releases_java/docs/system_design/20260914114046.json
2026-09-14 11:50:39.831 | INFO     | metagpt.utils.file_repository:save:62 - update dependency: /home/zhaorz/project/CodeWM/CodeWM_ProWES_Logits/reproduct/units/p11_custom_press_releases/java/replays/0001_seed_2810241787/p11_custom_press_releases_java/docs/system_design/20260914114046.json:[]
2026-09-14 11:50:39.832 | INFO     | metagpt.utils.file_repository:save:57 - save to: /home/zhaorz/project/CodeWM/CodeWM_ProWES_Logits/reproduct/units/p11_custom_press_releases/java/replays/0001_seed_2810241787/p11_custom_press_releases_java/docs/task/20260914114046.json
2026-09-14 11:50:39.834 | INFO     | metagpt.utils.file_repository:save:62 - update dependency: /home/zhaorz/project/CodeWM/CodeWM_ProWES_Logits/reproduct/units/p11_custom_press_releases/java/replays/0001_seed_2810241787/p11_custom_press_releases_java/docs/task/20260914114046.json:[]
>> [manual] Run 6/10: WriteCode -> src/main/java/PressRelease.java
2026-09-14 11:50:39.838 | INFO     | metagpt.actions.write_code:run:186 - Writing src/main/java/PressRelease.java..
2026-09-14 11:52:05.761 | INFO     | metagpt.utils.file_repository:save:57 - save to: /home/zhaorz/project/CodeWM/CodeWM_ProWES_Logits/reproduct/units/p11_custom_press_releases/java/replays/0001_seed_2810241787/p11_custom_press_releases_java/p11_custom_press_releases_java/src/main/java/PressRelease.java
2026-09-14 11:52:05.763 | INFO     | metagpt.utils.file_repository:save:62 - update dependency: /home/zhaorz/project/CodeWM/CodeWM_ProWES_Logits/reproduct/units/p11_custom_press_releases/java/replays/0001_seed_2810241787/p11_custom_press_releases_java/p11_custom_press_releases_java/src/main/java/PressRelease.java:['docs/system_design/20260914114046.json', 'docs/task/20260914114046.json']
2026-09-14 11:52:05.764 | INFO     | metagpt.utils.file_repository:save:57 - save to: /home/zhaorz/project/CodeWM/CodeWM_ProWES_Logits/reproduct/units/p11_custom_press_releases/java/replays/0001_seed_2810241787/p11_custom_press_releases_java/p11_custom_press_releases_java/PressRelease_wm_detRes.txt
>> saved: src/src/main/java/PressRelease.java
2026-09-14 11:52:05.765 | INFO     | metagpt.utils.file_repository:save:57 - save to: /home/zhaorz/project/CodeWM/CodeWM_ProWES_Logits/reproduct/units/p11_custom_press_releases/java/replays/0001_seed_2810241787/p11_custom_press_releases_java/docs/system_design/20260914114046.json
2026-09-14 11:52:05.767 | INFO     | metagpt.utils.file_repository:save:62 - update dependency: /home/zhaorz/project/CodeWM/CodeWM_ProWES_Logits/reproduct/units/p11_custom_press_releases/java/replays/0001_seed_2810241787/p11_custom_press_releases_java/docs/system_design/20260914114046.json:[]
2026-09-14 11:52:05.768 | INFO     | metagpt.utils.file_repository:save:57 - save to: /home/zhaorz/project/CodeWM/CodeWM_ProWES_Logits/reproduct/units/p11_custom_press_releases/java/replays/0001_seed_2810241787/p11_custom_press_releases_java/docs/task/20260914114046.json
2026-09-14 11:52:05.769 | INFO     | metagpt.utils.file_repository:save:62 - update dependency: /home/zhaorz/project/CodeWM/CodeWM_ProWES_Logits/reproduct/units/p11_custom_press_releases/java/replays/0001_seed_2810241787/p11_custom_press_releases_java/docs/task/20260914114046.json:[]
>> [manual] Run 7/10: WriteCode -> src/main/java/TaggingSystem.java
2026-09-14 11:52:05.774 | INFO     | metagpt.actions.write_code:run:186 - Writing src/main/java/TaggingSystem.java..
2026-09-14 11:52:28.829 | INFO     | metagpt.utils.file_repository:save:57 - save to: /home/zhaorz/project/CodeWM/CodeWM_ProWES_Logits/reproduct/units/p11_custom_press_releases/java/replays/0001_seed_2810241787/p11_custom_press_releases_java/p11_custom_press_releases_java/src/main/java/TaggingSystem.java
2026-09-14 11:52:28.831 | INFO     | metagpt.utils.file_repository:save:62 - update dependency: /home/zhaorz/project/CodeWM/CodeWM_ProWES_Logits/reproduct/units/p11_custom_press_releases/java/replays/0001_seed_2810241787/p11_custom_press_releases_java/p11_custom_press_releases_java/src/main/java/TaggingSystem.java:['docs/system_design/20260914114046.json', 'docs/task/20260914114046.json']
2026-09-14 11:52:28.832 | INFO     | metagpt.utils.file_repository:save:57 - save to: /home/zhaorz/project/CodeWM/CodeWM_ProWES_Logits/reproduct/units/p11_custom_press_releases/java/replays/0001_seed_2810241787/p11_custom_press_releases_java/p11_custom_press_releases_java/TaggingSystem_wm_detRes.txt
>> saved: src/src/main/java/TaggingSystem.java
2026-09-14 11:52:28.833 | INFO     | metagpt.utils.file_repository:save:57 - save to: /home/zhaorz/project/CodeWM/CodeWM_ProWES_Logits/reproduct/units/p11_custom_press_releases/java/replays/0001_seed_2810241787/p11_custom_press_releases_java/docs/system_design/20260914114046.json
2026-09-14 11:52:28.835 | INFO     | metagpt.utils.file_repository:save:62 - update dependency: /home/zhaorz/project/CodeWM/CodeWM_ProWES_Logits/reproduct/units/p11_custom_press_releases/java/replays/0001_seed_2810241787/p11_custom_press_releases_java/docs/system_design/20260914114046.json:[]
2026-09-14 11:52:28.835 | INFO     | metagpt.utils.file_repository:save:57 - save to: /home/zhaorz/project/CodeWM/CodeWM_ProWES_Logits/reproduct/units/p11_custom_press_releases/java/replays/0001_seed_2810241787/p11_custom_press_releases_java/docs/task/20260914114046.json
2026-09-14 11:52:28.837 | INFO     | metagpt.utils.file_repository:save:62 - update dependency: /home/zhaorz/project/CodeWM/CodeWM_ProWES_Logits/reproduct/units/p11_custom_press_releases/java/replays/0001_seed_2810241787/p11_custom_press_releases_java/docs/task/20260914114046.json:[]
>> [manual] Run 8/10: WriteCode -> src/main/java/RenderService.java
2026-09-14 11:52:28.842 | INFO     | metagpt.actions.write_code:run:186 - Writing src/main/java/RenderService.java..
2026-09-14 11:52:41.586 | INFO     | metagpt.utils.file_repository:save:57 - save to: /home/zhaorz/project/CodeWM/CodeWM_ProWES_Logits/reproduct/units/p11_custom_press_releases/java/replays/0001_seed_2810241787/p11_custom_press_releases_java/p11_custom_press_releases_java/src/main/java/RenderService.java
2026-09-14 11:52:41.588 | INFO     | metagpt.utils.file_repository:save:62 - update dependency: /home/zhaorz/project/CodeWM/CodeWM_ProWES_Logits/reproduct/units/p11_custom_press_releases/java/replays/0001_seed_2810241787/p11_custom_press_releases_java/p11_custom_press_releases_java/src/main/java/RenderService.java:['docs/system_design/20260914114046.json', 'docs/task/20260914114046.json']
2026-09-14 11:52:41.589 | INFO     | metagpt.utils.file_repository:save:57 - save to: /home/zhaorz/project/CodeWM/CodeWM_ProWES_Logits/reproduct/units/p11_custom_press_releases/java/replays/0001_seed_2810241787/p11_custom_press_releases_java/p11_custom_press_releases_java/RenderService_wm_detRes.txt
>> saved: src/src/main/java/RenderService.java
2026-09-14 11:52:41.591 | INFO     | metagpt.utils.file_repository:save:57 - save to: /home/zhaorz/project/CodeWM/CodeWM_ProWES_Logits/reproduct/units/p11_custom_press_releases/java/replays/0001_seed_2810241787/p11_custom_press_releases_java/docs/system_design/20260914114046.json
2026-09-14 11:52:41.593 | INFO     | metagpt.utils.file_repository:save:62 - update dependency: /home/zhaorz/project/CodeWM/CodeWM_ProWES_Logits/reproduct/units/p11_custom_press_releases/java/replays/0001_seed_2810241787/p11_custom_press_releases_java/docs/system_design/20260914114046.json:[]
2026-09-14 11:52:41.594 | INFO     | metagpt.utils.file_repository:save:57 - save to: /home/zhaorz/project/CodeWM/CodeWM_ProWES_Logits/reproduct/units/p11_custom_press_releases/java/replays/0001_seed_2810241787/p11_custom_press_releases_java/docs/task/20260914114046.json
2026-09-14 11:52:41.595 | INFO     | metagpt.utils.file_repository:save:62 - update dependency: /home/zhaorz/project/CodeWM/CodeWM_ProWES_Logits/reproduct/units/p11_custom_press_releases/java/replays/0001_seed_2810241787/p11_custom_press_releases_java/docs/task/20260914114046.json:[]
>> [manual] Run 9/10: WriteCode -> src/main/java/Main.java
2026-09-14 11:52:41.603 | INFO     | metagpt.actions.write_code:run:186 - Writing src/main/java/Main.java..
2026-09-14 11:53:11.281 | INFO     | metagpt.utils.file_repository:save:57 - save to: /home/zhaorz/project/CodeWM/CodeWM_ProWES_Logits/reproduct/units/p11_custom_press_releases/java/replays/0001_seed_2810241787/p11_custom_press_releases_java/p11_custom_press_releases_java/src/main/java/Main.java
2026-09-14 11:53:11.283 | INFO     | metagpt.utils.file_repository:save:62 - update dependency: /home/zhaorz/project/CodeWM/CodeWM_ProWES_Logits/reproduct/units/p11_custom_press_releases/java/replays/0001_seed_2810241787/p11_custom_press_releases_java/p11_custom_press_releases_java/src/main/java/Main.java:['docs/system_design/20260914114046.json', 'docs/task/20260914114046.json']
2026-09-14 11:53:11.284 | INFO     | metagpt.utils.file_repository:save:57 - save to: /home/zhaorz/project/CodeWM/CodeWM_ProWES_Logits/reproduct/units/p11_custom_press_releases/java/replays/0001_seed_2810241787/p11_custom_press_releases_java/p11_custom_press_releases_java/Main_wm_detRes.txt
>> saved: src/src/main/java/Main.java
2026-09-14 11:53:11.285 | INFO     | metagpt.utils.file_repository:save:57 - save to: /home/zhaorz/project/CodeWM/CodeWM_ProWES_Logits/reproduct/units/p11_custom_press_releases/java/replays/0001_seed_2810241787/p11_custom_press_releases_java/docs/system_design/20260914114046.json
2026-09-14 11:53:11.286 | INFO     | metagpt.utils.file_repository:save:62 - update dependency: /home/zhaorz/project/CodeWM/CodeWM_ProWES_Logits/reproduct/units/p11_custom_press_releases/java/replays/0001_seed_2810241787/p11_custom_press_releases_java/docs/system_design/20260914114046.json:[]
2026-09-14 11:53:11.287 | INFO     | metagpt.utils.file_repository:save:57 - save to: /home/zhaorz/project/CodeWM/CodeWM_ProWES_Logits/reproduct/units/p11_custom_press_releases/java/replays/0001_seed_2810241787/p11_custom_press_releases_java/docs/task/20260914114046.json
2026-09-14 11:53:11.288 | INFO     | metagpt.utils.file_repository:save:62 - update dependency: /home/zhaorz/project/CodeWM/CodeWM_ProWES_Logits/reproduct/units/p11_custom_press_releases/java/replays/0001_seed_2810241787/p11_custom_press_releases_java/docs/task/20260914114046.json:[]
>> [manual] Run 10/10: WriteCode -> src/test/java/MainTest.java
2026-09-14 11:53:11.294 | INFO     | metagpt.actions.write_code:run:186 - Writing src/test/java/MainTest.java..
2026-09-14 11:53:51.729 | INFO     | metagpt.utils.file_repository:save:57 - save to: /home/zhaorz/project/CodeWM/CodeWM_ProWES_Logits/reproduct/units/p11_custom_press_releases/java/replays/0001_seed_2810241787/p11_custom_press_releases_java/p11_custom_press_releases_java/src/test/java/MainTest.java
2026-09-14 11:53:51.731 | INFO     | metagpt.utils.file_repository:save:62 - update dependency: /home/zhaorz/project/CodeWM/CodeWM_ProWES_Logits/reproduct/units/p11_custom_press_releases/java/replays/0001_seed_2810241787/p11_custom_press_releases_java/p11_custom_press_releases_java/src/test/java/MainTest.java:['docs/system_design/20260914114046.json', 'docs/task/20260914114046.json']
2026-09-14 11:53:51.732 | INFO     | metagpt.utils.file_repository:save:57 - save to: /home/zhaorz/project/CodeWM/CodeWM_ProWES_Logits/reproduct/units/p11_custom_press_releases/java/replays/0001_seed_2810241787/p11_custom_press_releases_java/p11_custom_press_releases_java/MainTest_wm_detRes.txt
>> saved: src/src/test/java/MainTest.java
>> [manual] all WriteCode actions finished.
[replay-worker] p11_custom_press_releases_java passed=True
[replay-worker] waiting for accepted seeds
[replay-worker] waiting for accepted seeds
[replay-worker] waiting for accepted seeds
[replay-worker] waiting for accepted seeds
[replay-worker] waiting for accepted seeds
[replay-worker] waiting for accepted seeds
[replay-worker] waiting for accepted seeds
[replay-worker] waiting for accepted seeds
[replay-worker] waiting for accepted seeds
[replay-worker] waiting for accepted seeds
[replay-worker] waiting for accepted seeds
[replay-worker] waiting for accepted seeds
[replay-worker] waiting for accepted seeds
[replay-worker] waiting for accepted seeds
[replay-worker] waiting for accepted seeds
[replay-worker] waiting for accepted seeds
[replay-worker] waiting for accepted seeds
[replay-worker] waiting for accepted seeds
[replay-worker] waiting for accepted seeds
[replay-worker] waiting for accepted seeds
[replay-worker] waiting for accepted seeds
[replay-worker] waiting for accepted seeds
[replay-worker] waiting for accepted seeds
[replay-worker] waiting for accepted seeds
[replay-worker] waiting for accepted seeds
[replay-worker] waiting for accepted seeds
[replay-worker] waiting for accepted seeds
[replay-worker] waiting for accepted seeds
[replay-worker] waiting for accepted seeds
[replay-worker] waiting for accepted seeds
[replay-worker] waiting for accepted seeds
[replay-worker] waiting for accepted seeds
[replay-worker] waiting for accepted seeds
[replay-worker] waiting for accepted seeds
[replay-worker] waiting for accepted seeds
[replay-worker] waiting for accepted seeds
[replay-worker] waiting for accepted seeds
[replay-worker] waiting for accepted seeds
[replay-worker] waiting for accepted seeds
[replay-worker] waiting for accepted seeds
[replay-worker] waiting for accepted seeds
[replay-worker] waiting for accepted seeds
[replay-worker] waiting for accepted seeds
[replay-worker] waiting for accepted seeds
[replay-worker] waiting for accepted seeds
[replay-worker] waiting for accepted seeds
[replay-worker] waiting for accepted seeds
[replay-worker] waiting for accepted seeds
[replay-worker] waiting for accepted seeds
[replay-worker] waiting for accepted seeds
[replay-worker] waiting for accepted seeds
[replay-worker] waiting for accepted seeds
[replay-worker] waiting for accepted seeds
[replay-worker] waiting for accepted seeds
[replay-worker] waiting for accepted seeds
[replay-worker] waiting for accepted seeds
[replay-worker] waiting for accepted seeds
[replay-worker] waiting for accepted seeds
[replay-worker] waiting for accepted seeds
[replay-worker] waiting for accepted seeds
[replay-worker] waiting for accepted seeds
[replay-worker] waiting for accepted seeds
[replay-worker] waiting for accepted seeds
[replay-worker] waiting for accepted seeds
[replay-worker] waiting for accepted seeds
[replay-worker] waiting for accepted seeds
[replay-worker] waiting for accepted seeds
[replay-worker] waiting for accepted seeds
[replay-worker] waiting for accepted seeds
[replay-worker] waiting for accepted seeds
[replay-worker] waiting for accepted seeds
[replay-worker] waiting for accepted seeds
[replay-worker] waiting for accepted seeds
[replay-worker] waiting for accepted seeds
[replay-worker] waiting for accepted seeds
[replay-worker] waiting for accepted seeds
[replay-worker] waiting for accepted seeds
[replay-worker] waiting for accepted seeds
[replay-worker] waiting for accepted seeds
[replay-worker] waiting for accepted seeds
[replay-worker] waiting for accepted seeds
[replay-worker] waiting for accepted seeds
[replay-worker] waiting for accepted seeds
[replay-worker] waiting for accepted seeds
[replay-worker] waiting for accepted seeds
[replay-worker] waiting for accepted seeds
[replay-worker] waiting for accepted seeds
[replay-worker] waiting for accepted seeds
[replay-worker] waiting for accepted seeds
[replay-worker] waiting for accepted seeds
[replay-worker] waiting for accepted seeds
[replay-worker] waiting for accepted seeds
[replay-worker] waiting for accepted seeds
[replay-worker] waiting for accepted seeds
[replay-worker] waiting for accepted seeds
[replay-worker] waiting for accepted seeds
[replay-worker] waiting for accepted seeds
[replay-worker] waiting for accepted seeds
[replay-worker] waiting for accepted seeds
[replay-worker] waiting for accepted seeds
[replay-worker] waiting for accepted seeds
[replay-worker] waiting for accepted seeds
[replay-worker] waiting for accepted seeds
[replay-worker] waiting for accepted seeds
[replay-worker] waiting for accepted seeds
[replay-worker] waiting for accepted seeds
[replay-worker] waiting for accepted seeds
[replay-worker] waiting for accepted seeds
[replay-worker] waiting for accepted seeds
[replay-worker] waiting for accepted seeds
[replay-worker] waiting for accepted seeds
[replay-worker] waiting for accepted seeds
[replay-worker] waiting for accepted seeds
[replay-worker] waiting for accepted seeds
[replay-worker] waiting for accepted seeds
[replay-worker] waiting for accepted seeds
[replay-worker] waiting for accepted seeds
[replay-worker] waiting for accepted seeds
[replay-worker] waiting for accepted seeds
[replay-worker] waiting for accepted seeds
[replay-worker] waiting for accepted seeds
[replay-worker] waiting for accepted seeds
[replay-worker] waiting for accepted seeds
[replay-worker] waiting for accepted seeds
[replay-worker] waiting for accepted seeds
[replay-worker] waiting for accepted seeds
[replay-worker] waiting for accepted seeds
[replay-worker] waiting for accepted seeds
[replay-worker] waiting for accepted seeds
[replay-worker] waiting for accepted seeds
[replay-worker] waiting for accepted seeds
[replay-worker] waiting for accepted seeds
[replay-worker] waiting for accepted seeds
[replay-worker] waiting for accepted seeds
[replay-worker] waiting for accepted seeds
[replay-worker] waiting for accepted seeds
[replay-worker] waiting for accepted seeds
[replay-worker] waiting for accepted seeds
[replay-worker] waiting for accepted seeds
[replay-worker] waiting for accepted seeds
[replay-worker] waiting for accepted seeds
[replay-worker] waiting for accepted seeds
[replay-worker] waiting for accepted seeds
[replay-worker] waiting for accepted seeds
[replay-worker] waiting for accepted seeds
[replay-worker] waiting for accepted seeds
[replay-worker] waiting for accepted seeds
[replay-worker] waiting for accepted seeds
[replay-worker] waiting for accepted seeds
[replay-worker] waiting for accepted seeds
[replay-worker] waiting for accepted seeds
[replay-worker] waiting for accepted seeds
[replay-worker] waiting for accepted seeds
[replay-worker] waiting for accepted seeds
[replay-worker] waiting for accepted seeds
[replay-worker] waiting for accepted seeds
[replay-worker] waiting for accepted seeds
[replay-worker] waiting for accepted seeds
[replay-worker] waiting for accepted seeds
[replay-worker] waiting for accepted seeds
[replay-worker] waiting for accepted seeds
[replay-worker] waiting for accepted seeds
[replay-worker] waiting for accepted seeds
[replay-worker] waiting for accepted seeds
[replay-worker] waiting for accepted seeds
[replay-worker] waiting for accepted seeds
[replay-worker] waiting for accepted seeds
[replay-worker] waiting for accepted seeds
[replay-worker] waiting for accepted seeds
[replay-worker] waiting for accepted seeds
[replay-worker] waiting for accepted seeds
[replay-worker] waiting for accepted seeds
[replay-worker] waiting for accepted seeds
[replay-worker] waiting for accepted seeds
[replay-worker] waiting for accepted seeds
[replay-worker] waiting for accepted seeds
[replay-worker] waiting for accepted seeds
[replay-worker] waiting for accepted seeds
[replay-worker] waiting for accepted seeds
[replay-worker] waiting for accepted seeds
[replay-worker] waiting for accepted seeds
[replay-worker] waiting for accepted seeds
[replay-worker] waiting for accepted seeds
[replay-worker] waiting for accepted seeds
[replay-worker] waiting for accepted seeds
[replay-worker] waiting for accepted seeds
>> recovering from: /home/zhaorz/project/CodeWM/CodeWM_ProWES_Logits/reproduct/units/p12_video_player/cpp/architecture/team
>> team.json exists: True path: /home/zhaorz/project/CodeWM/CodeWM_ProWES_Logits/reproduct/units/p12_video_player/cpp/architecture/team/team.json
>> ctx.git_repo.workdir = /home/zhaorz/project/CodeWM/CodeWM_ProWES_Logits/reproduct/units/p12_video_player/cpp/replays/0001_seed_1700920662/p12_video_player_cpp
eng.code_todos: ['CMakeLists.txt', 'include/Time/IClock.h', 'include/Time/ManualClock.h', 'include/Time/MonotonicClock.h', 'include/Media/MediaMetadata.h', 'include/Playlist/Playlist.h', 'include/Player/PlaybackState.h', 'include/Player/Player.h', 'include/Runtime/App.h', 'src/Time/ManualClock.cpp', 'src/Time/MonotonicClock.cpp', 'src/Media/MediaMetadata.cpp', 'src/Playlist/Playlist.cpp', 'src/Player/Player.cpp', 'src/Runtime/App.cpp', 'src/Main.cpp', 'tests/test_main.cpp']
>> ready, ctx.git_repo.workdir = /home/zhaorz/project/CodeWM/CodeWM_ProWES_Logits/reproduct/units/p12_video_player/cpp/replays/0001_seed_1700920662/p12_video_player_cpp
>> ctx.git_repo.workdir = /home/zhaorz/project/CodeWM/CodeWM_ProWES_Logits/reproduct/units/p12_video_player/cpp/replays/0001_seed_1700920662/p12_video_player_cpp
2026-09-14 12:56:12.589 | INFO     | metagpt.utils.file_repository:save:57 - save to: /home/zhaorz/project/CodeWM/CodeWM_ProWES_Logits/reproduct/units/p12_video_player/cpp/replays/0001_seed_1700920662/p12_video_player_cpp/docs/system_design/20260914124539.json
2026-09-14 12:56:12.590 | INFO     | metagpt.utils.file_repository:save:62 - update dependency: /home/zhaorz/project/CodeWM/CodeWM_ProWES_Logits/reproduct/units/p12_video_player/cpp/replays/0001_seed_1700920662/p12_video_player_cpp/docs/system_design/20260914124539.json:[]
2026-09-14 12:56:12.591 | INFO     | metagpt.utils.file_repository:save:57 - save to: /home/zhaorz/project/CodeWM/CodeWM_ProWES_Logits/reproduct/units/p12_video_player/cpp/replays/0001_seed_1700920662/p12_video_player_cpp/docs/task/20260914124539.json
2026-09-14 12:56:12.592 | INFO     | metagpt.utils.file_repository:save:62 - update dependency: /home/zhaorz/project/CodeWM/CodeWM_ProWES_Logits/reproduct/units/p12_video_player/cpp/replays/0001_seed_1700920662/p12_video_player_cpp/docs/task/20260914124539.json:[]
>> [manual] Run 1/17: WriteCode -> CMakeLists.txt
2026-09-14 12:56:12.599 | INFO     | metagpt.actions.write_code:run:186 - Writing CMakeLists.txt..
2026-09-14 12:56:28.665 | INFO     | metagpt.utils.file_repository:save:57 - save to: /home/zhaorz/project/CodeWM/CodeWM_ProWES_Logits/reproduct/units/p12_video_player/cpp/replays/0001_seed_1700920662/p12_video_player_cpp/p12_video_player_cpp/CMakeLists.txt
2026-09-14 12:56:28.667 | INFO     | metagpt.utils.file_repository:save:62 - update dependency: /home/zhaorz/project/CodeWM/CodeWM_ProWES_Logits/reproduct/units/p12_video_player/cpp/replays/0001_seed_1700920662/p12_video_player_cpp/p12_video_player_cpp/CMakeLists.txt:['docs/task/20260914124539.json', 'docs/system_design/20260914124539.json']
2026-09-14 12:56:28.668 | INFO     | metagpt.utils.file_repository:save:57 - save to: /home/zhaorz/project/CodeWM/CodeWM_ProWES_Logits/reproduct/units/p12_video_player/cpp/replays/0001_seed_1700920662/p12_video_player_cpp/p12_video_player_cpp/CMakeLists_wm_detRes.txt
>> saved: src/CMakeLists.txt
2026-09-14 12:56:28.669 | INFO     | metagpt.utils.file_repository:save:57 - save to: /home/zhaorz/project/CodeWM/CodeWM_ProWES_Logits/reproduct/units/p12_video_player/cpp/replays/0001_seed_1700920662/p12_video_player_cpp/docs/system_design/20260914124539.json
2026-09-14 12:56:28.670 | INFO     | metagpt.utils.file_repository:save:62 - update dependency: /home/zhaorz/project/CodeWM/CodeWM_ProWES_Logits/reproduct/units/p12_video_player/cpp/replays/0001_seed_1700920662/p12_video_player_cpp/docs/system_design/20260914124539.json:[]
2026-09-14 12:56:28.671 | INFO     | metagpt.utils.file_repository:save:57 - save to: /home/zhaorz/project/CodeWM/CodeWM_ProWES_Logits/reproduct/units/p12_video_player/cpp/replays/0001_seed_1700920662/p12_video_player_cpp/docs/task/20260914124539.json
2026-09-14 12:56:28.672 | INFO     | metagpt.utils.file_repository:save:62 - update dependency: /home/zhaorz/project/CodeWM/CodeWM_ProWES_Logits/reproduct/units/p12_video_player/cpp/replays/0001_seed_1700920662/p12_video_player_cpp/docs/task/20260914124539.json:[]
>> [manual] Run 2/17: WriteCode -> include/Time/IClock.h
2026-09-14 12:56:28.677 | INFO     | metagpt.actions.write_code:run:186 - Writing include/Time/IClock.h..
2026-09-14 12:56:38.382 | INFO     | metagpt.utils.file_repository:save:57 - save to: /home/zhaorz/project/CodeWM/CodeWM_ProWES_Logits/reproduct/units/p12_video_player/cpp/replays/0001_seed_1700920662/p12_video_player_cpp/p12_video_player_cpp/include/Time/IClock.h
2026-09-14 12:56:38.383 | INFO     | metagpt.utils.file_repository:save:62 - update dependency: /home/zhaorz/project/CodeWM/CodeWM_ProWES_Logits/reproduct/units/p12_video_player/cpp/replays/0001_seed_1700920662/p12_video_player_cpp/p12_video_player_cpp/include/Time/IClock.h:['docs/task/20260914124539.json', 'docs/system_design/20260914124539.json']
2026-09-14 12:56:38.384 | INFO     | metagpt.utils.file_repository:save:57 - save to: /home/zhaorz/project/CodeWM/CodeWM_ProWES_Logits/reproduct/units/p12_video_player/cpp/replays/0001_seed_1700920662/p12_video_player_cpp/p12_video_player_cpp/IClock_wm_detRes.txt
>> saved: src/include/Time/IClock.h
2026-09-14 12:56:38.386 | INFO     | metagpt.utils.file_repository:save:57 - save to: /home/zhaorz/project/CodeWM/CodeWM_ProWES_Logits/reproduct/units/p12_video_player/cpp/replays/0001_seed_1700920662/p12_video_player_cpp/docs/system_design/20260914124539.json
2026-09-14 12:56:38.388 | INFO     | metagpt.utils.file_repository:save:62 - update dependency: /home/zhaorz/project/CodeWM/CodeWM_ProWES_Logits/reproduct/units/p12_video_player/cpp/replays/0001_seed_1700920662/p12_video_player_cpp/docs/system_design/20260914124539.json:[]
2026-09-14 12:56:38.389 | INFO     | metagpt.utils.file_repository:save:57 - save to: /home/zhaorz/project/CodeWM/CodeWM_ProWES_Logits/reproduct/units/p12_video_player/cpp/replays/0001_seed_1700920662/p12_video_player_cpp/docs/task/20260914124539.json
2026-09-14 12:56:38.390 | INFO     | metagpt.utils.file_repository:save:62 - update dependency: /home/zhaorz/project/CodeWM/CodeWM_ProWES_Logits/reproduct/units/p12_video_player/cpp/replays/0001_seed_1700920662/p12_video_player_cpp/docs/task/20260914124539.json:[]
>> [manual] Run 3/17: WriteCode -> include/Time/ManualClock.h
2026-09-14 12:56:38.394 | INFO     | metagpt.actions.write_code:run:186 - Writing include/Time/ManualClock.h..
2026-09-14 12:56:55.412 | INFO     | metagpt.utils.file_repository:save:57 - save to: /home/zhaorz/project/CodeWM/CodeWM_ProWES_Logits/reproduct/units/p12_video_player/cpp/replays/0001_seed_1700920662/p12_video_player_cpp/p12_video_player_cpp/include/Time/ManualClock.h
2026-09-14 12:56:55.414 | INFO     | metagpt.utils.file_repository:save:62 - update dependency: /home/zhaorz/project/CodeWM/CodeWM_ProWES_Logits/reproduct/units/p12_video_player/cpp/replays/0001_seed_1700920662/p12_video_player_cpp/p12_video_player_cpp/include/Time/ManualClock.h:['docs/task/20260914124539.json', 'docs/system_design/20260914124539.json']
2026-09-14 12:56:55.416 | INFO     | metagpt.utils.file_repository:save:57 - save to: /home/zhaorz/project/CodeWM/CodeWM_ProWES_Logits/reproduct/units/p12_video_player/cpp/replays/0001_seed_1700920662/p12_video_player_cpp/p12_video_player_cpp/ManualClock_wm_detRes.txt
>> saved: src/include/Time/ManualClock.h
2026-09-14 12:56:55.417 | INFO     | metagpt.utils.file_repository:save:57 - save to: /home/zhaorz/project/CodeWM/CodeWM_ProWES_Logits/reproduct/units/p12_video_player/cpp/replays/0001_seed_1700920662/p12_video_player_cpp/docs/system_design/20260914124539.json
2026-09-14 12:56:55.419 | INFO     | metagpt.utils.file_repository:save:62 - update dependency: /home/zhaorz/project/CodeWM/CodeWM_ProWES_Logits/reproduct/units/p12_video_player/cpp/replays/0001_seed_1700920662/p12_video_player_cpp/docs/system_design/20260914124539.json:[]
2026-09-14 12:56:55.420 | INFO     | metagpt.utils.file_repository:save:57 - save to: /home/zhaorz/project/CodeWM/CodeWM_ProWES_Logits/reproduct/units/p12_video_player/cpp/replays/0001_seed_1700920662/p12_video_player_cpp/docs/task/20260914124539.json
2026-09-14 12:56:55.421 | INFO     | metagpt.utils.file_repository:save:62 - update dependency: /home/zhaorz/project/CodeWM/CodeWM_ProWES_Logits/reproduct/units/p12_video_player/cpp/replays/0001_seed_1700920662/p12_video_player_cpp/docs/task/20260914124539.json:[]
>> [manual] Run 4/17: WriteCode -> include/Time/MonotonicClock.h
2026-09-14 12:56:55.425 | INFO     | metagpt.actions.write_code:run:186 - Writing include/Time/MonotonicClock.h..
2026-09-14 12:57:07.602 | INFO     | metagpt.utils.file_repository:save:57 - save to: /home/zhaorz/project/CodeWM/CodeWM_ProWES_Logits/reproduct/units/p12_video_player/cpp/replays/0001_seed_1700920662/p12_video_player_cpp/p12_video_player_cpp/include/Time/MonotonicClock.h
2026-09-14 12:57:07.605 | INFO     | metagpt.utils.file_repository:save:62 - update dependency: /home/zhaorz/project/CodeWM/CodeWM_ProWES_Logits/reproduct/units/p12_video_player/cpp/replays/0001_seed_1700920662/p12_video_player_cpp/p12_video_player_cpp/include/Time/MonotonicClock.h:['docs/task/20260914124539.json', 'docs/system_design/20260914124539.json']
2026-09-14 12:57:07.607 | INFO     | metagpt.utils.file_repository:save:57 - save to: /home/zhaorz/project/CodeWM/CodeWM_ProWES_Logits/reproduct/units/p12_video_player/cpp/replays/0001_seed_1700920662/p12_video_player_cpp/p12_video_player_cpp/MonotonicClock_wm_detRes.txt
>> saved: src/include/Time/MonotonicClock.h
2026-09-14 12:57:07.609 | INFO     | metagpt.utils.file_repository:save:57 - save to: /home/zhaorz/project/CodeWM/CodeWM_ProWES_Logits/reproduct/units/p12_video_player/cpp/replays/0001_seed_1700920662/p12_video_player_cpp/docs/system_design/20260914124539.json
2026-09-14 12:57:07.612 | INFO     | metagpt.utils.file_repository:save:62 - update dependency: /home/zhaorz/project/CodeWM/CodeWM_ProWES_Logits/reproduct/units/p12_video_player/cpp/replays/0001_seed_1700920662/p12_video_player_cpp/docs/system_design/20260914124539.json:[]
2026-09-14 12:57:07.613 | INFO     | metagpt.utils.file_repository:save:57 - save to: /home/zhaorz/project/CodeWM/CodeWM_ProWES_Logits/reproduct/units/p12_video_player/cpp/replays/0001_seed_1700920662/p12_video_player_cpp/docs/task/20260914124539.json
2026-09-14 12:57:07.616 | INFO     | metagpt.utils.file_repository:save:62 - update dependency: /home/zhaorz/project/CodeWM/CodeWM_ProWES_Logits/reproduct/units/p12_video_player/cpp/replays/0001_seed_1700920662/p12_video_player_cpp/docs/task/20260914124539.json:[]
>> [manual] Run 5/17: WriteCode -> include/Media/MediaMetadata.h
2026-09-14 12:57:07.625 | INFO     | metagpt.actions.write_code:run:186 - Writing include/Media/MediaMetadata.h..
2026-09-14 12:57:24.249 | INFO     | metagpt.utils.file_repository:save:57 - save to: /home/zhaorz/project/CodeWM/CodeWM_ProWES_Logits/reproduct/units/p12_video_player/cpp/replays/0001_seed_1700920662/p12_video_player_cpp/p12_video_player_cpp/include/Media/MediaMetadata.h
2026-09-14 12:57:24.251 | INFO     | metagpt.utils.file_repository:save:62 - update dependency: /home/zhaorz/project/CodeWM/CodeWM_ProWES_Logits/reproduct/units/p12_video_player/cpp/replays/0001_seed_1700920662/p12_video_player_cpp/p12_video_player_cpp/include/Media/MediaMetadata.h:['docs/task/20260914124539.json', 'docs/system_design/20260914124539.json']
2026-09-14 12:57:24.253 | INFO     | metagpt.utils.file_repository:save:57 - save to: /home/zhaorz/project/CodeWM/CodeWM_ProWES_Logits/reproduct/units/p12_video_player/cpp/replays/0001_seed_1700920662/p12_video_player_cpp/p12_video_player_cpp/MediaMetadata_wm_detRes.txt
>> saved: src/include/Media/MediaMetadata.h
2026-09-14 12:57:24.255 | INFO     | metagpt.utils.file_repository:save:57 - save to: /home/zhaorz/project/CodeWM/CodeWM_ProWES_Logits/reproduct/units/p12_video_player/cpp/replays/0001_seed_1700920662/p12_video_player_cpp/docs/system_design/20260914124539.json
2026-09-14 12:57:24.256 | INFO     | metagpt.utils.file_repository:save:62 - update dependency: /home/zhaorz/project/CodeWM/CodeWM_ProWES_Logits/reproduct/units/p12_video_player/cpp/replays/0001_seed_1700920662/p12_video_player_cpp/docs/system_design/20260914124539.json:[]
2026-09-14 12:57:24.257 | INFO     | metagpt.utils.file_repository:save:57 - save to: /home/zhaorz/project/CodeWM/CodeWM_ProWES_Logits/reproduct/units/p12_video_player/cpp/replays/0001_seed_1700920662/p12_video_player_cpp/docs/task/20260914124539.json
2026-09-14 12:57:24.259 | INFO     | metagpt.utils.file_repository:save:62 - update dependency: /home/zhaorz/project/CodeWM/CodeWM_ProWES_Logits/reproduct/units/p12_video_player/cpp/replays/0001_seed_1700920662/p12_video_player_cpp/docs/task/20260914124539.json:[]
>> [manual] Run 6/17: WriteCode -> include/Playlist/Playlist.h
2026-09-14 12:57:24.264 | INFO     | metagpt.actions.write_code:run:186 - Writing include/Playlist/Playlist.h..
2026-09-14 12:57:55.544 | INFO     | metagpt.utils.file_repository:save:57 - save to: /home/zhaorz/project/CodeWM/CodeWM_ProWES_Logits/reproduct/units/p12_video_player/cpp/replays/0001_seed_1700920662/p12_video_player_cpp/p12_video_player_cpp/include/Playlist/Playlist.h
2026-09-14 12:57:55.546 | INFO     | metagpt.utils.file_repository:save:62 - update dependency: /home/zhaorz/project/CodeWM/CodeWM_ProWES_Logits/reproduct/units/p12_video_player/cpp/replays/0001_seed_1700920662/p12_video_player_cpp/p12_video_player_cpp/include/Playlist/Playlist.h:['docs/task/20260914124539.json', 'docs/system_design/20260914124539.json']
2026-09-14 12:57:55.548 | INFO     | metagpt.utils.file_repository:save:57 - save to: /home/zhaorz/project/CodeWM/CodeWM_ProWES_Logits/reproduct/units/p12_video_player/cpp/replays/0001_seed_1700920662/p12_video_player_cpp/p12_video_player_cpp/Playlist_wm_detRes.txt
>> saved: src/include/Playlist/Playlist.h
2026-09-14 12:57:55.549 | INFO     | metagpt.utils.file_repository:save:57 - save to: /home/zhaorz/project/CodeWM/CodeWM_ProWES_Logits/reproduct/units/p12_video_player/cpp/replays/0001_seed_1700920662/p12_video_player_cpp/docs/system_design/20260914124539.json
2026-09-14 12:57:55.551 | INFO     | metagpt.utils.file_repository:save:62 - update dependency: /home/zhaorz/project/CodeWM/CodeWM_ProWES_Logits/reproduct/units/p12_video_player/cpp/replays/0001_seed_1700920662/p12_video_player_cpp/docs/system_design/20260914124539.json:[]
2026-09-14 12:57:55.552 | INFO     | metagpt.utils.file_repository:save:57 - save to: /home/zhaorz/project/CodeWM/CodeWM_ProWES_Logits/reproduct/units/p12_video_player/cpp/replays/0001_seed_1700920662/p12_video_player_cpp/docs/task/20260914124539.json
2026-09-14 12:57:55.554 | INFO     | metagpt.utils.file_repository:save:62 - update dependency: /home/zhaorz/project/CodeWM/CodeWM_ProWES_Logits/reproduct/units/p12_video_player/cpp/replays/0001_seed_1700920662/p12_video_player_cpp/docs/task/20260914124539.json:[]
>> [manual] Run 7/17: WriteCode -> include/Player/PlaybackState.h
2026-09-14 12:57:55.559 | INFO     | metagpt.actions.write_code:run:186 - Writing include/Player/PlaybackState.h..
2026-09-14 12:58:03.050 | INFO     | metagpt.utils.file_repository:save:57 - save to: /home/zhaorz/project/CodeWM/CodeWM_ProWES_Logits/reproduct/units/p12_video_player/cpp/replays/0001_seed_1700920662/p12_video_player_cpp/p12_video_player_cpp/include/Player/PlaybackState.h
2026-09-14 12:58:03.052 | INFO     | metagpt.utils.file_repository:save:62 - update dependency: /home/zhaorz/project/CodeWM/CodeWM_ProWES_Logits/reproduct/units/p12_video_player/cpp/replays/0001_seed_1700920662/p12_video_player_cpp/p12_video_player_cpp/include/Player/PlaybackState.h:['docs/task/20260914124539.json', 'docs/system_design/20260914124539.json']
2026-09-14 12:58:03.054 | INFO     | metagpt.utils.file_repository:save:57 - save to: /home/zhaorz/project/CodeWM/CodeWM_ProWES_Logits/reproduct/units/p12_video_player/cpp/replays/0001_seed_1700920662/p12_video_player_cpp/p12_video_player_cpp/PlaybackState_wm_detRes.txt
>> saved: src/include/Player/PlaybackState.h
2026-09-14 12:58:03.055 | INFO     | metagpt.utils.file_repository:save:57 - save to: /home/zhaorz/project/CodeWM/CodeWM_ProWES_Logits/reproduct/units/p12_video_player/cpp/replays/0001_seed_1700920662/p12_video_player_cpp/docs/system_design/20260914124539.json
2026-09-14 12:58:03.057 | INFO     | metagpt.utils.file_repository:save:62 - update dependency: /home/zhaorz/project/CodeWM/CodeWM_ProWES_Logits/reproduct/units/p12_video_player/cpp/replays/0001_seed_1700920662/p12_video_player_cpp/docs/system_design/20260914124539.json:[]
2026-09-14 12:58:03.058 | INFO     | metagpt.utils.file_repository:save:57 - save to: /home/zhaorz/project/CodeWM/CodeWM_ProWES_Logits/reproduct/units/p12_video_player/cpp/replays/0001_seed_1700920662/p12_video_player_cpp/docs/task/20260914124539.json
2026-09-14 12:58:03.060 | INFO     | metagpt.utils.file_repository:save:62 - update dependency: /home/zhaorz/project/CodeWM/CodeWM_ProWES_Logits/reproduct/units/p12_video_player/cpp/replays/0001_seed_1700920662/p12_video_player_cpp/docs/task/20260914124539.json:[]
>> [manual] Run 8/17: WriteCode -> include/Player/Player.h
2026-09-14 12:58:03.067 | INFO     | metagpt.actions.write_code:run:186 - Writing include/Player/Player.h..
2026-09-14 12:58:47.283 | INFO     | metagpt.utils.file_repository:save:57 - save to: /home/zhaorz/project/CodeWM/CodeWM_ProWES_Logits/reproduct/units/p12_video_player/cpp/replays/0001_seed_1700920662/p12_video_player_cpp/p12_video_player_cpp/include/Player/Player.h
2026-09-14 12:58:47.285 | INFO     | metagpt.utils.file_repository:save:62 - update dependency: /home/zhaorz/project/CodeWM/CodeWM_ProWES_Logits/reproduct/units/p12_video_player/cpp/replays/0001_seed_1700920662/p12_video_player_cpp/p12_video_player_cpp/include/Player/Player.h:['docs/task/20260914124539.json', 'docs/system_design/20260914124539.json']
2026-09-14 12:58:47.286 | INFO     | metagpt.utils.file_repository:save:57 - save to: /home/zhaorz/project/CodeWM/CodeWM_ProWES_Logits/reproduct/units/p12_video_player/cpp/replays/0001_seed_1700920662/p12_video_player_cpp/p12_video_player_cpp/Player_wm_detRes.txt
>> saved: src/include/Player/Player.h
2026-09-14 12:58:47.287 | INFO     | metagpt.utils.file_repository:save:57 - save to: /home/zhaorz/project/CodeWM/CodeWM_ProWES_Logits/reproduct/units/p12_video_player/cpp/replays/0001_seed_1700920662/p12_video_player_cpp/docs/system_design/20260914124539.json
2026-09-14 12:58:47.288 | INFO     | metagpt.utils.file_repository:save:62 - update dependency: /home/zhaorz/project/CodeWM/CodeWM_ProWES_Logits/reproduct/units/p12_video_player/cpp/replays/0001_seed_1700920662/p12_video_player_cpp/docs/system_design/20260914124539.json:[]
2026-09-14 12:58:47.289 | INFO     | metagpt.utils.file_repository:save:57 - save to: /home/zhaorz/project/CodeWM/CodeWM_ProWES_Logits/reproduct/units/p12_video_player/cpp/replays/0001_seed_1700920662/p12_video_player_cpp/docs/task/20260914124539.json
2026-09-14 12:58:47.291 | INFO     | metagpt.utils.file_repository:save:62 - update dependency: /home/zhaorz/project/CodeWM/CodeWM_ProWES_Logits/reproduct/units/p12_video_player/cpp/replays/0001_seed_1700920662/p12_video_player_cpp/docs/task/20260914124539.json:[]
>> [manual] Run 9/17: WriteCode -> include/Runtime/App.h
2026-09-14 12:58:47.297 | INFO     | metagpt.actions.write_code:run:186 - Writing include/Runtime/App.h..
2026-09-14 12:58:57.509 | INFO     | metagpt.utils.file_repository:save:57 - save to: /home/zhaorz/project/CodeWM/CodeWM_ProWES_Logits/reproduct/units/p12_video_player/cpp/replays/0001_seed_1700920662/p12_video_player_cpp/p12_video_player_cpp/include/Runtime/App.h
2026-09-14 12:58:57.511 | INFO     | metagpt.utils.file_repository:save:62 - update dependency: /home/zhaorz/project/CodeWM/CodeWM_ProWES_Logits/reproduct/units/p12_video_player/cpp/replays/0001_seed_1700920662/p12_video_player_cpp/p12_video_player_cpp/include/Runtime/App.h:['docs/task/20260914124539.json', 'docs/system_design/20260914124539.json']
2026-09-14 12:58:57.512 | INFO     | metagpt.utils.file_repository:save:57 - save to: /home/zhaorz/project/CodeWM/CodeWM_ProWES_Logits/reproduct/units/p12_video_player/cpp/replays/0001_seed_1700920662/p12_video_player_cpp/p12_video_player_cpp/App_wm_detRes.txt
>> saved: src/include/Runtime/App.h
2026-09-14 12:58:57.514 | INFO     | metagpt.utils.file_repository:save:57 - save to: /home/zhaorz/project/CodeWM/CodeWM_ProWES_Logits/reproduct/units/p12_video_player/cpp/replays/0001_seed_1700920662/p12_video_player_cpp/docs/system_design/20260914124539.json
2026-09-14 12:58:57.515 | INFO     | metagpt.utils.file_repository:save:62 - update dependency: /home/zhaorz/project/CodeWM/CodeWM_ProWES_Logits/reproduct/units/p12_video_player/cpp/replays/0001_seed_1700920662/p12_video_player_cpp/docs/system_design/20260914124539.json:[]
2026-09-14 12:58:57.516 | INFO     | metagpt.utils.file_repository:save:57 - save to: /home/zhaorz/project/CodeWM/CodeWM_ProWES_Logits/reproduct/units/p12_video_player/cpp/replays/0001_seed_1700920662/p12_video_player_cpp/docs/task/20260914124539.json
2026-09-14 12:58:57.518 | INFO     | metagpt.utils.file_repository:save:62 - update dependency: /home/zhaorz/project/CodeWM/CodeWM_ProWES_Logits/reproduct/units/p12_video_player/cpp/replays/0001_seed_1700920662/p12_video_player_cpp/docs/task/20260914124539.json:[]
>> [manual] Run 10/17: WriteCode -> src/Time/ManualClock.cpp
2026-09-14 12:58:57.526 | INFO     | metagpt.actions.write_code:run:186 - Writing src/Time/ManualClock.cpp..
2026-09-14 12:59:07.074 | INFO     | metagpt.utils.file_repository:save:57 - save to: /home/zhaorz/project/CodeWM/CodeWM_ProWES_Logits/reproduct/units/p12_video_player/cpp/replays/0001_seed_1700920662/p12_video_player_cpp/p12_video_player_cpp/src/Time/ManualClock.cpp
2026-09-14 12:59:07.076 | INFO     | metagpt.utils.file_repository:save:62 - update dependency: /home/zhaorz/project/CodeWM/CodeWM_ProWES_Logits/reproduct/units/p12_video_player/cpp/replays/0001_seed_1700920662/p12_video_player_cpp/p12_video_player_cpp/src/Time/ManualClock.cpp:['docs/task/20260914124539.json', 'docs/system_design/20260914124539.json']
2026-09-14 12:59:07.078 | INFO     | metagpt.utils.file_repository:save:57 - save to: /home/zhaorz/project/CodeWM/CodeWM_ProWES_Logits/reproduct/units/p12_video_player/cpp/replays/0001_seed_1700920662/p12_video_player_cpp/p12_video_player_cpp/ManualClock_wm_detRes.txt
>> saved: src/src/Time/ManualClock.cpp
2026-09-14 12:59:07.079 | INFO     | metagpt.utils.file_repository:save:57 - save to: /home/zhaorz/project/CodeWM/CodeWM_ProWES_Logits/reproduct/units/p12_video_player/cpp/replays/0001_seed_1700920662/p12_video_player_cpp/docs/system_design/20260914124539.json
2026-09-14 12:59:07.082 | INFO     | metagpt.utils.file_repository:save:62 - update dependency: /home/zhaorz/project/CodeWM/CodeWM_ProWES_Logits/reproduct/units/p12_video_player/cpp/replays/0001_seed_1700920662/p12_video_player_cpp/docs/system_design/20260914124539.json:[]
2026-09-14 12:59:07.083 | INFO     | metagpt.utils.file_repository:save:57 - save to: /home/zhaorz/project/CodeWM/CodeWM_ProWES_Logits/reproduct/units/p12_video_player/cpp/replays/0001_seed_1700920662/p12_video_player_cpp/docs/task/20260914124539.json
2026-09-14 12:59:07.085 | INFO     | metagpt.utils.file_repository:save:62 - update dependency: /home/zhaorz/project/CodeWM/CodeWM_ProWES_Logits/reproduct/units/p12_video_player/cpp/replays/0001_seed_1700920662/p12_video_player_cpp/docs/task/20260914124539.json:[]
>> [manual] Run 11/17: WriteCode -> src/Time/MonotonicClock.cpp
2026-09-14 12:59:07.095 | INFO     | metagpt.actions.write_code:run:186 - Writing src/Time/MonotonicClock.cpp..
2026-09-14 12:59:15.400 | INFO     | metagpt.utils.file_repository:save:57 - save to: /home/zhaorz/project/CodeWM/CodeWM_ProWES_Logits/reproduct/units/p12_video_player/cpp/replays/0001_seed_1700920662/p12_video_player_cpp/p12_video_player_cpp/src/Time/MonotonicClock.cpp
2026-09-14 12:59:15.402 | INFO     | metagpt.utils.file_repository:save:62 - update dependency: /home/zhaorz/project/CodeWM/CodeWM_ProWES_Logits/reproduct/units/p12_video_player/cpp/replays/0001_seed_1700920662/p12_video_player_cpp/p12_video_player_cpp/src/Time/MonotonicClock.cpp:['docs/task/20260914124539.json', 'docs/system_design/20260914124539.json']
2026-09-14 12:59:15.403 | INFO     | metagpt.utils.file_repository:save:57 - save to: /home/zhaorz/project/CodeWM/CodeWM_ProWES_Logits/reproduct/units/p12_video_player/cpp/replays/0001_seed_1700920662/p12_video_player_cpp/p12_video_player_cpp/MonotonicClock_wm_detRes.txt
>> saved: src/src/Time/MonotonicClock.cpp
2026-09-14 12:59:15.404 | INFO     | metagpt.utils.file_repository:save:57 - save to: /home/zhaorz/project/CodeWM/CodeWM_ProWES_Logits/reproduct/units/p12_video_player/cpp/replays/0001_seed_1700920662/p12_video_player_cpp/docs/system_design/20260914124539.json
2026-09-14 12:59:15.406 | INFO     | metagpt.utils.file_repository:save:62 - update dependency: /home/zhaorz/project/CodeWM/CodeWM_ProWES_Logits/reproduct/units/p12_video_player/cpp/replays/0001_seed_1700920662/p12_video_player_cpp/docs/system_design/20260914124539.json:[]
2026-09-14 12:59:15.407 | INFO     | metagpt.utils.file_repository:save:57 - save to: /home/zhaorz/project/CodeWM/CodeWM_ProWES_Logits/reproduct/units/p12_video_player/cpp/replays/0001_seed_1700920662/p12_video_player_cpp/docs/task/20260914124539.json
2026-09-14 12:59:15.408 | INFO     | metagpt.utils.file_repository:save:62 - update dependency: /home/zhaorz/project/CodeWM/CodeWM_ProWES_Logits/reproduct/units/p12_video_player/cpp/replays/0001_seed_1700920662/p12_video_player_cpp/docs/task/20260914124539.json:[]
>> [manual] Run 12/17: WriteCode -> src/Media/MediaMetadata.cpp
2026-09-14 12:59:15.421 | INFO     | metagpt.actions.write_code:run:186 - Writing src/Media/MediaMetadata.cpp..
2026-09-14 12:59:25.526 | INFO     | metagpt.utils.file_repository:save:57 - save to: /home/zhaorz/project/CodeWM/CodeWM_ProWES_Logits/reproduct/units/p12_video_player/cpp/replays/0001_seed_1700920662/p12_video_player_cpp/p12_video_player_cpp/src/Media/MediaMetadata.cpp
2026-09-14 12:59:25.529 | INFO     | metagpt.utils.file_repository:save:62 - update dependency: /home/zhaorz/project/CodeWM/CodeWM_ProWES_Logits/reproduct/units/p12_video_player/cpp/replays/0001_seed_1700920662/p12_video_player_cpp/p12_video_player_cpp/src/Media/MediaMetadata.cpp:['docs/task/20260914124539.json', 'docs/system_design/20260914124539.json']
2026-09-14 12:59:25.530 | INFO     | metagpt.utils.file_repository:save:57 - save to: /home/zhaorz/project/CodeWM/CodeWM_ProWES_Logits/reproduct/units/p12_video_player/cpp/replays/0001_seed_1700920662/p12_video_player_cpp/p12_video_player_cpp/MediaMetadata_wm_detRes.txt
>> saved: src/src/Media/MediaMetadata.cpp
2026-09-14 12:59:25.531 | INFO     | metagpt.utils.file_repository:save:57 - save to: /home/zhaorz/project/CodeWM/CodeWM_ProWES_Logits/reproduct/units/p12_video_player/cpp/replays/0001_seed_1700920662/p12_video_player_cpp/docs/system_design/20260914124539.json
2026-09-14 12:59:25.534 | INFO     | metagpt.utils.file_repository:save:62 - update dependency: /home/zhaorz/project/CodeWM/CodeWM_ProWES_Logits/reproduct/units/p12_video_player/cpp/replays/0001_seed_1700920662/p12_video_player_cpp/docs/system_design/20260914124539.json:[]
2026-09-14 12:59:25.536 | INFO     | metagpt.utils.file_repository:save:57 - save to: /home/zhaorz/project/CodeWM/CodeWM_ProWES_Logits/reproduct/units/p12_video_player/cpp/replays/0001_seed_1700920662/p12_video_player_cpp/docs/task/20260914124539.json
2026-09-14 12:59:25.540 | INFO     | metagpt.utils.file_repository:save:62 - update dependency: /home/zhaorz/project/CodeWM/CodeWM_ProWES_Logits/reproduct/units/p12_video_player/cpp/replays/0001_seed_1700920662/p12_video_player_cpp/docs/task/20260914124539.json:[]
>> [manual] Run 13/17: WriteCode -> src/Playlist/Playlist.cpp
2026-09-14 12:59:25.559 | INFO     | metagpt.actions.write_code:run:186 - Writing src/Playlist/Playlist.cpp..
2026-09-14 12:59:47.018 | INFO     | metagpt.utils.file_repository:save:57 - save to: /home/zhaorz/project/CodeWM/CodeWM_ProWES_Logits/reproduct/units/p12_video_player/cpp/replays/0001_seed_1700920662/p12_video_player_cpp/p12_video_player_cpp/src/Playlist/Playlist.cpp
2026-09-14 12:59:47.020 | INFO     | metagpt.utils.file_repository:save:62 - update dependency: /home/zhaorz/project/CodeWM/CodeWM_ProWES_Logits/reproduct/units/p12_video_player/cpp/replays/0001_seed_1700920662/p12_video_player_cpp/p12_video_player_cpp/src/Playlist/Playlist.cpp:['docs/task/20260914124539.json', 'docs/system_design/20260914124539.json']
2026-09-14 12:59:47.021 | INFO     | metagpt.utils.file_repository:save:57 - save to: /home/zhaorz/project/CodeWM/CodeWM_ProWES_Logits/reproduct/units/p12_video_player/cpp/replays/0001_seed_1700920662/p12_video_player_cpp/p12_video_player_cpp/Playlist_wm_detRes.txt
>> saved: src/src/Playlist/Playlist.cpp
2026-09-14 12:59:47.022 | INFO     | metagpt.utils.file_repository:save:57 - save to: /home/zhaorz/project/CodeWM/CodeWM_ProWES_Logits/reproduct/units/p12_video_player/cpp/replays/0001_seed_1700920662/p12_video_player_cpp/docs/system_design/20260914124539.json
2026-09-14 12:59:47.024 | INFO     | metagpt.utils.file_repository:save:62 - update dependency: /home/zhaorz/project/CodeWM/CodeWM_ProWES_Logits/reproduct/units/p12_video_player/cpp/replays/0001_seed_1700920662/p12_video_player_cpp/docs/system_design/20260914124539.json:[]
2026-09-14 12:59:47.025 | INFO     | metagpt.utils.file_repository:save:57 - save to: /home/zhaorz/project/CodeWM/CodeWM_ProWES_Logits/reproduct/units/p12_video_player/cpp/replays/0001_seed_1700920662/p12_video_player_cpp/docs/task/20260914124539.json
2026-09-14 12:59:47.026 | INFO     | metagpt.utils.file_repository:save:62 - update dependency: /home/zhaorz/project/CodeWM/CodeWM_ProWES_Logits/reproduct/units/p12_video_player/cpp/replays/0001_seed_1700920662/p12_video_player_cpp/docs/task/20260914124539.json:[]
>> [manual] Run 14/17: WriteCode -> src/Player/Player.cpp
2026-09-14 12:59:47.035 | INFO     | metagpt.actions.write_code:run:186 - Writing src/Player/Player.cpp..
2026-09-14 13:00:33.819 | INFO     | metagpt.utils.file_repository:save:57 - save to: /home/zhaorz/project/CodeWM/CodeWM_ProWES_Logits/reproduct/units/p12_video_player/cpp/replays/0001_seed_1700920662/p12_video_player_cpp/p12_video_player_cpp/src/Player/Player.cpp
2026-09-14 13:00:33.821 | INFO     | metagpt.utils.file_repository:save:62 - update dependency: /home/zhaorz/project/CodeWM/CodeWM_ProWES_Logits/reproduct/units/p12_video_player/cpp/replays/0001_seed_1700920662/p12_video_player_cpp/p12_video_player_cpp/src/Player/Player.cpp:['docs/task/20260914124539.json', 'docs/system_design/20260914124539.json']
2026-09-14 13:00:33.822 | INFO     | metagpt.utils.file_repository:save:57 - save to: /home/zhaorz/project/CodeWM/CodeWM_ProWES_Logits/reproduct/units/p12_video_player/cpp/replays/0001_seed_1700920662/p12_video_player_cpp/p12_video_player_cpp/Player_wm_detRes.txt
>> saved: src/src/Player/Player.cpp
2026-09-14 13:00:33.824 | INFO     | metagpt.utils.file_repository:save:57 - save to: /home/zhaorz/project/CodeWM/CodeWM_ProWES_Logits/reproduct/units/p12_video_player/cpp/replays/0001_seed_1700920662/p12_video_player_cpp/docs/system_design/20260914124539.json
2026-09-14 13:00:33.825 | INFO     | metagpt.utils.file_repository:save:62 - update dependency: /home/zhaorz/project/CodeWM/CodeWM_ProWES_Logits/reproduct/units/p12_video_player/cpp/replays/0001_seed_1700920662/p12_video_player_cpp/docs/system_design/20260914124539.json:[]
2026-09-14 13:00:33.826 | INFO     | metagpt.utils.file_repository:save:57 - save to: /home/zhaorz/project/CodeWM/CodeWM_ProWES_Logits/reproduct/units/p12_video_player/cpp/replays/0001_seed_1700920662/p12_video_player_cpp/docs/task/20260914124539.json
2026-09-14 13:00:33.828 | INFO     | metagpt.utils.file_repository:save:62 - update dependency: /home/zhaorz/project/CodeWM/CodeWM_ProWES_Logits/reproduct/units/p12_video_player/cpp/replays/0001_seed_1700920662/p12_video_player_cpp/docs/task/20260914124539.json:[]
>> [manual] Run 15/17: WriteCode -> src/Runtime/App.cpp
2026-09-14 13:00:33.837 | INFO     | metagpt.actions.write_code:run:186 - Writing src/Runtime/App.cpp..
2026-09-14 13:00:54.479 | INFO     | metagpt.utils.file_repository:save:57 - save to: /home/zhaorz/project/CodeWM/CodeWM_ProWES_Logits/reproduct/units/p12_video_player/cpp/replays/0001_seed_1700920662/p12_video_player_cpp/p12_video_player_cpp/src/Runtime/App.cpp
2026-09-14 13:00:54.481 | INFO     | metagpt.utils.file_repository:save:62 - update dependency: /home/zhaorz/project/CodeWM/CodeWM_ProWES_Logits/reproduct/units/p12_video_player/cpp/replays/0001_seed_1700920662/p12_video_player_cpp/p12_video_player_cpp/src/Runtime/App.cpp:['docs/task/20260914124539.json', 'docs/system_design/20260914124539.json']
2026-09-14 13:00:54.482 | INFO     | metagpt.utils.file_repository:save:57 - save to: /home/zhaorz/project/CodeWM/CodeWM_ProWES_Logits/reproduct/units/p12_video_player/cpp/replays/0001_seed_1700920662/p12_video_player_cpp/p12_video_player_cpp/App_wm_detRes.txt
>> saved: src/src/Runtime/App.cpp
2026-09-14 13:00:54.483 | INFO     | metagpt.utils.file_repository:save:57 - save to: /home/zhaorz/project/CodeWM/CodeWM_ProWES_Logits/reproduct/units/p12_video_player/cpp/replays/0001_seed_1700920662/p12_video_player_cpp/docs/system_design/20260914124539.json
2026-09-14 13:00:54.485 | INFO     | metagpt.utils.file_repository:save:62 - update dependency: /home/zhaorz/project/CodeWM/CodeWM_ProWES_Logits/reproduct/units/p12_video_player/cpp/replays/0001_seed_1700920662/p12_video_player_cpp/docs/system_design/20260914124539.json:[]
2026-09-14 13:00:54.486 | INFO     | metagpt.utils.file_repository:save:57 - save to: /home/zhaorz/project/CodeWM/CodeWM_ProWES_Logits/reproduct/units/p12_video_player/cpp/replays/0001_seed_1700920662/p12_video_player_cpp/docs/task/20260914124539.json
2026-09-14 13:00:54.488 | INFO     | metagpt.utils.file_repository:save:62 - update dependency: /home/zhaorz/project/CodeWM/CodeWM_ProWES_Logits/reproduct/units/p12_video_player/cpp/replays/0001_seed_1700920662/p12_video_player_cpp/docs/task/20260914124539.json:[]
>> [manual] Run 16/17: WriteCode -> src/Main.cpp
2026-09-14 13:00:54.498 | INFO     | metagpt.actions.write_code:run:186 - Writing src/Main.cpp..
2026-09-14 13:00:58.332 | INFO     | metagpt.utils.file_repository:save:57 - save to: /home/zhaorz/project/CodeWM/CodeWM_ProWES_Logits/reproduct/units/p12_video_player/cpp/replays/0001_seed_1700920662/p12_video_player_cpp/p12_video_player_cpp/src/Main.cpp
2026-09-14 13:00:58.334 | INFO     | metagpt.utils.file_repository:save:62 - update dependency: /home/zhaorz/project/CodeWM/CodeWM_ProWES_Logits/reproduct/units/p12_video_player/cpp/replays/0001_seed_1700920662/p12_video_player_cpp/p12_video_player_cpp/src/Main.cpp:['docs/task/20260914124539.json', 'docs/system_design/20260914124539.json']
2026-09-14 13:00:58.335 | INFO     | metagpt.utils.file_repository:save:57 - save to: /home/zhaorz/project/CodeWM/CodeWM_ProWES_Logits/reproduct/units/p12_video_player/cpp/replays/0001_seed_1700920662/p12_video_player_cpp/p12_video_player_cpp/Main_wm_detRes.txt
>> saved: src/src/Main.cpp
2026-09-14 13:00:58.337 | INFO     | metagpt.utils.file_repository:save:57 - save to: /home/zhaorz/project/CodeWM/CodeWM_ProWES_Logits/reproduct/units/p12_video_player/cpp/replays/0001_seed_1700920662/p12_video_player_cpp/docs/system_design/20260914124539.json
2026-09-14 13:00:58.339 | INFO     | metagpt.utils.file_repository:save:62 - update dependency: /home/zhaorz/project/CodeWM/CodeWM_ProWES_Logits/reproduct/units/p12_video_player/cpp/replays/0001_seed_1700920662/p12_video_player_cpp/docs/system_design/20260914124539.json:[]
2026-09-14 13:00:58.341 | INFO     | metagpt.utils.file_repository:save:57 - save to: /home/zhaorz/project/CodeWM/CodeWM_ProWES_Logits/reproduct/units/p12_video_player/cpp/replays/0001_seed_1700920662/p12_video_player_cpp/docs/task/20260914124539.json
2026-09-14 13:00:58.344 | INFO     | metagpt.utils.file_repository:save:62 - update dependency: /home/zhaorz/project/CodeWM/CodeWM_ProWES_Logits/reproduct/units/p12_video_player/cpp/replays/0001_seed_1700920662/p12_video_player_cpp/docs/task/20260914124539.json:[]
>> [manual] Run 17/17: WriteCode -> tests/test_main.cpp
2026-09-14 13:00:58.363 | INFO     | metagpt.actions.write_code:run:186 - Writing tests/test_main.cpp..
2026-09-14 13:01:33.813 | INFO     | metagpt.utils.file_repository:save:57 - save to: /home/zhaorz/project/CodeWM/CodeWM_ProWES_Logits/reproduct/units/p12_video_player/cpp/replays/0001_seed_1700920662/p12_video_player_cpp/p12_video_player_cpp/tests/test_main.cpp
2026-09-14 13:01:33.815 | INFO     | metagpt.utils.file_repository:save:62 - update dependency: /home/zhaorz/project/CodeWM/CodeWM_ProWES_Logits/reproduct/units/p12_video_player/cpp/replays/0001_seed_1700920662/p12_video_player_cpp/p12_video_player_cpp/tests/test_main.cpp:['docs/task/20260914124539.json', 'docs/system_design/20260914124539.json']
2026-09-14 13:01:33.817 | INFO     | metagpt.utils.file_repository:save:57 - save to: /home/zhaorz/project/CodeWM/CodeWM_ProWES_Logits/reproduct/units/p12_video_player/cpp/replays/0001_seed_1700920662/p12_video_player_cpp/p12_video_player_cpp/test_main_wm_detRes.txt
>> saved: src/tests/test_main.cpp
>> [manual] all WriteCode actions finished.
[replay-worker] p12_video_player_cpp passed=True
[replay-worker] waiting for accepted seeds
[replay-worker] waiting for accepted seeds
[replay-worker] waiting for accepted seeds
[replay-worker] waiting for accepted seeds
[replay-worker] waiting for accepted seeds
[replay-worker] waiting for accepted seeds
[replay-worker] waiting for accepted seeds
[replay-worker] waiting for accepted seeds
[replay-worker] waiting for accepted seeds
[replay-worker] waiting for accepted seeds
[replay-worker] waiting for accepted seeds
[replay-worker] waiting for accepted seeds
[replay-worker] waiting for accepted seeds
[replay-worker] waiting for accepted seeds
[replay-worker] waiting for accepted seeds
[replay-worker] waiting for accepted seeds
[replay-worker] waiting for accepted seeds
[replay-worker] waiting for accepted seeds
[replay-worker] waiting for accepted seeds
[replay-worker] waiting for accepted seeds
[replay-worker] waiting for accepted seeds
[replay-worker] waiting for accepted seeds
[replay-worker] waiting for accepted seeds
[replay-worker] waiting for accepted seeds
[replay-worker] waiting for accepted seeds
[replay-worker] waiting for accepted seeds
[replay-worker] waiting for accepted seeds
[replay-worker] waiting for accepted seeds
[replay-worker] waiting for accepted seeds
[replay-worker] waiting for accepted seeds
[replay-worker] waiting for accepted seeds
[replay-worker] waiting for accepted seeds
[replay-worker] waiting for accepted seeds
[replay-worker] waiting for accepted seeds
[replay-worker] waiting for accepted seeds
[replay-worker] waiting for accepted seeds
[replay-worker] waiting for accepted seeds
[replay-worker] waiting for accepted seeds
[replay-worker] waiting for accepted seeds
[replay-worker] waiting for accepted seeds
[replay-worker] waiting for accepted seeds
[replay-worker] waiting for accepted seeds
[replay-worker] waiting for accepted seeds
[replay-worker] waiting for accepted seeds
[replay-worker] waiting for accepted seeds
[replay-worker] waiting for accepted seeds
[replay-worker] waiting for accepted seeds
>> recovering from: /home/zhaorz/project/CodeWM/CodeWM_ProWES_Logits/reproduct/units/p06_tank_battle_game/python/architecture/team
>> team.json exists: True path: /home/zhaorz/project/CodeWM/CodeWM_ProWES_Logits/reproduct/units/p06_tank_battle_game/python/architecture/team/team.json
>> ctx.git_repo.workdir = /home/zhaorz/project/CodeWM/CodeWM_ProWES_Logits/reproduct/units/p06_tank_battle_game/python/replays/0001_seed_2408978515/p06_tank_battle_game_python
eng.code_todos: ['requirements.txt', 'tank_battle/directions.py', 'tank_battle/geometry.py', 'tank_battle/obstacle.py', 'tank_battle/arena.py', 'tank_battle/tank.py', 'tank_battle/projectile.py', 'tank_battle/commands.py', 'tank_battle/scoring.py', 'tank_battle/game.py', 'tank_battle/configs.py', 'tank_battle/__init__.py', 'Main.py', 'tests/test_main.py']
>> ready, ctx.git_repo.workdir = /home/zhaorz/project/CodeWM/CodeWM_ProWES_Logits/reproduct/units/p06_tank_battle_game/python/replays/0001_seed_2408978515/p06_tank_battle_game_python
>> ctx.git_repo.workdir = /home/zhaorz/project/CodeWM/CodeWM_ProWES_Logits/reproduct/units/p06_tank_battle_game/python/replays/0001_seed_2408978515/p06_tank_battle_game_python
2026-09-14 13:17:19.941 | INFO     | metagpt.utils.file_repository:save:57 - save to: /home/zhaorz/project/CodeWM/CodeWM_ProWES_Logits/reproduct/units/p06_tank_battle_game/python/replays/0001_seed_2408978515/p06_tank_battle_game_python/docs/system_design/20260914120207.json
2026-09-14 13:17:19.943 | INFO     | metagpt.utils.file_repository:save:62 - update dependency: /home/zhaorz/project/CodeWM/CodeWM_ProWES_Logits/reproduct/units/p06_tank_battle_game/python/replays/0001_seed_2408978515/p06_tank_battle_game_python/docs/system_design/20260914120207.json:[]
2026-09-14 13:17:19.944 | INFO     | metagpt.utils.file_repository:save:57 - save to: /home/zhaorz/project/CodeWM/CodeWM_ProWES_Logits/reproduct/units/p06_tank_battle_game/python/replays/0001_seed_2408978515/p06_tank_battle_game_python/docs/task/20260914120207.json
2026-09-14 13:17:19.945 | INFO     | metagpt.utils.file_repository:save:62 - update dependency: /home/zhaorz/project/CodeWM/CodeWM_ProWES_Logits/reproduct/units/p06_tank_battle_game/python/replays/0001_seed_2408978515/p06_tank_battle_game_python/docs/task/20260914120207.json:[]
>> [manual] Run 1/14: WriteCode -> requirements.txt
2026-09-14 13:17:19.952 | INFO     | metagpt.actions.write_code:run:186 - Writing requirements.txt..
2026-09-14 13:17:22.985 | INFO     | metagpt.utils.file_repository:save:57 - save to: /home/zhaorz/project/CodeWM/CodeWM_ProWES_Logits/reproduct/units/p06_tank_battle_game/python/replays/0001_seed_2408978515/p06_tank_battle_game_python/p06_tank_battle_game_python/requirements.txt
2026-09-14 13:17:22.987 | INFO     | metagpt.utils.file_repository:save:62 - update dependency: /home/zhaorz/project/CodeWM/CodeWM_ProWES_Logits/reproduct/units/p06_tank_battle_game/python/replays/0001_seed_2408978515/p06_tank_battle_game_python/p06_tank_battle_game_python/requirements.txt:['docs/system_design/20260914120207.json', 'docs/task/20260914120207.json']
2026-09-14 13:17:22.989 | INFO     | metagpt.utils.file_repository:save:57 - save to: /home/zhaorz/project/CodeWM/CodeWM_ProWES_Logits/reproduct/units/p06_tank_battle_game/python/replays/0001_seed_2408978515/p06_tank_battle_game_python/p06_tank_battle_game_python/requirements_wm_detRes.txt
>> saved: src/requirements.txt
2026-09-14 13:17:22.992 | INFO     | metagpt.utils.file_repository:save:57 - save to: /home/zhaorz/project/CodeWM/CodeWM_ProWES_Logits/reproduct/units/p06_tank_battle_game/python/replays/0001_seed_2408978515/p06_tank_battle_game_python/docs/system_design/20260914120207.json
2026-09-14 13:17:22.994 | INFO     | metagpt.utils.file_repository:save:62 - update dependency: /home/zhaorz/project/CodeWM/CodeWM_ProWES_Logits/reproduct/units/p06_tank_battle_game/python/replays/0001_seed_2408978515/p06_tank_battle_game_python/docs/system_design/20260914120207.json:[]
2026-09-14 13:17:22.998 | INFO     | metagpt.utils.file_repository:save:57 - save to: /home/zhaorz/project/CodeWM/CodeWM_ProWES_Logits/reproduct/units/p06_tank_battle_game/python/replays/0001_seed_2408978515/p06_tank_battle_game_python/docs/task/20260914120207.json
2026-09-14 13:17:23.001 | INFO     | metagpt.utils.file_repository:save:62 - update dependency: /home/zhaorz/project/CodeWM/CodeWM_ProWES_Logits/reproduct/units/p06_tank_battle_game/python/replays/0001_seed_2408978515/p06_tank_battle_game_python/docs/task/20260914120207.json:[]
>> [manual] Run 2/14: WriteCode -> tank_battle/directions.py
2026-09-14 13:17:23.007 | INFO     | metagpt.actions.write_code:run:186 - Writing tank_battle/directions.py..
2026-09-14 13:17:40.073 | INFO     | metagpt.utils.file_repository:save:57 - save to: /home/zhaorz/project/CodeWM/CodeWM_ProWES_Logits/reproduct/units/p06_tank_battle_game/python/replays/0001_seed_2408978515/p06_tank_battle_game_python/p06_tank_battle_game_python/tank_battle/directions.py
2026-09-14 13:17:40.075 | INFO     | metagpt.utils.file_repository:save:62 - update dependency: /home/zhaorz/project/CodeWM/CodeWM_ProWES_Logits/reproduct/units/p06_tank_battle_game/python/replays/0001_seed_2408978515/p06_tank_battle_game_python/p06_tank_battle_game_python/tank_battle/directions.py:['docs/system_design/20260914120207.json', 'docs/task/20260914120207.json']
2026-09-14 13:17:40.077 | INFO     | metagpt.utils.file_repository:save:57 - save to: /home/zhaorz/project/CodeWM/CodeWM_ProWES_Logits/reproduct/units/p06_tank_battle_game/python/replays/0001_seed_2408978515/p06_tank_battle_game_python/p06_tank_battle_game_python/directions_wm_detRes.txt
>> saved: src/tank_battle/directions.py
2026-09-14 13:17:40.080 | INFO     | metagpt.utils.file_repository:save:57 - save to: /home/zhaorz/project/CodeWM/CodeWM_ProWES_Logits/reproduct/units/p06_tank_battle_game/python/replays/0001_seed_2408978515/p06_tank_battle_game_python/docs/system_design/20260914120207.json
2026-09-14 13:17:40.083 | INFO     | metagpt.utils.file_repository:save:62 - update dependency: /home/zhaorz/project/CodeWM/CodeWM_ProWES_Logits/reproduct/units/p06_tank_battle_game/python/replays/0001_seed_2408978515/p06_tank_battle_game_python/docs/system_design/20260914120207.json:[]
2026-09-14 13:17:40.085 | INFO     | metagpt.utils.file_repository:save:57 - save to: /home/zhaorz/project/CodeWM/CodeWM_ProWES_Logits/reproduct/units/p06_tank_battle_game/python/replays/0001_seed_2408978515/p06_tank_battle_game_python/docs/task/20260914120207.json
2026-09-14 13:17:40.088 | INFO     | metagpt.utils.file_repository:save:62 - update dependency: /home/zhaorz/project/CodeWM/CodeWM_ProWES_Logits/reproduct/units/p06_tank_battle_game/python/replays/0001_seed_2408978515/p06_tank_battle_game_python/docs/task/20260914120207.json:[]
>> [manual] Run 3/14: WriteCode -> tank_battle/geometry.py
2026-09-14 13:17:40.097 | INFO     | metagpt.actions.write_code:run:186 - Writing tank_battle/geometry.py..
2026-09-14 13:18:07.521 | INFO     | metagpt.utils.file_repository:save:57 - save to: /home/zhaorz/project/CodeWM/CodeWM_ProWES_Logits/reproduct/units/p06_tank_battle_game/python/replays/0001_seed_2408978515/p06_tank_battle_game_python/p06_tank_battle_game_python/tank_battle/geometry.py
2026-09-14 13:18:07.523 | INFO     | metagpt.utils.file_repository:save:62 - update dependency: /home/zhaorz/project/CodeWM/CodeWM_ProWES_Logits/reproduct/units/p06_tank_battle_game/python/replays/0001_seed_2408978515/p06_tank_battle_game_python/p06_tank_battle_game_python/tank_battle/geometry.py:['docs/system_design/20260914120207.json', 'docs/task/20260914120207.json']
2026-09-14 13:18:07.525 | INFO     | metagpt.utils.file_repository:save:57 - save to: /home/zhaorz/project/CodeWM/CodeWM_ProWES_Logits/reproduct/units/p06_tank_battle_game/python/replays/0001_seed_2408978515/p06_tank_battle_game_python/p06_tank_battle_game_python/geometry_wm_detRes.txt
>> saved: src/tank_battle/geometry.py
2026-09-14 13:18:07.527 | INFO     | metagpt.utils.file_repository:save:57 - save to: /home/zhaorz/project/CodeWM/CodeWM_ProWES_Logits/reproduct/units/p06_tank_battle_game/python/replays/0001_seed_2408978515/p06_tank_battle_game_python/docs/system_design/20260914120207.json
2026-09-14 13:18:07.528 | INFO     | metagpt.utils.file_repository:save:62 - update dependency: /home/zhaorz/project/CodeWM/CodeWM_ProWES_Logits/reproduct/units/p06_tank_battle_game/python/replays/0001_seed_2408978515/p06_tank_battle_game_python/docs/system_design/20260914120207.json:[]
2026-09-14 13:18:07.529 | INFO     | metagpt.utils.file_repository:save:57 - save to: /home/zhaorz/project/CodeWM/CodeWM_ProWES_Logits/reproduct/units/p06_tank_battle_game/python/replays/0001_seed_2408978515/p06_tank_battle_game_python/docs/task/20260914120207.json
2026-09-14 13:18:07.531 | INFO     | metagpt.utils.file_repository:save:62 - update dependency: /home/zhaorz/project/CodeWM/CodeWM_ProWES_Logits/reproduct/units/p06_tank_battle_game/python/replays/0001_seed_2408978515/p06_tank_battle_game_python/docs/task/20260914120207.json:[]
>> [manual] Run 4/14: WriteCode -> tank_battle/obstacle.py
2026-09-14 13:18:07.535 | INFO     | metagpt.actions.write_code:run:186 - Writing tank_battle/obstacle.py..
2026-09-14 13:18:16.665 | INFO     | metagpt.utils.file_repository:save:57 - save to: /home/zhaorz/project/CodeWM/CodeWM_ProWES_Logits/reproduct/units/p06_tank_battle_game/python/replays/0001_seed_2408978515/p06_tank_battle_game_python/p06_tank_battle_game_python/tank_battle/obstacle.py
2026-09-14 13:18:16.667 | INFO     | metagpt.utils.file_repository:save:62 - update dependency: /home/zhaorz/project/CodeWM/CodeWM_ProWES_Logits/reproduct/units/p06_tank_battle_game/python/replays/0001_seed_2408978515/p06_tank_battle_game_python/p06_tank_battle_game_python/tank_battle/obstacle.py:['docs/system_design/20260914120207.json', 'docs/task/20260914120207.json']
2026-09-14 13:18:16.668 | INFO     | metagpt.utils.file_repository:save:57 - save to: /home/zhaorz/project/CodeWM/CodeWM_ProWES_Logits/reproduct/units/p06_tank_battle_game/python/replays/0001_seed_2408978515/p06_tank_battle_game_python/p06_tank_battle_game_python/obstacle_wm_detRes.txt
>> saved: src/tank_battle/obstacle.py
2026-09-14 13:18:16.670 | INFO     | metagpt.utils.file_repository:save:57 - save to: /home/zhaorz/project/CodeWM/CodeWM_ProWES_Logits/reproduct/units/p06_tank_battle_game/python/replays/0001_seed_2408978515/p06_tank_battle_game_python/docs/system_design/20260914120207.json
2026-09-14 13:18:16.673 | INFO     | metagpt.utils.file_repository:save:62 - update dependency: /home/zhaorz/project/CodeWM/CodeWM_ProWES_Logits/reproduct/units/p06_tank_battle_game/python/replays/0001_seed_2408978515/p06_tank_battle_game_python/docs/system_design/20260914120207.json:[]
2026-09-14 13:18:16.675 | INFO     | metagpt.utils.file_repository:save:57 - save to: /home/zhaorz/project/CodeWM/CodeWM_ProWES_Logits/reproduct/units/p06_tank_battle_game/python/replays/0001_seed_2408978515/p06_tank_battle_game_python/docs/task/20260914120207.json
2026-09-14 13:18:16.677 | INFO     | metagpt.utils.file_repository:save:62 - update dependency: /home/zhaorz/project/CodeWM/CodeWM_ProWES_Logits/reproduct/units/p06_tank_battle_game/python/replays/0001_seed_2408978515/p06_tank_battle_game_python/docs/task/20260914120207.json:[]
>> [manual] Run 5/14: WriteCode -> tank_battle/arena.py
2026-09-14 13:18:16.688 | INFO     | metagpt.actions.write_code:run:186 - Writing tank_battle/arena.py..
2026-09-14 13:18:57.057 | INFO     | metagpt.utils.file_repository:save:57 - save to: /home/zhaorz/project/CodeWM/CodeWM_ProWES_Logits/reproduct/units/p06_tank_battle_game/python/replays/0001_seed_2408978515/p06_tank_battle_game_python/p06_tank_battle_game_python/tank_battle/arena.py
2026-09-14 13:18:57.059 | INFO     | metagpt.utils.file_repository:save:62 - update dependency: /home/zhaorz/project/CodeWM/CodeWM_ProWES_Logits/reproduct/units/p06_tank_battle_game/python/replays/0001_seed_2408978515/p06_tank_battle_game_python/p06_tank_battle_game_python/tank_battle/arena.py:['docs/system_design/20260914120207.json', 'docs/task/20260914120207.json']
2026-09-14 13:18:57.060 | INFO     | metagpt.utils.file_repository:save:57 - save to: /home/zhaorz/project/CodeWM/CodeWM_ProWES_Logits/reproduct/units/p06_tank_battle_game/python/replays/0001_seed_2408978515/p06_tank_battle_game_python/p06_tank_battle_game_python/arena_wm_detRes.txt
>> saved: src/tank_battle/arena.py
2026-09-14 13:18:57.062 | INFO     | metagpt.utils.file_repository:save:57 - save to: /home/zhaorz/project/CodeWM/CodeWM_ProWES_Logits/reproduct/units/p06_tank_battle_game/python/replays/0001_seed_2408978515/p06_tank_battle_game_python/docs/system_design/20260914120207.json
2026-09-14 13:18:57.064 | INFO     | metagpt.utils.file_repository:save:62 - update dependency: /home/zhaorz/project/CodeWM/CodeWM_ProWES_Logits/reproduct/units/p06_tank_battle_game/python/replays/0001_seed_2408978515/p06_tank_battle_game_python/docs/system_design/20260914120207.json:[]
2026-09-14 13:18:57.066 | INFO     | metagpt.utils.file_repository:save:57 - save to: /home/zhaorz/project/CodeWM/CodeWM_ProWES_Logits/reproduct/units/p06_tank_battle_game/python/replays/0001_seed_2408978515/p06_tank_battle_game_python/docs/task/20260914120207.json
2026-09-14 13:18:57.068 | INFO     | metagpt.utils.file_repository:save:62 - update dependency: /home/zhaorz/project/CodeWM/CodeWM_ProWES_Logits/reproduct/units/p06_tank_battle_game/python/replays/0001_seed_2408978515/p06_tank_battle_game_python/docs/task/20260914120207.json:[]
>> [manual] Run 6/14: WriteCode -> tank_battle/tank.py
2026-09-14 13:18:57.079 | INFO     | metagpt.actions.write_code:run:186 - Writing tank_battle/tank.py..
2026-09-14 13:19:30.634 | INFO     | metagpt.utils.file_repository:save:57 - save to: /home/zhaorz/project/CodeWM/CodeWM_ProWES_Logits/reproduct/units/p06_tank_battle_game/python/replays/0001_seed_2408978515/p06_tank_battle_game_python/p06_tank_battle_game_python/tank_battle/tank.py
2026-09-14 13:19:30.635 | INFO     | metagpt.utils.file_repository:save:62 - update dependency: /home/zhaorz/project/CodeWM/CodeWM_ProWES_Logits/reproduct/units/p06_tank_battle_game/python/replays/0001_seed_2408978515/p06_tank_battle_game_python/p06_tank_battle_game_python/tank_battle/tank.py:['docs/system_design/20260914120207.json', 'docs/task/20260914120207.json']
2026-09-14 13:19:30.636 | INFO     | metagpt.utils.file_repository:save:57 - save to: /home/zhaorz/project/CodeWM/CodeWM_ProWES_Logits/reproduct/units/p06_tank_battle_game/python/replays/0001_seed_2408978515/p06_tank_battle_game_python/p06_tank_battle_game_python/tank_wm_detRes.txt
>> saved: src/tank_battle/tank.py
2026-09-14 13:19:30.638 | INFO     | metagpt.utils.file_repository:save:57 - save to: /home/zhaorz/project/CodeWM/CodeWM_ProWES_Logits/reproduct/units/p06_tank_battle_game/python/replays/0001_seed_2408978515/p06_tank_battle_game_python/docs/system_design/20260914120207.json
2026-09-14 13:19:30.639 | INFO     | metagpt.utils.file_repository:save:62 - update dependency: /home/zhaorz/project/CodeWM/CodeWM_ProWES_Logits/reproduct/units/p06_tank_battle_game/python/replays/0001_seed_2408978515/p06_tank_battle_game_python/docs/system_design/20260914120207.json:[]
2026-09-14 13:19:30.640 | INFO     | metagpt.utils.file_repository:save:57 - save to: /home/zhaorz/project/CodeWM/CodeWM_ProWES_Logits/reproduct/units/p06_tank_battle_game/python/replays/0001_seed_2408978515/p06_tank_battle_game_python/docs/task/20260914120207.json
2026-09-14 13:19:30.642 | INFO     | metagpt.utils.file_repository:save:62 - update dependency: /home/zhaorz/project/CodeWM/CodeWM_ProWES_Logits/reproduct/units/p06_tank_battle_game/python/replays/0001_seed_2408978515/p06_tank_battle_game_python/docs/task/20260914120207.json:[]
>> [manual] Run 7/14: WriteCode -> tank_battle/projectile.py
2026-09-14 13:19:30.647 | INFO     | metagpt.actions.write_code:run:186 - Writing tank_battle/projectile.py..
2026-09-14 13:20:05.132 | INFO     | metagpt.utils.file_repository:save:57 - save to: /home/zhaorz/project/CodeWM/CodeWM_ProWES_Logits/reproduct/units/p06_tank_battle_game/python/replays/0001_seed_2408978515/p06_tank_battle_game_python/p06_tank_battle_game_python/tank_battle/projectile.py
2026-09-14 13:20:05.134 | INFO     | metagpt.utils.file_repository:save:62 - update dependency: /home/zhaorz/project/CodeWM/CodeWM_ProWES_Logits/reproduct/units/p06_tank_battle_game/python/replays/0001_seed_2408978515/p06_tank_battle_game_python/p06_tank_battle_game_python/tank_battle/projectile.py:['docs/system_design/20260914120207.json', 'docs/task/20260914120207.json']
2026-09-14 13:20:05.135 | INFO     | metagpt.utils.file_repository:save:57 - save to: /home/zhaorz/project/CodeWM/CodeWM_ProWES_Logits/reproduct/units/p06_tank_battle_game/python/replays/0001_seed_2408978515/p06_tank_battle_game_python/p06_tank_battle_game_python/projectile_wm_detRes.txt
>> saved: src/tank_battle/projectile.py
2026-09-14 13:20:05.137 | INFO     | metagpt.utils.file_repository:save:57 - save to: /home/zhaorz/project/CodeWM/CodeWM_ProWES_Logits/reproduct/units/p06_tank_battle_game/python/replays/0001_seed_2408978515/p06_tank_battle_game_python/docs/system_design/20260914120207.json
2026-09-14 13:20:05.139 | INFO     | metagpt.utils.file_repository:save:62 - update dependency: /home/zhaorz/project/CodeWM/CodeWM_ProWES_Logits/reproduct/units/p06_tank_battle_game/python/replays/0001_seed_2408978515/p06_tank_battle_game_python/docs/system_design/20260914120207.json:[]
2026-09-14 13:20:05.140 | INFO     | metagpt.utils.file_repository:save:57 - save to: /home/zhaorz/project/CodeWM/CodeWM_ProWES_Logits/reproduct/units/p06_tank_battle_game/python/replays/0001_seed_2408978515/p06_tank_battle_game_python/docs/task/20260914120207.json
2026-09-14 13:20:05.141 | INFO     | metagpt.utils.file_repository:save:62 - update dependency: /home/zhaorz/project/CodeWM/CodeWM_ProWES_Logits/reproduct/units/p06_tank_battle_game/python/replays/0001_seed_2408978515/p06_tank_battle_game_python/docs/task/20260914120207.json:[]
>> [manual] Run 8/14: WriteCode -> tank_battle/commands.py
2026-09-14 13:20:05.148 | INFO     | metagpt.actions.write_code:run:186 - Writing tank_battle/commands.py..
2026-09-14 13:20:26.169 | INFO     | metagpt.utils.file_repository:save:57 - save to: /home/zhaorz/project/CodeWM/CodeWM_ProWES_Logits/reproduct/units/p06_tank_battle_game/python/replays/0001_seed_2408978515/p06_tank_battle_game_python/p06_tank_battle_game_python/tank_battle/commands.py
2026-09-14 13:20:26.170 | INFO     | metagpt.utils.file_repository:save:62 - update dependency: /home/zhaorz/project/CodeWM/CodeWM_ProWES_Logits/reproduct/units/p06_tank_battle_game/python/replays/0001_seed_2408978515/p06_tank_battle_game_python/p06_tank_battle_game_python/tank_battle/commands.py:['docs/system_design/20260914120207.json', 'docs/task/20260914120207.json']
2026-09-14 13:20:26.171 | INFO     | metagpt.utils.file_repository:save:57 - save to: /home/zhaorz/project/CodeWM/CodeWM_ProWES_Logits/reproduct/units/p06_tank_battle_game/python/replays/0001_seed_2408978515/p06_tank_battle_game_python/p06_tank_battle_game_python/commands_wm_detRes.txt
>> saved: src/tank_battle/commands.py
2026-09-14 13:20:26.172 | INFO     | metagpt.utils.file_repository:save:57 - save to: /home/zhaorz/project/CodeWM/CodeWM_ProWES_Logits/reproduct/units/p06_tank_battle_game/python/replays/0001_seed_2408978515/p06_tank_battle_game_python/docs/system_design/20260914120207.json
2026-09-14 13:20:26.173 | INFO     | metagpt.utils.file_repository:save:62 - update dependency: /home/zhaorz/project/CodeWM/CodeWM_ProWES_Logits/reproduct/units/p06_tank_battle_game/python/replays/0001_seed_2408978515/p06_tank_battle_game_python/docs/system_design/20260914120207.json:[]
2026-09-14 13:20:26.174 | INFO     | metagpt.utils.file_repository:save:57 - save to: /home/zhaorz/project/CodeWM/CodeWM_ProWES_Logits/reproduct/units/p06_tank_battle_game/python/replays/0001_seed_2408978515/p06_tank_battle_game_python/docs/task/20260914120207.json
2026-09-14 13:20:26.175 | INFO     | metagpt.utils.file_repository:save:62 - update dependency: /home/zhaorz/project/CodeWM/CodeWM_ProWES_Logits/reproduct/units/p06_tank_battle_game/python/replays/0001_seed_2408978515/p06_tank_battle_game_python/docs/task/20260914120207.json:[]
>> [manual] Run 9/14: WriteCode -> tank_battle/scoring.py
2026-09-14 13:20:26.179 | INFO     | metagpt.actions.write_code:run:186 - Writing tank_battle/scoring.py..
2026-09-14 13:20:57.576 | INFO     | metagpt.utils.file_repository:save:57 - save to: /home/zhaorz/project/CodeWM/CodeWM_ProWES_Logits/reproduct/units/p06_tank_battle_game/python/replays/0001_seed_2408978515/p06_tank_battle_game_python/p06_tank_battle_game_python/tank_battle/scoring.py
2026-09-14 13:20:57.579 | INFO     | metagpt.utils.file_repository:save:62 - update dependency: /home/zhaorz/project/CodeWM/CodeWM_ProWES_Logits/reproduct/units/p06_tank_battle_game/python/replays/0001_seed_2408978515/p06_tank_battle_game_python/p06_tank_battle_game_python/tank_battle/scoring.py:['docs/system_design/20260914120207.json', 'docs/task/20260914120207.json']
2026-09-14 13:20:57.581 | INFO     | metagpt.utils.file_repository:save:57 - save to: /home/zhaorz/project/CodeWM/CodeWM_ProWES_Logits/reproduct/units/p06_tank_battle_game/python/replays/0001_seed_2408978515/p06_tank_battle_game_python/p06_tank_battle_game_python/scoring_wm_detRes.txt
>> saved: src/tank_battle/scoring.py
2026-09-14 13:20:57.584 | INFO     | metagpt.utils.file_repository:save:57 - save to: /home/zhaorz/project/CodeWM/CodeWM_ProWES_Logits/reproduct/units/p06_tank_battle_game/python/replays/0001_seed_2408978515/p06_tank_battle_game_python/docs/system_design/20260914120207.json
2026-09-14 13:20:57.586 | INFO     | metagpt.utils.file_repository:save:62 - update dependency: /home/zhaorz/project/CodeWM/CodeWM_ProWES_Logits/reproduct/units/p06_tank_battle_game/python/replays/0001_seed_2408978515/p06_tank_battle_game_python/docs/system_design/20260914120207.json:[]
2026-09-14 13:20:57.587 | INFO     | metagpt.utils.file_repository:save:57 - save to: /home/zhaorz/project/CodeWM/CodeWM_ProWES_Logits/reproduct/units/p06_tank_battle_game/python/replays/0001_seed_2408978515/p06_tank_battle_game_python/docs/task/20260914120207.json
2026-09-14 13:20:57.589 | INFO     | metagpt.utils.file_repository:save:62 - update dependency: /home/zhaorz/project/CodeWM/CodeWM_ProWES_Logits/reproduct/units/p06_tank_battle_game/python/replays/0001_seed_2408978515/p06_tank_battle_game_python/docs/task/20260914120207.json:[]
>> [manual] Run 10/14: WriteCode -> tank_battle/game.py
2026-09-14 13:20:57.598 | INFO     | metagpt.actions.write_code:run:186 - Writing tank_battle/game.py..
2026-09-14 13:23:28.265 | INFO     | metagpt.utils.file_repository:save:57 - save to: /home/zhaorz/project/CodeWM/CodeWM_ProWES_Logits/reproduct/units/p06_tank_battle_game/python/replays/0001_seed_2408978515/p06_tank_battle_game_python/p06_tank_battle_game_python/tank_battle/game.py
2026-09-14 13:23:28.267 | INFO     | metagpt.utils.file_repository:save:62 - update dependency: /home/zhaorz/project/CodeWM/CodeWM_ProWES_Logits/reproduct/units/p06_tank_battle_game/python/replays/0001_seed_2408978515/p06_tank_battle_game_python/p06_tank_battle_game_python/tank_battle/game.py:['docs/system_design/20260914120207.json', 'docs/task/20260914120207.json']
2026-09-14 13:23:28.269 | INFO     | metagpt.utils.file_repository:save:57 - save to: /home/zhaorz/project/CodeWM/CodeWM_ProWES_Logits/reproduct/units/p06_tank_battle_game/python/replays/0001_seed_2408978515/p06_tank_battle_game_python/p06_tank_battle_game_python/game_wm_detRes.txt
>> saved: src/tank_battle/game.py
2026-09-14 13:23:28.271 | INFO     | metagpt.utils.file_repository:save:57 - save to: /home/zhaorz/project/CodeWM/CodeWM_ProWES_Logits/reproduct/units/p06_tank_battle_game/python/replays/0001_seed_2408978515/p06_tank_battle_game_python/docs/system_design/20260914120207.json
2026-09-14 13:23:28.272 | INFO     | metagpt.utils.file_repository:save:62 - update dependency: /home/zhaorz/project/CodeWM/CodeWM_ProWES_Logits/reproduct/units/p06_tank_battle_game/python/replays/0001_seed_2408978515/p06_tank_battle_game_python/docs/system_design/20260914120207.json:[]
2026-09-14 13:23:28.274 | INFO     | metagpt.utils.file_repository:save:57 - save to: /home/zhaorz/project/CodeWM/CodeWM_ProWES_Logits/reproduct/units/p06_tank_battle_game/python/replays/0001_seed_2408978515/p06_tank_battle_game_python/docs/task/20260914120207.json
2026-09-14 13:23:28.275 | INFO     | metagpt.utils.file_repository:save:62 - update dependency: /home/zhaorz/project/CodeWM/CodeWM_ProWES_Logits/reproduct/units/p06_tank_battle_game/python/replays/0001_seed_2408978515/p06_tank_battle_game_python/docs/task/20260914120207.json:[]
>> [manual] Run 11/14: WriteCode -> tank_battle/configs.py
2026-09-14 13:23:28.287 | INFO     | metagpt.actions.write_code:run:186 - Writing tank_battle/configs.py..
2026-09-14 13:23:52.400 | INFO     | metagpt.utils.file_repository:save:57 - save to: /home/zhaorz/project/CodeWM/CodeWM_ProWES_Logits/reproduct/units/p06_tank_battle_game/python/replays/0001_seed_2408978515/p06_tank_battle_game_python/p06_tank_battle_game_python/tank_battle/configs.py
2026-09-14 13:23:52.402 | INFO     | metagpt.utils.file_repository:save:62 - update dependency: /home/zhaorz/project/CodeWM/CodeWM_ProWES_Logits/reproduct/units/p06_tank_battle_game/python/replays/0001_seed_2408978515/p06_tank_battle_game_python/p06_tank_battle_game_python/tank_battle/configs.py:['docs/system_design/20260914120207.json', 'docs/task/20260914120207.json']
2026-09-14 13:23:52.403 | INFO     | metagpt.utils.file_repository:save:57 - save to: /home/zhaorz/project/CodeWM/CodeWM_ProWES_Logits/reproduct/units/p06_tank_battle_game/python/replays/0001_seed_2408978515/p06_tank_battle_game_python/p06_tank_battle_game_python/configs_wm_detRes.txt
>> saved: src/tank_battle/configs.py
2026-09-14 13:23:52.405 | INFO     | metagpt.utils.file_repository:save:57 - save to: /home/zhaorz/project/CodeWM/CodeWM_ProWES_Logits/reproduct/units/p06_tank_battle_game/python/replays/0001_seed_2408978515/p06_tank_battle_game_python/docs/system_design/20260914120207.json
2026-09-14 13:23:52.406 | INFO     | metagpt.utils.file_repository:save:62 - update dependency: /home/zhaorz/project/CodeWM/CodeWM_ProWES_Logits/reproduct/units/p06_tank_battle_game/python/replays/0001_seed_2408978515/p06_tank_battle_game_python/docs/system_design/20260914120207.json:[]
2026-09-14 13:23:52.408 | INFO     | metagpt.utils.file_repository:save:57 - save to: /home/zhaorz/project/CodeWM/CodeWM_ProWES_Logits/reproduct/units/p06_tank_battle_game/python/replays/0001_seed_2408978515/p06_tank_battle_game_python/docs/task/20260914120207.json
2026-09-14 13:23:52.409 | INFO     | metagpt.utils.file_repository:save:62 - update dependency: /home/zhaorz/project/CodeWM/CodeWM_ProWES_Logits/reproduct/units/p06_tank_battle_game/python/replays/0001_seed_2408978515/p06_tank_battle_game_python/docs/task/20260914120207.json:[]
>> [manual] Run 12/14: WriteCode -> tank_battle/__init__.py
2026-09-14 13:23:52.417 | INFO     | metagpt.actions.write_code:run:186 - Writing tank_battle/__init__.py..
2026-09-14 13:24:06.986 | INFO     | metagpt.utils.file_repository:save:57 - save to: /home/zhaorz/project/CodeWM/CodeWM_ProWES_Logits/reproduct/units/p06_tank_battle_game/python/replays/0001_seed_2408978515/p06_tank_battle_game_python/p06_tank_battle_game_python/tank_battle/__init__.py
2026-09-14 13:24:06.988 | INFO     | metagpt.utils.file_repository:save:62 - update dependency: /home/zhaorz/project/CodeWM/CodeWM_ProWES_Logits/reproduct/units/p06_tank_battle_game/python/replays/0001_seed_2408978515/p06_tank_battle_game_python/p06_tank_battle_game_python/tank_battle/__init__.py:['docs/system_design/20260914120207.json', 'docs/task/20260914120207.json']
2026-09-14 13:24:06.990 | INFO     | metagpt.utils.file_repository:save:57 - save to: /home/zhaorz/project/CodeWM/CodeWM_ProWES_Logits/reproduct/units/p06_tank_battle_game/python/replays/0001_seed_2408978515/p06_tank_battle_game_python/p06_tank_battle_game_python/__init___wm_detRes.txt
>> saved: src/tank_battle/__init__.py
2026-09-14 13:24:06.992 | INFO     | metagpt.utils.file_repository:save:57 - save to: /home/zhaorz/project/CodeWM/CodeWM_ProWES_Logits/reproduct/units/p06_tank_battle_game/python/replays/0001_seed_2408978515/p06_tank_battle_game_python/docs/system_design/20260914120207.json
2026-09-14 13:24:06.993 | INFO     | metagpt.utils.file_repository:save:62 - update dependency: /home/zhaorz/project/CodeWM/CodeWM_ProWES_Logits/reproduct/units/p06_tank_battle_game/python/replays/0001_seed_2408978515/p06_tank_battle_game_python/docs/system_design/20260914120207.json:[]
2026-09-14 13:24:06.994 | INFO     | metagpt.utils.file_repository:save:57 - save to: /home/zhaorz/project/CodeWM/CodeWM_ProWES_Logits/reproduct/units/p06_tank_battle_game/python/replays/0001_seed_2408978515/p06_tank_battle_game_python/docs/task/20260914120207.json
2026-09-14 13:24:06.996 | INFO     | metagpt.utils.file_repository:save:62 - update dependency: /home/zhaorz/project/CodeWM/CodeWM_ProWES_Logits/reproduct/units/p06_tank_battle_game/python/replays/0001_seed_2408978515/p06_tank_battle_game_python/docs/task/20260914120207.json:[]
>> [manual] Run 13/14: WriteCode -> Main.py
2026-09-14 13:24:07.009 | INFO     | metagpt.actions.write_code:run:186 - Writing Main.py..
2026-09-14 13:24:23.224 | INFO     | metagpt.utils.file_repository:save:57 - save to: /home/zhaorz/project/CodeWM/CodeWM_ProWES_Logits/reproduct/units/p06_tank_battle_game/python/replays/0001_seed_2408978515/p06_tank_battle_game_python/p06_tank_battle_game_python/Main.py
2026-09-14 13:24:23.226 | INFO     | metagpt.utils.file_repository:save:62 - update dependency: /home/zhaorz/project/CodeWM/CodeWM_ProWES_Logits/reproduct/units/p06_tank_battle_game/python/replays/0001_seed_2408978515/p06_tank_battle_game_python/p06_tank_battle_game_python/Main.py:['docs/system_design/20260914120207.json', 'docs/task/20260914120207.json']
2026-09-14 13:24:23.227 | INFO     | metagpt.utils.file_repository:save:57 - save to: /home/zhaorz/project/CodeWM/CodeWM_ProWES_Logits/reproduct/units/p06_tank_battle_game/python/replays/0001_seed_2408978515/p06_tank_battle_game_python/p06_tank_battle_game_python/Main_wm_detRes.txt
>> saved: src/Main.py
2026-09-14 13:24:23.230 | INFO     | metagpt.utils.file_repository:save:57 - save to: /home/zhaorz/project/CodeWM/CodeWM_ProWES_Logits/reproduct/units/p06_tank_battle_game/python/replays/0001_seed_2408978515/p06_tank_battle_game_python/docs/system_design/20260914120207.json
2026-09-14 13:24:23.231 | INFO     | metagpt.utils.file_repository:save:62 - update dependency: /home/zhaorz/project/CodeWM/CodeWM_ProWES_Logits/reproduct/units/p06_tank_battle_game/python/replays/0001_seed_2408978515/p06_tank_battle_game_python/docs/system_design/20260914120207.json:[]
2026-09-14 13:24:23.232 | INFO     | metagpt.utils.file_repository:save:57 - save to: /home/zhaorz/project/CodeWM/CodeWM_ProWES_Logits/reproduct/units/p06_tank_battle_game/python/replays/0001_seed_2408978515/p06_tank_battle_game_python/docs/task/20260914120207.json
2026-09-14 13:24:23.235 | INFO     | metagpt.utils.file_repository:save:62 - update dependency: /home/zhaorz/project/CodeWM/CodeWM_ProWES_Logits/reproduct/units/p06_tank_battle_game/python/replays/0001_seed_2408978515/p06_tank_battle_game_python/docs/task/20260914120207.json:[]
>> [manual] Run 14/14: WriteCode -> tests/test_main.py
2026-09-14 13:24:23.263 | INFO     | metagpt.actions.write_code:run:186 - Writing tests/test_main.py..
2026-09-14 13:25:32.081 | INFO     | metagpt.utils.file_repository:save:57 - save to: /home/zhaorz/project/CodeWM/CodeWM_ProWES_Logits/reproduct/units/p06_tank_battle_game/python/replays/0001_seed_2408978515/p06_tank_battle_game_python/p06_tank_battle_game_python/tests/test_main.py
2026-09-14 13:25:32.083 | INFO     | metagpt.utils.file_repository:save:62 - update dependency: /home/zhaorz/project/CodeWM/CodeWM_ProWES_Logits/reproduct/units/p06_tank_battle_game/python/replays/0001_seed_2408978515/p06_tank_battle_game_python/p06_tank_battle_game_python/tests/test_main.py:['docs/system_design/20260914120207.json', 'docs/task/20260914120207.json']
2026-09-14 13:25:32.084 | INFO     | metagpt.utils.file_repository:save:57 - save to: /home/zhaorz/project/CodeWM/CodeWM_ProWES_Logits/reproduct/units/p06_tank_battle_game/python/replays/0001_seed_2408978515/p06_tank_battle_game_python/p06_tank_battle_game_python/test_main_wm_detRes.txt
>> saved: src/tests/test_main.py
>> [manual] all WriteCode actions finished.
[replay-worker] p06_tank_battle_game_python passed=True
[replay-worker] waiting for accepted seeds
[replay-worker] waiting for accepted seeds
[replay-worker] waiting for accepted seeds
[replay-worker] waiting for accepted seeds
[replay-worker] waiting for accepted seeds
[replay-worker] waiting for accepted seeds
[replay-worker] waiting for accepted seeds
[replay-worker] waiting for accepted seeds
[replay-worker] waiting for accepted seeds
[replay-worker] waiting for accepted seeds
[replay-worker] waiting for accepted seeds
[replay-worker] waiting for accepted seeds
[replay-worker] waiting for accepted seeds
[replay-worker] waiting for accepted seeds
[replay-worker] waiting for accepted seeds
[replay-worker] waiting for accepted seeds
[replay-worker] waiting for accepted seeds
[replay-worker] waiting for accepted seeds
[replay-worker] waiting for accepted seeds
[replay-worker] waiting for accepted seeds
>> recovering from: /home/zhaorz/project/CodeWM/CodeWM_ProWES_Logits/reproduct/units/p07_calculator/java/architecture/team
>> team.json exists: True path: /home/zhaorz/project/CodeWM/CodeWM_ProWES_Logits/reproduct/units/p07_calculator/java/architecture/team/team.json
>> ctx.git_repo.workdir = /home/zhaorz/project/CodeWM/CodeWM_ProWES_Logits/reproduct/units/p07_calculator/java/replays/0001_seed_1570566783/p07_calculator_java
eng.code_todos: ['pom.xml', 'src/main/java/TokenType.java', 'src/main/java/Token.java', 'src/main/java/CalculatorException.java', 'src/main/java/TokenizationException.java', 'src/main/java/ParseException.java', 'src/main/java/EvaluationException.java', 'src/main/java/DivisionByZeroException.java', 'src/main/java/CalculationResult.java', 'src/main/java/HistoryEntry.java', 'src/main/java/CalculationHistory.java', 'src/main/java/Tokenizer.java', 'src/main/java/Parser.java', 'src/main/java/Calculator.java', 'src/main/java/Main.java', 'src/test/java/MainTest.java']
>> ready, ctx.git_repo.workdir = /home/zhaorz/project/CodeWM/CodeWM_ProWES_Logits/reproduct/units/p07_calculator/java/replays/0001_seed_1570566783/p07_calculator_java
>> ctx.git_repo.workdir = /home/zhaorz/project/CodeWM/CodeWM_ProWES_Logits/reproduct/units/p07_calculator/java/replays/0001_seed_1570566783/p07_calculator_java
2026-09-14 13:32:15.885 | INFO     | metagpt.utils.file_repository:save:57 - save to: /home/zhaorz/project/CodeWM/CodeWM_ProWES_Logits/reproduct/units/p07_calculator/java/replays/0001_seed_1570566783/p07_calculator_java/docs/system_design/20260914120849.json
2026-09-14 13:32:15.886 | INFO     | metagpt.utils.file_repository:save:62 - update dependency: /home/zhaorz/project/CodeWM/CodeWM_ProWES_Logits/reproduct/units/p07_calculator/java/replays/0001_seed_1570566783/p07_calculator_java/docs/system_design/20260914120849.json:[]
2026-09-14 13:32:15.887 | INFO     | metagpt.utils.file_repository:save:57 - save to: /home/zhaorz/project/CodeWM/CodeWM_ProWES_Logits/reproduct/units/p07_calculator/java/replays/0001_seed_1570566783/p07_calculator_java/docs/task/20260914120849.json
2026-09-14 13:32:15.888 | INFO     | metagpt.utils.file_repository:save:62 - update dependency: /home/zhaorz/project/CodeWM/CodeWM_ProWES_Logits/reproduct/units/p07_calculator/java/replays/0001_seed_1570566783/p07_calculator_java/docs/task/20260914120849.json:[]
>> [manual] Run 1/16: WriteCode -> pom.xml
2026-09-14 13:32:15.891 | INFO     | metagpt.actions.write_code:run:186 - Writing pom.xml..
2026-09-14 13:32:37.557 | INFO     | metagpt.utils.file_repository:save:57 - save to: /home/zhaorz/project/CodeWM/CodeWM_ProWES_Logits/reproduct/units/p07_calculator/java/replays/0001_seed_1570566783/p07_calculator_java/p07_calculator_java/pom.xml
2026-09-14 13:32:37.558 | INFO     | metagpt.utils.file_repository:save:62 - update dependency: /home/zhaorz/project/CodeWM/CodeWM_ProWES_Logits/reproduct/units/p07_calculator/java/replays/0001_seed_1570566783/p07_calculator_java/p07_calculator_java/pom.xml:['docs/task/20260914120849.json', 'docs/system_design/20260914120849.json']
2026-09-14 13:32:37.559 | INFO     | metagpt.utils.file_repository:save:57 - save to: /home/zhaorz/project/CodeWM/CodeWM_ProWES_Logits/reproduct/units/p07_calculator/java/replays/0001_seed_1570566783/p07_calculator_java/p07_calculator_java/pom_wm_detRes.txt
>> saved: src/pom.xml
2026-09-14 13:32:37.561 | INFO     | metagpt.utils.file_repository:save:57 - save to: /home/zhaorz/project/CodeWM/CodeWM_ProWES_Logits/reproduct/units/p07_calculator/java/replays/0001_seed_1570566783/p07_calculator_java/docs/system_design/20260914120849.json
2026-09-14 13:32:37.562 | INFO     | metagpt.utils.file_repository:save:62 - update dependency: /home/zhaorz/project/CodeWM/CodeWM_ProWES_Logits/reproduct/units/p07_calculator/java/replays/0001_seed_1570566783/p07_calculator_java/docs/system_design/20260914120849.json:[]
2026-09-14 13:32:37.563 | INFO     | metagpt.utils.file_repository:save:57 - save to: /home/zhaorz/project/CodeWM/CodeWM_ProWES_Logits/reproduct/units/p07_calculator/java/replays/0001_seed_1570566783/p07_calculator_java/docs/task/20260914120849.json
2026-09-14 13:32:37.564 | INFO     | metagpt.utils.file_repository:save:62 - update dependency: /home/zhaorz/project/CodeWM/CodeWM_ProWES_Logits/reproduct/units/p07_calculator/java/replays/0001_seed_1570566783/p07_calculator_java/docs/task/20260914120849.json:[]
>> [manual] Run 2/16: WriteCode -> src/main/java/TokenType.java
2026-09-14 13:32:37.568 | INFO     | metagpt.actions.write_code:run:186 - Writing src/main/java/TokenType.java..
2026-09-14 13:32:47.082 | INFO     | metagpt.utils.file_repository:save:57 - save to: /home/zhaorz/project/CodeWM/CodeWM_ProWES_Logits/reproduct/units/p07_calculator/java/replays/0001_seed_1570566783/p07_calculator_java/p07_calculator_java/src/main/java/TokenType.java
2026-09-14 13:32:47.084 | INFO     | metagpt.utils.file_repository:save:62 - update dependency: /home/zhaorz/project/CodeWM/CodeWM_ProWES_Logits/reproduct/units/p07_calculator/java/replays/0001_seed_1570566783/p07_calculator_java/p07_calculator_java/src/main/java/TokenType.java:['docs/task/20260914120849.json', 'docs/system_design/20260914120849.json']
2026-09-14 13:32:47.085 | INFO     | metagpt.utils.file_repository:save:57 - save to: /home/zhaorz/project/CodeWM/CodeWM_ProWES_Logits/reproduct/units/p07_calculator/java/replays/0001_seed_1570566783/p07_calculator_java/p07_calculator_java/TokenType_wm_detRes.txt
>> saved: src/src/main/java/TokenType.java
2026-09-14 13:32:47.086 | INFO     | metagpt.utils.file_repository:save:57 - save to: /home/zhaorz/project/CodeWM/CodeWM_ProWES_Logits/reproduct/units/p07_calculator/java/replays/0001_seed_1570566783/p07_calculator_java/docs/system_design/20260914120849.json
2026-09-14 13:32:47.087 | INFO     | metagpt.utils.file_repository:save:62 - update dependency: /home/zhaorz/project/CodeWM/CodeWM_ProWES_Logits/reproduct/units/p07_calculator/java/replays/0001_seed_1570566783/p07_calculator_java/docs/system_design/20260914120849.json:[]
2026-09-14 13:32:47.088 | INFO     | metagpt.utils.file_repository:save:57 - save to: /home/zhaorz/project/CodeWM/CodeWM_ProWES_Logits/reproduct/units/p07_calculator/java/replays/0001_seed_1570566783/p07_calculator_java/docs/task/20260914120849.json
2026-09-14 13:32:47.089 | INFO     | metagpt.utils.file_repository:save:62 - update dependency: /home/zhaorz/project/CodeWM/CodeWM_ProWES_Logits/reproduct/units/p07_calculator/java/replays/0001_seed_1570566783/p07_calculator_java/docs/task/20260914120849.json:[]
>> [manual] Run 3/16: WriteCode -> src/main/java/Token.java
2026-09-14 13:32:47.091 | INFO     | metagpt.actions.write_code:run:186 - Writing src/main/java/Token.java..
2026-09-14 13:33:01.135 | INFO     | metagpt.utils.file_repository:save:57 - save to: /home/zhaorz/project/CodeWM/CodeWM_ProWES_Logits/reproduct/units/p07_calculator/java/replays/0001_seed_1570566783/p07_calculator_java/p07_calculator_java/src/main/java/Token.java
2026-09-14 13:33:01.137 | INFO     | metagpt.utils.file_repository:save:62 - update dependency: /home/zhaorz/project/CodeWM/CodeWM_ProWES_Logits/reproduct/units/p07_calculator/java/replays/0001_seed_1570566783/p07_calculator_java/p07_calculator_java/src/main/java/Token.java:['docs/task/20260914120849.json', 'docs/system_design/20260914120849.json']
2026-09-14 13:33:01.138 | INFO     | metagpt.utils.file_repository:save:57 - save to: /home/zhaorz/project/CodeWM/CodeWM_ProWES_Logits/reproduct/units/p07_calculator/java/replays/0001_seed_1570566783/p07_calculator_java/p07_calculator_java/Token_wm_detRes.txt
>> saved: src/src/main/java/Token.java
2026-09-14 13:33:01.139 | INFO     | metagpt.utils.file_repository:save:57 - save to: /home/zhaorz/project/CodeWM/CodeWM_ProWES_Logits/reproduct/units/p07_calculator/java/replays/0001_seed_1570566783/p07_calculator_java/docs/system_design/20260914120849.json
2026-09-14 13:33:01.141 | INFO     | metagpt.utils.file_repository:save:62 - update dependency: /home/zhaorz/project/CodeWM/CodeWM_ProWES_Logits/reproduct/units/p07_calculator/java/replays/0001_seed_1570566783/p07_calculator_java/docs/system_design/20260914120849.json:[]
2026-09-14 13:33:01.142 | INFO     | metagpt.utils.file_repository:save:57 - save to: /home/zhaorz/project/CodeWM/CodeWM_ProWES_Logits/reproduct/units/p07_calculator/java/replays/0001_seed_1570566783/p07_calculator_java/docs/task/20260914120849.json
2026-09-14 13:33:01.144 | INFO     | metagpt.utils.file_repository:save:62 - update dependency: /home/zhaorz/project/CodeWM/CodeWM_ProWES_Logits/reproduct/units/p07_calculator/java/replays/0001_seed_1570566783/p07_calculator_java/docs/task/20260914120849.json:[]
>> [manual] Run 4/16: WriteCode -> src/main/java/CalculatorException.java
2026-09-14 13:33:01.148 | INFO     | metagpt.actions.write_code:run:186 - Writing src/main/java/CalculatorException.java..
2026-09-14 13:33:07.447 | INFO     | metagpt.utils.file_repository:save:57 - save to: /home/zhaorz/project/CodeWM/CodeWM_ProWES_Logits/reproduct/units/p07_calculator/java/replays/0001_seed_1570566783/p07_calculator_java/p07_calculator_java/src/main/java/CalculatorException.java
2026-09-14 13:33:07.449 | INFO     | metagpt.utils.file_repository:save:62 - update dependency: /home/zhaorz/project/CodeWM/CodeWM_ProWES_Logits/reproduct/units/p07_calculator/java/replays/0001_seed_1570566783/p07_calculator_java/p07_calculator_java/src/main/java/CalculatorException.java:['docs/task/20260914120849.json', 'docs/system_design/20260914120849.json']
2026-09-14 13:33:07.450 | INFO     | metagpt.utils.file_repository:save:57 - save to: /home/zhaorz/project/CodeWM/CodeWM_ProWES_Logits/reproduct/units/p07_calculator/java/replays/0001_seed_1570566783/p07_calculator_java/p07_calculator_java/CalculatorException_wm_detRes.txt
>> saved: src/src/main/java/CalculatorException.java
2026-09-14 13:33:07.451 | INFO     | metagpt.utils.file_repository:save:57 - save to: /home/zhaorz/project/CodeWM/CodeWM_ProWES_Logits/reproduct/units/p07_calculator/java/replays/0001_seed_1570566783/p07_calculator_java/docs/system_design/20260914120849.json
2026-09-14 13:33:07.452 | INFO     | metagpt.utils.file_repository:save:62 - update dependency: /home/zhaorz/project/CodeWM/CodeWM_ProWES_Logits/reproduct/units/p07_calculator/java/replays/0001_seed_1570566783/p07_calculator_java/docs/system_design/20260914120849.json:[]
2026-09-14 13:33:07.453 | INFO     | metagpt.utils.file_repository:save:57 - save to: /home/zhaorz/project/CodeWM/CodeWM_ProWES_Logits/reproduct/units/p07_calculator/java/replays/0001_seed_1570566783/p07_calculator_java/docs/task/20260914120849.json
2026-09-14 13:33:07.454 | INFO     | metagpt.utils.file_repository:save:62 - update dependency: /home/zhaorz/project/CodeWM/CodeWM_ProWES_Logits/reproduct/units/p07_calculator/java/replays/0001_seed_1570566783/p07_calculator_java/docs/task/20260914120849.json:[]
>> [manual] Run 5/16: WriteCode -> src/main/java/TokenizationException.java
2026-09-14 13:33:07.458 | INFO     | metagpt.actions.write_code:run:186 - Writing src/main/java/TokenizationException.java..
2026-09-14 13:33:14.440 | INFO     | metagpt.utils.file_repository:save:57 - save to: /home/zhaorz/project/CodeWM/CodeWM_ProWES_Logits/reproduct/units/p07_calculator/java/replays/0001_seed_1570566783/p07_calculator_java/p07_calculator_java/src/main/java/TokenizationException.java
2026-09-14 13:33:14.442 | INFO     | metagpt.utils.file_repository:save:62 - update dependency: /home/zhaorz/project/CodeWM/CodeWM_ProWES_Logits/reproduct/units/p07_calculator/java/replays/0001_seed_1570566783/p07_calculator_java/p07_calculator_java/src/main/java/TokenizationException.java:['docs/task/20260914120849.json', 'docs/system_design/20260914120849.json']
2026-09-14 13:33:14.443 | INFO     | metagpt.utils.file_repository:save:57 - save to: /home/zhaorz/project/CodeWM/CodeWM_ProWES_Logits/reproduct/units/p07_calculator/java/replays/0001_seed_1570566783/p07_calculator_java/p07_calculator_java/TokenizationException_wm_detRes.txt
>> saved: src/src/main/java/TokenizationException.java
2026-09-14 13:33:14.445 | INFO     | metagpt.utils.file_repository:save:57 - save to: /home/zhaorz/project/CodeWM/CodeWM_ProWES_Logits/reproduct/units/p07_calculator/java/replays/0001_seed_1570566783/p07_calculator_java/docs/system_design/20260914120849.json
2026-09-14 13:33:14.446 | INFO     | metagpt.utils.file_repository:save:62 - update dependency: /home/zhaorz/project/CodeWM/CodeWM_ProWES_Logits/reproduct/units/p07_calculator/java/replays/0001_seed_1570566783/p07_calculator_java/docs/system_design/20260914120849.json:[]
2026-09-14 13:33:14.447 | INFO     | metagpt.utils.file_repository:save:57 - save to: /home/zhaorz/project/CodeWM/CodeWM_ProWES_Logits/reproduct/units/p07_calculator/java/replays/0001_seed_1570566783/p07_calculator_java/docs/task/20260914120849.json
2026-09-14 13:33:14.449 | INFO     | metagpt.utils.file_repository:save:62 - update dependency: /home/zhaorz/project/CodeWM/CodeWM_ProWES_Logits/reproduct/units/p07_calculator/java/replays/0001_seed_1570566783/p07_calculator_java/docs/task/20260914120849.json:[]
>> [manual] Run 6/16: WriteCode -> src/main/java/ParseException.java
2026-09-14 13:33:14.454 | INFO     | metagpt.actions.write_code:run:186 - Writing src/main/java/ParseException.java..
2026-09-14 13:33:21.232 | INFO     | metagpt.utils.file_repository:save:57 - save to: /home/zhaorz/project/CodeWM/CodeWM_ProWES_Logits/reproduct/units/p07_calculator/java/replays/0001_seed_1570566783/p07_calculator_java/p07_calculator_java/src/main/java/ParseException.java
2026-09-14 13:33:21.235 | INFO     | metagpt.utils.file_repository:save:62 - update dependency: /home/zhaorz/project/CodeWM/CodeWM_ProWES_Logits/reproduct/units/p07_calculator/java/replays/0001_seed_1570566783/p07_calculator_java/p07_calculator_java/src/main/java/ParseException.java:['docs/task/20260914120849.json', 'docs/system_design/20260914120849.json']
2026-09-14 13:33:21.236 | INFO     | metagpt.utils.file_repository:save:57 - save to: /home/zhaorz/project/CodeWM/CodeWM_ProWES_Logits/reproduct/units/p07_calculator/java/replays/0001_seed_1570566783/p07_calculator_java/p07_calculator_java/ParseException_wm_detRes.txt
>> saved: src/src/main/java/ParseException.java
2026-09-14 13:33:21.238 | INFO     | metagpt.utils.file_repository:save:57 - save to: /home/zhaorz/project/CodeWM/CodeWM_ProWES_Logits/reproduct/units/p07_calculator/java/replays/0001_seed_1570566783/p07_calculator_java/docs/system_design/20260914120849.json
2026-09-14 13:33:21.240 | INFO     | metagpt.utils.file_repository:save:62 - update dependency: /home/zhaorz/project/CodeWM/CodeWM_ProWES_Logits/reproduct/units/p07_calculator/java/replays/0001_seed_1570566783/p07_calculator_java/docs/system_design/20260914120849.json:[]
2026-09-14 13:33:21.241 | INFO     | metagpt.utils.file_repository:save:57 - save to: /home/zhaorz/project/CodeWM/CodeWM_ProWES_Logits/reproduct/units/p07_calculator/java/replays/0001_seed_1570566783/p07_calculator_java/docs/task/20260914120849.json
2026-09-14 13:33:21.243 | INFO     | metagpt.utils.file_repository:save:62 - update dependency: /home/zhaorz/project/CodeWM/CodeWM_ProWES_Logits/reproduct/units/p07_calculator/java/replays/0001_seed_1570566783/p07_calculator_java/docs/task/20260914120849.json:[]
>> [manual] Run 7/16: WriteCode -> src/main/java/EvaluationException.java
2026-09-14 13:33:21.250 | INFO     | metagpt.actions.write_code:run:186 - Writing src/main/java/EvaluationException.java..
2026-09-14 13:33:28.116 | INFO     | metagpt.utils.file_repository:save:57 - save to: /home/zhaorz/project/CodeWM/CodeWM_ProWES_Logits/reproduct/units/p07_calculator/java/replays/0001_seed_1570566783/p07_calculator_java/p07_calculator_java/src/main/java/EvaluationException.java
2026-09-14 13:33:28.118 | INFO     | metagpt.utils.file_repository:save:62 - update dependency: /home/zhaorz/project/CodeWM/CodeWM_ProWES_Logits/reproduct/units/p07_calculator/java/replays/0001_seed_1570566783/p07_calculator_java/p07_calculator_java/src/main/java/EvaluationException.java:['docs/task/20260914120849.json', 'docs/system_design/20260914120849.json']
2026-09-14 13:33:28.119 | INFO     | metagpt.utils.file_repository:save:57 - save to: /home/zhaorz/project/CodeWM/CodeWM_ProWES_Logits/reproduct/units/p07_calculator/java/replays/0001_seed_1570566783/p07_calculator_java/p07_calculator_java/EvaluationException_wm_detRes.txt
>> saved: src/src/main/java/EvaluationException.java
2026-09-14 13:33:28.121 | INFO     | metagpt.utils.file_repository:save:57 - save to: /home/zhaorz/project/CodeWM/CodeWM_ProWES_Logits/reproduct/units/p07_calculator/java/replays/0001_seed_1570566783/p07_calculator_java/docs/system_design/20260914120849.json
2026-09-14 13:33:28.122 | INFO     | metagpt.utils.file_repository:save:62 - update dependency: /home/zhaorz/project/CodeWM/CodeWM_ProWES_Logits/reproduct/units/p07_calculator/java/replays/0001_seed_1570566783/p07_calculator_java/docs/system_design/20260914120849.json:[]
2026-09-14 13:33:28.123 | INFO     | metagpt.utils.file_repository:save:57 - save to: /home/zhaorz/project/CodeWM/CodeWM_ProWES_Logits/reproduct/units/p07_calculator/java/replays/0001_seed_1570566783/p07_calculator_java/docs/task/20260914120849.json
2026-09-14 13:33:28.125 | INFO     | metagpt.utils.file_repository:save:62 - update dependency: /home/zhaorz/project/CodeWM/CodeWM_ProWES_Logits/reproduct/units/p07_calculator/java/replays/0001_seed_1570566783/p07_calculator_java/docs/task/20260914120849.json:[]
>> [manual] Run 8/16: WriteCode -> src/main/java/DivisionByZeroException.java
2026-09-14 13:33:28.131 | INFO     | metagpt.actions.write_code:run:186 - Writing src/main/java/DivisionByZeroException.java..
2026-09-14 13:33:34.879 | INFO     | metagpt.utils.file_repository:save:57 - save to: /home/zhaorz/project/CodeWM/CodeWM_ProWES_Logits/reproduct/units/p07_calculator/java/replays/0001_seed_1570566783/p07_calculator_java/p07_calculator_java/src/main/java/DivisionByZeroException.java
2026-09-14 13:33:34.881 | INFO     | metagpt.utils.file_repository:save:62 - update dependency: /home/zhaorz/project/CodeWM/CodeWM_ProWES_Logits/reproduct/units/p07_calculator/java/replays/0001_seed_1570566783/p07_calculator_java/p07_calculator_java/src/main/java/DivisionByZeroException.java:['docs/task/20260914120849.json', 'docs/system_design/20260914120849.json']
2026-09-14 13:33:34.883 | INFO     | metagpt.utils.file_repository:save:57 - save to: /home/zhaorz/project/CodeWM/CodeWM_ProWES_Logits/reproduct/units/p07_calculator/java/replays/0001_seed_1570566783/p07_calculator_java/p07_calculator_java/DivisionByZeroException_wm_detRes.txt
>> saved: src/src/main/java/DivisionByZeroException.java
2026-09-14 13:33:34.884 | INFO     | metagpt.utils.file_repository:save:57 - save to: /home/zhaorz/project/CodeWM/CodeWM_ProWES_Logits/reproduct/units/p07_calculator/java/replays/0001_seed_1570566783/p07_calculator_java/docs/system_design/20260914120849.json
2026-09-14 13:33:34.886 | INFO     | metagpt.utils.file_repository:save:62 - update dependency: /home/zhaorz/project/CodeWM/CodeWM_ProWES_Logits/reproduct/units/p07_calculator/java/replays/0001_seed_1570566783/p07_calculator_java/docs/system_design/20260914120849.json:[]
2026-09-14 13:33:34.887 | INFO     | metagpt.utils.file_repository:save:57 - save to: /home/zhaorz/project/CodeWM/CodeWM_ProWES_Logits/reproduct/units/p07_calculator/java/replays/0001_seed_1570566783/p07_calculator_java/docs/task/20260914120849.json
2026-09-14 13:33:34.888 | INFO     | metagpt.utils.file_repository:save:62 - update dependency: /home/zhaorz/project/CodeWM/CodeWM_ProWES_Logits/reproduct/units/p07_calculator/java/replays/0001_seed_1570566783/p07_calculator_java/docs/task/20260914120849.json:[]
>> [manual] Run 9/16: WriteCode -> src/main/java/CalculationResult.java
2026-09-14 13:33:34.892 | INFO     | metagpt.actions.write_code:run:186 - Writing src/main/java/CalculationResult.java..
2026-09-14 13:34:03.956 | INFO     | metagpt.utils.file_repository:save:57 - save to: /home/zhaorz/project/CodeWM/CodeWM_ProWES_Logits/reproduct/units/p07_calculator/java/replays/0001_seed_1570566783/p07_calculator_java/p07_calculator_java/src/main/java/CalculationResult.java
2026-09-14 13:34:03.959 | INFO     | metagpt.utils.file_repository:save:62 - update dependency: /home/zhaorz/project/CodeWM/CodeWM_ProWES_Logits/reproduct/units/p07_calculator/java/replays/0001_seed_1570566783/p07_calculator_java/p07_calculator_java/src/main/java/CalculationResult.java:['docs/task/20260914120849.json', 'docs/system_design/20260914120849.json']
2026-09-14 13:34:03.960 | INFO     | metagpt.utils.file_repository:save:57 - save to: /home/zhaorz/project/CodeWM/CodeWM_ProWES_Logits/reproduct/units/p07_calculator/java/replays/0001_seed_1570566783/p07_calculator_java/p07_calculator_java/CalculationResult_wm_detRes.txt
>> saved: src/src/main/java/CalculationResult.java
2026-09-14 13:34:03.962 | INFO     | metagpt.utils.file_repository:save:57 - save to: /home/zhaorz/project/CodeWM/CodeWM_ProWES_Logits/reproduct/units/p07_calculator/java/replays/0001_seed_1570566783/p07_calculator_java/docs/system_design/20260914120849.json
2026-09-14 13:34:03.965 | INFO     | metagpt.utils.file_repository:save:62 - update dependency: /home/zhaorz/project/CodeWM/CodeWM_ProWES_Logits/reproduct/units/p07_calculator/java/replays/0001_seed_1570566783/p07_calculator_java/docs/system_design/20260914120849.json:[]
2026-09-14 13:34:03.967 | INFO     | metagpt.utils.file_repository:save:57 - save to: /home/zhaorz/project/CodeWM/CodeWM_ProWES_Logits/reproduct/units/p07_calculator/java/replays/0001_seed_1570566783/p07_calculator_java/docs/task/20260914120849.json
2026-09-14 13:34:03.970 | INFO     | metagpt.utils.file_repository:save:62 - update dependency: /home/zhaorz/project/CodeWM/CodeWM_ProWES_Logits/reproduct/units/p07_calculator/java/replays/0001_seed_1570566783/p07_calculator_java/docs/task/20260914120849.json:[]
>> [manual] Run 10/16: WriteCode -> src/main/java/HistoryEntry.java
2026-09-14 13:34:03.984 | INFO     | metagpt.actions.write_code:run:186 - Writing src/main/java/HistoryEntry.java..
2026-09-14 13:34:39.984 | INFO     | metagpt.utils.file_repository:save:57 - save to: /home/zhaorz/project/CodeWM/CodeWM_ProWES_Logits/reproduct/units/p07_calculator/java/replays/0001_seed_1570566783/p07_calculator_java/p07_calculator_java/src/main/java/HistoryEntry.java
2026-09-14 13:34:39.987 | INFO     | metagpt.utils.file_repository:save:62 - update dependency: /home/zhaorz/project/CodeWM/CodeWM_ProWES_Logits/reproduct/units/p07_calculator/java/replays/0001_seed_1570566783/p07_calculator_java/p07_calculator_java/src/main/java/HistoryEntry.java:['docs/task/20260914120849.json', 'docs/system_design/20260914120849.json']
2026-09-14 13:34:39.988 | INFO     | metagpt.utils.file_repository:save:57 - save to: /home/zhaorz/project/CodeWM/CodeWM_ProWES_Logits/reproduct/units/p07_calculator/java/replays/0001_seed_1570566783/p07_calculator_java/p07_calculator_java/HistoryEntry_wm_detRes.txt
>> saved: src/src/main/java/HistoryEntry.java
2026-09-14 13:34:39.990 | INFO     | metagpt.utils.file_repository:save:57 - save to: /home/zhaorz/project/CodeWM/CodeWM_ProWES_Logits/reproduct/units/p07_calculator/java/replays/0001_seed_1570566783/p07_calculator_java/docs/system_design/20260914120849.json
2026-09-14 13:34:39.992 | INFO     | metagpt.utils.file_repository:save:62 - update dependency: /home/zhaorz/project/CodeWM/CodeWM_ProWES_Logits/reproduct/units/p07_calculator/java/replays/0001_seed_1570566783/p07_calculator_java/docs/system_design/20260914120849.json:[]
2026-09-14 13:34:39.994 | INFO     | metagpt.utils.file_repository:save:57 - save to: /home/zhaorz/project/CodeWM/CodeWM_ProWES_Logits/reproduct/units/p07_calculator/java/replays/0001_seed_1570566783/p07_calculator_java/docs/task/20260914120849.json
2026-09-14 13:34:39.997 | INFO     | metagpt.utils.file_repository:save:62 - update dependency: /home/zhaorz/project/CodeWM/CodeWM_ProWES_Logits/reproduct/units/p07_calculator/java/replays/0001_seed_1570566783/p07_calculator_java/docs/task/20260914120849.json:[]
>> [manual] Run 11/16: WriteCode -> src/main/java/CalculationHistory.java
2026-09-14 13:34:40.013 | INFO     | metagpt.actions.write_code:run:186 - Writing src/main/java/CalculationHistory.java..
2026-09-14 13:35:06.240 | INFO     | metagpt.utils.file_repository:save:57 - save to: /home/zhaorz/project/CodeWM/CodeWM_ProWES_Logits/reproduct/units/p07_calculator/java/replays/0001_seed_1570566783/p07_calculator_java/p07_calculator_java/src/main/java/CalculationHistory.java
2026-09-14 13:35:06.242 | INFO     | metagpt.utils.file_repository:save:62 - update dependency: /home/zhaorz/project/CodeWM/CodeWM_ProWES_Logits/reproduct/units/p07_calculator/java/replays/0001_seed_1570566783/p07_calculator_java/p07_calculator_java/src/main/java/CalculationHistory.java:['docs/task/20260914120849.json', 'docs/system_design/20260914120849.json']
2026-09-14 13:35:06.243 | INFO     | metagpt.utils.file_repository:save:57 - save to: /home/zhaorz/project/CodeWM/CodeWM_ProWES_Logits/reproduct/units/p07_calculator/java/replays/0001_seed_1570566783/p07_calculator_java/p07_calculator_java/CalculationHistory_wm_detRes.txt
>> saved: src/src/main/java/CalculationHistory.java
2026-09-14 13:35:06.245 | INFO     | metagpt.utils.file_repository:save:57 - save to: /home/zhaorz/project/CodeWM/CodeWM_ProWES_Logits/reproduct/units/p07_calculator/java/replays/0001_seed_1570566783/p07_calculator_java/docs/system_design/20260914120849.json
2026-09-14 13:35:06.247 | INFO     | metagpt.utils.file_repository:save:62 - update dependency: /home/zhaorz/project/CodeWM/CodeWM_ProWES_Logits/reproduct/units/p07_calculator/java/replays/0001_seed_1570566783/p07_calculator_java/docs/system_design/20260914120849.json:[]
2026-09-14 13:35:06.248 | INFO     | metagpt.utils.file_repository:save:57 - save to: /home/zhaorz/project/CodeWM/CodeWM_ProWES_Logits/reproduct/units/p07_calculator/java/replays/0001_seed_1570566783/p07_calculator_java/docs/task/20260914120849.json
2026-09-14 13:35:06.249 | INFO     | metagpt.utils.file_repository:save:62 - update dependency: /home/zhaorz/project/CodeWM/CodeWM_ProWES_Logits/reproduct/units/p07_calculator/java/replays/0001_seed_1570566783/p07_calculator_java/docs/task/20260914120849.json:[]
>> [manual] Run 12/16: WriteCode -> src/main/java/Tokenizer.java
2026-09-14 13:35:06.260 | INFO     | metagpt.actions.write_code:run:186 - Writing src/main/java/Tokenizer.java..
2026-09-14 13:35:51.823 | INFO     | metagpt.utils.file_repository:save:57 - save to: /home/zhaorz/project/CodeWM/CodeWM_ProWES_Logits/reproduct/units/p07_calculator/java/replays/0001_seed_1570566783/p07_calculator_java/p07_calculator_java/src/main/java/Tokenizer.java
2026-09-14 13:35:51.825 | INFO     | metagpt.utils.file_repository:save:62 - update dependency: /home/zhaorz/project/CodeWM/CodeWM_ProWES_Logits/reproduct/units/p07_calculator/java/replays/0001_seed_1570566783/p07_calculator_java/p07_calculator_java/src/main/java/Tokenizer.java:['docs/task/20260914120849.json', 'docs/system_design/20260914120849.json']
2026-09-14 13:35:51.826 | INFO     | metagpt.utils.file_repository:save:57 - save to: /home/zhaorz/project/CodeWM/CodeWM_ProWES_Logits/reproduct/units/p07_calculator/java/replays/0001_seed_1570566783/p07_calculator_java/p07_calculator_java/Tokenizer_wm_detRes.txt
>> saved: src/src/main/java/Tokenizer.java
2026-09-14 13:35:51.828 | INFO     | metagpt.utils.file_repository:save:57 - save to: /home/zhaorz/project/CodeWM/CodeWM_ProWES_Logits/reproduct/units/p07_calculator/java/replays/0001_seed_1570566783/p07_calculator_java/docs/system_design/20260914120849.json
2026-09-14 13:35:51.829 | INFO     | metagpt.utils.file_repository:save:62 - update dependency: /home/zhaorz/project/CodeWM/CodeWM_ProWES_Logits/reproduct/units/p07_calculator/java/replays/0001_seed_1570566783/p07_calculator_java/docs/system_design/20260914120849.json:[]
2026-09-14 13:35:51.831 | INFO     | metagpt.utils.file_repository:save:57 - save to: /home/zhaorz/project/CodeWM/CodeWM_ProWES_Logits/reproduct/units/p07_calculator/java/replays/0001_seed_1570566783/p07_calculator_java/docs/task/20260914120849.json
2026-09-14 13:35:51.833 | INFO     | metagpt.utils.file_repository:save:62 - update dependency: /home/zhaorz/project/CodeWM/CodeWM_ProWES_Logits/reproduct/units/p07_calculator/java/replays/0001_seed_1570566783/p07_calculator_java/docs/task/20260914120849.json:[]
>> [manual] Run 13/16: WriteCode -> src/main/java/Parser.java
2026-09-14 13:35:51.850 | INFO     | metagpt.actions.write_code:run:186 - Writing src/main/java/Parser.java..
2026-09-14 13:36:49.981 | INFO     | metagpt.utils.file_repository:save:57 - save to: /home/zhaorz/project/CodeWM/CodeWM_ProWES_Logits/reproduct/units/p07_calculator/java/replays/0001_seed_1570566783/p07_calculator_java/p07_calculator_java/src/main/java/Parser.java
2026-09-14 13:36:49.982 | INFO     | metagpt.utils.file_repository:save:62 - update dependency: /home/zhaorz/project/CodeWM/CodeWM_ProWES_Logits/reproduct/units/p07_calculator/java/replays/0001_seed_1570566783/p07_calculator_java/p07_calculator_java/src/main/java/Parser.java:['docs/task/20260914120849.json', 'docs/system_design/20260914120849.json']
2026-09-14 13:36:49.984 | INFO     | metagpt.utils.file_repository:save:57 - save to: /home/zhaorz/project/CodeWM/CodeWM_ProWES_Logits/reproduct/units/p07_calculator/java/replays/0001_seed_1570566783/p07_calculator_java/p07_calculator_java/Parser_wm_detRes.txt
>> saved: src/src/main/java/Parser.java
2026-09-14 13:36:49.985 | INFO     | metagpt.utils.file_repository:save:57 - save to: /home/zhaorz/project/CodeWM/CodeWM_ProWES_Logits/reproduct/units/p07_calculator/java/replays/0001_seed_1570566783/p07_calculator_java/docs/system_design/20260914120849.json
2026-09-14 13:36:49.986 | INFO     | metagpt.utils.file_repository:save:62 - update dependency: /home/zhaorz/project/CodeWM/CodeWM_ProWES_Logits/reproduct/units/p07_calculator/java/replays/0001_seed_1570566783/p07_calculator_java/docs/system_design/20260914120849.json:[]
2026-09-14 13:36:49.987 | INFO     | metagpt.utils.file_repository:save:57 - save to: /home/zhaorz/project/CodeWM/CodeWM_ProWES_Logits/reproduct/units/p07_calculator/java/replays/0001_seed_1570566783/p07_calculator_java/docs/task/20260914120849.json
2026-09-14 13:36:49.988 | INFO     | metagpt.utils.file_repository:save:62 - update dependency: /home/zhaorz/project/CodeWM/CodeWM_ProWES_Logits/reproduct/units/p07_calculator/java/replays/0001_seed_1570566783/p07_calculator_java/docs/task/20260914120849.json:[]
>> [manual] Run 14/16: WriteCode -> src/main/java/Calculator.java
2026-09-14 13:36:49.996 | INFO     | metagpt.actions.write_code:run:186 - Writing src/main/java/Calculator.java..
2026-09-14 13:37:21.222 | INFO     | metagpt.utils.file_repository:save:57 - save to: /home/zhaorz/project/CodeWM/CodeWM_ProWES_Logits/reproduct/units/p07_calculator/java/replays/0001_seed_1570566783/p07_calculator_java/p07_calculator_java/src/main/java/Calculator.java
2026-09-14 13:37:21.224 | INFO     | metagpt.utils.file_repository:save:62 - update dependency: /home/zhaorz/project/CodeWM/CodeWM_ProWES_Logits/reproduct/units/p07_calculator/java/replays/0001_seed_1570566783/p07_calculator_java/p07_calculator_java/src/main/java/Calculator.java:['docs/task/20260914120849.json', 'docs/system_design/20260914120849.json']
2026-09-14 13:37:21.226 | INFO     | metagpt.utils.file_repository:save:57 - save to: /home/zhaorz/project/CodeWM/CodeWM_ProWES_Logits/reproduct/units/p07_calculator/java/replays/0001_seed_1570566783/p07_calculator_java/p07_calculator_java/Calculator_wm_detRes.txt
>> saved: src/src/main/java/Calculator.java
2026-09-14 13:37:21.227 | INFO     | metagpt.utils.file_repository:save:57 - save to: /home/zhaorz/project/CodeWM/CodeWM_ProWES_Logits/reproduct/units/p07_calculator/java/replays/0001_seed_1570566783/p07_calculator_java/docs/system_design/20260914120849.json
2026-09-14 13:37:21.229 | INFO     | metagpt.utils.file_repository:save:62 - update dependency: /home/zhaorz/project/CodeWM/CodeWM_ProWES_Logits/reproduct/units/p07_calculator/java/replays/0001_seed_1570566783/p07_calculator_java/docs/system_design/20260914120849.json:[]
2026-09-14 13:37:21.230 | INFO     | metagpt.utils.file_repository:save:57 - save to: /home/zhaorz/project/CodeWM/CodeWM_ProWES_Logits/reproduct/units/p07_calculator/java/replays/0001_seed_1570566783/p07_calculator_java/docs/task/20260914120849.json
2026-09-14 13:37:21.232 | INFO     | metagpt.utils.file_repository:save:62 - update dependency: /home/zhaorz/project/CodeWM/CodeWM_ProWES_Logits/reproduct/units/p07_calculator/java/replays/0001_seed_1570566783/p07_calculator_java/docs/task/20260914120849.json:[]
>> [manual] Run 15/16: WriteCode -> src/main/java/Main.java
2026-09-14 13:37:21.241 | INFO     | metagpt.actions.write_code:run:186 - Writing src/main/java/Main.java..
2026-09-14 13:37:44.921 | INFO     | metagpt.utils.file_repository:save:57 - save to: /home/zhaorz/project/CodeWM/CodeWM_ProWES_Logits/reproduct/units/p07_calculator/java/replays/0001_seed_1570566783/p07_calculator_java/p07_calculator_java/src/main/java/Main.java
2026-09-14 13:37:44.923 | INFO     | metagpt.utils.file_repository:save:62 - update dependency: /home/zhaorz/project/CodeWM/CodeWM_ProWES_Logits/reproduct/units/p07_calculator/java/replays/0001_seed_1570566783/p07_calculator_java/p07_calculator_java/src/main/java/Main.java:['docs/task/20260914120849.json', 'docs/system_design/20260914120849.json']
2026-09-14 13:37:44.923 | INFO     | metagpt.utils.file_repository:save:57 - save to: /home/zhaorz/project/CodeWM/CodeWM_ProWES_Logits/reproduct/units/p07_calculator/java/replays/0001_seed_1570566783/p07_calculator_java/p07_calculator_java/Main_wm_detRes.txt
>> saved: src/src/main/java/Main.java
2026-09-14 13:37:44.925 | INFO     | metagpt.utils.file_repository:save:57 - save to: /home/zhaorz/project/CodeWM/CodeWM_ProWES_Logits/reproduct/units/p07_calculator/java/replays/0001_seed_1570566783/p07_calculator_java/docs/system_design/20260914120849.json
2026-09-14 13:37:44.926 | INFO     | metagpt.utils.file_repository:save:62 - update dependency: /home/zhaorz/project/CodeWM/CodeWM_ProWES_Logits/reproduct/units/p07_calculator/java/replays/0001_seed_1570566783/p07_calculator_java/docs/system_design/20260914120849.json:[]
2026-09-14 13:37:44.927 | INFO     | metagpt.utils.file_repository:save:57 - save to: /home/zhaorz/project/CodeWM/CodeWM_ProWES_Logits/reproduct/units/p07_calculator/java/replays/0001_seed_1570566783/p07_calculator_java/docs/task/20260914120849.json
2026-09-14 13:37:44.928 | INFO     | metagpt.utils.file_repository:save:62 - update dependency: /home/zhaorz/project/CodeWM/CodeWM_ProWES_Logits/reproduct/units/p07_calculator/java/replays/0001_seed_1570566783/p07_calculator_java/docs/task/20260914120849.json:[]
>> [manual] Run 16/16: WriteCode -> src/test/java/MainTest.java
2026-09-14 13:37:44.936 | INFO     | metagpt.actions.write_code:run:186 - Writing src/test/java/MainTest.java..
2026-09-14 13:38:09.542 | INFO     | metagpt.utils.file_repository:save:57 - save to: /home/zhaorz/project/CodeWM/CodeWM_ProWES_Logits/reproduct/units/p07_calculator/java/replays/0001_seed_1570566783/p07_calculator_java/p07_calculator_java/src/test/java/MainTest.java
2026-09-14 13:38:09.544 | INFO     | metagpt.utils.file_repository:save:62 - update dependency: /home/zhaorz/project/CodeWM/CodeWM_ProWES_Logits/reproduct/units/p07_calculator/java/replays/0001_seed_1570566783/p07_calculator_java/p07_calculator_java/src/test/java/MainTest.java:['docs/task/20260914120849.json', 'docs/system_design/20260914120849.json']
2026-09-14 13:38:09.545 | INFO     | metagpt.utils.file_repository:save:57 - save to: /home/zhaorz/project/CodeWM/CodeWM_ProWES_Logits/reproduct/units/p07_calculator/java/replays/0001_seed_1570566783/p07_calculator_java/p07_calculator_java/MainTest_wm_detRes.txt
>> saved: src/src/test/java/MainTest.java
>> [manual] all WriteCode actions finished.
[replay-worker] p07_calculator_java passed=True
[replay-worker] waiting for accepted seeds
[replay-worker] waiting for accepted seeds
[replay-worker] waiting for accepted seeds
[replay-worker] waiting for accepted seeds
[replay-worker] waiting for accepted seeds
[replay-worker] waiting for accepted seeds
[replay-worker] waiting for accepted seeds
[replay-worker] waiting for accepted seeds
[replay-worker] waiting for accepted seeds
[replay-worker] waiting for accepted seeds
[replay-worker] waiting for accepted seeds
[replay-worker] waiting for accepted seeds
[replay-worker] waiting for accepted seeds
[replay-worker] waiting for accepted seeds
>> recovering from: /home/zhaorz/project/CodeWM/CodeWM_ProWES_Logits/reproduct/units/p08_excel_data_processing/python/architecture/team
>> team.json exists: True path: /home/zhaorz/project/CodeWM/CodeWM_ProWES_Logits/reproduct/units/p08_excel_data_processing/python/architecture/team/team.json
>> ctx.git_repo.workdir = /home/zhaorz/project/CodeWM/CodeWM_ProWES_Logits/reproduct/units/p08_excel_data_processing/python/replays/0001_seed_306770503/p08_excel_data_processing_python
eng.code_todos: ['requirements.txt', 'excel_processor/model.py', 'excel_processor/operations.py', 'excel_processor/csv_io.py', 'excel_processor/report.py', 'excel_processor/__init__.py', 'Main.py', 'tests/test_main.py']
>> ready, ctx.git_repo.workdir = /home/zhaorz/project/CodeWM/CodeWM_ProWES_Logits/reproduct/units/p08_excel_data_processing/python/replays/0001_seed_306770503/p08_excel_data_processing_python
>> ctx.git_repo.workdir = /home/zhaorz/project/CodeWM/CodeWM_ProWES_Logits/reproduct/units/p08_excel_data_processing/python/replays/0001_seed_306770503/p08_excel_data_processing_python
2026-09-14 13:43:00.405 | INFO     | metagpt.utils.file_repository:save:57 - save to: /home/zhaorz/project/CodeWM/CodeWM_ProWES_Logits/reproduct/units/p08_excel_data_processing/python/replays/0001_seed_306770503/p08_excel_data_processing_python/docs/system_design/20260914121925.json
2026-09-14 13:43:00.407 | INFO     | metagpt.utils.file_repository:save:62 - update dependency: /home/zhaorz/project/CodeWM/CodeWM_ProWES_Logits/reproduct/units/p08_excel_data_processing/python/replays/0001_seed_306770503/p08_excel_data_processing_python/docs/system_design/20260914121925.json:[]
2026-09-14 13:43:00.408 | INFO     | metagpt.utils.file_repository:save:57 - save to: /home/zhaorz/project/CodeWM/CodeWM_ProWES_Logits/reproduct/units/p08_excel_data_processing/python/replays/0001_seed_306770503/p08_excel_data_processing_python/docs/task/20260914121925.json
2026-09-14 13:43:00.409 | INFO     | metagpt.utils.file_repository:save:62 - update dependency: /home/zhaorz/project/CodeWM/CodeWM_ProWES_Logits/reproduct/units/p08_excel_data_processing/python/replays/0001_seed_306770503/p08_excel_data_processing_python/docs/task/20260914121925.json:[]
>> [manual] Run 1/8: WriteCode -> requirements.txt
2026-09-14 13:43:00.412 | INFO     | metagpt.actions.write_code:run:186 - Writing requirements.txt..
2026-09-14 13:43:02.643 | INFO     | metagpt.utils.file_repository:save:57 - save to: /home/zhaorz/project/CodeWM/CodeWM_ProWES_Logits/reproduct/units/p08_excel_data_processing/python/replays/0001_seed_306770503/p08_excel_data_processing_python/p08_excel_data_processing_python/requirements.txt
2026-09-14 13:43:02.645 | INFO     | metagpt.utils.file_repository:save:62 - update dependency: /home/zhaorz/project/CodeWM/CodeWM_ProWES_Logits/reproduct/units/p08_excel_data_processing/python/replays/0001_seed_306770503/p08_excel_data_processing_python/p08_excel_data_processing_python/requirements.txt:['docs/task/20260914121925.json', 'docs/system_design/20260914121925.json']
2026-09-14 13:43:02.646 | INFO     | metagpt.utils.file_repository:save:57 - save to: /home/zhaorz/project/CodeWM/CodeWM_ProWES_Logits/reproduct/units/p08_excel_data_processing/python/replays/0001_seed_306770503/p08_excel_data_processing_python/p08_excel_data_processing_python/requirements_wm_detRes.txt
>> saved: src/requirements.txt
2026-09-14 13:43:02.647 | INFO     | metagpt.utils.file_repository:save:57 - save to: /home/zhaorz/project/CodeWM/CodeWM_ProWES_Logits/reproduct/units/p08_excel_data_processing/python/replays/0001_seed_306770503/p08_excel_data_processing_python/docs/system_design/20260914121925.json
2026-09-14 13:43:02.648 | INFO     | metagpt.utils.file_repository:save:62 - update dependency: /home/zhaorz/project/CodeWM/CodeWM_ProWES_Logits/reproduct/units/p08_excel_data_processing/python/replays/0001_seed_306770503/p08_excel_data_processing_python/docs/system_design/20260914121925.json:[]
2026-09-14 13:43:02.649 | INFO     | metagpt.utils.file_repository:save:57 - save to: /home/zhaorz/project/CodeWM/CodeWM_ProWES_Logits/reproduct/units/p08_excel_data_processing/python/replays/0001_seed_306770503/p08_excel_data_processing_python/docs/task/20260914121925.json
2026-09-14 13:43:02.650 | INFO     | metagpt.utils.file_repository:save:62 - update dependency: /home/zhaorz/project/CodeWM/CodeWM_ProWES_Logits/reproduct/units/p08_excel_data_processing/python/replays/0001_seed_306770503/p08_excel_data_processing_python/docs/task/20260914121925.json:[]
>> [manual] Run 2/8: WriteCode -> excel_processor/model.py
2026-09-14 13:43:02.653 | INFO     | metagpt.actions.write_code:run:186 - Writing excel_processor/model.py..
2026-09-14 13:44:17.835 | INFO     | metagpt.utils.file_repository:save:57 - save to: /home/zhaorz/project/CodeWM/CodeWM_ProWES_Logits/reproduct/units/p08_excel_data_processing/python/replays/0001_seed_306770503/p08_excel_data_processing_python/p08_excel_data_processing_python/excel_processor/model.py
2026-09-14 13:44:17.837 | INFO     | metagpt.utils.file_repository:save:62 - update dependency: /home/zhaorz/project/CodeWM/CodeWM_ProWES_Logits/reproduct/units/p08_excel_data_processing/python/replays/0001_seed_306770503/p08_excel_data_processing_python/p08_excel_data_processing_python/excel_processor/model.py:['docs/task/20260914121925.json', 'docs/system_design/20260914121925.json']
2026-09-14 13:44:17.838 | INFO     | metagpt.utils.file_repository:save:57 - save to: /home/zhaorz/project/CodeWM/CodeWM_ProWES_Logits/reproduct/units/p08_excel_data_processing/python/replays/0001_seed_306770503/p08_excel_data_processing_python/p08_excel_data_processing_python/model_wm_detRes.txt
>> saved: src/excel_processor/model.py
2026-09-14 13:44:17.840 | INFO     | metagpt.utils.file_repository:save:57 - save to: /home/zhaorz/project/CodeWM/CodeWM_ProWES_Logits/reproduct/units/p08_excel_data_processing/python/replays/0001_seed_306770503/p08_excel_data_processing_python/docs/system_design/20260914121925.json
2026-09-14 13:44:17.841 | INFO     | metagpt.utils.file_repository:save:62 - update dependency: /home/zhaorz/project/CodeWM/CodeWM_ProWES_Logits/reproduct/units/p08_excel_data_processing/python/replays/0001_seed_306770503/p08_excel_data_processing_python/docs/system_design/20260914121925.json:[]
2026-09-14 13:44:17.842 | INFO     | metagpt.utils.file_repository:save:57 - save to: /home/zhaorz/project/CodeWM/CodeWM_ProWES_Logits/reproduct/units/p08_excel_data_processing/python/replays/0001_seed_306770503/p08_excel_data_processing_python/docs/task/20260914121925.json
2026-09-14 13:44:17.844 | INFO     | metagpt.utils.file_repository:save:62 - update dependency: /home/zhaorz/project/CodeWM/CodeWM_ProWES_Logits/reproduct/units/p08_excel_data_processing/python/replays/0001_seed_306770503/p08_excel_data_processing_python/docs/task/20260914121925.json:[]
>> [manual] Run 3/8: WriteCode -> excel_processor/operations.py
2026-09-14 13:44:17.847 | INFO     | metagpt.actions.write_code:run:186 - Writing excel_processor/operations.py..
2026-09-14 13:45:04.003 | INFO     | metagpt.utils.file_repository:save:57 - save to: /home/zhaorz/project/CodeWM/CodeWM_ProWES_Logits/reproduct/units/p08_excel_data_processing/python/replays/0001_seed_306770503/p08_excel_data_processing_python/p08_excel_data_processing_python/excel_processor/operations.py
2026-09-14 13:45:04.004 | INFO     | metagpt.utils.file_repository:save:62 - update dependency: /home/zhaorz/project/CodeWM/CodeWM_ProWES_Logits/reproduct/units/p08_excel_data_processing/python/replays/0001_seed_306770503/p08_excel_data_processing_python/p08_excel_data_processing_python/excel_processor/operations.py:['docs/task/20260914121925.json', 'docs/system_design/20260914121925.json']
2026-09-14 13:45:04.006 | INFO     | metagpt.utils.file_repository:save:57 - save to: /home/zhaorz/project/CodeWM/CodeWM_ProWES_Logits/reproduct/units/p08_excel_data_processing/python/replays/0001_seed_306770503/p08_excel_data_processing_python/p08_excel_data_processing_python/operations_wm_detRes.txt
>> saved: src/excel_processor/operations.py
2026-09-14 13:45:04.007 | INFO     | metagpt.utils.file_repository:save:57 - save to: /home/zhaorz/project/CodeWM/CodeWM_ProWES_Logits/reproduct/units/p08_excel_data_processing/python/replays/0001_seed_306770503/p08_excel_data_processing_python/docs/system_design/20260914121925.json
2026-09-14 13:45:04.009 | INFO     | metagpt.utils.file_repository:save:62 - update dependency: /home/zhaorz/project/CodeWM/CodeWM_ProWES_Logits/reproduct/units/p08_excel_data_processing/python/replays/0001_seed_306770503/p08_excel_data_processing_python/docs/system_design/20260914121925.json:[]
2026-09-14 13:45:04.010 | INFO     | metagpt.utils.file_repository:save:57 - save to: /home/zhaorz/project/CodeWM/CodeWM_ProWES_Logits/reproduct/units/p08_excel_data_processing/python/replays/0001_seed_306770503/p08_excel_data_processing_python/docs/task/20260914121925.json
2026-09-14 13:45:04.011 | INFO     | metagpt.utils.file_repository:save:62 - update dependency: /home/zhaorz/project/CodeWM/CodeWM_ProWES_Logits/reproduct/units/p08_excel_data_processing/python/replays/0001_seed_306770503/p08_excel_data_processing_python/docs/task/20260914121925.json:[]
>> [manual] Run 4/8: WriteCode -> excel_processor/csv_io.py
2026-09-14 13:45:04.015 | INFO     | metagpt.actions.write_code:run:186 - Writing excel_processor/csv_io.py..
2026-09-14 13:45:34.477 | INFO     | metagpt.utils.file_repository:save:57 - save to: /home/zhaorz/project/CodeWM/CodeWM_ProWES_Logits/reproduct/units/p08_excel_data_processing/python/replays/0001_seed_306770503/p08_excel_data_processing_python/p08_excel_data_processing_python/excel_processor/csv_io.py
2026-09-14 13:45:34.479 | INFO     | metagpt.utils.file_repository:save:62 - update dependency: /home/zhaorz/project/CodeWM/CodeWM_ProWES_Logits/reproduct/units/p08_excel_data_processing/python/replays/0001_seed_306770503/p08_excel_data_processing_python/p08_excel_data_processing_python/excel_processor/csv_io.py:['docs/task/20260914121925.json', 'docs/system_design/20260914121925.json']
2026-09-14 13:45:34.480 | INFO     | metagpt.utils.file_repository:save:57 - save to: /home/zhaorz/project/CodeWM/CodeWM_ProWES_Logits/reproduct/units/p08_excel_data_processing/python/replays/0001_seed_306770503/p08_excel_data_processing_python/p08_excel_data_processing_python/csv_io_wm_detRes.txt
>> saved: src/excel_processor/csv_io.py
2026-09-14 13:45:34.481 | INFO     | metagpt.utils.file_repository:save:57 - save to: /home/zhaorz/project/CodeWM/CodeWM_ProWES_Logits/reproduct/units/p08_excel_data_processing/python/replays/0001_seed_306770503/p08_excel_data_processing_python/docs/system_design/20260914121925.json
2026-09-14 13:45:34.482 | INFO     | metagpt.utils.file_repository:save:62 - update dependency: /home/zhaorz/project/CodeWM/CodeWM_ProWES_Logits/reproduct/units/p08_excel_data_processing/python/replays/0001_seed_306770503/p08_excel_data_processing_python/docs/system_design/20260914121925.json:[]
2026-09-14 13:45:34.483 | INFO     | metagpt.utils.file_repository:save:57 - save to: /home/zhaorz/project/CodeWM/CodeWM_ProWES_Logits/reproduct/units/p08_excel_data_processing/python/replays/0001_seed_306770503/p08_excel_data_processing_python/docs/task/20260914121925.json
2026-09-14 13:45:34.484 | INFO     | metagpt.utils.file_repository:save:62 - update dependency: /home/zhaorz/project/CodeWM/CodeWM_ProWES_Logits/reproduct/units/p08_excel_data_processing/python/replays/0001_seed_306770503/p08_excel_data_processing_python/docs/task/20260914121925.json:[]
>> [manual] Run 5/8: WriteCode -> excel_processor/report.py
2026-09-14 13:45:34.488 | INFO     | metagpt.actions.write_code:run:186 - Writing excel_processor/report.py..
2026-09-14 13:45:51.624 | INFO     | metagpt.utils.file_repository:save:57 - save to: /home/zhaorz/project/CodeWM/CodeWM_ProWES_Logits/reproduct/units/p08_excel_data_processing/python/replays/0001_seed_306770503/p08_excel_data_processing_python/p08_excel_data_processing_python/excel_processor/report.py
2026-09-14 13:45:51.626 | INFO     | metagpt.utils.file_repository:save:62 - update dependency: /home/zhaorz/project/CodeWM/CodeWM_ProWES_Logits/reproduct/units/p08_excel_data_processing/python/replays/0001_seed_306770503/p08_excel_data_processing_python/p08_excel_data_processing_python/excel_processor/report.py:['docs/task/20260914121925.json', 'docs/system_design/20260914121925.json']
2026-09-14 13:45:51.628 | INFO     | metagpt.utils.file_repository:save:57 - save to: /home/zhaorz/project/CodeWM/CodeWM_ProWES_Logits/reproduct/units/p08_excel_data_processing/python/replays/0001_seed_306770503/p08_excel_data_processing_python/p08_excel_data_processing_python/report_wm_detRes.txt
>> saved: src/excel_processor/report.py
2026-09-14 13:45:51.629 | INFO     | metagpt.utils.file_repository:save:57 - save to: /home/zhaorz/project/CodeWM/CodeWM_ProWES_Logits/reproduct/units/p08_excel_data_processing/python/replays/0001_seed_306770503/p08_excel_data_processing_python/docs/system_design/20260914121925.json
2026-09-14 13:45:51.631 | INFO     | metagpt.utils.file_repository:save:62 - update dependency: /home/zhaorz/project/CodeWM/CodeWM_ProWES_Logits/reproduct/units/p08_excel_data_processing/python/replays/0001_seed_306770503/p08_excel_data_processing_python/docs/system_design/20260914121925.json:[]
2026-09-14 13:45:51.632 | INFO     | metagpt.utils.file_repository:save:57 - save to: /home/zhaorz/project/CodeWM/CodeWM_ProWES_Logits/reproduct/units/p08_excel_data_processing/python/replays/0001_seed_306770503/p08_excel_data_processing_python/docs/task/20260914121925.json
2026-09-14 13:45:51.633 | INFO     | metagpt.utils.file_repository:save:62 - update dependency: /home/zhaorz/project/CodeWM/CodeWM_ProWES_Logits/reproduct/units/p08_excel_data_processing/python/replays/0001_seed_306770503/p08_excel_data_processing_python/docs/task/20260914121925.json:[]
>> [manual] Run 6/8: WriteCode -> excel_processor/__init__.py
2026-09-14 13:45:51.638 | INFO     | metagpt.actions.write_code:run:186 - Writing excel_processor/__init__.py..
2026-09-14 13:46:02.468 | INFO     | metagpt.utils.file_repository:save:57 - save to: /home/zhaorz/project/CodeWM/CodeWM_ProWES_Logits/reproduct/units/p08_excel_data_processing/python/replays/0001_seed_306770503/p08_excel_data_processing_python/p08_excel_data_processing_python/excel_processor/__init__.py
2026-09-14 13:46:02.470 | INFO     | metagpt.utils.file_repository:save:62 - update dependency: /home/zhaorz/project/CodeWM/CodeWM_ProWES_Logits/reproduct/units/p08_excel_data_processing/python/replays/0001_seed_306770503/p08_excel_data_processing_python/p08_excel_data_processing_python/excel_processor/__init__.py:['docs/task/20260914121925.json', 'docs/system_design/20260914121925.json']
2026-09-14 13:46:02.471 | INFO     | metagpt.utils.file_repository:save:57 - save to: /home/zhaorz/project/CodeWM/CodeWM_ProWES_Logits/reproduct/units/p08_excel_data_processing/python/replays/0001_seed_306770503/p08_excel_data_processing_python/p08_excel_data_processing_python/__init___wm_detRes.txt
>> saved: src/excel_processor/__init__.py
2026-09-14 13:46:02.472 | INFO     | metagpt.utils.file_repository:save:57 - save to: /home/zhaorz/project/CodeWM/CodeWM_ProWES_Logits/reproduct/units/p08_excel_data_processing/python/replays/0001_seed_306770503/p08_excel_data_processing_python/docs/system_design/20260914121925.json
2026-09-14 13:46:02.473 | INFO     | metagpt.utils.file_repository:save:62 - update dependency: /home/zhaorz/project/CodeWM/CodeWM_ProWES_Logits/reproduct/units/p08_excel_data_processing/python/replays/0001_seed_306770503/p08_excel_data_processing_python/docs/system_design/20260914121925.json:[]
2026-09-14 13:46:02.475 | INFO     | metagpt.utils.file_repository:save:57 - save to: /home/zhaorz/project/CodeWM/CodeWM_ProWES_Logits/reproduct/units/p08_excel_data_processing/python/replays/0001_seed_306770503/p08_excel_data_processing_python/docs/task/20260914121925.json
2026-09-14 13:46:02.476 | INFO     | metagpt.utils.file_repository:save:62 - update dependency: /home/zhaorz/project/CodeWM/CodeWM_ProWES_Logits/reproduct/units/p08_excel_data_processing/python/replays/0001_seed_306770503/p08_excel_data_processing_python/docs/task/20260914121925.json:[]
>> [manual] Run 7/8: WriteCode -> Main.py
2026-09-14 13:46:02.481 | INFO     | metagpt.actions.write_code:run:186 - Writing Main.py..
2026-09-14 13:46:27.748 | INFO     | metagpt.utils.file_repository:save:57 - save to: /home/zhaorz/project/CodeWM/CodeWM_ProWES_Logits/reproduct/units/p08_excel_data_processing/python/replays/0001_seed_306770503/p08_excel_data_processing_python/p08_excel_data_processing_python/Main.py
2026-09-14 13:46:27.750 | INFO     | metagpt.utils.file_repository:save:62 - update dependency: /home/zhaorz/project/CodeWM/CodeWM_ProWES_Logits/reproduct/units/p08_excel_data_processing/python/replays/0001_seed_306770503/p08_excel_data_processing_python/p08_excel_data_processing_python/Main.py:['docs/task/20260914121925.json', 'docs/system_design/20260914121925.json']
2026-09-14 13:46:27.751 | INFO     | metagpt.utils.file_repository:save:57 - save to: /home/zhaorz/project/CodeWM/CodeWM_ProWES_Logits/reproduct/units/p08_excel_data_processing/python/replays/0001_seed_306770503/p08_excel_data_processing_python/p08_excel_data_processing_python/Main_wm_detRes.txt
>> saved: src/Main.py
2026-09-14 13:46:27.752 | INFO     | metagpt.utils.file_repository:save:57 - save to: /home/zhaorz/project/CodeWM/CodeWM_ProWES_Logits/reproduct/units/p08_excel_data_processing/python/replays/0001_seed_306770503/p08_excel_data_processing_python/docs/system_design/20260914121925.json
2026-09-14 13:46:27.754 | INFO     | metagpt.utils.file_repository:save:62 - update dependency: /home/zhaorz/project/CodeWM/CodeWM_ProWES_Logits/reproduct/units/p08_excel_data_processing/python/replays/0001_seed_306770503/p08_excel_data_processing_python/docs/system_design/20260914121925.json:[]
2026-09-14 13:46:27.755 | INFO     | metagpt.utils.file_repository:save:57 - save to: /home/zhaorz/project/CodeWM/CodeWM_ProWES_Logits/reproduct/units/p08_excel_data_processing/python/replays/0001_seed_306770503/p08_excel_data_processing_python/docs/task/20260914121925.json
2026-09-14 13:46:27.756 | INFO     | metagpt.utils.file_repository:save:62 - update dependency: /home/zhaorz/project/CodeWM/CodeWM_ProWES_Logits/reproduct/units/p08_excel_data_processing/python/replays/0001_seed_306770503/p08_excel_data_processing_python/docs/task/20260914121925.json:[]
>> [manual] Run 8/8: WriteCode -> tests/test_main.py
2026-09-14 13:46:27.762 | INFO     | metagpt.actions.write_code:run:186 - Writing tests/test_main.py..
2026-09-14 13:47:05.567 | INFO     | metagpt.utils.file_repository:save:57 - save to: /home/zhaorz/project/CodeWM/CodeWM_ProWES_Logits/reproduct/units/p08_excel_data_processing/python/replays/0001_seed_306770503/p08_excel_data_processing_python/p08_excel_data_processing_python/tests/test_main.py
2026-09-14 13:47:05.569 | INFO     | metagpt.utils.file_repository:save:62 - update dependency: /home/zhaorz/project/CodeWM/CodeWM_ProWES_Logits/reproduct/units/p08_excel_data_processing/python/replays/0001_seed_306770503/p08_excel_data_processing_python/p08_excel_data_processing_python/tests/test_main.py:['docs/task/20260914121925.json', 'docs/system_design/20260914121925.json']
2026-09-14 13:47:05.570 | INFO     | metagpt.utils.file_repository:save:57 - save to: /home/zhaorz/project/CodeWM/CodeWM_ProWES_Logits/reproduct/units/p08_excel_data_processing/python/replays/0001_seed_306770503/p08_excel_data_processing_python/p08_excel_data_processing_python/test_main_wm_detRes.txt
>> saved: src/tests/test_main.py
>> [manual] all WriteCode actions finished.
[replay-worker] p08_excel_data_processing_python passed=True
[replay-worker] waiting for accepted seeds
[replay-worker] waiting for accepted seeds
[replay-worker] waiting for accepted seeds
[replay-worker] waiting for accepted seeds
[replay-worker] waiting for accepted seeds
[replay-worker] waiting for accepted seeds
[replay-worker] waiting for accepted seeds
[replay-worker] waiting for accepted seeds
[replay-worker] waiting for accepted seeds
[replay-worker] waiting for accepted seeds
[replay-worker] waiting for accepted seeds
[replay-worker] waiting for accepted seeds
[replay-worker] waiting for accepted seeds
[replay-worker] waiting for accepted seeds
[replay-worker] waiting for accepted seeds
[replay-worker] waiting for accepted seeds
[replay-worker] waiting for accepted seeds
[replay-worker] waiting for accepted seeds
[replay-worker] waiting for accepted seeds
[replay-worker] waiting for accepted seeds
[replay-worker] waiting for accepted seeds
[replay-worker] waiting for accepted seeds
[replay-worker] waiting for accepted seeds
[replay-worker] waiting for accepted seeds
[replay-worker] waiting for accepted seeds
[replay-worker] waiting for accepted seeds
[replay-worker] waiting for accepted seeds
[replay-worker] waiting for accepted seeds
[replay-worker] waiting for accepted seeds
[replay-worker] waiting for accepted seeds
[replay-worker] waiting for accepted seeds
[replay-worker] waiting for accepted seeds
[replay-worker] waiting for accepted seeds
[replay-worker] waiting for accepted seeds
[replay-worker] waiting for accepted seeds
[replay-worker] waiting for accepted seeds
[replay-worker] waiting for accepted seeds
[replay-worker] waiting for accepted seeds
[replay-worker] waiting for accepted seeds
[replay-worker] waiting for accepted seeds
[replay-worker] waiting for accepted seeds
[replay-worker] waiting for accepted seeds
[replay-worker] waiting for accepted seeds
[replay-worker] waiting for accepted seeds
[replay-worker] waiting for accepted seeds
[replay-worker] waiting for accepted seeds
[replay-worker] waiting for accepted seeds
[replay-worker] waiting for accepted seeds
[replay-worker] waiting for accepted seeds
[replay-worker] waiting for accepted seeds
[replay-worker] waiting for accepted seeds
[replay-worker] waiting for accepted seeds
[replay-worker] waiting for accepted seeds
[replay-worker] waiting for accepted seeds
[replay-worker] waiting for accepted seeds
[replay-worker] waiting for accepted seeds
[replay-worker] waiting for accepted seeds
[replay-worker] waiting for accepted seeds
[replay-worker] waiting for accepted seeds
[replay-worker] waiting for accepted seeds
[replay-worker] waiting for accepted seeds
[replay-worker] waiting for accepted seeds
[replay-worker] waiting for accepted seeds
[replay-worker] waiting for accepted seeds
[replay-worker] waiting for accepted seeds
[replay-worker] waiting for accepted seeds
[replay-worker] waiting for accepted seeds
[replay-worker] waiting for accepted seeds
[replay-worker] waiting for accepted seeds
[replay-worker] waiting for accepted seeds
[replay-worker] waiting for accepted seeds
[replay-worker] waiting for accepted seeds
[replay-worker] waiting for accepted seeds
[replay-worker] waiting for accepted seeds
[replay-worker] waiting for accepted seeds
[replay-worker] waiting for accepted seeds
[replay-worker] waiting for accepted seeds
[replay-worker] waiting for accepted seeds
[replay-worker] waiting for accepted seeds
[replay-worker] waiting for accepted seeds
[replay-worker] waiting for accepted seeds
[replay-worker] waiting for accepted seeds
[replay-worker] waiting for accepted seeds
[replay-worker] waiting for accepted seeds
[replay-worker] waiting for accepted seeds
[replay-worker] waiting for accepted seeds
[replay-worker] waiting for accepted seeds
[replay-worker] waiting for accepted seeds
[replay-worker] waiting for accepted seeds
[replay-worker] waiting for accepted seeds
[replay-worker] waiting for accepted seeds
[replay-worker] waiting for accepted seeds
[replay-worker] waiting for accepted seeds
[replay-worker] waiting for accepted seeds
[replay-worker] waiting for accepted seeds
[replay-worker] waiting for accepted seeds
[replay-worker] waiting for accepted seeds
[replay-worker] waiting for accepted seeds
[replay-worker] waiting for accepted seeds
[replay-worker] waiting for accepted seeds
[replay-worker] waiting for accepted seeds
[replay-worker] waiting for accepted seeds
[replay-worker] waiting for accepted seeds
[replay-worker] waiting for accepted seeds
[replay-worker] waiting for accepted seeds
[replay-worker] waiting for accepted seeds
[replay-worker] waiting for accepted seeds
[replay-worker] waiting for accepted seeds
[replay-worker] waiting for accepted seeds
[replay-worker] waiting for accepted seeds
[replay-worker] waiting for accepted seeds
[replay-worker] waiting for accepted seeds
[replay-worker] waiting for accepted seeds
[replay-worker] waiting for accepted seeds
[replay-worker] waiting for accepted seeds
[replay-worker] waiting for accepted seeds
[replay-worker] waiting for accepted seeds
[replay-worker] waiting for accepted seeds
[replay-worker] waiting for accepted seeds
[replay-worker] waiting for accepted seeds
[replay-worker] waiting for accepted seeds
[replay-worker] waiting for accepted seeds
[replay-worker] waiting for accepted seeds
[replay-worker] waiting for accepted seeds
[replay-worker] waiting for accepted seeds
[replay-worker] waiting for accepted seeds
[replay-worker] waiting for accepted seeds
[replay-worker] waiting for accepted seeds
[replay-worker] waiting for accepted seeds
[replay-worker] waiting for accepted seeds
[replay-worker] waiting for accepted seeds
[replay-worker] waiting for accepted seeds
[replay-worker] waiting for accepted seeds
[replay-worker] waiting for accepted seeds
[replay-worker] waiting for accepted seeds
[replay-worker] waiting for accepted seeds
[replay-worker] waiting for accepted seeds
[replay-worker] waiting for accepted seeds
[replay-worker] waiting for accepted seeds
[replay-worker] waiting for accepted seeds
[replay-worker] waiting for accepted seeds
[replay-worker] waiting for accepted seeds
[replay-worker] waiting for accepted seeds
[replay-worker] waiting for accepted seeds
[replay-worker] waiting for accepted seeds
[replay-worker] waiting for accepted seeds
[replay-worker] waiting for accepted seeds
[replay-worker] waiting for accepted seeds
[replay-worker] waiting for accepted seeds
[replay-worker] waiting for accepted seeds
[replay-worker] waiting for accepted seeds
[replay-worker] waiting for accepted seeds
[replay-worker] waiting for accepted seeds
[replay-worker] waiting for accepted seeds
[replay-worker] waiting for accepted seeds
[replay-worker] waiting for accepted seeds
[replay-worker] waiting for accepted seeds
[replay-worker] waiting for accepted seeds
[replay-worker] waiting for accepted seeds
[replay-worker] waiting for accepted seeds
[replay-worker] waiting for accepted seeds
[replay-worker] waiting for accepted seeds
[replay-worker] waiting for accepted seeds
[replay-worker] waiting for accepted seeds
[replay-worker] waiting for accepted seeds
[replay-worker] waiting for accepted seeds
[replay-worker] waiting for accepted seeds
[replay-worker] waiting for accepted seeds
[replay-worker] waiting for accepted seeds
[replay-worker] waiting for accepted seeds
[replay-worker] waiting for accepted seeds
[replay-worker] waiting for accepted seeds
[replay-worker] waiting for accepted seeds
[replay-worker] waiting for accepted seeds
[replay-worker] waiting for accepted seeds
[replay-worker] waiting for accepted seeds
[replay-worker] waiting for accepted seeds
[replay-worker] waiting for accepted seeds
[replay-worker] waiting for accepted seeds
[replay-worker] waiting for accepted seeds
[replay-worker] waiting for accepted seeds
[replay-worker] waiting for accepted seeds
[replay-worker] waiting for accepted seeds
[replay-worker] waiting for accepted seeds
[replay-worker] waiting for accepted seeds
[replay-worker] waiting for accepted seeds
[replay-worker] waiting for accepted seeds
[replay-worker] waiting for accepted seeds
[replay-worker] waiting for accepted seeds
[replay-worker] waiting for accepted seeds
[replay-worker] waiting for accepted seeds
[replay-worker] waiting for accepted seeds
[replay-worker] waiting for accepted seeds
[replay-worker] waiting for accepted seeds
[replay-worker] waiting for accepted seeds
[replay-worker] waiting for accepted seeds
[replay-worker] waiting for accepted seeds
[replay-worker] waiting for accepted seeds
[replay-worker] waiting for accepted seeds
[replay-worker] waiting for accepted seeds
[replay-worker] waiting for accepted seeds
[replay-worker] waiting for accepted seeds
[replay-worker] waiting for accepted seeds
[replay-worker] waiting for accepted seeds
[replay-worker] waiting for accepted seeds
[replay-worker] waiting for accepted seeds
[replay-worker] waiting for accepted seeds
[replay-worker] waiting for accepted seeds
[replay-worker] waiting for accepted seeds
[replay-worker] waiting for accepted seeds
[replay-worker] waiting for accepted seeds
[replay-worker] waiting for accepted seeds
[replay-worker] waiting for accepted seeds
[replay-worker] waiting for accepted seeds
[replay-worker] waiting for accepted seeds
[replay-worker] waiting for accepted seeds
[replay-worker] waiting for accepted seeds
[replay-worker] waiting for accepted seeds
[replay-worker] waiting for accepted seeds
[replay-worker] waiting for accepted seeds
[replay-worker] waiting for accepted seeds
[replay-worker] waiting for accepted seeds
[replay-worker] waiting for accepted seeds
[replay-worker] waiting for accepted seeds
[replay-worker] waiting for accepted seeds
[replay-worker] waiting for accepted seeds
[replay-worker] waiting for accepted seeds
[replay-worker] waiting for accepted seeds
[replay-worker] waiting for accepted seeds
[replay-worker] waiting for accepted seeds
[replay-worker] waiting for accepted seeds
[replay-worker] waiting for accepted seeds
[replay-worker] waiting for accepted seeds
[replay-worker] waiting for accepted seeds
[replay-worker] waiting for accepted seeds
[replay-worker] waiting for accepted seeds
[replay-worker] waiting for accepted seeds
[replay-worker] waiting for accepted seeds
[replay-worker] waiting for accepted seeds
[replay-worker] waiting for accepted seeds
[replay-worker] waiting for accepted seeds
[replay-worker] waiting for accepted seeds
[replay-worker] waiting for accepted seeds
[replay-worker] waiting for accepted seeds
[replay-worker] waiting for accepted seeds
[replay-worker] waiting for accepted seeds
[replay-worker] waiting for accepted seeds
[replay-worker] waiting for accepted seeds
[replay-worker] waiting for accepted seeds
[replay-worker] waiting for accepted seeds
[replay-worker] waiting for accepted seeds
[replay-worker] waiting for accepted seeds
[replay-worker] waiting for accepted seeds
[replay-worker] waiting for accepted seeds
[replay-worker] waiting for accepted seeds
[replay-worker] waiting for accepted seeds
[replay-worker] waiting for accepted seeds
[replay-worker] waiting for accepted seeds
[replay-worker] waiting for accepted seeds
[replay-worker] waiting for accepted seeds
[replay-worker] waiting for accepted seeds
[replay-worker] waiting for accepted seeds
[replay-worker] waiting for accepted seeds
[replay-worker] waiting for accepted seeds
[replay-worker] waiting for accepted seeds
[replay-worker] waiting for accepted seeds
[replay-worker] waiting for accepted seeds
[replay-worker] waiting for accepted seeds
[replay-worker] waiting for accepted seeds
[replay-worker] waiting for accepted seeds
[replay-worker] waiting for accepted seeds
[replay-worker] waiting for accepted seeds
[replay-worker] waiting for accepted seeds
[replay-worker] waiting for accepted seeds
[replay-worker] waiting for accepted seeds
[replay-worker] waiting for accepted seeds
[replay-worker] waiting for accepted seeds
[replay-worker] waiting for accepted seeds
[replay-worker] waiting for accepted seeds
[replay-worker] waiting for accepted seeds
[replay-worker] waiting for accepted seeds
[replay-worker] waiting for accepted seeds
[replay-worker] waiting for accepted seeds
[replay-worker] waiting for accepted seeds
[replay-worker] waiting for accepted seeds
[replay-worker] waiting for accepted seeds
[replay-worker] waiting for accepted seeds
[replay-worker] waiting for accepted seeds
[replay-worker] waiting for accepted seeds
[replay-worker] waiting for accepted seeds
[replay-worker] waiting for accepted seeds
[replay-worker] waiting for accepted seeds
[replay-worker] waiting for accepted seeds
[replay-worker] waiting for accepted seeds
[replay-worker] waiting for accepted seeds
[replay-worker] waiting for accepted seeds
[replay-worker] waiting for accepted seeds
[replay-worker] waiting for accepted seeds
[replay-worker] waiting for accepted seeds
[replay-worker] waiting for accepted seeds
[replay-worker] waiting for accepted seeds
[replay-worker] waiting for accepted seeds
[replay-worker] waiting for accepted seeds
[replay-worker] waiting for accepted seeds
[replay-worker] waiting for accepted seeds
[replay-worker] waiting for accepted seeds
[replay-worker] waiting for accepted seeds
[replay-worker] waiting for accepted seeds
[replay-worker] waiting for accepted seeds
[replay-worker] waiting for accepted seeds
[replay-worker] waiting for accepted seeds
[replay-worker] waiting for accepted seeds
[replay-worker] waiting for accepted seeds
[replay-worker] waiting for accepted seeds
[replay-worker] waiting for accepted seeds
[replay-worker] waiting for accepted seeds
[replay-worker] waiting for accepted seeds
[replay-worker] waiting for accepted seeds
[replay-worker] waiting for accepted seeds
[replay-worker] waiting for accepted seeds
[replay-worker] waiting for accepted seeds
[replay-worker] waiting for accepted seeds
[replay-worker] waiting for accepted seeds
[replay-worker] waiting for accepted seeds
[replay-worker] waiting for accepted seeds
[replay-worker] waiting for accepted seeds
[replay-worker] waiting for accepted seeds
[replay-worker] waiting for accepted seeds
[replay-worker] waiting for accepted seeds
[replay-worker] waiting for accepted seeds
[replay-worker] waiting for accepted seeds
[replay-worker] waiting for accepted seeds
[replay-worker] waiting for accepted seeds
[replay-worker] waiting for accepted seeds
[replay-worker] waiting for accepted seeds
[replay-worker] waiting for accepted seeds
[replay-worker] waiting for accepted seeds
[replay-worker] waiting for accepted seeds
[replay-worker] waiting for accepted seeds
[replay-worker] waiting for accepted seeds
[replay-worker] waiting for accepted seeds
[replay-worker] waiting for accepted seeds
[replay-worker] waiting for accepted seeds
[replay-worker] waiting for accepted seeds
[replay-worker] waiting for accepted seeds
[replay-worker] waiting for accepted seeds
[replay-worker] waiting for accepted seeds
[replay-worker] waiting for accepted seeds
[replay-worker] waiting for accepted seeds
[replay-worker] waiting for accepted seeds
[replay-worker] waiting for accepted seeds
[replay-worker] waiting for accepted seeds
[replay-worker] waiting for accepted seeds
[replay-worker] waiting for accepted seeds
[replay-worker] waiting for accepted seeds
[replay-worker] waiting for accepted seeds
[replay-worker] waiting for accepted seeds
[replay-worker] waiting for accepted seeds
>> recovering from: /home/zhaorz/project/CodeWM/CodeWM_ProWES_Logits/reproduct/units/p09_qr_code_gen_det/java/architecture/team
>> team.json exists: True path: /home/zhaorz/project/CodeWM/CodeWM_ProWES_Logits/reproduct/units/p09_qr_code_gen_det/java/architecture/team/team.json
>> ctx.git_repo.workdir = /home/zhaorz/project/CodeWM/CodeWM_ProWES_Logits/reproduct/units/p09_qr_code_gen_det/java/replays/0001_seed_3719859282/p09_qr_code_gen_det_java
eng.code_todos: ['pom.xml', 'src/main/java/QRMatrix.java', 'src/main/java/Checksum.java', 'src/main/java/ZigZag.java', 'src/main/java/FinderPattern.java', 'src/main/java/TextEncoder.java', 'src/main/java/MatrixValidator.java', 'src/main/java/QRDetector.java', 'src/main/java/QRCodec.java', 'src/main/java/QRRenderer.java', 'src/main/java/Main.java', 'src/test/java/MainTest.java']
>> ready, ctx.git_repo.workdir = /home/zhaorz/project/CodeWM/CodeWM_ProWES_Logits/reproduct/units/p09_qr_code_gen_det/java/replays/0001_seed_3719859282/p09_qr_code_gen_det_java
>> ctx.git_repo.workdir = /home/zhaorz/project/CodeWM/CodeWM_ProWES_Logits/reproduct/units/p09_qr_code_gen_det/java/replays/0001_seed_3719859282/p09_qr_code_gen_det_java
2026-09-14 15:46:50.876 | INFO     | metagpt.utils.file_repository:save:57 - save to: /home/zhaorz/project/CodeWM/CodeWM_ProWES_Logits/reproduct/units/p09_qr_code_gen_det/java/replays/0001_seed_3719859282/p09_qr_code_gen_det_java/docs/system_design/20260914153551.json
2026-09-14 15:46:50.877 | INFO     | metagpt.utils.file_repository:save:62 - update dependency: /home/zhaorz/project/CodeWM/CodeWM_ProWES_Logits/reproduct/units/p09_qr_code_gen_det/java/replays/0001_seed_3719859282/p09_qr_code_gen_det_java/docs/system_design/20260914153551.json:[]
2026-09-14 15:46:50.878 | INFO     | metagpt.utils.file_repository:save:57 - save to: /home/zhaorz/project/CodeWM/CodeWM_ProWES_Logits/reproduct/units/p09_qr_code_gen_det/java/replays/0001_seed_3719859282/p09_qr_code_gen_det_java/docs/task/20260914153551.json
2026-09-14 15:46:50.879 | INFO     | metagpt.utils.file_repository:save:62 - update dependency: /home/zhaorz/project/CodeWM/CodeWM_ProWES_Logits/reproduct/units/p09_qr_code_gen_det/java/replays/0001_seed_3719859282/p09_qr_code_gen_det_java/docs/task/20260914153551.json:[]
>> [manual] Run 1/12: WriteCode -> pom.xml
2026-09-14 15:46:50.884 | INFO     | metagpt.actions.write_code:run:186 - Writing pom.xml..
2026-09-14 15:47:12.542 | INFO     | metagpt.utils.file_repository:save:57 - save to: /home/zhaorz/project/CodeWM/CodeWM_ProWES_Logits/reproduct/units/p09_qr_code_gen_det/java/replays/0001_seed_3719859282/p09_qr_code_gen_det_java/p09_qr_code_gen_det_java/pom.xml
2026-09-14 15:47:12.544 | INFO     | metagpt.utils.file_repository:save:62 - update dependency: /home/zhaorz/project/CodeWM/CodeWM_ProWES_Logits/reproduct/units/p09_qr_code_gen_det/java/replays/0001_seed_3719859282/p09_qr_code_gen_det_java/p09_qr_code_gen_det_java/pom.xml:['docs/task/20260914153551.json', 'docs/system_design/20260914153551.json']
2026-09-14 15:47:12.545 | INFO     | metagpt.utils.file_repository:save:57 - save to: /home/zhaorz/project/CodeWM/CodeWM_ProWES_Logits/reproduct/units/p09_qr_code_gen_det/java/replays/0001_seed_3719859282/p09_qr_code_gen_det_java/p09_qr_code_gen_det_java/pom_wm_detRes.txt
>> saved: src/pom.xml
2026-09-14 15:47:12.546 | INFO     | metagpt.utils.file_repository:save:57 - save to: /home/zhaorz/project/CodeWM/CodeWM_ProWES_Logits/reproduct/units/p09_qr_code_gen_det/java/replays/0001_seed_3719859282/p09_qr_code_gen_det_java/docs/system_design/20260914153551.json
2026-09-14 15:47:12.548 | INFO     | metagpt.utils.file_repository:save:62 - update dependency: /home/zhaorz/project/CodeWM/CodeWM_ProWES_Logits/reproduct/units/p09_qr_code_gen_det/java/replays/0001_seed_3719859282/p09_qr_code_gen_det_java/docs/system_design/20260914153551.json:[]
2026-09-14 15:47:12.549 | INFO     | metagpt.utils.file_repository:save:57 - save to: /home/zhaorz/project/CodeWM/CodeWM_ProWES_Logits/reproduct/units/p09_qr_code_gen_det/java/replays/0001_seed_3719859282/p09_qr_code_gen_det_java/docs/task/20260914153551.json
2026-09-14 15:47:12.550 | INFO     | metagpt.utils.file_repository:save:62 - update dependency: /home/zhaorz/project/CodeWM/CodeWM_ProWES_Logits/reproduct/units/p09_qr_code_gen_det/java/replays/0001_seed_3719859282/p09_qr_code_gen_det_java/docs/task/20260914153551.json:[]
>> [manual] Run 2/12: WriteCode -> src/main/java/QRMatrix.java
2026-09-14 15:47:12.552 | INFO     | metagpt.actions.write_code:run:186 - Writing src/main/java/QRMatrix.java..
2026-09-14 15:47:46.867 | INFO     | metagpt.utils.file_repository:save:57 - save to: /home/zhaorz/project/CodeWM/CodeWM_ProWES_Logits/reproduct/units/p09_qr_code_gen_det/java/replays/0001_seed_3719859282/p09_qr_code_gen_det_java/p09_qr_code_gen_det_java/src/main/java/QRMatrix.java
2026-09-14 15:47:46.869 | INFO     | metagpt.utils.file_repository:save:62 - update dependency: /home/zhaorz/project/CodeWM/CodeWM_ProWES_Logits/reproduct/units/p09_qr_code_gen_det/java/replays/0001_seed_3719859282/p09_qr_code_gen_det_java/p09_qr_code_gen_det_java/src/main/java/QRMatrix.java:['docs/task/20260914153551.json', 'docs/system_design/20260914153551.json']
2026-09-14 15:47:46.871 | INFO     | metagpt.utils.file_repository:save:57 - save to: /home/zhaorz/project/CodeWM/CodeWM_ProWES_Logits/reproduct/units/p09_qr_code_gen_det/java/replays/0001_seed_3719859282/p09_qr_code_gen_det_java/p09_qr_code_gen_det_java/QRMatrix_wm_detRes.txt
>> saved: src/src/main/java/QRMatrix.java
2026-09-14 15:47:46.872 | INFO     | metagpt.utils.file_repository:save:57 - save to: /home/zhaorz/project/CodeWM/CodeWM_ProWES_Logits/reproduct/units/p09_qr_code_gen_det/java/replays/0001_seed_3719859282/p09_qr_code_gen_det_java/docs/system_design/20260914153551.json
2026-09-14 15:47:46.874 | INFO     | metagpt.utils.file_repository:save:62 - update dependency: /home/zhaorz/project/CodeWM/CodeWM_ProWES_Logits/reproduct/units/p09_qr_code_gen_det/java/replays/0001_seed_3719859282/p09_qr_code_gen_det_java/docs/system_design/20260914153551.json:[]
2026-09-14 15:47:46.875 | INFO     | metagpt.utils.file_repository:save:57 - save to: /home/zhaorz/project/CodeWM/CodeWM_ProWES_Logits/reproduct/units/p09_qr_code_gen_det/java/replays/0001_seed_3719859282/p09_qr_code_gen_det_java/docs/task/20260914153551.json
2026-09-14 15:47:46.876 | INFO     | metagpt.utils.file_repository:save:62 - update dependency: /home/zhaorz/project/CodeWM/CodeWM_ProWES_Logits/reproduct/units/p09_qr_code_gen_det/java/replays/0001_seed_3719859282/p09_qr_code_gen_det_java/docs/task/20260914153551.json:[]
>> [manual] Run 3/12: WriteCode -> src/main/java/Checksum.java
2026-09-14 15:47:46.879 | INFO     | metagpt.actions.write_code:run:186 - Writing src/main/java/Checksum.java..
2026-09-14 15:47:57.566 | INFO     | metagpt.utils.file_repository:save:57 - save to: /home/zhaorz/project/CodeWM/CodeWM_ProWES_Logits/reproduct/units/p09_qr_code_gen_det/java/replays/0001_seed_3719859282/p09_qr_code_gen_det_java/p09_qr_code_gen_det_java/src/main/java/Checksum.java
2026-09-14 15:47:57.567 | INFO     | metagpt.utils.file_repository:save:62 - update dependency: /home/zhaorz/project/CodeWM/CodeWM_ProWES_Logits/reproduct/units/p09_qr_code_gen_det/java/replays/0001_seed_3719859282/p09_qr_code_gen_det_java/p09_qr_code_gen_det_java/src/main/java/Checksum.java:['docs/task/20260914153551.json', 'docs/system_design/20260914153551.json']
2026-09-14 15:47:57.569 | INFO     | metagpt.utils.file_repository:save:57 - save to: /home/zhaorz/project/CodeWM/CodeWM_ProWES_Logits/reproduct/units/p09_qr_code_gen_det/java/replays/0001_seed_3719859282/p09_qr_code_gen_det_java/p09_qr_code_gen_det_java/Checksum_wm_detRes.txt
>> saved: src/src/main/java/Checksum.java
2026-09-14 15:47:57.570 | INFO     | metagpt.utils.file_repository:save:57 - save to: /home/zhaorz/project/CodeWM/CodeWM_ProWES_Logits/reproduct/units/p09_qr_code_gen_det/java/replays/0001_seed_3719859282/p09_qr_code_gen_det_java/docs/system_design/20260914153551.json
2026-09-14 15:47:57.572 | INFO     | metagpt.utils.file_repository:save:62 - update dependency: /home/zhaorz/project/CodeWM/CodeWM_ProWES_Logits/reproduct/units/p09_qr_code_gen_det/java/replays/0001_seed_3719859282/p09_qr_code_gen_det_java/docs/system_design/20260914153551.json:[]
2026-09-14 15:47:57.572 | INFO     | metagpt.utils.file_repository:save:57 - save to: /home/zhaorz/project/CodeWM/CodeWM_ProWES_Logits/reproduct/units/p09_qr_code_gen_det/java/replays/0001_seed_3719859282/p09_qr_code_gen_det_java/docs/task/20260914153551.json
2026-09-14 15:47:57.574 | INFO     | metagpt.utils.file_repository:save:62 - update dependency: /home/zhaorz/project/CodeWM/CodeWM_ProWES_Logits/reproduct/units/p09_qr_code_gen_det/java/replays/0001_seed_3719859282/p09_qr_code_gen_det_java/docs/task/20260914153551.json:[]
>> [manual] Run 4/12: WriteCode -> src/main/java/ZigZag.java
2026-09-14 15:47:57.577 | INFO     | metagpt.actions.write_code:run:186 - Writing src/main/java/ZigZag.java..
2026-09-14 15:48:32.099 | INFO     | metagpt.utils.file_repository:save:57 - save to: /home/zhaorz/project/CodeWM/CodeWM_ProWES_Logits/reproduct/units/p09_qr_code_gen_det/java/replays/0001_seed_3719859282/p09_qr_code_gen_det_java/p09_qr_code_gen_det_java/src/main/java/ZigZag.java
2026-09-14 15:48:32.101 | INFO     | metagpt.utils.file_repository:save:62 - update dependency: /home/zhaorz/project/CodeWM/CodeWM_ProWES_Logits/reproduct/units/p09_qr_code_gen_det/java/replays/0001_seed_3719859282/p09_qr_code_gen_det_java/p09_qr_code_gen_det_java/src/main/java/ZigZag.java:['docs/task/20260914153551.json', 'docs/system_design/20260914153551.json']
2026-09-14 15:48:32.101 | INFO     | metagpt.utils.file_repository:save:57 - save to: /home/zhaorz/project/CodeWM/CodeWM_ProWES_Logits/reproduct/units/p09_qr_code_gen_det/java/replays/0001_seed_3719859282/p09_qr_code_gen_det_java/p09_qr_code_gen_det_java/ZigZag_wm_detRes.txt
>> saved: src/src/main/java/ZigZag.java
2026-09-14 15:48:32.103 | INFO     | metagpt.utils.file_repository:save:57 - save to: /home/zhaorz/project/CodeWM/CodeWM_ProWES_Logits/reproduct/units/p09_qr_code_gen_det/java/replays/0001_seed_3719859282/p09_qr_code_gen_det_java/docs/system_design/20260914153551.json
2026-09-14 15:48:32.104 | INFO     | metagpt.utils.file_repository:save:62 - update dependency: /home/zhaorz/project/CodeWM/CodeWM_ProWES_Logits/reproduct/units/p09_qr_code_gen_det/java/replays/0001_seed_3719859282/p09_qr_code_gen_det_java/docs/system_design/20260914153551.json:[]
2026-09-14 15:48:32.105 | INFO     | metagpt.utils.file_repository:save:57 - save to: /home/zhaorz/project/CodeWM/CodeWM_ProWES_Logits/reproduct/units/p09_qr_code_gen_det/java/replays/0001_seed_3719859282/p09_qr_code_gen_det_java/docs/task/20260914153551.json
2026-09-14 15:48:32.106 | INFO     | metagpt.utils.file_repository:save:62 - update dependency: /home/zhaorz/project/CodeWM/CodeWM_ProWES_Logits/reproduct/units/p09_qr_code_gen_det/java/replays/0001_seed_3719859282/p09_qr_code_gen_det_java/docs/task/20260914153551.json:[]
>> [manual] Run 5/12: WriteCode -> src/main/java/FinderPattern.java
2026-09-14 15:48:32.110 | INFO     | metagpt.actions.write_code:run:186 - Writing src/main/java/FinderPattern.java..
2026-09-14 15:49:34.316 | INFO     | metagpt.utils.file_repository:save:57 - save to: /home/zhaorz/project/CodeWM/CodeWM_ProWES_Logits/reproduct/units/p09_qr_code_gen_det/java/replays/0001_seed_3719859282/p09_qr_code_gen_det_java/p09_qr_code_gen_det_java/src/main/java/FinderPattern.java
2026-09-14 15:49:34.318 | INFO     | metagpt.utils.file_repository:save:62 - update dependency: /home/zhaorz/project/CodeWM/CodeWM_ProWES_Logits/reproduct/units/p09_qr_code_gen_det/java/replays/0001_seed_3719859282/p09_qr_code_gen_det_java/p09_qr_code_gen_det_java/src/main/java/FinderPattern.java:['docs/task/20260914153551.json', 'docs/system_design/20260914153551.json']
2026-09-14 15:49:34.319 | INFO     | metagpt.utils.file_repository:save:57 - save to: /home/zhaorz/project/CodeWM/CodeWM_ProWES_Logits/reproduct/units/p09_qr_code_gen_det/java/replays/0001_seed_3719859282/p09_qr_code_gen_det_java/p09_qr_code_gen_det_java/FinderPattern_wm_detRes.txt
>> saved: src/src/main/java/FinderPattern.java
2026-09-14 15:49:34.321 | INFO     | metagpt.utils.file_repository:save:57 - save to: /home/zhaorz/project/CodeWM/CodeWM_ProWES_Logits/reproduct/units/p09_qr_code_gen_det/java/replays/0001_seed_3719859282/p09_qr_code_gen_det_java/docs/system_design/20260914153551.json
2026-09-14 15:49:34.323 | INFO     | metagpt.utils.file_repository:save:62 - update dependency: /home/zhaorz/project/CodeWM/CodeWM_ProWES_Logits/reproduct/units/p09_qr_code_gen_det/java/replays/0001_seed_3719859282/p09_qr_code_gen_det_java/docs/system_design/20260914153551.json:[]
2026-09-14 15:49:34.324 | INFO     | metagpt.utils.file_repository:save:57 - save to: /home/zhaorz/project/CodeWM/CodeWM_ProWES_Logits/reproduct/units/p09_qr_code_gen_det/java/replays/0001_seed_3719859282/p09_qr_code_gen_det_java/docs/task/20260914153551.json
2026-09-14 15:49:34.325 | INFO     | metagpt.utils.file_repository:save:62 - update dependency: /home/zhaorz/project/CodeWM/CodeWM_ProWES_Logits/reproduct/units/p09_qr_code_gen_det/java/replays/0001_seed_3719859282/p09_qr_code_gen_det_java/docs/task/20260914153551.json:[]
>> [manual] Run 6/12: WriteCode -> src/main/java/TextEncoder.java
2026-09-14 15:49:34.330 | INFO     | metagpt.actions.write_code:run:186 - Writing src/main/java/TextEncoder.java..
2026-09-14 15:50:42.298 | INFO     | metagpt.utils.file_repository:save:57 - save to: /home/zhaorz/project/CodeWM/CodeWM_ProWES_Logits/reproduct/units/p09_qr_code_gen_det/java/replays/0001_seed_3719859282/p09_qr_code_gen_det_java/p09_qr_code_gen_det_java/src/main/java/TextEncoder.java
2026-09-14 15:50:42.300 | INFO     | metagpt.utils.file_repository:save:62 - update dependency: /home/zhaorz/project/CodeWM/CodeWM_ProWES_Logits/reproduct/units/p09_qr_code_gen_det/java/replays/0001_seed_3719859282/p09_qr_code_gen_det_java/p09_qr_code_gen_det_java/src/main/java/TextEncoder.java:['docs/task/20260914153551.json', 'docs/system_design/20260914153551.json']
2026-09-14 15:50:42.301 | INFO     | metagpt.utils.file_repository:save:57 - save to: /home/zhaorz/project/CodeWM/CodeWM_ProWES_Logits/reproduct/units/p09_qr_code_gen_det/java/replays/0001_seed_3719859282/p09_qr_code_gen_det_java/p09_qr_code_gen_det_java/TextEncoder_wm_detRes.txt
>> saved: src/src/main/java/TextEncoder.java
2026-09-14 15:50:42.303 | INFO     | metagpt.utils.file_repository:save:57 - save to: /home/zhaorz/project/CodeWM/CodeWM_ProWES_Logits/reproduct/units/p09_qr_code_gen_det/java/replays/0001_seed_3719859282/p09_qr_code_gen_det_java/docs/system_design/20260914153551.json
2026-09-14 15:50:42.305 | INFO     | metagpt.utils.file_repository:save:62 - update dependency: /home/zhaorz/project/CodeWM/CodeWM_ProWES_Logits/reproduct/units/p09_qr_code_gen_det/java/replays/0001_seed_3719859282/p09_qr_code_gen_det_java/docs/system_design/20260914153551.json:[]
2026-09-14 15:50:42.306 | INFO     | metagpt.utils.file_repository:save:57 - save to: /home/zhaorz/project/CodeWM/CodeWM_ProWES_Logits/reproduct/units/p09_qr_code_gen_det/java/replays/0001_seed_3719859282/p09_qr_code_gen_det_java/docs/task/20260914153551.json
2026-09-14 15:50:42.307 | INFO     | metagpt.utils.file_repository:save:62 - update dependency: /home/zhaorz/project/CodeWM/CodeWM_ProWES_Logits/reproduct/units/p09_qr_code_gen_det/java/replays/0001_seed_3719859282/p09_qr_code_gen_det_java/docs/task/20260914153551.json:[]
>> [manual] Run 7/12: WriteCode -> src/main/java/MatrixValidator.java
2026-09-14 15:50:42.313 | INFO     | metagpt.actions.write_code:run:186 - Writing src/main/java/MatrixValidator.java..
2026-09-14 15:51:09.263 | INFO     | metagpt.utils.file_repository:save:57 - save to: /home/zhaorz/project/CodeWM/CodeWM_ProWES_Logits/reproduct/units/p09_qr_code_gen_det/java/replays/0001_seed_3719859282/p09_qr_code_gen_det_java/p09_qr_code_gen_det_java/src/main/java/MatrixValidator.java
2026-09-14 15:51:09.265 | INFO     | metagpt.utils.file_repository:save:62 - update dependency: /home/zhaorz/project/CodeWM/CodeWM_ProWES_Logits/reproduct/units/p09_qr_code_gen_det/java/replays/0001_seed_3719859282/p09_qr_code_gen_det_java/p09_qr_code_gen_det_java/src/main/java/MatrixValidator.java:['docs/task/20260914153551.json', 'docs/system_design/20260914153551.json']
2026-09-14 15:51:09.266 | INFO     | metagpt.utils.file_repository:save:57 - save to: /home/zhaorz/project/CodeWM/CodeWM_ProWES_Logits/reproduct/units/p09_qr_code_gen_det/java/replays/0001_seed_3719859282/p09_qr_code_gen_det_java/p09_qr_code_gen_det_java/MatrixValidator_wm_detRes.txt
>> saved: src/src/main/java/MatrixValidator.java
2026-09-14 15:51:09.268 | INFO     | metagpt.utils.file_repository:save:57 - save to: /home/zhaorz/project/CodeWM/CodeWM_ProWES_Logits/reproduct/units/p09_qr_code_gen_det/java/replays/0001_seed_3719859282/p09_qr_code_gen_det_java/docs/system_design/20260914153551.json
2026-09-14 15:51:09.269 | INFO     | metagpt.utils.file_repository:save:62 - update dependency: /home/zhaorz/project/CodeWM/CodeWM_ProWES_Logits/reproduct/units/p09_qr_code_gen_det/java/replays/0001_seed_3719859282/p09_qr_code_gen_det_java/docs/system_design/20260914153551.json:[]
2026-09-14 15:51:09.270 | INFO     | metagpt.utils.file_repository:save:57 - save to: /home/zhaorz/project/CodeWM/CodeWM_ProWES_Logits/reproduct/units/p09_qr_code_gen_det/java/replays/0001_seed_3719859282/p09_qr_code_gen_det_java/docs/task/20260914153551.json
2026-09-14 15:51:09.272 | INFO     | metagpt.utils.file_repository:save:62 - update dependency: /home/zhaorz/project/CodeWM/CodeWM_ProWES_Logits/reproduct/units/p09_qr_code_gen_det/java/replays/0001_seed_3719859282/p09_qr_code_gen_det_java/docs/task/20260914153551.json:[]
>> [manual] Run 8/12: WriteCode -> src/main/java/QRDetector.java
2026-09-14 15:51:09.278 | INFO     | metagpt.actions.write_code:run:186 - Writing src/main/java/QRDetector.java..
2026-09-14 15:51:45.259 | INFO     | metagpt.utils.file_repository:save:57 - save to: /home/zhaorz/project/CodeWM/CodeWM_ProWES_Logits/reproduct/units/p09_qr_code_gen_det/java/replays/0001_seed_3719859282/p09_qr_code_gen_det_java/p09_qr_code_gen_det_java/src/main/java/QRDetector.java
2026-09-14 15:51:45.261 | INFO     | metagpt.utils.file_repository:save:62 - update dependency: /home/zhaorz/project/CodeWM/CodeWM_ProWES_Logits/reproduct/units/p09_qr_code_gen_det/java/replays/0001_seed_3719859282/p09_qr_code_gen_det_java/p09_qr_code_gen_det_java/src/main/java/QRDetector.java:['docs/task/20260914153551.json', 'docs/system_design/20260914153551.json']
2026-09-14 15:51:45.262 | INFO     | metagpt.utils.file_repository:save:57 - save to: /home/zhaorz/project/CodeWM/CodeWM_ProWES_Logits/reproduct/units/p09_qr_code_gen_det/java/replays/0001_seed_3719859282/p09_qr_code_gen_det_java/p09_qr_code_gen_det_java/QRDetector_wm_detRes.txt
>> saved: src/src/main/java/QRDetector.java
2026-09-14 15:51:45.263 | INFO     | metagpt.utils.file_repository:save:57 - save to: /home/zhaorz/project/CodeWM/CodeWM_ProWES_Logits/reproduct/units/p09_qr_code_gen_det/java/replays/0001_seed_3719859282/p09_qr_code_gen_det_java/docs/system_design/20260914153551.json
2026-09-14 15:51:45.265 | INFO     | metagpt.utils.file_repository:save:62 - update dependency: /home/zhaorz/project/CodeWM/CodeWM_ProWES_Logits/reproduct/units/p09_qr_code_gen_det/java/replays/0001_seed_3719859282/p09_qr_code_gen_det_java/docs/system_design/20260914153551.json:[]
2026-09-14 15:51:45.266 | INFO     | metagpt.utils.file_repository:save:57 - save to: /home/zhaorz/project/CodeWM/CodeWM_ProWES_Logits/reproduct/units/p09_qr_code_gen_det/java/replays/0001_seed_3719859282/p09_qr_code_gen_det_java/docs/task/20260914153551.json
2026-09-14 15:51:45.268 | INFO     | metagpt.utils.file_repository:save:62 - update dependency: /home/zhaorz/project/CodeWM/CodeWM_ProWES_Logits/reproduct/units/p09_qr_code_gen_det/java/replays/0001_seed_3719859282/p09_qr_code_gen_det_java/docs/task/20260914153551.json:[]
>> [manual] Run 9/12: WriteCode -> src/main/java/QRCodec.java
2026-09-14 15:51:45.274 | INFO     | metagpt.actions.write_code:run:186 - Writing src/main/java/QRCodec.java..
2026-09-14 15:52:33.023 | INFO     | metagpt.utils.file_repository:save:57 - save to: /home/zhaorz/project/CodeWM/CodeWM_ProWES_Logits/reproduct/units/p09_qr_code_gen_det/java/replays/0001_seed_3719859282/p09_qr_code_gen_det_java/p09_qr_code_gen_det_java/src/main/java/QRCodec.java
2026-09-14 15:52:33.026 | INFO     | metagpt.utils.file_repository:save:62 - update dependency: /home/zhaorz/project/CodeWM/CodeWM_ProWES_Logits/reproduct/units/p09_qr_code_gen_det/java/replays/0001_seed_3719859282/p09_qr_code_gen_det_java/p09_qr_code_gen_det_java/src/main/java/QRCodec.java:['docs/task/20260914153551.json', 'docs/system_design/20260914153551.json']
2026-09-14 15:52:33.027 | INFO     | metagpt.utils.file_repository:save:57 - save to: /home/zhaorz/project/CodeWM/CodeWM_ProWES_Logits/reproduct/units/p09_qr_code_gen_det/java/replays/0001_seed_3719859282/p09_qr_code_gen_det_java/p09_qr_code_gen_det_java/QRCodec_wm_detRes.txt
>> saved: src/src/main/java/QRCodec.java
2026-09-14 15:52:33.029 | INFO     | metagpt.utils.file_repository:save:57 - save to: /home/zhaorz/project/CodeWM/CodeWM_ProWES_Logits/reproduct/units/p09_qr_code_gen_det/java/replays/0001_seed_3719859282/p09_qr_code_gen_det_java/docs/system_design/20260914153551.json
2026-09-14 15:52:33.030 | INFO     | metagpt.utils.file_repository:save:62 - update dependency: /home/zhaorz/project/CodeWM/CodeWM_ProWES_Logits/reproduct/units/p09_qr_code_gen_det/java/replays/0001_seed_3719859282/p09_qr_code_gen_det_java/docs/system_design/20260914153551.json:[]
2026-09-14 15:52:33.031 | INFO     | metagpt.utils.file_repository:save:57 - save to: /home/zhaorz/project/CodeWM/CodeWM_ProWES_Logits/reproduct/units/p09_qr_code_gen_det/java/replays/0001_seed_3719859282/p09_qr_code_gen_det_java/docs/task/20260914153551.json
2026-09-14 15:52:33.033 | INFO     | metagpt.utils.file_repository:save:62 - update dependency: /home/zhaorz/project/CodeWM/CodeWM_ProWES_Logits/reproduct/units/p09_qr_code_gen_det/java/replays/0001_seed_3719859282/p09_qr_code_gen_det_java/docs/task/20260914153551.json:[]
>> [manual] Run 10/12: WriteCode -> src/main/java/QRRenderer.java
2026-09-14 15:52:33.040 | INFO     | metagpt.actions.write_code:run:186 - Writing src/main/java/QRRenderer.java..
2026-09-14 15:52:51.348 | INFO     | metagpt.utils.file_repository:save:57 - save to: /home/zhaorz/project/CodeWM/CodeWM_ProWES_Logits/reproduct/units/p09_qr_code_gen_det/java/replays/0001_seed_3719859282/p09_qr_code_gen_det_java/p09_qr_code_gen_det_java/src/main/java/QRRenderer.java
2026-09-14 15:52:51.350 | INFO     | metagpt.utils.file_repository:save:62 - update dependency: /home/zhaorz/project/CodeWM/CodeWM_ProWES_Logits/reproduct/units/p09_qr_code_gen_det/java/replays/0001_seed_3719859282/p09_qr_code_gen_det_java/p09_qr_code_gen_det_java/src/main/java/QRRenderer.java:['docs/task/20260914153551.json', 'docs/system_design/20260914153551.json']
2026-09-14 15:52:51.351 | INFO     | metagpt.utils.file_repository:save:57 - save to: /home/zhaorz/project/CodeWM/CodeWM_ProWES_Logits/reproduct/units/p09_qr_code_gen_det/java/replays/0001_seed_3719859282/p09_qr_code_gen_det_java/p09_qr_code_gen_det_java/QRRenderer_wm_detRes.txt
>> saved: src/src/main/java/QRRenderer.java
2026-09-14 15:52:51.353 | INFO     | metagpt.utils.file_repository:save:57 - save to: /home/zhaorz/project/CodeWM/CodeWM_ProWES_Logits/reproduct/units/p09_qr_code_gen_det/java/replays/0001_seed_3719859282/p09_qr_code_gen_det_java/docs/system_design/20260914153551.json
2026-09-14 15:52:51.355 | INFO     | metagpt.utils.file_repository:save:62 - update dependency: /home/zhaorz/project/CodeWM/CodeWM_ProWES_Logits/reproduct/units/p09_qr_code_gen_det/java/replays/0001_seed_3719859282/p09_qr_code_gen_det_java/docs/system_design/20260914153551.json:[]
2026-09-14 15:52:51.356 | INFO     | metagpt.utils.file_repository:save:57 - save to: /home/zhaorz/project/CodeWM/CodeWM_ProWES_Logits/reproduct/units/p09_qr_code_gen_det/java/replays/0001_seed_3719859282/p09_qr_code_gen_det_java/docs/task/20260914153551.json
2026-09-14 15:52:51.358 | INFO     | metagpt.utils.file_repository:save:62 - update dependency: /home/zhaorz/project/CodeWM/CodeWM_ProWES_Logits/reproduct/units/p09_qr_code_gen_det/java/replays/0001_seed_3719859282/p09_qr_code_gen_det_java/docs/task/20260914153551.json:[]
>> [manual] Run 11/12: WriteCode -> src/main/java/Main.java
2026-09-14 15:52:51.365 | INFO     | metagpt.actions.write_code:run:186 - Writing src/main/java/Main.java..
2026-09-14 15:53:10.110 | INFO     | metagpt.utils.file_repository:save:57 - save to: /home/zhaorz/project/CodeWM/CodeWM_ProWES_Logits/reproduct/units/p09_qr_code_gen_det/java/replays/0001_seed_3719859282/p09_qr_code_gen_det_java/p09_qr_code_gen_det_java/src/main/java/Main.java
2026-09-14 15:53:10.112 | INFO     | metagpt.utils.file_repository:save:62 - update dependency: /home/zhaorz/project/CodeWM/CodeWM_ProWES_Logits/reproduct/units/p09_qr_code_gen_det/java/replays/0001_seed_3719859282/p09_qr_code_gen_det_java/p09_qr_code_gen_det_java/src/main/java/Main.java:['docs/task/20260914153551.json', 'docs/system_design/20260914153551.json']
2026-09-14 15:53:10.113 | INFO     | metagpt.utils.file_repository:save:57 - save to: /home/zhaorz/project/CodeWM/CodeWM_ProWES_Logits/reproduct/units/p09_qr_code_gen_det/java/replays/0001_seed_3719859282/p09_qr_code_gen_det_java/p09_qr_code_gen_det_java/Main_wm_detRes.txt
>> saved: src/src/main/java/Main.java
2026-09-14 15:53:10.115 | INFO     | metagpt.utils.file_repository:save:57 - save to: /home/zhaorz/project/CodeWM/CodeWM_ProWES_Logits/reproduct/units/p09_qr_code_gen_det/java/replays/0001_seed_3719859282/p09_qr_code_gen_det_java/docs/system_design/20260914153551.json
2026-09-14 15:53:10.116 | INFO     | metagpt.utils.file_repository:save:62 - update dependency: /home/zhaorz/project/CodeWM/CodeWM_ProWES_Logits/reproduct/units/p09_qr_code_gen_det/java/replays/0001_seed_3719859282/p09_qr_code_gen_det_java/docs/system_design/20260914153551.json:[]
2026-09-14 15:53:10.117 | INFO     | metagpt.utils.file_repository:save:57 - save to: /home/zhaorz/project/CodeWM/CodeWM_ProWES_Logits/reproduct/units/p09_qr_code_gen_det/java/replays/0001_seed_3719859282/p09_qr_code_gen_det_java/docs/task/20260914153551.json
2026-09-14 15:53:10.119 | INFO     | metagpt.utils.file_repository:save:62 - update dependency: /home/zhaorz/project/CodeWM/CodeWM_ProWES_Logits/reproduct/units/p09_qr_code_gen_det/java/replays/0001_seed_3719859282/p09_qr_code_gen_det_java/docs/task/20260914153551.json:[]
>> [manual] Run 12/12: WriteCode -> src/test/java/MainTest.java
2026-09-14 15:53:10.127 | INFO     | metagpt.actions.write_code:run:186 - Writing src/test/java/MainTest.java..
2026-09-14 15:53:51.187 | INFO     | metagpt.utils.file_repository:save:57 - save to: /home/zhaorz/project/CodeWM/CodeWM_ProWES_Logits/reproduct/units/p09_qr_code_gen_det/java/replays/0001_seed_3719859282/p09_qr_code_gen_det_java/p09_qr_code_gen_det_java/src/test/java/MainTest.java
2026-09-14 15:53:51.188 | INFO     | metagpt.utils.file_repository:save:62 - update dependency: /home/zhaorz/project/CodeWM/CodeWM_ProWES_Logits/reproduct/units/p09_qr_code_gen_det/java/replays/0001_seed_3719859282/p09_qr_code_gen_det_java/p09_qr_code_gen_det_java/src/test/java/MainTest.java:['docs/task/20260914153551.json', 'docs/system_design/20260914153551.json']
2026-09-14 15:53:51.190 | INFO     | metagpt.utils.file_repository:save:57 - save to: /home/zhaorz/project/CodeWM/CodeWM_ProWES_Logits/reproduct/units/p09_qr_code_gen_det/java/replays/0001_seed_3719859282/p09_qr_code_gen_det_java/p09_qr_code_gen_det_java/MainTest_wm_detRes.txt
>> saved: src/src/test/java/MainTest.java
>> [manual] all WriteCode actions finished.
[replay-worker] p09_qr_code_gen_det_java passed=True
[replay-worker] waiting for accepted seeds
[replay-worker] waiting for accepted seeds
[replay-worker] waiting for accepted seeds
[replay-worker] waiting for accepted seeds
[replay-worker] waiting for accepted seeds
[replay-worker] waiting for accepted seeds
[replay-worker] waiting for accepted seeds
[replay-worker] waiting for accepted seeds
[replay-worker] waiting for accepted seeds
[replay-worker] waiting for accepted seeds
[replay-worker] waiting for accepted seeds
[replay-worker] waiting for accepted seeds
[replay-worker] waiting for accepted seeds
[replay-worker] waiting for accepted seeds
[replay-worker] waiting for accepted seeds
[replay-worker] waiting for accepted seeds
[replay-worker] waiting for accepted seeds
[replay-worker] waiting for accepted seeds
[replay-worker] waiting for accepted seeds
[replay-worker] waiting for accepted seeds
[replay-worker] waiting for accepted seeds
[replay-worker] waiting for accepted seeds
[replay-worker] waiting for accepted seeds
[replay-worker] waiting for accepted seeds
[replay-worker] waiting for accepted seeds
[replay-worker] waiting for accepted seeds
[replay-worker] waiting for accepted seeds
[replay-worker] waiting for accepted seeds
[replay-worker] waiting for accepted seeds
[replay-worker] waiting for accepted seeds
[replay-worker] waiting for accepted seeds
[replay-worker] waiting for accepted seeds
[replay-worker] waiting for accepted seeds
[replay-worker] waiting for accepted seeds
[replay-worker] waiting for accepted seeds
[replay-worker] waiting for accepted seeds
[replay-worker] waiting for accepted seeds
[replay-worker] waiting for accepted seeds
[replay-worker] waiting for accepted seeds
[replay-worker] waiting for accepted seeds
[replay-worker] waiting for accepted seeds
[replay-worker] waiting for accepted seeds
[replay-worker] waiting for accepted seeds
[replay-worker] waiting for accepted seeds
[replay-worker] waiting for accepted seeds
[replay-worker] waiting for accepted seeds
[replay-worker] waiting for accepted seeds
[replay-worker] waiting for accepted seeds
[replay-worker] waiting for accepted seeds
[replay-worker] waiting for accepted seeds
[replay-worker] waiting for accepted seeds
[replay-worker] waiting for accepted seeds
[replay-worker] waiting for accepted seeds
[replay-worker] waiting for accepted seeds
[replay-worker] waiting for accepted seeds
[replay-worker] waiting for accepted seeds
[replay-worker] waiting for accepted seeds
[replay-worker] waiting for accepted seeds
[replay-worker] waiting for accepted seeds
[replay-worker] waiting for accepted seeds
[replay-worker] waiting for accepted seeds
[replay-worker] waiting for accepted seeds
[replay-worker] waiting for accepted seeds
[replay-worker] waiting for accepted seeds
[replay-worker] waiting for accepted seeds
[replay-worker] waiting for accepted seeds
[replay-worker] waiting for accepted seeds
[replay-worker] waiting for accepted seeds
[replay-worker] waiting for accepted seeds
[replay-worker] waiting for accepted seeds
[replay-worker] waiting for accepted seeds
[replay-worker] waiting for accepted seeds
[replay-worker] waiting for accepted seeds
[replay-worker] waiting for accepted seeds
[replay-worker] waiting for accepted seeds
[replay-worker] waiting for accepted seeds
[replay-worker] waiting for accepted seeds
[replay-worker] waiting for accepted seeds
[replay-worker] waiting for accepted seeds
[replay-worker] waiting for accepted seeds
[replay-worker] waiting for accepted seeds
[replay-worker] waiting for accepted seeds
[replay-worker] waiting for accepted seeds
[replay-worker] waiting for accepted seeds
[replay-worker] waiting for accepted seeds
[replay-worker] waiting for accepted seeds
[replay-worker] waiting for accepted seeds
[replay-worker] waiting for accepted seeds
[replay-worker] waiting for accepted seeds
[replay-worker] waiting for accepted seeds
[replay-worker] waiting for accepted seeds
[replay-worker] waiting for accepted seeds
[replay-worker] waiting for accepted seeds
[replay-worker] waiting for accepted seeds
[replay-worker] waiting for accepted seeds
[replay-worker] waiting for accepted seeds
[replay-worker] waiting for accepted seeds
[replay-worker] waiting for accepted seeds
[replay-worker] waiting for accepted seeds
[replay-worker] waiting for accepted seeds
[replay-worker] waiting for accepted seeds
[replay-worker] waiting for accepted seeds
[replay-worker] waiting for accepted seeds
[replay-worker] waiting for accepted seeds
[replay-worker] waiting for accepted seeds
[replay-worker] waiting for accepted seeds
[replay-worker] waiting for accepted seeds
[replay-worker] waiting for accepted seeds
[replay-worker] waiting for accepted seeds
[replay-worker] waiting for accepted seeds
[replay-worker] waiting for accepted seeds
[replay-worker] waiting for accepted seeds
[replay-worker] waiting for accepted seeds
[replay-worker] waiting for accepted seeds
[replay-worker] waiting for accepted seeds
[replay-worker] waiting for accepted seeds
[replay-worker] waiting for accepted seeds
[replay-worker] waiting for accepted seeds
[replay-worker] waiting for accepted seeds
[replay-worker] waiting for accepted seeds
[replay-worker] waiting for accepted seeds
[replay-worker] waiting for accepted seeds
[replay-worker] waiting for accepted seeds
[replay-worker] waiting for accepted seeds
[replay-worker] waiting for accepted seeds
[replay-worker] waiting for accepted seeds
[replay-worker] waiting for accepted seeds
[replay-worker] waiting for accepted seeds
[replay-worker] waiting for accepted seeds
[replay-worker] waiting for accepted seeds
[replay-worker] waiting for accepted seeds
[replay-worker] waiting for accepted seeds
[replay-worker] waiting for accepted seeds
[replay-worker] waiting for accepted seeds
[replay-worker] waiting for accepted seeds
[replay-worker] waiting for accepted seeds
[replay-worker] waiting for accepted seeds
[replay-worker] waiting for accepted seeds
[replay-worker] waiting for accepted seeds
[replay-worker] waiting for accepted seeds
[replay-worker] waiting for accepted seeds
[replay-worker] waiting for accepted seeds
[replay-worker] waiting for accepted seeds
[replay-worker] waiting for accepted seeds
[replay-worker] waiting for accepted seeds
[replay-worker] waiting for accepted seeds
[replay-worker] waiting for accepted seeds
[replay-worker] waiting for accepted seeds
[replay-worker] waiting for accepted seeds
[replay-worker] waiting for accepted seeds
[replay-worker] waiting for accepted seeds
[replay-worker] waiting for accepted seeds
[replay-worker] waiting for accepted seeds
[replay-worker] waiting for accepted seeds
[replay-worker] waiting for accepted seeds
[replay-worker] waiting for accepted seeds
[replay-worker] waiting for accepted seeds
[replay-worker] waiting for accepted seeds
[replay-worker] waiting for accepted seeds
[replay-worker] waiting for accepted seeds
[replay-worker] waiting for accepted seeds
[replay-worker] waiting for accepted seeds
[replay-worker] waiting for accepted seeds
[replay-worker] waiting for accepted seeds
[replay-worker] waiting for accepted seeds
[replay-worker] waiting for accepted seeds
[replay-worker] waiting for accepted seeds
[replay-worker] waiting for accepted seeds
[replay-worker] waiting for accepted seeds
[replay-worker] waiting for accepted seeds
[replay-worker] waiting for accepted seeds
[replay-worker] waiting for accepted seeds
[replay-worker] waiting for accepted seeds
[replay-worker] waiting for accepted seeds
[replay-worker] waiting for accepted seeds
[replay-worker] waiting for accepted seeds
[replay-worker] waiting for accepted seeds
[replay-worker] waiting for accepted seeds
[replay-worker] waiting for accepted seeds
[replay-worker] waiting for accepted seeds
[replay-worker] waiting for accepted seeds
[replay-worker] waiting for accepted seeds
[replay-worker] waiting for accepted seeds
[replay-worker] waiting for accepted seeds
[replay-worker] waiting for accepted seeds
[replay-worker] waiting for accepted seeds
[replay-worker] waiting for accepted seeds
[replay-worker] waiting for accepted seeds
[replay-worker] waiting for accepted seeds
[replay-worker] waiting for accepted seeds
[replay-worker] waiting for accepted seeds
[replay-worker] waiting for accepted seeds
[replay-worker] waiting for accepted seeds
[replay-worker] waiting for accepted seeds
[replay-worker] waiting for accepted seeds
[replay-worker] waiting for accepted seeds
[replay-worker] waiting for accepted seeds
[replay-worker] waiting for accepted seeds
[replay-worker] waiting for accepted seeds
[replay-worker] waiting for accepted seeds
[replay-worker] waiting for accepted seeds
[replay-worker] waiting for accepted seeds
[replay-worker] waiting for accepted seeds
[replay-worker] waiting for accepted seeds
[replay-worker] waiting for accepted seeds
[replay-worker] waiting for accepted seeds
[replay-worker] waiting for accepted seeds
[replay-worker] waiting for accepted seeds
[replay-worker] waiting for accepted seeds
[replay-worker] waiting for accepted seeds
[replay-worker] waiting for accepted seeds
[replay-worker] waiting for accepted seeds
[replay-worker] waiting for accepted seeds
[replay-worker] waiting for accepted seeds
[replay-worker] waiting for accepted seeds
[replay-worker] waiting for accepted seeds
[replay-worker] waiting for accepted seeds
[replay-worker] waiting for accepted seeds
[replay-worker] waiting for accepted seeds
[replay-worker] waiting for accepted seeds
[replay-worker] waiting for accepted seeds
[replay-worker] waiting for accepted seeds
[replay-worker] waiting for accepted seeds
[replay-worker] waiting for accepted seeds
[replay-worker] waiting for accepted seeds
[replay-worker] waiting for accepted seeds
[replay-worker] waiting for accepted seeds
[replay-worker] waiting for accepted seeds
[replay-worker] waiting for accepted seeds
[replay-worker] waiting for accepted seeds
[replay-worker] waiting for accepted seeds
[replay-worker] waiting for accepted seeds
[replay-worker] waiting for accepted seeds
[replay-worker] waiting for accepted seeds
[replay-worker] waiting for accepted seeds
[replay-worker] waiting for accepted seeds
[replay-worker] waiting for accepted seeds
[replay-worker] waiting for accepted seeds
[replay-worker] waiting for accepted seeds
[replay-worker] waiting for accepted seeds
[replay-worker] waiting for accepted seeds
[replay-worker] waiting for accepted seeds
[replay-worker] waiting for accepted seeds
[replay-worker] waiting for accepted seeds
[replay-worker] waiting for accepted seeds
[replay-worker] waiting for accepted seeds
[replay-worker] waiting for accepted seeds
[replay-worker] waiting for accepted seeds
[replay-worker] waiting for accepted seeds
[replay-worker] waiting for accepted seeds
>> recovering from: /home/zhaorz/project/CodeWM/CodeWM_ProWES_Logits/reproduct/units/p10_crud_system/cpp/architecture/team
>> team.json exists: True path: /home/zhaorz/project/CodeWM/CodeWM_ProWES_Logits/reproduct/units/p10_crud_system/cpp/architecture/team/team.json
>> ctx.git_repo.workdir = /home/zhaorz/project/CodeWM/CodeWM_ProWES_Logits/reproduct/units/p10_crud_system/cpp/replays/0001_seed_252729447/p10_crud_system_cpp
eng.code_todos: ['CMakeLists.txt', 'include/Record.h', 'src/Record.cpp', 'include/ManualClock.h', 'src/ManualClock.cpp', 'include/Repository.h', 'src/Repository.cpp', 'include/CrudService.h', 'src/CrudService.cpp', 'src/Main.cpp', 'tests/test_main.cpp']
>> ready, ctx.git_repo.workdir = /home/zhaorz/project/CodeWM/CodeWM_ProWES_Logits/reproduct/units/p10_crud_system/cpp/replays/0001_seed_252729447/p10_crud_system_cpp
>> ctx.git_repo.workdir = /home/zhaorz/project/CodeWM/CodeWM_ProWES_Logits/reproduct/units/p10_crud_system/cpp/replays/0001_seed_252729447/p10_crud_system_cpp
2026-09-14 17:17:37.540 | INFO     | metagpt.utils.file_repository:save:57 - save to: /home/zhaorz/project/CodeWM/CodeWM_ProWES_Logits/reproduct/units/p10_crud_system/cpp/replays/0001_seed_252729447/p10_crud_system_cpp/docs/system_design/20260914171149.json
2026-09-14 17:17:37.542 | INFO     | metagpt.utils.file_repository:save:62 - update dependency: /home/zhaorz/project/CodeWM/CodeWM_ProWES_Logits/reproduct/units/p10_crud_system/cpp/replays/0001_seed_252729447/p10_crud_system_cpp/docs/system_design/20260914171149.json:[]
2026-09-14 17:17:37.543 | INFO     | metagpt.utils.file_repository:save:57 - save to: /home/zhaorz/project/CodeWM/CodeWM_ProWES_Logits/reproduct/units/p10_crud_system/cpp/replays/0001_seed_252729447/p10_crud_system_cpp/docs/task/20260914171149.json
2026-09-14 17:17:37.544 | INFO     | metagpt.utils.file_repository:save:62 - update dependency: /home/zhaorz/project/CodeWM/CodeWM_ProWES_Logits/reproduct/units/p10_crud_system/cpp/replays/0001_seed_252729447/p10_crud_system_cpp/docs/task/20260914171149.json:[]
>> [manual] Run 1/11: WriteCode -> CMakeLists.txt
2026-09-14 17:17:37.547 | INFO     | metagpt.actions.write_code:run:186 - Writing CMakeLists.txt..
2026-09-14 17:17:50.751 | INFO     | metagpt.utils.file_repository:save:57 - save to: /home/zhaorz/project/CodeWM/CodeWM_ProWES_Logits/reproduct/units/p10_crud_system/cpp/replays/0001_seed_252729447/p10_crud_system_cpp/p10_crud_system_cpp/CMakeLists.txt
2026-09-14 17:17:50.753 | INFO     | metagpt.utils.file_repository:save:62 - update dependency: /home/zhaorz/project/CodeWM/CodeWM_ProWES_Logits/reproduct/units/p10_crud_system/cpp/replays/0001_seed_252729447/p10_crud_system_cpp/p10_crud_system_cpp/CMakeLists.txt:['docs/system_design/20260914171149.json', 'docs/task/20260914171149.json']
2026-09-14 17:17:50.753 | INFO     | metagpt.utils.file_repository:save:57 - save to: /home/zhaorz/project/CodeWM/CodeWM_ProWES_Logits/reproduct/units/p10_crud_system/cpp/replays/0001_seed_252729447/p10_crud_system_cpp/p10_crud_system_cpp/CMakeLists_wm_detRes.txt
>> saved: src/CMakeLists.txt
2026-09-14 17:17:50.755 | INFO     | metagpt.utils.file_repository:save:57 - save to: /home/zhaorz/project/CodeWM/CodeWM_ProWES_Logits/reproduct/units/p10_crud_system/cpp/replays/0001_seed_252729447/p10_crud_system_cpp/docs/system_design/20260914171149.json
2026-09-14 17:17:50.756 | INFO     | metagpt.utils.file_repository:save:62 - update dependency: /home/zhaorz/project/CodeWM/CodeWM_ProWES_Logits/reproduct/units/p10_crud_system/cpp/replays/0001_seed_252729447/p10_crud_system_cpp/docs/system_design/20260914171149.json:[]
2026-09-14 17:17:50.756 | INFO     | metagpt.utils.file_repository:save:57 - save to: /home/zhaorz/project/CodeWM/CodeWM_ProWES_Logits/reproduct/units/p10_crud_system/cpp/replays/0001_seed_252729447/p10_crud_system_cpp/docs/task/20260914171149.json
2026-09-14 17:17:50.757 | INFO     | metagpt.utils.file_repository:save:62 - update dependency: /home/zhaorz/project/CodeWM/CodeWM_ProWES_Logits/reproduct/units/p10_crud_system/cpp/replays/0001_seed_252729447/p10_crud_system_cpp/docs/task/20260914171149.json:[]
>> [manual] Run 2/11: WriteCode -> include/Record.h
2026-09-14 17:17:50.760 | INFO     | metagpt.actions.write_code:run:186 - Writing include/Record.h..
2026-09-14 17:18:02.602 | INFO     | metagpt.utils.file_repository:save:57 - save to: /home/zhaorz/project/CodeWM/CodeWM_ProWES_Logits/reproduct/units/p10_crud_system/cpp/replays/0001_seed_252729447/p10_crud_system_cpp/p10_crud_system_cpp/include/Record.h
2026-09-14 17:18:02.604 | INFO     | metagpt.utils.file_repository:save:62 - update dependency: /home/zhaorz/project/CodeWM/CodeWM_ProWES_Logits/reproduct/units/p10_crud_system/cpp/replays/0001_seed_252729447/p10_crud_system_cpp/p10_crud_system_cpp/include/Record.h:['docs/system_design/20260914171149.json', 'docs/task/20260914171149.json']
2026-09-14 17:18:02.605 | INFO     | metagpt.utils.file_repository:save:57 - save to: /home/zhaorz/project/CodeWM/CodeWM_ProWES_Logits/reproduct/units/p10_crud_system/cpp/replays/0001_seed_252729447/p10_crud_system_cpp/p10_crud_system_cpp/Record_wm_detRes.txt
>> saved: src/include/Record.h
2026-09-14 17:18:02.607 | INFO     | metagpt.utils.file_repository:save:57 - save to: /home/zhaorz/project/CodeWM/CodeWM_ProWES_Logits/reproduct/units/p10_crud_system/cpp/replays/0001_seed_252729447/p10_crud_system_cpp/docs/system_design/20260914171149.json
2026-09-14 17:18:02.608 | INFO     | metagpt.utils.file_repository:save:62 - update dependency: /home/zhaorz/project/CodeWM/CodeWM_ProWES_Logits/reproduct/units/p10_crud_system/cpp/replays/0001_seed_252729447/p10_crud_system_cpp/docs/system_design/20260914171149.json:[]
2026-09-14 17:18:02.609 | INFO     | metagpt.utils.file_repository:save:57 - save to: /home/zhaorz/project/CodeWM/CodeWM_ProWES_Logits/reproduct/units/p10_crud_system/cpp/replays/0001_seed_252729447/p10_crud_system_cpp/docs/task/20260914171149.json
2026-09-14 17:18:02.610 | INFO     | metagpt.utils.file_repository:save:62 - update dependency: /home/zhaorz/project/CodeWM/CodeWM_ProWES_Logits/reproduct/units/p10_crud_system/cpp/replays/0001_seed_252729447/p10_crud_system_cpp/docs/task/20260914171149.json:[]
>> [manual] Run 3/11: WriteCode -> src/Record.cpp
2026-09-14 17:18:02.612 | INFO     | metagpt.actions.write_code:run:186 - Writing src/Record.cpp..
2026-09-14 17:18:09.771 | INFO     | metagpt.utils.file_repository:save:57 - save to: /home/zhaorz/project/CodeWM/CodeWM_ProWES_Logits/reproduct/units/p10_crud_system/cpp/replays/0001_seed_252729447/p10_crud_system_cpp/p10_crud_system_cpp/src/Record.cpp
2026-09-14 17:18:09.773 | INFO     | metagpt.utils.file_repository:save:62 - update dependency: /home/zhaorz/project/CodeWM/CodeWM_ProWES_Logits/reproduct/units/p10_crud_system/cpp/replays/0001_seed_252729447/p10_crud_system_cpp/p10_crud_system_cpp/src/Record.cpp:['docs/system_design/20260914171149.json', 'docs/task/20260914171149.json']
2026-09-14 17:18:09.774 | INFO     | metagpt.utils.file_repository:save:57 - save to: /home/zhaorz/project/CodeWM/CodeWM_ProWES_Logits/reproduct/units/p10_crud_system/cpp/replays/0001_seed_252729447/p10_crud_system_cpp/p10_crud_system_cpp/Record_wm_detRes.txt
>> saved: src/src/Record.cpp
2026-09-14 17:18:09.775 | INFO     | metagpt.utils.file_repository:save:57 - save to: /home/zhaorz/project/CodeWM/CodeWM_ProWES_Logits/reproduct/units/p10_crud_system/cpp/replays/0001_seed_252729447/p10_crud_system_cpp/docs/system_design/20260914171149.json
2026-09-14 17:18:09.777 | INFO     | metagpt.utils.file_repository:save:62 - update dependency: /home/zhaorz/project/CodeWM/CodeWM_ProWES_Logits/reproduct/units/p10_crud_system/cpp/replays/0001_seed_252729447/p10_crud_system_cpp/docs/system_design/20260914171149.json:[]
2026-09-14 17:18:09.778 | INFO     | metagpt.utils.file_repository:save:57 - save to: /home/zhaorz/project/CodeWM/CodeWM_ProWES_Logits/reproduct/units/p10_crud_system/cpp/replays/0001_seed_252729447/p10_crud_system_cpp/docs/task/20260914171149.json
2026-09-14 17:18:09.780 | INFO     | metagpt.utils.file_repository:save:62 - update dependency: /home/zhaorz/project/CodeWM/CodeWM_ProWES_Logits/reproduct/units/p10_crud_system/cpp/replays/0001_seed_252729447/p10_crud_system_cpp/docs/task/20260914171149.json:[]
>> [manual] Run 4/11: WriteCode -> include/ManualClock.h
2026-09-14 17:18:09.783 | INFO     | metagpt.actions.write_code:run:186 - Writing include/ManualClock.h..
2026-09-14 17:18:15.616 | INFO     | metagpt.utils.file_repository:save:57 - save to: /home/zhaorz/project/CodeWM/CodeWM_ProWES_Logits/reproduct/units/p10_crud_system/cpp/replays/0001_seed_252729447/p10_crud_system_cpp/p10_crud_system_cpp/include/ManualClock.h
2026-09-14 17:18:15.618 | INFO     | metagpt.utils.file_repository:save:62 - update dependency: /home/zhaorz/project/CodeWM/CodeWM_ProWES_Logits/reproduct/units/p10_crud_system/cpp/replays/0001_seed_252729447/p10_crud_system_cpp/p10_crud_system_cpp/include/ManualClock.h:['docs/system_design/20260914171149.json', 'docs/task/20260914171149.json']
2026-09-14 17:18:15.619 | INFO     | metagpt.utils.file_repository:save:57 - save to: /home/zhaorz/project/CodeWM/CodeWM_ProWES_Logits/reproduct/units/p10_crud_system/cpp/replays/0001_seed_252729447/p10_crud_system_cpp/p10_crud_system_cpp/ManualClock_wm_detRes.txt
>> saved: src/include/ManualClock.h
2026-09-14 17:18:15.620 | INFO     | metagpt.utils.file_repository:save:57 - save to: /home/zhaorz/project/CodeWM/CodeWM_ProWES_Logits/reproduct/units/p10_crud_system/cpp/replays/0001_seed_252729447/p10_crud_system_cpp/docs/system_design/20260914171149.json
2026-09-14 17:18:15.622 | INFO     | metagpt.utils.file_repository:save:62 - update dependency: /home/zhaorz/project/CodeWM/CodeWM_ProWES_Logits/reproduct/units/p10_crud_system/cpp/replays/0001_seed_252729447/p10_crud_system_cpp/docs/system_design/20260914171149.json:[]
2026-09-14 17:18:15.623 | INFO     | metagpt.utils.file_repository:save:57 - save to: /home/zhaorz/project/CodeWM/CodeWM_ProWES_Logits/reproduct/units/p10_crud_system/cpp/replays/0001_seed_252729447/p10_crud_system_cpp/docs/task/20260914171149.json
2026-09-14 17:18:15.625 | INFO     | metagpt.utils.file_repository:save:62 - update dependency: /home/zhaorz/project/CodeWM/CodeWM_ProWES_Logits/reproduct/units/p10_crud_system/cpp/replays/0001_seed_252729447/p10_crud_system_cpp/docs/task/20260914171149.json:[]
>> [manual] Run 5/11: WriteCode -> src/ManualClock.cpp
2026-09-14 17:18:15.629 | INFO     | metagpt.actions.write_code:run:186 - Writing src/ManualClock.cpp..
2026-09-14 17:18:21.669 | INFO     | metagpt.utils.file_repository:save:57 - save to: /home/zhaorz/project/CodeWM/CodeWM_ProWES_Logits/reproduct/units/p10_crud_system/cpp/replays/0001_seed_252729447/p10_crud_system_cpp/p10_crud_system_cpp/src/ManualClock.cpp
2026-09-14 17:18:21.670 | INFO     | metagpt.utils.file_repository:save:62 - update dependency: /home/zhaorz/project/CodeWM/CodeWM_ProWES_Logits/reproduct/units/p10_crud_system/cpp/replays/0001_seed_252729447/p10_crud_system_cpp/p10_crud_system_cpp/src/ManualClock.cpp:['docs/system_design/20260914171149.json', 'docs/task/20260914171149.json']
2026-09-14 17:18:21.671 | INFO     | metagpt.utils.file_repository:save:57 - save to: /home/zhaorz/project/CodeWM/CodeWM_ProWES_Logits/reproduct/units/p10_crud_system/cpp/replays/0001_seed_252729447/p10_crud_system_cpp/p10_crud_system_cpp/ManualClock_wm_detRes.txt
>> saved: src/src/ManualClock.cpp
2026-09-14 17:18:21.672 | INFO     | metagpt.utils.file_repository:save:57 - save to: /home/zhaorz/project/CodeWM/CodeWM_ProWES_Logits/reproduct/units/p10_crud_system/cpp/replays/0001_seed_252729447/p10_crud_system_cpp/docs/system_design/20260914171149.json
2026-09-14 17:18:21.673 | INFO     | metagpt.utils.file_repository:save:62 - update dependency: /home/zhaorz/project/CodeWM/CodeWM_ProWES_Logits/reproduct/units/p10_crud_system/cpp/replays/0001_seed_252729447/p10_crud_system_cpp/docs/system_design/20260914171149.json:[]
2026-09-14 17:18:21.674 | INFO     | metagpt.utils.file_repository:save:57 - save to: /home/zhaorz/project/CodeWM/CodeWM_ProWES_Logits/reproduct/units/p10_crud_system/cpp/replays/0001_seed_252729447/p10_crud_system_cpp/docs/task/20260914171149.json
2026-09-14 17:18:21.675 | INFO     | metagpt.utils.file_repository:save:62 - update dependency: /home/zhaorz/project/CodeWM/CodeWM_ProWES_Logits/reproduct/units/p10_crud_system/cpp/replays/0001_seed_252729447/p10_crud_system_cpp/docs/task/20260914171149.json:[]
>> [manual] Run 6/11: WriteCode -> include/Repository.h
2026-09-14 17:18:21.679 | INFO     | metagpt.actions.write_code:run:186 - Writing include/Repository.h..
2026-09-14 17:18:29.608 | INFO     | metagpt.utils.file_repository:save:57 - save to: /home/zhaorz/project/CodeWM/CodeWM_ProWES_Logits/reproduct/units/p10_crud_system/cpp/replays/0001_seed_252729447/p10_crud_system_cpp/p10_crud_system_cpp/include/Repository.h
2026-09-14 17:18:29.610 | INFO     | metagpt.utils.file_repository:save:62 - update dependency: /home/zhaorz/project/CodeWM/CodeWM_ProWES_Logits/reproduct/units/p10_crud_system/cpp/replays/0001_seed_252729447/p10_crud_system_cpp/p10_crud_system_cpp/include/Repository.h:['docs/system_design/20260914171149.json', 'docs/task/20260914171149.json']
2026-09-14 17:18:29.610 | INFO     | metagpt.utils.file_repository:save:57 - save to: /home/zhaorz/project/CodeWM/CodeWM_ProWES_Logits/reproduct/units/p10_crud_system/cpp/replays/0001_seed_252729447/p10_crud_system_cpp/p10_crud_system_cpp/Repository_wm_detRes.txt
>> saved: src/include/Repository.h
2026-09-14 17:18:29.611 | INFO     | metagpt.utils.file_repository:save:57 - save to: /home/zhaorz/project/CodeWM/CodeWM_ProWES_Logits/reproduct/units/p10_crud_system/cpp/replays/0001_seed_252729447/p10_crud_system_cpp/docs/system_design/20260914171149.json
2026-09-14 17:18:29.612 | INFO     | metagpt.utils.file_repository:save:62 - update dependency: /home/zhaorz/project/CodeWM/CodeWM_ProWES_Logits/reproduct/units/p10_crud_system/cpp/replays/0001_seed_252729447/p10_crud_system_cpp/docs/system_design/20260914171149.json:[]
2026-09-14 17:18:29.613 | INFO     | metagpt.utils.file_repository:save:57 - save to: /home/zhaorz/project/CodeWM/CodeWM_ProWES_Logits/reproduct/units/p10_crud_system/cpp/replays/0001_seed_252729447/p10_crud_system_cpp/docs/task/20260914171149.json
2026-09-14 17:18:29.614 | INFO     | metagpt.utils.file_repository:save:62 - update dependency: /home/zhaorz/project/CodeWM/CodeWM_ProWES_Logits/reproduct/units/p10_crud_system/cpp/replays/0001_seed_252729447/p10_crud_system_cpp/docs/task/20260914171149.json:[]
>> [manual] Run 7/11: WriteCode -> src/Repository.cpp
2026-09-14 17:18:29.617 | INFO     | metagpt.actions.write_code:run:186 - Writing src/Repository.cpp..
2026-09-14 17:18:44.594 | INFO     | metagpt.utils.file_repository:save:57 - save to: /home/zhaorz/project/CodeWM/CodeWM_ProWES_Logits/reproduct/units/p10_crud_system/cpp/replays/0001_seed_252729447/p10_crud_system_cpp/p10_crud_system_cpp/src/Repository.cpp
2026-09-14 17:18:44.595 | INFO     | metagpt.utils.file_repository:save:62 - update dependency: /home/zhaorz/project/CodeWM/CodeWM_ProWES_Logits/reproduct/units/p10_crud_system/cpp/replays/0001_seed_252729447/p10_crud_system_cpp/p10_crud_system_cpp/src/Repository.cpp:['docs/system_design/20260914171149.json', 'docs/task/20260914171149.json']
2026-09-14 17:18:44.596 | INFO     | metagpt.utils.file_repository:save:57 - save to: /home/zhaorz/project/CodeWM/CodeWM_ProWES_Logits/reproduct/units/p10_crud_system/cpp/replays/0001_seed_252729447/p10_crud_system_cpp/p10_crud_system_cpp/Repository_wm_detRes.txt
>> saved: src/src/Repository.cpp
2026-09-14 17:18:44.597 | INFO     | metagpt.utils.file_repository:save:57 - save to: /home/zhaorz/project/CodeWM/CodeWM_ProWES_Logits/reproduct/units/p10_crud_system/cpp/replays/0001_seed_252729447/p10_crud_system_cpp/docs/system_design/20260914171149.json
2026-09-14 17:18:44.598 | INFO     | metagpt.utils.file_repository:save:62 - update dependency: /home/zhaorz/project/CodeWM/CodeWM_ProWES_Logits/reproduct/units/p10_crud_system/cpp/replays/0001_seed_252729447/p10_crud_system_cpp/docs/system_design/20260914171149.json:[]
2026-09-14 17:18:44.599 | INFO     | metagpt.utils.file_repository:save:57 - save to: /home/zhaorz/project/CodeWM/CodeWM_ProWES_Logits/reproduct/units/p10_crud_system/cpp/replays/0001_seed_252729447/p10_crud_system_cpp/docs/task/20260914171149.json
2026-09-14 17:18:44.600 | INFO     | metagpt.utils.file_repository:save:62 - update dependency: /home/zhaorz/project/CodeWM/CodeWM_ProWES_Logits/reproduct/units/p10_crud_system/cpp/replays/0001_seed_252729447/p10_crud_system_cpp/docs/task/20260914171149.json:[]
>> [manual] Run 8/11: WriteCode -> include/CrudService.h
2026-09-14 17:18:44.605 | INFO     | metagpt.actions.write_code:run:186 - Writing include/CrudService.h..
2026-09-14 17:18:55.748 | INFO     | metagpt.utils.file_repository:save:57 - save to: /home/zhaorz/project/CodeWM/CodeWM_ProWES_Logits/reproduct/units/p10_crud_system/cpp/replays/0001_seed_252729447/p10_crud_system_cpp/p10_crud_system_cpp/include/CrudService.h
2026-09-14 17:18:55.750 | INFO     | metagpt.utils.file_repository:save:62 - update dependency: /home/zhaorz/project/CodeWM/CodeWM_ProWES_Logits/reproduct/units/p10_crud_system/cpp/replays/0001_seed_252729447/p10_crud_system_cpp/p10_crud_system_cpp/include/CrudService.h:['docs/system_design/20260914171149.json', 'docs/task/20260914171149.json']
2026-09-14 17:18:55.751 | INFO     | metagpt.utils.file_repository:save:57 - save to: /home/zhaorz/project/CodeWM/CodeWM_ProWES_Logits/reproduct/units/p10_crud_system/cpp/replays/0001_seed_252729447/p10_crud_system_cpp/p10_crud_system_cpp/CrudService_wm_detRes.txt
>> saved: src/include/CrudService.h
2026-09-14 17:18:55.752 | INFO     | metagpt.utils.file_repository:save:57 - save to: /home/zhaorz/project/CodeWM/CodeWM_ProWES_Logits/reproduct/units/p10_crud_system/cpp/replays/0001_seed_252729447/p10_crud_system_cpp/docs/system_design/20260914171149.json
2026-09-14 17:18:55.754 | INFO     | metagpt.utils.file_repository:save:62 - update dependency: /home/zhaorz/project/CodeWM/CodeWM_ProWES_Logits/reproduct/units/p10_crud_system/cpp/replays/0001_seed_252729447/p10_crud_system_cpp/docs/system_design/20260914171149.json:[]
2026-09-14 17:18:55.755 | INFO     | metagpt.utils.file_repository:save:57 - save to: /home/zhaorz/project/CodeWM/CodeWM_ProWES_Logits/reproduct/units/p10_crud_system/cpp/replays/0001_seed_252729447/p10_crud_system_cpp/docs/task/20260914171149.json
2026-09-14 17:18:55.757 | INFO     | metagpt.utils.file_repository:save:62 - update dependency: /home/zhaorz/project/CodeWM/CodeWM_ProWES_Logits/reproduct/units/p10_crud_system/cpp/replays/0001_seed_252729447/p10_crud_system_cpp/docs/task/20260914171149.json:[]
>> [manual] Run 9/11: WriteCode -> src/CrudService.cpp
2026-09-14 17:18:55.762 | INFO     | metagpt.actions.write_code:run:186 - Writing src/CrudService.cpp..
2026-09-14 17:19:41.859 | INFO     | metagpt.utils.file_repository:save:57 - save to: /home/zhaorz/project/CodeWM/CodeWM_ProWES_Logits/reproduct/units/p10_crud_system/cpp/replays/0001_seed_252729447/p10_crud_system_cpp/p10_crud_system_cpp/src/CrudService.cpp
2026-09-14 17:19:41.861 | INFO     | metagpt.utils.file_repository:save:62 - update dependency: /home/zhaorz/project/CodeWM/CodeWM_ProWES_Logits/reproduct/units/p10_crud_system/cpp/replays/0001_seed_252729447/p10_crud_system_cpp/p10_crud_system_cpp/src/CrudService.cpp:['docs/system_design/20260914171149.json', 'docs/task/20260914171149.json']
2026-09-14 17:19:41.863 | INFO     | metagpt.utils.file_repository:save:57 - save to: /home/zhaorz/project/CodeWM/CodeWM_ProWES_Logits/reproduct/units/p10_crud_system/cpp/replays/0001_seed_252729447/p10_crud_system_cpp/p10_crud_system_cpp/CrudService_wm_detRes.txt
>> saved: src/src/CrudService.cpp
2026-09-14 17:19:41.864 | INFO     | metagpt.utils.file_repository:save:57 - save to: /home/zhaorz/project/CodeWM/CodeWM_ProWES_Logits/reproduct/units/p10_crud_system/cpp/replays/0001_seed_252729447/p10_crud_system_cpp/docs/system_design/20260914171149.json
2026-09-14 17:19:41.865 | INFO     | metagpt.utils.file_repository:save:62 - update dependency: /home/zhaorz/project/CodeWM/CodeWM_ProWES_Logits/reproduct/units/p10_crud_system/cpp/replays/0001_seed_252729447/p10_crud_system_cpp/docs/system_design/20260914171149.json:[]
2026-09-14 17:19:41.866 | INFO     | metagpt.utils.file_repository:save:57 - save to: /home/zhaorz/project/CodeWM/CodeWM_ProWES_Logits/reproduct/units/p10_crud_system/cpp/replays/0001_seed_252729447/p10_crud_system_cpp/docs/task/20260914171149.json
2026-09-14 17:19:41.868 | INFO     | metagpt.utils.file_repository:save:62 - update dependency: /home/zhaorz/project/CodeWM/CodeWM_ProWES_Logits/reproduct/units/p10_crud_system/cpp/replays/0001_seed_252729447/p10_crud_system_cpp/docs/task/20260914171149.json:[]
>> [manual] Run 10/11: WriteCode -> src/Main.cpp
2026-09-14 17:19:41.875 | INFO     | metagpt.actions.write_code:run:186 - Writing src/Main.cpp..
2026-09-14 17:19:51.394 | INFO     | metagpt.utils.file_repository:save:57 - save to: /home/zhaorz/project/CodeWM/CodeWM_ProWES_Logits/reproduct/units/p10_crud_system/cpp/replays/0001_seed_252729447/p10_crud_system_cpp/p10_crud_system_cpp/src/Main.cpp
2026-09-14 17:19:51.395 | INFO     | metagpt.utils.file_repository:save:62 - update dependency: /home/zhaorz/project/CodeWM/CodeWM_ProWES_Logits/reproduct/units/p10_crud_system/cpp/replays/0001_seed_252729447/p10_crud_system_cpp/p10_crud_system_cpp/src/Main.cpp:['docs/system_design/20260914171149.json', 'docs/task/20260914171149.json']
2026-09-14 17:19:51.396 | INFO     | metagpt.utils.file_repository:save:57 - save to: /home/zhaorz/project/CodeWM/CodeWM_ProWES_Logits/reproduct/units/p10_crud_system/cpp/replays/0001_seed_252729447/p10_crud_system_cpp/p10_crud_system_cpp/Main_wm_detRes.txt
>> saved: src/src/Main.cpp
2026-09-14 17:19:51.397 | INFO     | metagpt.utils.file_repository:save:57 - save to: /home/zhaorz/project/CodeWM/CodeWM_ProWES_Logits/reproduct/units/p10_crud_system/cpp/replays/0001_seed_252729447/p10_crud_system_cpp/docs/system_design/20260914171149.json
2026-09-14 17:19:51.399 | INFO     | metagpt.utils.file_repository:save:62 - update dependency: /home/zhaorz/project/CodeWM/CodeWM_ProWES_Logits/reproduct/units/p10_crud_system/cpp/replays/0001_seed_252729447/p10_crud_system_cpp/docs/system_design/20260914171149.json:[]
2026-09-14 17:19:51.399 | INFO     | metagpt.utils.file_repository:save:57 - save to: /home/zhaorz/project/CodeWM/CodeWM_ProWES_Logits/reproduct/units/p10_crud_system/cpp/replays/0001_seed_252729447/p10_crud_system_cpp/docs/task/20260914171149.json
2026-09-14 17:19:51.401 | INFO     | metagpt.utils.file_repository:save:62 - update dependency: /home/zhaorz/project/CodeWM/CodeWM_ProWES_Logits/reproduct/units/p10_crud_system/cpp/replays/0001_seed_252729447/p10_crud_system_cpp/docs/task/20260914171149.json:[]
>> [manual] Run 11/11: WriteCode -> tests/test_main.cpp
2026-09-14 17:19:51.406 | INFO     | metagpt.actions.write_code:run:186 - Writing tests/test_main.cpp..
2026-09-14 17:20:39.639 | INFO     | metagpt.utils.file_repository:save:57 - save to: /home/zhaorz/project/CodeWM/CodeWM_ProWES_Logits/reproduct/units/p10_crud_system/cpp/replays/0001_seed_252729447/p10_crud_system_cpp/p10_crud_system_cpp/tests/test_main.cpp
2026-09-14 17:20:39.641 | INFO     | metagpt.utils.file_repository:save:62 - update dependency: /home/zhaorz/project/CodeWM/CodeWM_ProWES_Logits/reproduct/units/p10_crud_system/cpp/replays/0001_seed_252729447/p10_crud_system_cpp/p10_crud_system_cpp/tests/test_main.cpp:['docs/system_design/20260914171149.json', 'docs/task/20260914171149.json']
2026-09-14 17:20:39.642 | INFO     | metagpt.utils.file_repository:save:57 - save to: /home/zhaorz/project/CodeWM/CodeWM_ProWES_Logits/reproduct/units/p10_crud_system/cpp/replays/0001_seed_252729447/p10_crud_system_cpp/p10_crud_system_cpp/test_main_wm_detRes.txt
>> saved: src/tests/test_main.cpp
>> [manual] all WriteCode actions finished.
[replay-worker] p10_crud_system_cpp passed=True
[replay-worker] waiting for accepted seeds
[replay-worker] waiting for accepted seeds
[replay-worker] waiting for accepted seeds
[replay-worker] waiting for accepted seeds
[replay-worker] waiting for accepted seeds
[replay-worker] waiting for accepted seeds
[replay-worker] waiting for accepted seeds
[replay-worker] waiting for accepted seeds
[replay-worker] waiting for accepted seeds
[replay-worker] waiting for accepted seeds
[replay-worker] waiting for accepted seeds
[replay-worker] waiting for accepted seeds
[replay-worker] waiting for accepted seeds
[replay-worker] waiting for accepted seeds
[replay-worker] waiting for accepted seeds
[replay-worker] waiting for accepted seeds
[replay-worker] waiting for accepted seeds
[replay-worker] waiting for accepted seeds
[replay-worker] waiting for accepted seeds
[replay-worker] waiting for accepted seeds
[replay-worker] waiting for accepted seeds
[replay-worker] waiting for accepted seeds
[replay-worker] waiting for accepted seeds
[replay-worker] waiting for accepted seeds
[replay-worker] waiting for accepted seeds
[replay-worker] waiting for accepted seeds
[replay-worker] waiting for accepted seeds
[replay-worker] waiting for accepted seeds
[replay-worker] waiting for accepted seeds
[replay-worker] waiting for accepted seeds
[replay-worker] waiting for accepted seeds
[replay-worker] waiting for accepted seeds
[replay-worker] waiting for accepted seeds
[replay-worker] waiting for accepted seeds
[replay-worker] waiting for accepted seeds
[replay-worker] waiting for accepted seeds
[replay-worker] waiting for accepted seeds
[replay-worker] waiting for accepted seeds
[replay-worker] waiting for accepted seeds
[replay-worker] waiting for accepted seeds
[replay-worker] waiting for accepted seeds
[replay-worker] waiting for accepted seeds
[replay-worker] waiting for accepted seeds
[replay-worker] waiting for accepted seeds
[replay-worker] waiting for accepted seeds
[replay-worker] waiting for accepted seeds
[replay-worker] waiting for accepted seeds
[replay-worker] waiting for accepted seeds
[replay-worker] waiting for accepted seeds
[replay-worker] waiting for accepted seeds
[replay-worker] waiting for accepted seeds
[replay-worker] waiting for accepted seeds
[replay-worker] waiting for accepted seeds
[replay-worker] waiting for accepted seeds
[replay-worker] waiting for accepted seeds
[replay-worker] waiting for accepted seeds
[replay-worker] waiting for accepted seeds
[replay-worker] waiting for accepted seeds
[replay-worker] waiting for accepted seeds
[replay-worker] waiting for accepted seeds
[replay-worker] waiting for accepted seeds
[replay-worker] waiting for accepted seeds
[replay-worker] waiting for accepted seeds
[replay-worker] waiting for accepted seeds
[replay-worker] waiting for accepted seeds
[replay-worker] waiting for accepted seeds
[replay-worker] waiting for accepted seeds
[replay-worker] waiting for accepted seeds
[replay-worker] waiting for accepted seeds
[replay-worker] waiting for accepted seeds
[replay-worker] waiting for accepted seeds
[replay-worker] waiting for accepted seeds
[replay-worker] waiting for accepted seeds
[replay-worker] waiting for accepted seeds
[replay-worker] waiting for accepted seeds
[replay-worker] waiting for accepted seeds
[replay-worker] waiting for accepted seeds
[replay-worker] waiting for accepted seeds
[replay-worker] waiting for accepted seeds
[replay-worker] waiting for accepted seeds
[replay-worker] waiting for accepted seeds
[replay-worker] waiting for accepted seeds
[replay-worker] waiting for accepted seeds
[replay-worker] waiting for accepted seeds
[replay-worker] waiting for accepted seeds
[replay-worker] waiting for accepted seeds
[replay-worker] waiting for accepted seeds
[replay-worker] waiting for accepted seeds
[replay-worker] waiting for accepted seeds
[replay-worker] waiting for accepted seeds
[replay-worker] waiting for accepted seeds
[replay-worker] waiting for accepted seeds
[replay-worker] waiting for accepted seeds
[replay-worker] waiting for accepted seeds
[replay-worker] waiting for accepted seeds
[replay-worker] waiting for accepted seeds
[replay-worker] waiting for accepted seeds
[replay-worker] waiting for accepted seeds
[replay-worker] waiting for accepted seeds
[replay-worker] waiting for accepted seeds
[replay-worker] waiting for accepted seeds
[replay-worker] waiting for accepted seeds
[replay-worker] waiting for accepted seeds
[replay-worker] waiting for accepted seeds
[replay-worker] waiting for accepted seeds
[replay-worker] waiting for accepted seeds
[replay-worker] waiting for accepted seeds
[replay-worker] waiting for accepted seeds
[replay-worker] waiting for accepted seeds
[replay-worker] waiting for accepted seeds
[replay-worker] waiting for accepted seeds
[replay-worker] waiting for accepted seeds
[replay-worker] waiting for accepted seeds
[replay-worker] waiting for accepted seeds
[replay-worker] waiting for accepted seeds
[replay-worker] waiting for accepted seeds
[replay-worker] waiting for accepted seeds
[replay-worker] waiting for accepted seeds
[replay-worker] waiting for accepted seeds
[replay-worker] waiting for accepted seeds
[replay-worker] waiting for accepted seeds
[replay-worker] waiting for accepted seeds
[replay-worker] waiting for accepted seeds
[replay-worker] waiting for accepted seeds
[replay-worker] waiting for accepted seeds
[replay-worker] waiting for accepted seeds
[replay-worker] waiting for accepted seeds
[replay-worker] waiting for accepted seeds
[replay-worker] waiting for accepted seeds
[replay-worker] waiting for accepted seeds
>> recovering from: /home/zhaorz/project/CodeWM/CodeWM_ProWES_Logits/reproduct/units/p10_crud_system/python/architecture/team
>> team.json exists: True path: /home/zhaorz/project/CodeWM/CodeWM_ProWES_Logits/reproduct/units/p10_crud_system/python/architecture/team/team.json
>> ctx.git_repo.workdir = /home/zhaorz/project/CodeWM/CodeWM_ProWES_Logits/reproduct/units/p10_crud_system/python/replays/0001_seed_1014069831/p10_crud_system_python
eng.code_todos: ['requirements.txt', 'crud_system/errors.py', 'crud_system/types.py', 'crud_system/clock.py', 'crud_system/validation.py', 'crud_system/repository.py', 'crud_system/search.py', 'crud_system/audit.py', 'crud_system/service.py', 'crud_system/__init__.py', 'Main.py', 'tests/test_main.py']
>> ready, ctx.git_repo.workdir = /home/zhaorz/project/CodeWM/CodeWM_ProWES_Logits/reproduct/units/p10_crud_system/python/replays/0001_seed_1014069831/p10_crud_system_python
>> ctx.git_repo.workdir = /home/zhaorz/project/CodeWM/CodeWM_ProWES_Logits/reproduct/units/p10_crud_system/python/replays/0001_seed_1014069831/p10_crud_system_python
2026-09-14 18:04:11.522 | INFO     | metagpt.utils.file_repository:save:57 - save to: /home/zhaorz/project/CodeWM/CodeWM_ProWES_Logits/reproduct/units/p10_crud_system/python/replays/0001_seed_1014069831/p10_crud_system_python/docs/system_design/20260914175637.json
2026-09-14 18:04:11.523 | INFO     | metagpt.utils.file_repository:save:62 - update dependency: /home/zhaorz/project/CodeWM/CodeWM_ProWES_Logits/reproduct/units/p10_crud_system/python/replays/0001_seed_1014069831/p10_crud_system_python/docs/system_design/20260914175637.json:[]
2026-09-14 18:04:11.524 | INFO     | metagpt.utils.file_repository:save:57 - save to: /home/zhaorz/project/CodeWM/CodeWM_ProWES_Logits/reproduct/units/p10_crud_system/python/replays/0001_seed_1014069831/p10_crud_system_python/docs/task/20260914175637.json
2026-09-14 18:04:11.525 | INFO     | metagpt.utils.file_repository:save:62 - update dependency: /home/zhaorz/project/CodeWM/CodeWM_ProWES_Logits/reproduct/units/p10_crud_system/python/replays/0001_seed_1014069831/p10_crud_system_python/docs/task/20260914175637.json:[]
>> [manual] Run 1/12: WriteCode -> requirements.txt
2026-09-14 18:04:11.527 | INFO     | metagpt.actions.write_code:run:186 - Writing requirements.txt..
2026-09-14 18:04:13.812 | INFO     | metagpt.utils.file_repository:save:57 - save to: /home/zhaorz/project/CodeWM/CodeWM_ProWES_Logits/reproduct/units/p10_crud_system/python/replays/0001_seed_1014069831/p10_crud_system_python/p10_crud_system_python/requirements.txt
2026-09-14 18:04:13.814 | INFO     | metagpt.utils.file_repository:save:62 - update dependency: /home/zhaorz/project/CodeWM/CodeWM_ProWES_Logits/reproduct/units/p10_crud_system/python/replays/0001_seed_1014069831/p10_crud_system_python/p10_crud_system_python/requirements.txt:['docs/task/20260914175637.json', 'docs/system_design/20260914175637.json']
2026-09-14 18:04:13.815 | INFO     | metagpt.utils.file_repository:save:57 - save to: /home/zhaorz/project/CodeWM/CodeWM_ProWES_Logits/reproduct/units/p10_crud_system/python/replays/0001_seed_1014069831/p10_crud_system_python/p10_crud_system_python/requirements_wm_detRes.txt
>> saved: src/requirements.txt
2026-09-14 18:04:13.817 | INFO     | metagpt.utils.file_repository:save:57 - save to: /home/zhaorz/project/CodeWM/CodeWM_ProWES_Logits/reproduct/units/p10_crud_system/python/replays/0001_seed_1014069831/p10_crud_system_python/docs/system_design/20260914175637.json
2026-09-14 18:04:13.818 | INFO     | metagpt.utils.file_repository:save:62 - update dependency: /home/zhaorz/project/CodeWM/CodeWM_ProWES_Logits/reproduct/units/p10_crud_system/python/replays/0001_seed_1014069831/p10_crud_system_python/docs/system_design/20260914175637.json:[]
2026-09-14 18:04:13.819 | INFO     | metagpt.utils.file_repository:save:57 - save to: /home/zhaorz/project/CodeWM/CodeWM_ProWES_Logits/reproduct/units/p10_crud_system/python/replays/0001_seed_1014069831/p10_crud_system_python/docs/task/20260914175637.json
2026-09-14 18:04:13.820 | INFO     | metagpt.utils.file_repository:save:62 - update dependency: /home/zhaorz/project/CodeWM/CodeWM_ProWES_Logits/reproduct/units/p10_crud_system/python/replays/0001_seed_1014069831/p10_crud_system_python/docs/task/20260914175637.json:[]
>> [manual] Run 2/12: WriteCode -> crud_system/errors.py
2026-09-14 18:04:13.823 | INFO     | metagpt.actions.write_code:run:186 - Writing crud_system/errors.py..
2026-09-14 18:04:21.174 | INFO     | metagpt.utils.file_repository:save:57 - save to: /home/zhaorz/project/CodeWM/CodeWM_ProWES_Logits/reproduct/units/p10_crud_system/python/replays/0001_seed_1014069831/p10_crud_system_python/p10_crud_system_python/crud_system/errors.py
2026-09-14 18:04:21.175 | INFO     | metagpt.utils.file_repository:save:62 - update dependency: /home/zhaorz/project/CodeWM/CodeWM_ProWES_Logits/reproduct/units/p10_crud_system/python/replays/0001_seed_1014069831/p10_crud_system_python/p10_crud_system_python/crud_system/errors.py:['docs/task/20260914175637.json', 'docs/system_design/20260914175637.json']
2026-09-14 18:04:21.176 | INFO     | metagpt.utils.file_repository:save:57 - save to: /home/zhaorz/project/CodeWM/CodeWM_ProWES_Logits/reproduct/units/p10_crud_system/python/replays/0001_seed_1014069831/p10_crud_system_python/p10_crud_system_python/errors_wm_detRes.txt
>> saved: src/crud_system/errors.py
2026-09-14 18:04:21.177 | INFO     | metagpt.utils.file_repository:save:57 - save to: /home/zhaorz/project/CodeWM/CodeWM_ProWES_Logits/reproduct/units/p10_crud_system/python/replays/0001_seed_1014069831/p10_crud_system_python/docs/system_design/20260914175637.json
2026-09-14 18:04:21.178 | INFO     | metagpt.utils.file_repository:save:62 - update dependency: /home/zhaorz/project/CodeWM/CodeWM_ProWES_Logits/reproduct/units/p10_crud_system/python/replays/0001_seed_1014069831/p10_crud_system_python/docs/system_design/20260914175637.json:[]
2026-09-14 18:04:21.179 | INFO     | metagpt.utils.file_repository:save:57 - save to: /home/zhaorz/project/CodeWM/CodeWM_ProWES_Logits/reproduct/units/p10_crud_system/python/replays/0001_seed_1014069831/p10_crud_system_python/docs/task/20260914175637.json
2026-09-14 18:04:21.180 | INFO     | metagpt.utils.file_repository:save:62 - update dependency: /home/zhaorz/project/CodeWM/CodeWM_ProWES_Logits/reproduct/units/p10_crud_system/python/replays/0001_seed_1014069831/p10_crud_system_python/docs/task/20260914175637.json:[]
>> [manual] Run 3/12: WriteCode -> crud_system/types.py
2026-09-14 18:04:21.183 | INFO     | metagpt.actions.write_code:run:186 - Writing crud_system/types.py..
2026-09-14 18:04:32.972 | INFO     | metagpt.utils.file_repository:save:57 - save to: /home/zhaorz/project/CodeWM/CodeWM_ProWES_Logits/reproduct/units/p10_crud_system/python/replays/0001_seed_1014069831/p10_crud_system_python/p10_crud_system_python/crud_system/types.py
2026-09-14 18:04:32.974 | INFO     | metagpt.utils.file_repository:save:62 - update dependency: /home/zhaorz/project/CodeWM/CodeWM_ProWES_Logits/reproduct/units/p10_crud_system/python/replays/0001_seed_1014069831/p10_crud_system_python/p10_crud_system_python/crud_system/types.py:['docs/task/20260914175637.json', 'docs/system_design/20260914175637.json']
2026-09-14 18:04:32.975 | INFO     | metagpt.utils.file_repository:save:57 - save to: /home/zhaorz/project/CodeWM/CodeWM_ProWES_Logits/reproduct/units/p10_crud_system/python/replays/0001_seed_1014069831/p10_crud_system_python/p10_crud_system_python/types_wm_detRes.txt
>> saved: src/crud_system/types.py
2026-09-14 18:04:32.976 | INFO     | metagpt.utils.file_repository:save:57 - save to: /home/zhaorz/project/CodeWM/CodeWM_ProWES_Logits/reproduct/units/p10_crud_system/python/replays/0001_seed_1014069831/p10_crud_system_python/docs/system_design/20260914175637.json
2026-09-14 18:04:32.978 | INFO     | metagpt.utils.file_repository:save:62 - update dependency: /home/zhaorz/project/CodeWM/CodeWM_ProWES_Logits/reproduct/units/p10_crud_system/python/replays/0001_seed_1014069831/p10_crud_system_python/docs/system_design/20260914175637.json:[]
2026-09-14 18:04:32.979 | INFO     | metagpt.utils.file_repository:save:57 - save to: /home/zhaorz/project/CodeWM/CodeWM_ProWES_Logits/reproduct/units/p10_crud_system/python/replays/0001_seed_1014069831/p10_crud_system_python/docs/task/20260914175637.json
2026-09-14 18:04:32.980 | INFO     | metagpt.utils.file_repository:save:62 - update dependency: /home/zhaorz/project/CodeWM/CodeWM_ProWES_Logits/reproduct/units/p10_crud_system/python/replays/0001_seed_1014069831/p10_crud_system_python/docs/task/20260914175637.json:[]
>> [manual] Run 4/12: WriteCode -> crud_system/clock.py
2026-09-14 18:04:32.984 | INFO     | metagpt.actions.write_code:run:186 - Writing crud_system/clock.py..
2026-09-14 18:04:46.585 | INFO     | metagpt.utils.file_repository:save:57 - save to: /home/zhaorz/project/CodeWM/CodeWM_ProWES_Logits/reproduct/units/p10_crud_system/python/replays/0001_seed_1014069831/p10_crud_system_python/p10_crud_system_python/crud_system/clock.py
2026-09-14 18:04:46.587 | INFO     | metagpt.utils.file_repository:save:62 - update dependency: /home/zhaorz/project/CodeWM/CodeWM_ProWES_Logits/reproduct/units/p10_crud_system/python/replays/0001_seed_1014069831/p10_crud_system_python/p10_crud_system_python/crud_system/clock.py:['docs/task/20260914175637.json', 'docs/system_design/20260914175637.json']
2026-09-14 18:04:46.588 | INFO     | metagpt.utils.file_repository:save:57 - save to: /home/zhaorz/project/CodeWM/CodeWM_ProWES_Logits/reproduct/units/p10_crud_system/python/replays/0001_seed_1014069831/p10_crud_system_python/p10_crud_system_python/clock_wm_detRes.txt
>> saved: src/crud_system/clock.py
2026-09-14 18:04:46.589 | INFO     | metagpt.utils.file_repository:save:57 - save to: /home/zhaorz/project/CodeWM/CodeWM_ProWES_Logits/reproduct/units/p10_crud_system/python/replays/0001_seed_1014069831/p10_crud_system_python/docs/system_design/20260914175637.json
2026-09-14 18:04:46.591 | INFO     | metagpt.utils.file_repository:save:62 - update dependency: /home/zhaorz/project/CodeWM/CodeWM_ProWES_Logits/reproduct/units/p10_crud_system/python/replays/0001_seed_1014069831/p10_crud_system_python/docs/system_design/20260914175637.json:[]
2026-09-14 18:04:46.592 | INFO     | metagpt.utils.file_repository:save:57 - save to: /home/zhaorz/project/CodeWM/CodeWM_ProWES_Logits/reproduct/units/p10_crud_system/python/replays/0001_seed_1014069831/p10_crud_system_python/docs/task/20260914175637.json
2026-09-14 18:04:46.593 | INFO     | metagpt.utils.file_repository:save:62 - update dependency: /home/zhaorz/project/CodeWM/CodeWM_ProWES_Logits/reproduct/units/p10_crud_system/python/replays/0001_seed_1014069831/p10_crud_system_python/docs/task/20260914175637.json:[]
>> [manual] Run 5/12: WriteCode -> crud_system/validation.py
2026-09-14 18:04:46.598 | INFO     | metagpt.actions.write_code:run:186 - Writing crud_system/validation.py..
2026-09-14 18:04:53.618 | INFO     | metagpt.utils.file_repository:save:57 - save to: /home/zhaorz/project/CodeWM/CodeWM_ProWES_Logits/reproduct/units/p10_crud_system/python/replays/0001_seed_1014069831/p10_crud_system_python/p10_crud_system_python/crud_system/validation.py
2026-09-14 18:04:53.619 | INFO     | metagpt.utils.file_repository:save:62 - update dependency: /home/zhaorz/project/CodeWM/CodeWM_ProWES_Logits/reproduct/units/p10_crud_system/python/replays/0001_seed_1014069831/p10_crud_system_python/p10_crud_system_python/crud_system/validation.py:['docs/task/20260914175637.json', 'docs/system_design/20260914175637.json']
2026-09-14 18:04:53.620 | INFO     | metagpt.utils.file_repository:save:57 - save to: /home/zhaorz/project/CodeWM/CodeWM_ProWES_Logits/reproduct/units/p10_crud_system/python/replays/0001_seed_1014069831/p10_crud_system_python/p10_crud_system_python/validation_wm_detRes.txt
>> saved: src/crud_system/validation.py
2026-09-14 18:04:53.621 | INFO     | metagpt.utils.file_repository:save:57 - save to: /home/zhaorz/project/CodeWM/CodeWM_ProWES_Logits/reproduct/units/p10_crud_system/python/replays/0001_seed_1014069831/p10_crud_system_python/docs/system_design/20260914175637.json
2026-09-14 18:04:53.622 | INFO     | metagpt.utils.file_repository:save:62 - update dependency: /home/zhaorz/project/CodeWM/CodeWM_ProWES_Logits/reproduct/units/p10_crud_system/python/replays/0001_seed_1014069831/p10_crud_system_python/docs/system_design/20260914175637.json:[]
2026-09-14 18:04:53.623 | INFO     | metagpt.utils.file_repository:save:57 - save to: /home/zhaorz/project/CodeWM/CodeWM_ProWES_Logits/reproduct/units/p10_crud_system/python/replays/0001_seed_1014069831/p10_crud_system_python/docs/task/20260914175637.json
2026-09-14 18:04:53.624 | INFO     | metagpt.utils.file_repository:save:62 - update dependency: /home/zhaorz/project/CodeWM/CodeWM_ProWES_Logits/reproduct/units/p10_crud_system/python/replays/0001_seed_1014069831/p10_crud_system_python/docs/task/20260914175637.json:[]
>> [manual] Run 6/12: WriteCode -> crud_system/repository.py
2026-09-14 18:04:53.628 | INFO     | metagpt.actions.write_code:run:186 - Writing crud_system/repository.py..
2026-09-14 18:05:49.390 | INFO     | metagpt.utils.file_repository:save:57 - save to: /home/zhaorz/project/CodeWM/CodeWM_ProWES_Logits/reproduct/units/p10_crud_system/python/replays/0001_seed_1014069831/p10_crud_system_python/p10_crud_system_python/crud_system/repository.py
2026-09-14 18:05:49.391 | INFO     | metagpt.utils.file_repository:save:62 - update dependency: /home/zhaorz/project/CodeWM/CodeWM_ProWES_Logits/reproduct/units/p10_crud_system/python/replays/0001_seed_1014069831/p10_crud_system_python/p10_crud_system_python/crud_system/repository.py:['docs/task/20260914175637.json', 'docs/system_design/20260914175637.json']
2026-09-14 18:05:49.392 | INFO     | metagpt.utils.file_repository:save:57 - save to: /home/zhaorz/project/CodeWM/CodeWM_ProWES_Logits/reproduct/units/p10_crud_system/python/replays/0001_seed_1014069831/p10_crud_system_python/p10_crud_system_python/repository_wm_detRes.txt
>> saved: src/crud_system/repository.py
2026-09-14 18:05:49.393 | INFO     | metagpt.utils.file_repository:save:57 - save to: /home/zhaorz/project/CodeWM/CodeWM_ProWES_Logits/reproduct/units/p10_crud_system/python/replays/0001_seed_1014069831/p10_crud_system_python/docs/system_design/20260914175637.json
2026-09-14 18:05:49.394 | INFO     | metagpt.utils.file_repository:save:62 - update dependency: /home/zhaorz/project/CodeWM/CodeWM_ProWES_Logits/reproduct/units/p10_crud_system/python/replays/0001_seed_1014069831/p10_crud_system_python/docs/system_design/20260914175637.json:[]
2026-09-14 18:05:49.395 | INFO     | metagpt.utils.file_repository:save:57 - save to: /home/zhaorz/project/CodeWM/CodeWM_ProWES_Logits/reproduct/units/p10_crud_system/python/replays/0001_seed_1014069831/p10_crud_system_python/docs/task/20260914175637.json
2026-09-14 18:05:49.396 | INFO     | metagpt.utils.file_repository:save:62 - update dependency: /home/zhaorz/project/CodeWM/CodeWM_ProWES_Logits/reproduct/units/p10_crud_system/python/replays/0001_seed_1014069831/p10_crud_system_python/docs/task/20260914175637.json:[]
>> [manual] Run 7/12: WriteCode -> crud_system/search.py
2026-09-14 18:05:49.401 | INFO     | metagpt.actions.write_code:run:186 - Writing crud_system/search.py..
2026-09-14 18:06:09.467 | INFO     | metagpt.utils.file_repository:save:57 - save to: /home/zhaorz/project/CodeWM/CodeWM_ProWES_Logits/reproduct/units/p10_crud_system/python/replays/0001_seed_1014069831/p10_crud_system_python/p10_crud_system_python/crud_system/search.py
2026-09-14 18:06:09.468 | INFO     | metagpt.utils.file_repository:save:62 - update dependency: /home/zhaorz/project/CodeWM/CodeWM_ProWES_Logits/reproduct/units/p10_crud_system/python/replays/0001_seed_1014069831/p10_crud_system_python/p10_crud_system_python/crud_system/search.py:['docs/task/20260914175637.json', 'docs/system_design/20260914175637.json']
2026-09-14 18:06:09.469 | INFO     | metagpt.utils.file_repository:save:57 - save to: /home/zhaorz/project/CodeWM/CodeWM_ProWES_Logits/reproduct/units/p10_crud_system/python/replays/0001_seed_1014069831/p10_crud_system_python/p10_crud_system_python/search_wm_detRes.txt
>> saved: src/crud_system/search.py
2026-09-14 18:06:09.470 | INFO     | metagpt.utils.file_repository:save:57 - save to: /home/zhaorz/project/CodeWM/CodeWM_ProWES_Logits/reproduct/units/p10_crud_system/python/replays/0001_seed_1014069831/p10_crud_system_python/docs/system_design/20260914175637.json
2026-09-14 18:06:09.471 | INFO     | metagpt.utils.file_repository:save:62 - update dependency: /home/zhaorz/project/CodeWM/CodeWM_ProWES_Logits/reproduct/units/p10_crud_system/python/replays/0001_seed_1014069831/p10_crud_system_python/docs/system_design/20260914175637.json:[]
2026-09-14 18:06:09.472 | INFO     | metagpt.utils.file_repository:save:57 - save to: /home/zhaorz/project/CodeWM/CodeWM_ProWES_Logits/reproduct/units/p10_crud_system/python/replays/0001_seed_1014069831/p10_crud_system_python/docs/task/20260914175637.json
2026-09-14 18:06:09.473 | INFO     | metagpt.utils.file_repository:save:62 - update dependency: /home/zhaorz/project/CodeWM/CodeWM_ProWES_Logits/reproduct/units/p10_crud_system/python/replays/0001_seed_1014069831/p10_crud_system_python/docs/task/20260914175637.json:[]
>> [manual] Run 8/12: WriteCode -> crud_system/audit.py
2026-09-14 18:06:09.478 | INFO     | metagpt.actions.write_code:run:186 - Writing crud_system/audit.py..
2026-09-14 18:06:26.826 | INFO     | metagpt.utils.file_repository:save:57 - save to: /home/zhaorz/project/CodeWM/CodeWM_ProWES_Logits/reproduct/units/p10_crud_system/python/replays/0001_seed_1014069831/p10_crud_system_python/p10_crud_system_python/crud_system/audit.py
2026-09-14 18:06:26.828 | INFO     | metagpt.utils.file_repository:save:62 - update dependency: /home/zhaorz/project/CodeWM/CodeWM_ProWES_Logits/reproduct/units/p10_crud_system/python/replays/0001_seed_1014069831/p10_crud_system_python/p10_crud_system_python/crud_system/audit.py:['docs/task/20260914175637.json', 'docs/system_design/20260914175637.json']
2026-09-14 18:06:26.829 | INFO     | metagpt.utils.file_repository:save:57 - save to: /home/zhaorz/project/CodeWM/CodeWM_ProWES_Logits/reproduct/units/p10_crud_system/python/replays/0001_seed_1014069831/p10_crud_system_python/p10_crud_system_python/audit_wm_detRes.txt
>> saved: src/crud_system/audit.py
2026-09-14 18:06:26.830 | INFO     | metagpt.utils.file_repository:save:57 - save to: /home/zhaorz/project/CodeWM/CodeWM_ProWES_Logits/reproduct/units/p10_crud_system/python/replays/0001_seed_1014069831/p10_crud_system_python/docs/system_design/20260914175637.json
2026-09-14 18:06:26.831 | INFO     | metagpt.utils.file_repository:save:62 - update dependency: /home/zhaorz/project/CodeWM/CodeWM_ProWES_Logits/reproduct/units/p10_crud_system/python/replays/0001_seed_1014069831/p10_crud_system_python/docs/system_design/20260914175637.json:[]
2026-09-14 18:06:26.832 | INFO     | metagpt.utils.file_repository:save:57 - save to: /home/zhaorz/project/CodeWM/CodeWM_ProWES_Logits/reproduct/units/p10_crud_system/python/replays/0001_seed_1014069831/p10_crud_system_python/docs/task/20260914175637.json
2026-09-14 18:06:26.833 | INFO     | metagpt.utils.file_repository:save:62 - update dependency: /home/zhaorz/project/CodeWM/CodeWM_ProWES_Logits/reproduct/units/p10_crud_system/python/replays/0001_seed_1014069831/p10_crud_system_python/docs/task/20260914175637.json:[]
>> [manual] Run 9/12: WriteCode -> crud_system/service.py
2026-09-14 18:06:26.838 | INFO     | metagpt.actions.write_code:run:186 - Writing crud_system/service.py..
2026-09-14 18:07:24.897 | INFO     | metagpt.utils.file_repository:save:57 - save to: /home/zhaorz/project/CodeWM/CodeWM_ProWES_Logits/reproduct/units/p10_crud_system/python/replays/0001_seed_1014069831/p10_crud_system_python/p10_crud_system_python/crud_system/service.py
2026-09-14 18:07:24.899 | INFO     | metagpt.utils.file_repository:save:62 - update dependency: /home/zhaorz/project/CodeWM/CodeWM_ProWES_Logits/reproduct/units/p10_crud_system/python/replays/0001_seed_1014069831/p10_crud_system_python/p10_crud_system_python/crud_system/service.py:['docs/task/20260914175637.json', 'docs/system_design/20260914175637.json']
2026-09-14 18:07:24.900 | INFO     | metagpt.utils.file_repository:save:57 - save to: /home/zhaorz/project/CodeWM/CodeWM_ProWES_Logits/reproduct/units/p10_crud_system/python/replays/0001_seed_1014069831/p10_crud_system_python/p10_crud_system_python/service_wm_detRes.txt
>> saved: src/crud_system/service.py
2026-09-14 18:07:24.901 | INFO     | metagpt.utils.file_repository:save:57 - save to: /home/zhaorz/project/CodeWM/CodeWM_ProWES_Logits/reproduct/units/p10_crud_system/python/replays/0001_seed_1014069831/p10_crud_system_python/docs/system_design/20260914175637.json
2026-09-14 18:07:24.902 | INFO     | metagpt.utils.file_repository:save:62 - update dependency: /home/zhaorz/project/CodeWM/CodeWM_ProWES_Logits/reproduct/units/p10_crud_system/python/replays/0001_seed_1014069831/p10_crud_system_python/docs/system_design/20260914175637.json:[]
2026-09-14 18:07:24.903 | INFO     | metagpt.utils.file_repository:save:57 - save to: /home/zhaorz/project/CodeWM/CodeWM_ProWES_Logits/reproduct/units/p10_crud_system/python/replays/0001_seed_1014069831/p10_crud_system_python/docs/task/20260914175637.json
2026-09-14 18:07:24.904 | INFO     | metagpt.utils.file_repository:save:62 - update dependency: /home/zhaorz/project/CodeWM/CodeWM_ProWES_Logits/reproduct/units/p10_crud_system/python/replays/0001_seed_1014069831/p10_crud_system_python/docs/task/20260914175637.json:[]
>> [manual] Run 10/12: WriteCode -> crud_system/__init__.py
2026-09-14 18:07:24.910 | INFO     | metagpt.actions.write_code:run:186 - Writing crud_system/__init__.py..
2026-09-14 18:07:36.523 | INFO     | metagpt.utils.file_repository:save:57 - save to: /home/zhaorz/project/CodeWM/CodeWM_ProWES_Logits/reproduct/units/p10_crud_system/python/replays/0001_seed_1014069831/p10_crud_system_python/p10_crud_system_python/crud_system/__init__.py
2026-09-14 18:07:36.525 | INFO     | metagpt.utils.file_repository:save:62 - update dependency: /home/zhaorz/project/CodeWM/CodeWM_ProWES_Logits/reproduct/units/p10_crud_system/python/replays/0001_seed_1014069831/p10_crud_system_python/p10_crud_system_python/crud_system/__init__.py:['docs/task/20260914175637.json', 'docs/system_design/20260914175637.json']
2026-09-14 18:07:36.526 | INFO     | metagpt.utils.file_repository:save:57 - save to: /home/zhaorz/project/CodeWM/CodeWM_ProWES_Logits/reproduct/units/p10_crud_system/python/replays/0001_seed_1014069831/p10_crud_system_python/p10_crud_system_python/__init___wm_detRes.txt
>> saved: src/crud_system/__init__.py
2026-09-14 18:07:36.527 | INFO     | metagpt.utils.file_repository:save:57 - save to: /home/zhaorz/project/CodeWM/CodeWM_ProWES_Logits/reproduct/units/p10_crud_system/python/replays/0001_seed_1014069831/p10_crud_system_python/docs/system_design/20260914175637.json
2026-09-14 18:07:36.528 | INFO     | metagpt.utils.file_repository:save:62 - update dependency: /home/zhaorz/project/CodeWM/CodeWM_ProWES_Logits/reproduct/units/p10_crud_system/python/replays/0001_seed_1014069831/p10_crud_system_python/docs/system_design/20260914175637.json:[]
2026-09-14 18:07:36.528 | INFO     | metagpt.utils.file_repository:save:57 - save to: /home/zhaorz/project/CodeWM/CodeWM_ProWES_Logits/reproduct/units/p10_crud_system/python/replays/0001_seed_1014069831/p10_crud_system_python/docs/task/20260914175637.json
2026-09-14 18:07:36.529 | INFO     | metagpt.utils.file_repository:save:62 - update dependency: /home/zhaorz/project/CodeWM/CodeWM_ProWES_Logits/reproduct/units/p10_crud_system/python/replays/0001_seed_1014069831/p10_crud_system_python/docs/task/20260914175637.json:[]
>> [manual] Run 11/12: WriteCode -> Main.py
2026-09-14 18:07:36.535 | INFO     | metagpt.actions.write_code:run:186 - Writing Main.py..
2026-09-14 18:07:55.780 | INFO     | metagpt.utils.file_repository:save:57 - save to: /home/zhaorz/project/CodeWM/CodeWM_ProWES_Logits/reproduct/units/p10_crud_system/python/replays/0001_seed_1014069831/p10_crud_system_python/p10_crud_system_python/Main.py
2026-09-14 18:07:55.782 | INFO     | metagpt.utils.file_repository:save:62 - update dependency: /home/zhaorz/project/CodeWM/CodeWM_ProWES_Logits/reproduct/units/p10_crud_system/python/replays/0001_seed_1014069831/p10_crud_system_python/p10_crud_system_python/Main.py:['docs/task/20260914175637.json', 'docs/system_design/20260914175637.json']
2026-09-14 18:07:55.783 | INFO     | metagpt.utils.file_repository:save:57 - save to: /home/zhaorz/project/CodeWM/CodeWM_ProWES_Logits/reproduct/units/p10_crud_system/python/replays/0001_seed_1014069831/p10_crud_system_python/p10_crud_system_python/Main_wm_detRes.txt
>> saved: src/Main.py
2026-09-14 18:07:55.785 | INFO     | metagpt.utils.file_repository:save:57 - save to: /home/zhaorz/project/CodeWM/CodeWM_ProWES_Logits/reproduct/units/p10_crud_system/python/replays/0001_seed_1014069831/p10_crud_system_python/docs/system_design/20260914175637.json
2026-09-14 18:07:55.787 | INFO     | metagpt.utils.file_repository:save:62 - update dependency: /home/zhaorz/project/CodeWM/CodeWM_ProWES_Logits/reproduct/units/p10_crud_system/python/replays/0001_seed_1014069831/p10_crud_system_python/docs/system_design/20260914175637.json:[]
2026-09-14 18:07:55.789 | INFO     | metagpt.utils.file_repository:save:57 - save to: /home/zhaorz/project/CodeWM/CodeWM_ProWES_Logits/reproduct/units/p10_crud_system/python/replays/0001_seed_1014069831/p10_crud_system_python/docs/task/20260914175637.json
2026-09-14 18:07:55.792 | INFO     | metagpt.utils.file_repository:save:62 - update dependency: /home/zhaorz/project/CodeWM/CodeWM_ProWES_Logits/reproduct/units/p10_crud_system/python/replays/0001_seed_1014069831/p10_crud_system_python/docs/task/20260914175637.json:[]
>> [manual] Run 12/12: WriteCode -> tests/test_main.py
2026-09-14 18:07:55.807 | INFO     | metagpt.actions.write_code:run:186 - Writing tests/test_main.py..
2026-09-14 18:08:51.517 | INFO     | metagpt.utils.file_repository:save:57 - save to: /home/zhaorz/project/CodeWM/CodeWM_ProWES_Logits/reproduct/units/p10_crud_system/python/replays/0001_seed_1014069831/p10_crud_system_python/p10_crud_system_python/tests/test_main.py
2026-09-14 18:08:51.518 | INFO     | metagpt.utils.file_repository:save:62 - update dependency: /home/zhaorz/project/CodeWM/CodeWM_ProWES_Logits/reproduct/units/p10_crud_system/python/replays/0001_seed_1014069831/p10_crud_system_python/p10_crud_system_python/tests/test_main.py:['docs/task/20260914175637.json', 'docs/system_design/20260914175637.json']
2026-09-14 18:08:51.519 | INFO     | metagpt.utils.file_repository:save:57 - save to: /home/zhaorz/project/CodeWM/CodeWM_ProWES_Logits/reproduct/units/p10_crud_system/python/replays/0001_seed_1014069831/p10_crud_system_python/p10_crud_system_python/test_main_wm_detRes.txt
>> saved: src/tests/test_main.py
>> [manual] all WriteCode actions finished.
[replay-worker] p10_crud_system_python passed=True
[replay-worker] waiting for accepted seeds
[replay-worker] waiting for accepted seeds
[replay-worker] waiting for accepted seeds
[replay-worker] waiting for accepted seeds
[replay-worker] waiting for accepted seeds
[replay-worker] waiting for accepted seeds
[replay-worker] waiting for accepted seeds
[replay-worker] waiting for accepted seeds
[replay-worker] waiting for accepted seeds
[replay-worker] waiting for accepted seeds
[replay-worker] waiting for accepted seeds
[replay-worker] waiting for accepted seeds
[replay-worker] waiting for accepted seeds
[replay-worker] waiting for accepted seeds
[replay-worker] waiting for accepted seeds
[replay-worker] waiting for accepted seeds
[replay-worker] waiting for accepted seeds
[replay-worker] waiting for accepted seeds
[replay-worker] waiting for accepted seeds
[replay-worker] waiting for accepted seeds
[replay-worker] waiting for accepted seeds
[replay-worker] waiting for accepted seeds
[replay-worker] waiting for accepted seeds
[replay-worker] waiting for accepted seeds
[replay-worker] waiting for accepted seeds
[replay-worker] waiting for accepted seeds
[replay-worker] waiting for accepted seeds
[replay-worker] waiting for accepted seeds
[replay-worker] waiting for accepted seeds
[replay-worker] waiting for accepted seeds
[replay-worker] waiting for accepted seeds
[replay-worker] waiting for accepted seeds
>> recovering from: /home/zhaorz/project/CodeWM/CodeWM_ProWES_Logits/reproduct/units/p13_video_downloader/java/architecture/team
>> team.json exists: True path: /home/zhaorz/project/CodeWM/CodeWM_ProWES_Logits/reproduct/units/p13_video_downloader/java/architecture/team/team.json
>> ctx.git_repo.workdir = /home/zhaorz/project/CodeWM/CodeWM_ProWES_Logits/reproduct/units/p13_video_downloader/java/replays/0001_seed_2020452492/p13_video_downloader_java
eng.code_todos: ['pom.xml', 'src/main/java/DownloadFormat.java', 'src/main/java/ValidationUtils.java', 'src/main/java/ProgressListener.java', 'src/main/java/TransferSession.java', 'src/main/java/TransferAdapter.java', 'src/main/java/DownloadStatus.java', 'src/main/java/VideoDownloadRequest.java', 'src/main/java/DownloadTask.java', 'src/main/java/VideoDownloader.java', 'src/main/java/OfflineDeterministicAdapter.java', 'src/main/java/Main.java', 'src/test/java/MainTest.java']
>> ready, ctx.git_repo.workdir = /home/zhaorz/project/CodeWM/CodeWM_ProWES_Logits/reproduct/units/p13_video_downloader/java/replays/0001_seed_2020452492/p13_video_downloader_java
>> ctx.git_repo.workdir = /home/zhaorz/project/CodeWM/CodeWM_ProWES_Logits/reproduct/units/p13_video_downloader/java/replays/0001_seed_2020452492/p13_video_downloader_java
2026-09-14 18:19:36.178 | INFO     | metagpt.utils.file_repository:save:57 - save to: /home/zhaorz/project/CodeWM/CodeWM_ProWES_Logits/reproduct/units/p13_video_downloader/java/replays/0001_seed_2020452492/p13_video_downloader_java/docs/system_design/20260914181054.json
2026-09-14 18:19:36.179 | INFO     | metagpt.utils.file_repository:save:62 - update dependency: /home/zhaorz/project/CodeWM/CodeWM_ProWES_Logits/reproduct/units/p13_video_downloader/java/replays/0001_seed_2020452492/p13_video_downloader_java/docs/system_design/20260914181054.json:[]
2026-09-14 18:19:36.179 | INFO     | metagpt.utils.file_repository:save:57 - save to: /home/zhaorz/project/CodeWM/CodeWM_ProWES_Logits/reproduct/units/p13_video_downloader/java/replays/0001_seed_2020452492/p13_video_downloader_java/docs/task/20260914181054.json
2026-09-14 18:19:36.180 | INFO     | metagpt.utils.file_repository:save:62 - update dependency: /home/zhaorz/project/CodeWM/CodeWM_ProWES_Logits/reproduct/units/p13_video_downloader/java/replays/0001_seed_2020452492/p13_video_downloader_java/docs/task/20260914181054.json:[]
>> [manual] Run 1/13: WriteCode -> pom.xml
2026-09-14 18:19:36.183 | INFO     | metagpt.actions.write_code:run:186 - Writing pom.xml..
2026-09-14 18:20:01.510 | INFO     | metagpt.utils.file_repository:save:57 - save to: /home/zhaorz/project/CodeWM/CodeWM_ProWES_Logits/reproduct/units/p13_video_downloader/java/replays/0001_seed_2020452492/p13_video_downloader_java/p13_video_downloader_java/pom.xml
2026-09-14 18:20:01.512 | INFO     | metagpt.utils.file_repository:save:62 - update dependency: /home/zhaorz/project/CodeWM/CodeWM_ProWES_Logits/reproduct/units/p13_video_downloader/java/replays/0001_seed_2020452492/p13_video_downloader_java/p13_video_downloader_java/pom.xml:['docs/system_design/20260914181054.json', 'docs/task/20260914181054.json']
2026-09-14 18:20:01.513 | INFO     | metagpt.utils.file_repository:save:57 - save to: /home/zhaorz/project/CodeWM/CodeWM_ProWES_Logits/reproduct/units/p13_video_downloader/java/replays/0001_seed_2020452492/p13_video_downloader_java/p13_video_downloader_java/pom_wm_detRes.txt
>> saved: src/pom.xml
2026-09-14 18:20:01.513 | INFO     | metagpt.utils.file_repository:save:57 - save to: /home/zhaorz/project/CodeWM/CodeWM_ProWES_Logits/reproduct/units/p13_video_downloader/java/replays/0001_seed_2020452492/p13_video_downloader_java/docs/system_design/20260914181054.json
2026-09-14 18:20:01.514 | INFO     | metagpt.utils.file_repository:save:62 - update dependency: /home/zhaorz/project/CodeWM/CodeWM_ProWES_Logits/reproduct/units/p13_video_downloader/java/replays/0001_seed_2020452492/p13_video_downloader_java/docs/system_design/20260914181054.json:[]
2026-09-14 18:20:01.515 | INFO     | metagpt.utils.file_repository:save:57 - save to: /home/zhaorz/project/CodeWM/CodeWM_ProWES_Logits/reproduct/units/p13_video_downloader/java/replays/0001_seed_2020452492/p13_video_downloader_java/docs/task/20260914181054.json
2026-09-14 18:20:01.516 | INFO     | metagpt.utils.file_repository:save:62 - update dependency: /home/zhaorz/project/CodeWM/CodeWM_ProWES_Logits/reproduct/units/p13_video_downloader/java/replays/0001_seed_2020452492/p13_video_downloader_java/docs/task/20260914181054.json:[]
>> [manual] Run 2/13: WriteCode -> src/main/java/DownloadFormat.java
2026-09-14 18:20:01.518 | INFO     | metagpt.actions.write_code:run:186 - Writing src/main/java/DownloadFormat.java..
2026-09-14 18:20:19.929 | INFO     | metagpt.utils.file_repository:save:57 - save to: /home/zhaorz/project/CodeWM/CodeWM_ProWES_Logits/reproduct/units/p13_video_downloader/java/replays/0001_seed_2020452492/p13_video_downloader_java/p13_video_downloader_java/src/main/java/DownloadFormat.java
2026-09-14 18:20:19.931 | INFO     | metagpt.utils.file_repository:save:62 - update dependency: /home/zhaorz/project/CodeWM/CodeWM_ProWES_Logits/reproduct/units/p13_video_downloader/java/replays/0001_seed_2020452492/p13_video_downloader_java/p13_video_downloader_java/src/main/java/DownloadFormat.java:['docs/system_design/20260914181054.json', 'docs/task/20260914181054.json']
2026-09-14 18:20:19.932 | INFO     | metagpt.utils.file_repository:save:57 - save to: /home/zhaorz/project/CodeWM/CodeWM_ProWES_Logits/reproduct/units/p13_video_downloader/java/replays/0001_seed_2020452492/p13_video_downloader_java/p13_video_downloader_java/DownloadFormat_wm_detRes.txt
>> saved: src/src/main/java/DownloadFormat.java
2026-09-14 18:20:19.933 | INFO     | metagpt.utils.file_repository:save:57 - save to: /home/zhaorz/project/CodeWM/CodeWM_ProWES_Logits/reproduct/units/p13_video_downloader/java/replays/0001_seed_2020452492/p13_video_downloader_java/docs/system_design/20260914181054.json
2026-09-14 18:20:19.935 | INFO     | metagpt.utils.file_repository:save:62 - update dependency: /home/zhaorz/project/CodeWM/CodeWM_ProWES_Logits/reproduct/units/p13_video_downloader/java/replays/0001_seed_2020452492/p13_video_downloader_java/docs/system_design/20260914181054.json:[]
2026-09-14 18:20:19.936 | INFO     | metagpt.utils.file_repository:save:57 - save to: /home/zhaorz/project/CodeWM/CodeWM_ProWES_Logits/reproduct/units/p13_video_downloader/java/replays/0001_seed_2020452492/p13_video_downloader_java/docs/task/20260914181054.json
2026-09-14 18:20:19.937 | INFO     | metagpt.utils.file_repository:save:62 - update dependency: /home/zhaorz/project/CodeWM/CodeWM_ProWES_Logits/reproduct/units/p13_video_downloader/java/replays/0001_seed_2020452492/p13_video_downloader_java/docs/task/20260914181054.json:[]
>> [manual] Run 3/13: WriteCode -> src/main/java/ValidationUtils.java
2026-09-14 18:20:19.941 | INFO     | metagpt.actions.write_code:run:186 - Writing src/main/java/ValidationUtils.java..
2026-09-14 18:20:52.726 | INFO     | metagpt.utils.file_repository:save:57 - save to: /home/zhaorz/project/CodeWM/CodeWM_ProWES_Logits/reproduct/units/p13_video_downloader/java/replays/0001_seed_2020452492/p13_video_downloader_java/p13_video_downloader_java/src/main/java/ValidationUtils.java
2026-09-14 18:20:52.728 | INFO     | metagpt.utils.file_repository:save:62 - update dependency: /home/zhaorz/project/CodeWM/CodeWM_ProWES_Logits/reproduct/units/p13_video_downloader/java/replays/0001_seed_2020452492/p13_video_downloader_java/p13_video_downloader_java/src/main/java/ValidationUtils.java:['docs/system_design/20260914181054.json', 'docs/task/20260914181054.json']
2026-09-14 18:20:52.729 | INFO     | metagpt.utils.file_repository:save:57 - save to: /home/zhaorz/project/CodeWM/CodeWM_ProWES_Logits/reproduct/units/p13_video_downloader/java/replays/0001_seed_2020452492/p13_video_downloader_java/p13_video_downloader_java/ValidationUtils_wm_detRes.txt
>> saved: src/src/main/java/ValidationUtils.java
2026-09-14 18:20:52.731 | INFO     | metagpt.utils.file_repository:save:57 - save to: /home/zhaorz/project/CodeWM/CodeWM_ProWES_Logits/reproduct/units/p13_video_downloader/java/replays/0001_seed_2020452492/p13_video_downloader_java/docs/system_design/20260914181054.json
2026-09-14 18:20:52.732 | INFO     | metagpt.utils.file_repository:save:62 - update dependency: /home/zhaorz/project/CodeWM/CodeWM_ProWES_Logits/reproduct/units/p13_video_downloader/java/replays/0001_seed_2020452492/p13_video_downloader_java/docs/system_design/20260914181054.json:[]
2026-09-14 18:20:52.733 | INFO     | metagpt.utils.file_repository:save:57 - save to: /home/zhaorz/project/CodeWM/CodeWM_ProWES_Logits/reproduct/units/p13_video_downloader/java/replays/0001_seed_2020452492/p13_video_downloader_java/docs/task/20260914181054.json
2026-09-14 18:20:52.735 | INFO     | metagpt.utils.file_repository:save:62 - update dependency: /home/zhaorz/project/CodeWM/CodeWM_ProWES_Logits/reproduct/units/p13_video_downloader/java/replays/0001_seed_2020452492/p13_video_downloader_java/docs/task/20260914181054.json:[]
>> [manual] Run 4/13: WriteCode -> src/main/java/ProgressListener.java
2026-09-14 18:20:52.739 | INFO     | metagpt.actions.write_code:run:186 - Writing src/main/java/ProgressListener.java..
2026-09-14 18:21:03.437 | INFO     | metagpt.utils.file_repository:save:57 - save to: /home/zhaorz/project/CodeWM/CodeWM_ProWES_Logits/reproduct/units/p13_video_downloader/java/replays/0001_seed_2020452492/p13_video_downloader_java/p13_video_downloader_java/src/main/java/ProgressListener.java
2026-09-14 18:21:03.439 | INFO     | metagpt.utils.file_repository:save:62 - update dependency: /home/zhaorz/project/CodeWM/CodeWM_ProWES_Logits/reproduct/units/p13_video_downloader/java/replays/0001_seed_2020452492/p13_video_downloader_java/p13_video_downloader_java/src/main/java/ProgressListener.java:['docs/system_design/20260914181054.json', 'docs/task/20260914181054.json']
2026-09-14 18:21:03.440 | INFO     | metagpt.utils.file_repository:save:57 - save to: /home/zhaorz/project/CodeWM/CodeWM_ProWES_Logits/reproduct/units/p13_video_downloader/java/replays/0001_seed_2020452492/p13_video_downloader_java/p13_video_downloader_java/ProgressListener_wm_detRes.txt
>> saved: src/src/main/java/ProgressListener.java
2026-09-14 18:21:03.442 | INFO     | metagpt.utils.file_repository:save:57 - save to: /home/zhaorz/project/CodeWM/CodeWM_ProWES_Logits/reproduct/units/p13_video_downloader/java/replays/0001_seed_2020452492/p13_video_downloader_java/docs/system_design/20260914181054.json
2026-09-14 18:21:03.443 | INFO     | metagpt.utils.file_repository:save:62 - update dependency: /home/zhaorz/project/CodeWM/CodeWM_ProWES_Logits/reproduct/units/p13_video_downloader/java/replays/0001_seed_2020452492/p13_video_downloader_java/docs/system_design/20260914181054.json:[]
2026-09-14 18:21:03.444 | INFO     | metagpt.utils.file_repository:save:57 - save to: /home/zhaorz/project/CodeWM/CodeWM_ProWES_Logits/reproduct/units/p13_video_downloader/java/replays/0001_seed_2020452492/p13_video_downloader_java/docs/task/20260914181054.json
2026-09-14 18:21:03.446 | INFO     | metagpt.utils.file_repository:save:62 - update dependency: /home/zhaorz/project/CodeWM/CodeWM_ProWES_Logits/reproduct/units/p13_video_downloader/java/replays/0001_seed_2020452492/p13_video_downloader_java/docs/task/20260914181054.json:[]
>> [manual] Run 5/13: WriteCode -> src/main/java/TransferSession.java
2026-09-14 18:21:03.450 | INFO     | metagpt.actions.write_code:run:186 - Writing src/main/java/TransferSession.java..
2026-09-14 18:21:18.486 | INFO     | metagpt.utils.file_repository:save:57 - save to: /home/zhaorz/project/CodeWM/CodeWM_ProWES_Logits/reproduct/units/p13_video_downloader/java/replays/0001_seed_2020452492/p13_video_downloader_java/p13_video_downloader_java/src/main/java/TransferSession.java
2026-09-14 18:21:18.488 | INFO     | metagpt.utils.file_repository:save:62 - update dependency: /home/zhaorz/project/CodeWM/CodeWM_ProWES_Logits/reproduct/units/p13_video_downloader/java/replays/0001_seed_2020452492/p13_video_downloader_java/p13_video_downloader_java/src/main/java/TransferSession.java:['docs/system_design/20260914181054.json', 'docs/task/20260914181054.json']
2026-09-14 18:21:18.490 | INFO     | metagpt.utils.file_repository:save:57 - save to: /home/zhaorz/project/CodeWM/CodeWM_ProWES_Logits/reproduct/units/p13_video_downloader/java/replays/0001_seed_2020452492/p13_video_downloader_java/p13_video_downloader_java/TransferSession_wm_detRes.txt
>> saved: src/src/main/java/TransferSession.java
2026-09-14 18:21:18.491 | INFO     | metagpt.utils.file_repository:save:57 - save to: /home/zhaorz/project/CodeWM/CodeWM_ProWES_Logits/reproduct/units/p13_video_downloader/java/replays/0001_seed_2020452492/p13_video_downloader_java/docs/system_design/20260914181054.json
2026-09-14 18:21:18.493 | INFO     | metagpt.utils.file_repository:save:62 - update dependency: /home/zhaorz/project/CodeWM/CodeWM_ProWES_Logits/reproduct/units/p13_video_downloader/java/replays/0001_seed_2020452492/p13_video_downloader_java/docs/system_design/20260914181054.json:[]
2026-09-14 18:21:18.494 | INFO     | metagpt.utils.file_repository:save:57 - save to: /home/zhaorz/project/CodeWM/CodeWM_ProWES_Logits/reproduct/units/p13_video_downloader/java/replays/0001_seed_2020452492/p13_video_downloader_java/docs/task/20260914181054.json
2026-09-14 18:21:18.495 | INFO     | metagpt.utils.file_repository:save:62 - update dependency: /home/zhaorz/project/CodeWM/CodeWM_ProWES_Logits/reproduct/units/p13_video_downloader/java/replays/0001_seed_2020452492/p13_video_downloader_java/docs/task/20260914181054.json:[]
>> [manual] Run 6/13: WriteCode -> src/main/java/TransferAdapter.java
2026-09-14 18:21:18.500 | INFO     | metagpt.actions.write_code:run:186 - Writing src/main/java/TransferAdapter.java..
2026-09-14 18:21:29.077 | INFO     | metagpt.utils.file_repository:save:57 - save to: /home/zhaorz/project/CodeWM/CodeWM_ProWES_Logits/reproduct/units/p13_video_downloader/java/replays/0001_seed_2020452492/p13_video_downloader_java/p13_video_downloader_java/src/main/java/TransferAdapter.java
2026-09-14 18:21:29.079 | INFO     | metagpt.utils.file_repository:save:62 - update dependency: /home/zhaorz/project/CodeWM/CodeWM_ProWES_Logits/reproduct/units/p13_video_downloader/java/replays/0001_seed_2020452492/p13_video_downloader_java/p13_video_downloader_java/src/main/java/TransferAdapter.java:['docs/system_design/20260914181054.json', 'docs/task/20260914181054.json']
2026-09-14 18:21:29.081 | INFO     | metagpt.utils.file_repository:save:57 - save to: /home/zhaorz/project/CodeWM/CodeWM_ProWES_Logits/reproduct/units/p13_video_downloader/java/replays/0001_seed_2020452492/p13_video_downloader_java/p13_video_downloader_java/TransferAdapter_wm_detRes.txt
>> saved: src/src/main/java/TransferAdapter.java
2026-09-14 18:21:29.082 | INFO     | metagpt.utils.file_repository:save:57 - save to: /home/zhaorz/project/CodeWM/CodeWM_ProWES_Logits/reproduct/units/p13_video_downloader/java/replays/0001_seed_2020452492/p13_video_downloader_java/docs/system_design/20260914181054.json
2026-09-14 18:21:29.084 | INFO     | metagpt.utils.file_repository:save:62 - update dependency: /home/zhaorz/project/CodeWM/CodeWM_ProWES_Logits/reproduct/units/p13_video_downloader/java/replays/0001_seed_2020452492/p13_video_downloader_java/docs/system_design/20260914181054.json:[]
2026-09-14 18:21:29.085 | INFO     | metagpt.utils.file_repository:save:57 - save to: /home/zhaorz/project/CodeWM/CodeWM_ProWES_Logits/reproduct/units/p13_video_downloader/java/replays/0001_seed_2020452492/p13_video_downloader_java/docs/task/20260914181054.json
2026-09-14 18:21:29.086 | INFO     | metagpt.utils.file_repository:save:62 - update dependency: /home/zhaorz/project/CodeWM/CodeWM_ProWES_Logits/reproduct/units/p13_video_downloader/java/replays/0001_seed_2020452492/p13_video_downloader_java/docs/task/20260914181054.json:[]
>> [manual] Run 7/13: WriteCode -> src/main/java/DownloadStatus.java
2026-09-14 18:21:29.092 | INFO     | metagpt.actions.write_code:run:186 - Writing src/main/java/DownloadStatus.java..
2026-09-14 18:21:38.209 | INFO     | metagpt.utils.file_repository:save:57 - save to: /home/zhaorz/project/CodeWM/CodeWM_ProWES_Logits/reproduct/units/p13_video_downloader/java/replays/0001_seed_2020452492/p13_video_downloader_java/p13_video_downloader_java/src/main/java/DownloadStatus.java
2026-09-14 18:21:38.211 | INFO     | metagpt.utils.file_repository:save:62 - update dependency: /home/zhaorz/project/CodeWM/CodeWM_ProWES_Logits/reproduct/units/p13_video_downloader/java/replays/0001_seed_2020452492/p13_video_downloader_java/p13_video_downloader_java/src/main/java/DownloadStatus.java:['docs/system_design/20260914181054.json', 'docs/task/20260914181054.json']
2026-09-14 18:21:38.212 | INFO     | metagpt.utils.file_repository:save:57 - save to: /home/zhaorz/project/CodeWM/CodeWM_ProWES_Logits/reproduct/units/p13_video_downloader/java/replays/0001_seed_2020452492/p13_video_downloader_java/p13_video_downloader_java/DownloadStatus_wm_detRes.txt
>> saved: src/src/main/java/DownloadStatus.java
2026-09-14 18:21:38.213 | INFO     | metagpt.utils.file_repository:save:57 - save to: /home/zhaorz/project/CodeWM/CodeWM_ProWES_Logits/reproduct/units/p13_video_downloader/java/replays/0001_seed_2020452492/p13_video_downloader_java/docs/system_design/20260914181054.json
2026-09-14 18:21:38.215 | INFO     | metagpt.utils.file_repository:save:62 - update dependency: /home/zhaorz/project/CodeWM/CodeWM_ProWES_Logits/reproduct/units/p13_video_downloader/java/replays/0001_seed_2020452492/p13_video_downloader_java/docs/system_design/20260914181054.json:[]
2026-09-14 18:21:38.216 | INFO     | metagpt.utils.file_repository:save:57 - save to: /home/zhaorz/project/CodeWM/CodeWM_ProWES_Logits/reproduct/units/p13_video_downloader/java/replays/0001_seed_2020452492/p13_video_downloader_java/docs/task/20260914181054.json
2026-09-14 18:21:38.217 | INFO     | metagpt.utils.file_repository:save:62 - update dependency: /home/zhaorz/project/CodeWM/CodeWM_ProWES_Logits/reproduct/units/p13_video_downloader/java/replays/0001_seed_2020452492/p13_video_downloader_java/docs/task/20260914181054.json:[]
>> [manual] Run 8/13: WriteCode -> src/main/java/VideoDownloadRequest.java
2026-09-14 18:21:38.223 | INFO     | metagpt.actions.write_code:run:186 - Writing src/main/java/VideoDownloadRequest.java..
2026-09-14 18:22:15.900 | INFO     | metagpt.utils.file_repository:save:57 - save to: /home/zhaorz/project/CodeWM/CodeWM_ProWES_Logits/reproduct/units/p13_video_downloader/java/replays/0001_seed_2020452492/p13_video_downloader_java/p13_video_downloader_java/src/main/java/VideoDownloadRequest.java
2026-09-14 18:22:15.902 | INFO     | metagpt.utils.file_repository:save:62 - update dependency: /home/zhaorz/project/CodeWM/CodeWM_ProWES_Logits/reproduct/units/p13_video_downloader/java/replays/0001_seed_2020452492/p13_video_downloader_java/p13_video_downloader_java/src/main/java/VideoDownloadRequest.java:['docs/system_design/20260914181054.json', 'docs/task/20260914181054.json']
2026-09-14 18:22:15.903 | INFO     | metagpt.utils.file_repository:save:57 - save to: /home/zhaorz/project/CodeWM/CodeWM_ProWES_Logits/reproduct/units/p13_video_downloader/java/replays/0001_seed_2020452492/p13_video_downloader_java/p13_video_downloader_java/VideoDownloadRequest_wm_detRes.txt
>> saved: src/src/main/java/VideoDownloadRequest.java
2026-09-14 18:22:15.905 | INFO     | metagpt.utils.file_repository:save:57 - save to: /home/zhaorz/project/CodeWM/CodeWM_ProWES_Logits/reproduct/units/p13_video_downloader/java/replays/0001_seed_2020452492/p13_video_downloader_java/docs/system_design/20260914181054.json
2026-09-14 18:22:15.906 | INFO     | metagpt.utils.file_repository:save:62 - update dependency: /home/zhaorz/project/CodeWM/CodeWM_ProWES_Logits/reproduct/units/p13_video_downloader/java/replays/0001_seed_2020452492/p13_video_downloader_java/docs/system_design/20260914181054.json:[]
2026-09-14 18:22:15.907 | INFO     | metagpt.utils.file_repository:save:57 - save to: /home/zhaorz/project/CodeWM/CodeWM_ProWES_Logits/reproduct/units/p13_video_downloader/java/replays/0001_seed_2020452492/p13_video_downloader_java/docs/task/20260914181054.json
2026-09-14 18:22:15.909 | INFO     | metagpt.utils.file_repository:save:62 - update dependency: /home/zhaorz/project/CodeWM/CodeWM_ProWES_Logits/reproduct/units/p13_video_downloader/java/replays/0001_seed_2020452492/p13_video_downloader_java/docs/task/20260914181054.json:[]
>> [manual] Run 9/13: WriteCode -> src/main/java/DownloadTask.java
2026-09-14 18:22:15.915 | INFO     | metagpt.actions.write_code:run:186 - Writing src/main/java/DownloadTask.java..
2026-09-14 18:23:08.812 | INFO     | metagpt.utils.file_repository:save:57 - save to: /home/zhaorz/project/CodeWM/CodeWM_ProWES_Logits/reproduct/units/p13_video_downloader/java/replays/0001_seed_2020452492/p13_video_downloader_java/p13_video_downloader_java/src/main/java/DownloadTask.java
2026-09-14 18:23:08.814 | INFO     | metagpt.utils.file_repository:save:62 - update dependency: /home/zhaorz/project/CodeWM/CodeWM_ProWES_Logits/reproduct/units/p13_video_downloader/java/replays/0001_seed_2020452492/p13_video_downloader_java/p13_video_downloader_java/src/main/java/DownloadTask.java:['docs/system_design/20260914181054.json', 'docs/task/20260914181054.json']
2026-09-14 18:23:08.815 | INFO     | metagpt.utils.file_repository:save:57 - save to: /home/zhaorz/project/CodeWM/CodeWM_ProWES_Logits/reproduct/units/p13_video_downloader/java/replays/0001_seed_2020452492/p13_video_downloader_java/p13_video_downloader_java/DownloadTask_wm_detRes.txt
>> saved: src/src/main/java/DownloadTask.java
2026-09-14 18:23:08.816 | INFO     | metagpt.utils.file_repository:save:57 - save to: /home/zhaorz/project/CodeWM/CodeWM_ProWES_Logits/reproduct/units/p13_video_downloader/java/replays/0001_seed_2020452492/p13_video_downloader_java/docs/system_design/20260914181054.json
2026-09-14 18:23:08.818 | INFO     | metagpt.utils.file_repository:save:62 - update dependency: /home/zhaorz/project/CodeWM/CodeWM_ProWES_Logits/reproduct/units/p13_video_downloader/java/replays/0001_seed_2020452492/p13_video_downloader_java/docs/system_design/20260914181054.json:[]
2026-09-14 18:23:08.819 | INFO     | metagpt.utils.file_repository:save:57 - save to: /home/zhaorz/project/CodeWM/CodeWM_ProWES_Logits/reproduct/units/p13_video_downloader/java/replays/0001_seed_2020452492/p13_video_downloader_java/docs/task/20260914181054.json
2026-09-14 18:23:08.820 | INFO     | metagpt.utils.file_repository:save:62 - update dependency: /home/zhaorz/project/CodeWM/CodeWM_ProWES_Logits/reproduct/units/p13_video_downloader/java/replays/0001_seed_2020452492/p13_video_downloader_java/docs/task/20260914181054.json:[]
>> [manual] Run 10/13: WriteCode -> src/main/java/VideoDownloader.java
2026-09-14 18:23:08.827 | INFO     | metagpt.actions.write_code:run:186 - Writing src/main/java/VideoDownloader.java..
2026-09-14 18:24:05.822 | INFO     | metagpt.utils.file_repository:save:57 - save to: /home/zhaorz/project/CodeWM/CodeWM_ProWES_Logits/reproduct/units/p13_video_downloader/java/replays/0001_seed_2020452492/p13_video_downloader_java/p13_video_downloader_java/src/main/java/VideoDownloader.java
2026-09-14 18:24:05.824 | INFO     | metagpt.utils.file_repository:save:62 - update dependency: /home/zhaorz/project/CodeWM/CodeWM_ProWES_Logits/reproduct/units/p13_video_downloader/java/replays/0001_seed_2020452492/p13_video_downloader_java/p13_video_downloader_java/src/main/java/VideoDownloader.java:['docs/system_design/20260914181054.json', 'docs/task/20260914181054.json']
2026-09-14 18:24:05.825 | INFO     | metagpt.utils.file_repository:save:57 - save to: /home/zhaorz/project/CodeWM/CodeWM_ProWES_Logits/reproduct/units/p13_video_downloader/java/replays/0001_seed_2020452492/p13_video_downloader_java/p13_video_downloader_java/VideoDownloader_wm_detRes.txt
>> saved: src/src/main/java/VideoDownloader.java
2026-09-14 18:24:05.826 | INFO     | metagpt.utils.file_repository:save:57 - save to: /home/zhaorz/project/CodeWM/CodeWM_ProWES_Logits/reproduct/units/p13_video_downloader/java/replays/0001_seed_2020452492/p13_video_downloader_java/docs/system_design/20260914181054.json
2026-09-14 18:24:05.828 | INFO     | metagpt.utils.file_repository:save:62 - update dependency: /home/zhaorz/project/CodeWM/CodeWM_ProWES_Logits/reproduct/units/p13_video_downloader/java/replays/0001_seed_2020452492/p13_video_downloader_java/docs/system_design/20260914181054.json:[]
2026-09-14 18:24:05.829 | INFO     | metagpt.utils.file_repository:save:57 - save to: /home/zhaorz/project/CodeWM/CodeWM_ProWES_Logits/reproduct/units/p13_video_downloader/java/replays/0001_seed_2020452492/p13_video_downloader_java/docs/task/20260914181054.json
2026-09-14 18:24:05.831 | INFO     | metagpt.utils.file_repository:save:62 - update dependency: /home/zhaorz/project/CodeWM/CodeWM_ProWES_Logits/reproduct/units/p13_video_downloader/java/replays/0001_seed_2020452492/p13_video_downloader_java/docs/task/20260914181054.json:[]
>> [manual] Run 11/13: WriteCode -> src/main/java/OfflineDeterministicAdapter.java
2026-09-14 18:24:05.838 | INFO     | metagpt.actions.write_code:run:186 - Writing src/main/java/OfflineDeterministicAdapter.java..
2026-09-14 18:24:56.318 | INFO     | metagpt.utils.file_repository:save:57 - save to: /home/zhaorz/project/CodeWM/CodeWM_ProWES_Logits/reproduct/units/p13_video_downloader/java/replays/0001_seed_2020452492/p13_video_downloader_java/p13_video_downloader_java/src/main/java/OfflineDeterministicAdapter.java
2026-09-14 18:24:56.320 | INFO     | metagpt.utils.file_repository:save:62 - update dependency: /home/zhaorz/project/CodeWM/CodeWM_ProWES_Logits/reproduct/units/p13_video_downloader/java/replays/0001_seed_2020452492/p13_video_downloader_java/p13_video_downloader_java/src/main/java/OfflineDeterministicAdapter.java:['docs/system_design/20260914181054.json', 'docs/task/20260914181054.json']
2026-09-14 18:24:56.321 | INFO     | metagpt.utils.file_repository:save:57 - save to: /home/zhaorz/project/CodeWM/CodeWM_ProWES_Logits/reproduct/units/p13_video_downloader/java/replays/0001_seed_2020452492/p13_video_downloader_java/p13_video_downloader_java/OfflineDeterministicAdapter_wm_detRes.txt
>> saved: src/src/main/java/OfflineDeterministicAdapter.java
2026-09-14 18:24:56.322 | INFO     | metagpt.utils.file_repository:save:57 - save to: /home/zhaorz/project/CodeWM/CodeWM_ProWES_Logits/reproduct/units/p13_video_downloader/java/replays/0001_seed_2020452492/p13_video_downloader_java/docs/system_design/20260914181054.json
2026-09-14 18:24:56.324 | INFO     | metagpt.utils.file_repository:save:62 - update dependency: /home/zhaorz/project/CodeWM/CodeWM_ProWES_Logits/reproduct/units/p13_video_downloader/java/replays/0001_seed_2020452492/p13_video_downloader_java/docs/system_design/20260914181054.json:[]
2026-09-14 18:24:56.325 | INFO     | metagpt.utils.file_repository:save:57 - save to: /home/zhaorz/project/CodeWM/CodeWM_ProWES_Logits/reproduct/units/p13_video_downloader/java/replays/0001_seed_2020452492/p13_video_downloader_java/docs/task/20260914181054.json
2026-09-14 18:24:56.327 | INFO     | metagpt.utils.file_repository:save:62 - update dependency: /home/zhaorz/project/CodeWM/CodeWM_ProWES_Logits/reproduct/units/p13_video_downloader/java/replays/0001_seed_2020452492/p13_video_downloader_java/docs/task/20260914181054.json:[]
>> [manual] Run 12/13: WriteCode -> src/main/java/Main.java
2026-09-14 18:24:56.334 | INFO     | metagpt.actions.write_code:run:186 - Writing src/main/java/Main.java..
2026-09-14 18:25:28.193 | INFO     | metagpt.utils.file_repository:save:57 - save to: /home/zhaorz/project/CodeWM/CodeWM_ProWES_Logits/reproduct/units/p13_video_downloader/java/replays/0001_seed_2020452492/p13_video_downloader_java/p13_video_downloader_java/src/main/java/Main.java
2026-09-14 18:25:28.195 | INFO     | metagpt.utils.file_repository:save:62 - update dependency: /home/zhaorz/project/CodeWM/CodeWM_ProWES_Logits/reproduct/units/p13_video_downloader/java/replays/0001_seed_2020452492/p13_video_downloader_java/p13_video_downloader_java/src/main/java/Main.java:['docs/system_design/20260914181054.json', 'docs/task/20260914181054.json']
2026-09-14 18:25:28.195 | INFO     | metagpt.utils.file_repository:save:57 - save to: /home/zhaorz/project/CodeWM/CodeWM_ProWES_Logits/reproduct/units/p13_video_downloader/java/replays/0001_seed_2020452492/p13_video_downloader_java/p13_video_downloader_java/Main_wm_detRes.txt
>> saved: src/src/main/java/Main.java
2026-09-14 18:25:28.196 | INFO     | metagpt.utils.file_repository:save:57 - save to: /home/zhaorz/project/CodeWM/CodeWM_ProWES_Logits/reproduct/units/p13_video_downloader/java/replays/0001_seed_2020452492/p13_video_downloader_java/docs/system_design/20260914181054.json
2026-09-14 18:25:28.198 | INFO     | metagpt.utils.file_repository:save:62 - update dependency: /home/zhaorz/project/CodeWM/CodeWM_ProWES_Logits/reproduct/units/p13_video_downloader/java/replays/0001_seed_2020452492/p13_video_downloader_java/docs/system_design/20260914181054.json:[]
2026-09-14 18:25:28.198 | INFO     | metagpt.utils.file_repository:save:57 - save to: /home/zhaorz/project/CodeWM/CodeWM_ProWES_Logits/reproduct/units/p13_video_downloader/java/replays/0001_seed_2020452492/p13_video_downloader_java/docs/task/20260914181054.json
2026-09-14 18:25:28.200 | INFO     | metagpt.utils.file_repository:save:62 - update dependency: /home/zhaorz/project/CodeWM/CodeWM_ProWES_Logits/reproduct/units/p13_video_downloader/java/replays/0001_seed_2020452492/p13_video_downloader_java/docs/task/20260914181054.json:[]
>> [manual] Run 13/13: WriteCode -> src/test/java/MainTest.java
2026-09-14 18:25:28.206 | INFO     | metagpt.actions.write_code:run:186 - Writing src/test/java/MainTest.java..
2026-09-14 18:26:12.659 | INFO     | metagpt.utils.file_repository:save:57 - save to: /home/zhaorz/project/CodeWM/CodeWM_ProWES_Logits/reproduct/units/p13_video_downloader/java/replays/0001_seed_2020452492/p13_video_downloader_java/p13_video_downloader_java/src/test/java/MainTest.java
2026-09-14 18:26:12.661 | INFO     | metagpt.utils.file_repository:save:62 - update dependency: /home/zhaorz/project/CodeWM/CodeWM_ProWES_Logits/reproduct/units/p13_video_downloader/java/replays/0001_seed_2020452492/p13_video_downloader_java/p13_video_downloader_java/src/test/java/MainTest.java:['docs/system_design/20260914181054.json', 'docs/task/20260914181054.json']
2026-09-14 18:26:12.662 | INFO     | metagpt.utils.file_repository:save:57 - save to: /home/zhaorz/project/CodeWM/CodeWM_ProWES_Logits/reproduct/units/p13_video_downloader/java/replays/0001_seed_2020452492/p13_video_downloader_java/p13_video_downloader_java/MainTest_wm_detRes.txt
>> saved: src/src/test/java/MainTest.java
>> [manual] all WriteCode actions finished.
[replay-worker] p13_video_downloader_java passed=True
[replay-worker] waiting for accepted seeds
[replay-worker] waiting for accepted seeds
[replay-worker] waiting for accepted seeds
[replay-worker] waiting for accepted seeds
[replay-worker] waiting for accepted seeds
[replay-worker] waiting for accepted seeds
[replay-worker] waiting for accepted seeds
[replay-worker] waiting for accepted seeds
[replay-worker] waiting for accepted seeds
[replay-worker] waiting for accepted seeds
[replay-worker] waiting for accepted seeds
[replay-worker] waiting for accepted seeds
[replay-worker] waiting for accepted seeds
[replay-worker] waiting for accepted seeds
[replay-worker] waiting for accepted seeds
[replay-worker] waiting for accepted seeds
[replay-worker] waiting for accepted seeds
[replay-worker] waiting for accepted seeds
[replay-worker] waiting for accepted seeds
[replay-worker] waiting for accepted seeds
[replay-worker] waiting for accepted seeds
[replay-worker] waiting for accepted seeds
[replay-worker] waiting for accepted seeds
[replay-worker] waiting for accepted seeds
[replay-worker] waiting for accepted seeds
[replay-worker] waiting for accepted seeds
[replay-worker] waiting for accepted seeds
[replay-worker] waiting for accepted seeds
[replay-worker] waiting for accepted seeds
[replay-worker] waiting for accepted seeds
[replay-worker] waiting for accepted seeds
[replay-worker] waiting for accepted seeds
[replay-worker] waiting for accepted seeds
[replay-worker] waiting for accepted seeds
[replay-worker] waiting for accepted seeds
[replay-worker] waiting for accepted seeds
[replay-worker] waiting for accepted seeds
[replay-worker] waiting for accepted seeds
[replay-worker] waiting for accepted seeds
[replay-worker] waiting for accepted seeds
[replay-worker] waiting for accepted seeds
[replay-worker] waiting for accepted seeds
[replay-worker] waiting for accepted seeds
[replay-worker] waiting for accepted seeds
[replay-worker] waiting for accepted seeds
[replay-worker] waiting for accepted seeds
[replay-worker] waiting for accepted seeds
[replay-worker] waiting for accepted seeds
[replay-worker] waiting for accepted seeds
[replay-worker] waiting for accepted seeds
[replay-worker] waiting for accepted seeds
[replay-worker] waiting for accepted seeds
[replay-worker] waiting for accepted seeds
[replay-worker] waiting for accepted seeds
[replay-worker] waiting for accepted seeds
[replay-worker] waiting for accepted seeds
[replay-worker] waiting for accepted seeds
[replay-worker] waiting for accepted seeds
[replay-worker] waiting for accepted seeds
[replay-worker] waiting for accepted seeds
[replay-worker] waiting for accepted seeds
[replay-worker] waiting for accepted seeds
[replay-worker] waiting for accepted seeds
[replay-worker] waiting for accepted seeds
[replay-worker] waiting for accepted seeds
[replay-worker] waiting for accepted seeds
[replay-worker] waiting for accepted seeds
[replay-worker] waiting for accepted seeds
[replay-worker] waiting for accepted seeds
[replay-worker] waiting for accepted seeds
[replay-worker] waiting for accepted seeds
[replay-worker] waiting for accepted seeds
[replay-worker] waiting for accepted seeds
[replay-worker] waiting for accepted seeds
[replay-worker] waiting for accepted seeds
[replay-worker] waiting for accepted seeds
[replay-worker] waiting for accepted seeds
[replay-worker] waiting for accepted seeds
[replay-worker] waiting for accepted seeds
[replay-worker] waiting for accepted seeds
[replay-worker] waiting for accepted seeds
[replay-worker] waiting for accepted seeds
[replay-worker] waiting for accepted seeds
[replay-worker] waiting for accepted seeds
[replay-worker] waiting for accepted seeds
[replay-worker] waiting for accepted seeds
[replay-worker] waiting for accepted seeds
[replay-worker] waiting for accepted seeds
[replay-worker] waiting for accepted seeds
[replay-worker] waiting for accepted seeds
[replay-worker] waiting for accepted seeds
[replay-worker] waiting for accepted seeds
[replay-worker] waiting for accepted seeds
[replay-worker] waiting for accepted seeds
[replay-worker] waiting for accepted seeds
[replay-worker] waiting for accepted seeds
[replay-worker] waiting for accepted seeds
[replay-worker] waiting for accepted seeds
[replay-worker] waiting for accepted seeds
[replay-worker] waiting for accepted seeds
[replay-worker] waiting for accepted seeds
[replay-worker] waiting for accepted seeds
[replay-worker] waiting for accepted seeds
[replay-worker] waiting for accepted seeds
[replay-worker] waiting for accepted seeds
[replay-worker] waiting for accepted seeds
[replay-worker] waiting for accepted seeds
[replay-worker] waiting for accepted seeds
[replay-worker] waiting for accepted seeds
[replay-worker] waiting for accepted seeds
[replay-worker] waiting for accepted seeds
[replay-worker] waiting for accepted seeds
[replay-worker] waiting for accepted seeds
[replay-worker] waiting for accepted seeds
[replay-worker] waiting for accepted seeds
[replay-worker] waiting for accepted seeds
[replay-worker] waiting for accepted seeds
[replay-worker] waiting for accepted seeds
[replay-worker] waiting for accepted seeds
[replay-worker] waiting for accepted seeds
[replay-worker] waiting for accepted seeds
[replay-worker] waiting for accepted seeds
[replay-worker] waiting for accepted seeds
[replay-worker] waiting for accepted seeds
[replay-worker] waiting for accepted seeds
[replay-worker] waiting for accepted seeds
[replay-worker] waiting for accepted seeds
[replay-worker] waiting for accepted seeds
[replay-worker] waiting for accepted seeds
[replay-worker] waiting for accepted seeds
[replay-worker] waiting for accepted seeds
[replay-worker] waiting for accepted seeds
[replay-worker] waiting for accepted seeds
[replay-worker] waiting for accepted seeds
[replay-worker] waiting for accepted seeds
[replay-worker] waiting for accepted seeds
[replay-worker] waiting for accepted seeds
[replay-worker] waiting for accepted seeds
[replay-worker] waiting for accepted seeds
[replay-worker] waiting for accepted seeds
[replay-worker] waiting for accepted seeds
[replay-worker] waiting for accepted seeds
[replay-worker] waiting for accepted seeds
[replay-worker] waiting for accepted seeds
[replay-worker] waiting for accepted seeds
[replay-worker] waiting for accepted seeds
[replay-worker] waiting for accepted seeds
[replay-worker] waiting for accepted seeds
[replay-worker] waiting for accepted seeds
[replay-worker] waiting for accepted seeds
[replay-worker] waiting for accepted seeds
[replay-worker] waiting for accepted seeds
[replay-worker] waiting for accepted seeds
[replay-worker] waiting for accepted seeds
[replay-worker] waiting for accepted seeds
[replay-worker] waiting for accepted seeds
[replay-worker] waiting for accepted seeds
[replay-worker] waiting for accepted seeds
[replay-worker] waiting for accepted seeds
[replay-worker] waiting for accepted seeds
[replay-worker] waiting for accepted seeds
[replay-worker] waiting for accepted seeds
[replay-worker] waiting for accepted seeds
[replay-worker] waiting for accepted seeds
[replay-worker] waiting for accepted seeds
[replay-worker] waiting for accepted seeds
[replay-worker] waiting for accepted seeds
[replay-worker] waiting for accepted seeds
[replay-worker] waiting for accepted seeds
[replay-worker] waiting for accepted seeds
[replay-worker] waiting for accepted seeds
[replay-worker] waiting for accepted seeds
[replay-worker] waiting for accepted seeds
[replay-worker] waiting for accepted seeds
[replay-worker] waiting for accepted seeds
[replay-worker] waiting for accepted seeds
[replay-worker] waiting for accepted seeds
[replay-worker] waiting for accepted seeds
[replay-worker] waiting for accepted seeds
[replay-worker] waiting for accepted seeds
[replay-worker] waiting for accepted seeds
[replay-worker] waiting for accepted seeds
[replay-worker] waiting for accepted seeds
[replay-worker] waiting for accepted seeds
[replay-worker] waiting for accepted seeds
[replay-worker] waiting for accepted seeds
[replay-worker] waiting for accepted seeds
[replay-worker] waiting for accepted seeds
[replay-worker] waiting for accepted seeds
[replay-worker] waiting for accepted seeds
[replay-worker] waiting for accepted seeds
[replay-worker] waiting for accepted seeds
[replay-worker] waiting for accepted seeds
[replay-worker] waiting for accepted seeds
[replay-worker] waiting for accepted seeds
[replay-worker] waiting for accepted seeds
[replay-worker] waiting for accepted seeds
[replay-worker] waiting for accepted seeds
[replay-worker] waiting for accepted seeds
[replay-worker] waiting for accepted seeds
[replay-worker] waiting for accepted seeds
[replay-worker] waiting for accepted seeds
[replay-worker] waiting for accepted seeds
[replay-worker] waiting for accepted seeds
[replay-worker] waiting for accepted seeds
[replay-worker] waiting for accepted seeds
[replay-worker] waiting for accepted seeds
[replay-worker] waiting for accepted seeds
[replay-worker] waiting for accepted seeds
[replay-worker] waiting for accepted seeds
[replay-worker] waiting for accepted seeds
[replay-worker] waiting for accepted seeds
[replay-worker] waiting for accepted seeds
[replay-worker] waiting for accepted seeds
[replay-worker] waiting for accepted seeds
[replay-worker] waiting for accepted seeds
[replay-worker] waiting for accepted seeds
[replay-worker] waiting for accepted seeds
[replay-worker] waiting for accepted seeds
[replay-worker] waiting for accepted seeds
[replay-worker] waiting for accepted seeds
[replay-worker] waiting for accepted seeds
[replay-worker] waiting for accepted seeds
[replay-worker] waiting for accepted seeds
[replay-worker] waiting for accepted seeds
[replay-worker] waiting for accepted seeds
[replay-worker] waiting for accepted seeds
[replay-worker] waiting for accepted seeds
[replay-worker] waiting for accepted seeds
[replay-worker] waiting for accepted seeds
[replay-worker] waiting for accepted seeds
[replay-worker] waiting for accepted seeds
[replay-worker] waiting for accepted seeds
[replay-worker] waiting for accepted seeds
[replay-worker] waiting for accepted seeds
[replay-worker] waiting for accepted seeds
[replay-worker] waiting for accepted seeds
[replay-worker] waiting for accepted seeds
[replay-worker] waiting for accepted seeds
[replay-worker] waiting for accepted seeds
[replay-worker] waiting for accepted seeds
[replay-worker] waiting for accepted seeds
>> recovering from: /home/zhaorz/project/CodeWM/CodeWM_ProWES_Logits/reproduct/units/p14_todo_list_app/cpp/architecture/team
>> team.json exists: True path: /home/zhaorz/project/CodeWM/CodeWM_ProWES_Logits/reproduct/units/p14_todo_list_app/cpp/architecture/team/team.json
>> ctx.git_repo.workdir = /home/zhaorz/project/CodeWM/CodeWM_ProWES_Logits/reproduct/units/p14_todo_list_app/cpp/replays/0001_seed_3861770267/p14_todo_list_app_cpp
eng.code_todos: ['CMakeLists.txt', 'include/Task.h', 'include/Date.h', 'include/Query.h', 'include/TaskStore.h', 'include/TaskManager.h', 'src/Task.cpp', 'src/Date.cpp', 'src/Query.cpp', 'src/TaskStore.cpp', 'src/TaskManager.cpp', 'src/Main.cpp', 'tests/test_main.cpp']
>> ready, ctx.git_repo.workdir = /home/zhaorz/project/CodeWM/CodeWM_ProWES_Logits/reproduct/units/p14_todo_list_app/cpp/replays/0001_seed_3861770267/p14_todo_list_app_cpp
>> ctx.git_repo.workdir = /home/zhaorz/project/CodeWM/CodeWM_ProWES_Logits/reproduct/units/p14_todo_list_app/cpp/replays/0001_seed_3861770267/p14_todo_list_app_cpp
2026-09-14 19:47:18.378 | INFO     | metagpt.utils.file_repository:save:57 - save to: /home/zhaorz/project/CodeWM/CodeWM_ProWES_Logits/reproduct/units/p14_todo_list_app/cpp/replays/0001_seed_3861770267/p14_todo_list_app_cpp/docs/system_design/20260914193609.json
2026-09-14 19:47:18.379 | INFO     | metagpt.utils.file_repository:save:62 - update dependency: /home/zhaorz/project/CodeWM/CodeWM_ProWES_Logits/reproduct/units/p14_todo_list_app/cpp/replays/0001_seed_3861770267/p14_todo_list_app_cpp/docs/system_design/20260914193609.json:[]
2026-09-14 19:47:18.381 | INFO     | metagpt.utils.file_repository:save:57 - save to: /home/zhaorz/project/CodeWM/CodeWM_ProWES_Logits/reproduct/units/p14_todo_list_app/cpp/replays/0001_seed_3861770267/p14_todo_list_app_cpp/docs/task/20260914193609.json
2026-09-14 19:47:18.382 | INFO     | metagpt.utils.file_repository:save:62 - update dependency: /home/zhaorz/project/CodeWM/CodeWM_ProWES_Logits/reproduct/units/p14_todo_list_app/cpp/replays/0001_seed_3861770267/p14_todo_list_app_cpp/docs/task/20260914193609.json:[]
>> [manual] Run 1/13: WriteCode -> CMakeLists.txt
2026-09-14 19:47:18.384 | INFO     | metagpt.actions.write_code:run:186 - Writing CMakeLists.txt..
2026-09-14 19:47:31.215 | INFO     | metagpt.utils.file_repository:save:57 - save to: /home/zhaorz/project/CodeWM/CodeWM_ProWES_Logits/reproduct/units/p14_todo_list_app/cpp/replays/0001_seed_3861770267/p14_todo_list_app_cpp/p14_todo_list_app_cpp/CMakeLists.txt
2026-09-14 19:47:31.217 | INFO     | metagpt.utils.file_repository:save:62 - update dependency: /home/zhaorz/project/CodeWM/CodeWM_ProWES_Logits/reproduct/units/p14_todo_list_app/cpp/replays/0001_seed_3861770267/p14_todo_list_app_cpp/p14_todo_list_app_cpp/CMakeLists.txt:['docs/system_design/20260914193609.json', 'docs/task/20260914193609.json']
2026-09-14 19:47:31.218 | INFO     | metagpt.utils.file_repository:save:57 - save to: /home/zhaorz/project/CodeWM/CodeWM_ProWES_Logits/reproduct/units/p14_todo_list_app/cpp/replays/0001_seed_3861770267/p14_todo_list_app_cpp/p14_todo_list_app_cpp/CMakeLists_wm_detRes.txt
>> saved: src/CMakeLists.txt
2026-09-14 19:47:31.219 | INFO     | metagpt.utils.file_repository:save:57 - save to: /home/zhaorz/project/CodeWM/CodeWM_ProWES_Logits/reproduct/units/p14_todo_list_app/cpp/replays/0001_seed_3861770267/p14_todo_list_app_cpp/docs/system_design/20260914193609.json
2026-09-14 19:47:31.220 | INFO     | metagpt.utils.file_repository:save:62 - update dependency: /home/zhaorz/project/CodeWM/CodeWM_ProWES_Logits/reproduct/units/p14_todo_list_app/cpp/replays/0001_seed_3861770267/p14_todo_list_app_cpp/docs/system_design/20260914193609.json:[]
2026-09-14 19:47:31.221 | INFO     | metagpt.utils.file_repository:save:57 - save to: /home/zhaorz/project/CodeWM/CodeWM_ProWES_Logits/reproduct/units/p14_todo_list_app/cpp/replays/0001_seed_3861770267/p14_todo_list_app_cpp/docs/task/20260914193609.json
2026-09-14 19:47:31.223 | INFO     | metagpt.utils.file_repository:save:62 - update dependency: /home/zhaorz/project/CodeWM/CodeWM_ProWES_Logits/reproduct/units/p14_todo_list_app/cpp/replays/0001_seed_3861770267/p14_todo_list_app_cpp/docs/task/20260914193609.json:[]
>> [manual] Run 2/13: WriteCode -> include/Task.h
2026-09-14 19:47:31.226 | INFO     | metagpt.actions.write_code:run:186 - Writing include/Task.h..
2026-09-14 19:47:55.376 | INFO     | metagpt.utils.file_repository:save:57 - save to: /home/zhaorz/project/CodeWM/CodeWM_ProWES_Logits/reproduct/units/p14_todo_list_app/cpp/replays/0001_seed_3861770267/p14_todo_list_app_cpp/p14_todo_list_app_cpp/include/Task.h
2026-09-14 19:47:55.378 | INFO     | metagpt.utils.file_repository:save:62 - update dependency: /home/zhaorz/project/CodeWM/CodeWM_ProWES_Logits/reproduct/units/p14_todo_list_app/cpp/replays/0001_seed_3861770267/p14_todo_list_app_cpp/p14_todo_list_app_cpp/include/Task.h:['docs/system_design/20260914193609.json', 'docs/task/20260914193609.json']
2026-09-14 19:47:55.379 | INFO     | metagpt.utils.file_repository:save:57 - save to: /home/zhaorz/project/CodeWM/CodeWM_ProWES_Logits/reproduct/units/p14_todo_list_app/cpp/replays/0001_seed_3861770267/p14_todo_list_app_cpp/p14_todo_list_app_cpp/Task_wm_detRes.txt
>> saved: src/include/Task.h
2026-09-14 19:47:55.381 | INFO     | metagpt.utils.file_repository:save:57 - save to: /home/zhaorz/project/CodeWM/CodeWM_ProWES_Logits/reproduct/units/p14_todo_list_app/cpp/replays/0001_seed_3861770267/p14_todo_list_app_cpp/docs/system_design/20260914193609.json
2026-09-14 19:47:55.382 | INFO     | metagpt.utils.file_repository:save:62 - update dependency: /home/zhaorz/project/CodeWM/CodeWM_ProWES_Logits/reproduct/units/p14_todo_list_app/cpp/replays/0001_seed_3861770267/p14_todo_list_app_cpp/docs/system_design/20260914193609.json:[]
2026-09-14 19:47:55.383 | INFO     | metagpt.utils.file_repository:save:57 - save to: /home/zhaorz/project/CodeWM/CodeWM_ProWES_Logits/reproduct/units/p14_todo_list_app/cpp/replays/0001_seed_3861770267/p14_todo_list_app_cpp/docs/task/20260914193609.json
2026-09-14 19:47:55.385 | INFO     | metagpt.utils.file_repository:save:62 - update dependency: /home/zhaorz/project/CodeWM/CodeWM_ProWES_Logits/reproduct/units/p14_todo_list_app/cpp/replays/0001_seed_3861770267/p14_todo_list_app_cpp/docs/task/20260914193609.json:[]
>> [manual] Run 3/13: WriteCode -> include/Date.h
2026-09-14 19:47:55.389 | INFO     | metagpt.actions.write_code:run:186 - Writing include/Date.h..
2026-09-14 19:48:09.585 | INFO     | metagpt.utils.file_repository:save:57 - save to: /home/zhaorz/project/CodeWM/CodeWM_ProWES_Logits/reproduct/units/p14_todo_list_app/cpp/replays/0001_seed_3861770267/p14_todo_list_app_cpp/p14_todo_list_app_cpp/include/Date.h
2026-09-14 19:48:09.587 | INFO     | metagpt.utils.file_repository:save:62 - update dependency: /home/zhaorz/project/CodeWM/CodeWM_ProWES_Logits/reproduct/units/p14_todo_list_app/cpp/replays/0001_seed_3861770267/p14_todo_list_app_cpp/p14_todo_list_app_cpp/include/Date.h:['docs/system_design/20260914193609.json', 'docs/task/20260914193609.json']
2026-09-14 19:48:09.588 | INFO     | metagpt.utils.file_repository:save:57 - save to: /home/zhaorz/project/CodeWM/CodeWM_ProWES_Logits/reproduct/units/p14_todo_list_app/cpp/replays/0001_seed_3861770267/p14_todo_list_app_cpp/p14_todo_list_app_cpp/Date_wm_detRes.txt
>> saved: src/include/Date.h
2026-09-14 19:48:09.590 | INFO     | metagpt.utils.file_repository:save:57 - save to: /home/zhaorz/project/CodeWM/CodeWM_ProWES_Logits/reproduct/units/p14_todo_list_app/cpp/replays/0001_seed_3861770267/p14_todo_list_app_cpp/docs/system_design/20260914193609.json
2026-09-14 19:48:09.591 | INFO     | metagpt.utils.file_repository:save:62 - update dependency: /home/zhaorz/project/CodeWM/CodeWM_ProWES_Logits/reproduct/units/p14_todo_list_app/cpp/replays/0001_seed_3861770267/p14_todo_list_app_cpp/docs/system_design/20260914193609.json:[]
2026-09-14 19:48:09.593 | INFO     | metagpt.utils.file_repository:save:57 - save to: /home/zhaorz/project/CodeWM/CodeWM_ProWES_Logits/reproduct/units/p14_todo_list_app/cpp/replays/0001_seed_3861770267/p14_todo_list_app_cpp/docs/task/20260914193609.json
2026-09-14 19:48:09.595 | INFO     | metagpt.utils.file_repository:save:62 - update dependency: /home/zhaorz/project/CodeWM/CodeWM_ProWES_Logits/reproduct/units/p14_todo_list_app/cpp/replays/0001_seed_3861770267/p14_todo_list_app_cpp/docs/task/20260914193609.json:[]
>> [manual] Run 4/13: WriteCode -> include/Query.h
2026-09-14 19:48:09.599 | INFO     | metagpt.actions.write_code:run:186 - Writing include/Query.h..
2026-09-14 19:48:38.097 | INFO     | metagpt.utils.file_repository:save:57 - save to: /home/zhaorz/project/CodeWM/CodeWM_ProWES_Logits/reproduct/units/p14_todo_list_app/cpp/replays/0001_seed_3861770267/p14_todo_list_app_cpp/p14_todo_list_app_cpp/include/Query.h
2026-09-14 19:48:38.099 | INFO     | metagpt.utils.file_repository:save:62 - update dependency: /home/zhaorz/project/CodeWM/CodeWM_ProWES_Logits/reproduct/units/p14_todo_list_app/cpp/replays/0001_seed_3861770267/p14_todo_list_app_cpp/p14_todo_list_app_cpp/include/Query.h:['docs/system_design/20260914193609.json', 'docs/task/20260914193609.json']
2026-09-14 19:48:38.100 | INFO     | metagpt.utils.file_repository:save:57 - save to: /home/zhaorz/project/CodeWM/CodeWM_ProWES_Logits/reproduct/units/p14_todo_list_app/cpp/replays/0001_seed_3861770267/p14_todo_list_app_cpp/p14_todo_list_app_cpp/Query_wm_detRes.txt
>> saved: src/include/Query.h
2026-09-14 19:48:38.101 | INFO     | metagpt.utils.file_repository:save:57 - save to: /home/zhaorz/project/CodeWM/CodeWM_ProWES_Logits/reproduct/units/p14_todo_list_app/cpp/replays/0001_seed_3861770267/p14_todo_list_app_cpp/docs/system_design/20260914193609.json
2026-09-14 19:48:38.102 | INFO     | metagpt.utils.file_repository:save:62 - update dependency: /home/zhaorz/project/CodeWM/CodeWM_ProWES_Logits/reproduct/units/p14_todo_list_app/cpp/replays/0001_seed_3861770267/p14_todo_list_app_cpp/docs/system_design/20260914193609.json:[]
2026-09-14 19:48:38.103 | INFO     | metagpt.utils.file_repository:save:57 - save to: /home/zhaorz/project/CodeWM/CodeWM_ProWES_Logits/reproduct/units/p14_todo_list_app/cpp/replays/0001_seed_3861770267/p14_todo_list_app_cpp/docs/task/20260914193609.json
2026-09-14 19:48:38.104 | INFO     | metagpt.utils.file_repository:save:62 - update dependency: /home/zhaorz/project/CodeWM/CodeWM_ProWES_Logits/reproduct/units/p14_todo_list_app/cpp/replays/0001_seed_3861770267/p14_todo_list_app_cpp/docs/task/20260914193609.json:[]
>> [manual] Run 5/13: WriteCode -> include/TaskStore.h
2026-09-14 19:48:38.108 | INFO     | metagpt.actions.write_code:run:186 - Writing include/TaskStore.h..
2026-09-14 19:49:20.148 | INFO     | metagpt.utils.file_repository:save:57 - save to: /home/zhaorz/project/CodeWM/CodeWM_ProWES_Logits/reproduct/units/p14_todo_list_app/cpp/replays/0001_seed_3861770267/p14_todo_list_app_cpp/p14_todo_list_app_cpp/include/TaskStore.h
2026-09-14 19:49:20.150 | INFO     | metagpt.utils.file_repository:save:62 - update dependency: /home/zhaorz/project/CodeWM/CodeWM_ProWES_Logits/reproduct/units/p14_todo_list_app/cpp/replays/0001_seed_3861770267/p14_todo_list_app_cpp/p14_todo_list_app_cpp/include/TaskStore.h:['docs/system_design/20260914193609.json', 'docs/task/20260914193609.json']
2026-09-14 19:49:20.151 | INFO     | metagpt.utils.file_repository:save:57 - save to: /home/zhaorz/project/CodeWM/CodeWM_ProWES_Logits/reproduct/units/p14_todo_list_app/cpp/replays/0001_seed_3861770267/p14_todo_list_app_cpp/p14_todo_list_app_cpp/TaskStore_wm_detRes.txt
>> saved: src/include/TaskStore.h
2026-09-14 19:49:20.155 | INFO     | metagpt.utils.file_repository:save:57 - save to: /home/zhaorz/project/CodeWM/CodeWM_ProWES_Logits/reproduct/units/p14_todo_list_app/cpp/replays/0001_seed_3861770267/p14_todo_list_app_cpp/docs/system_design/20260914193609.json
2026-09-14 19:49:20.157 | INFO     | metagpt.utils.file_repository:save:62 - update dependency: /home/zhaorz/project/CodeWM/CodeWM_ProWES_Logits/reproduct/units/p14_todo_list_app/cpp/replays/0001_seed_3861770267/p14_todo_list_app_cpp/docs/system_design/20260914193609.json:[]
2026-09-14 19:49:20.158 | INFO     | metagpt.utils.file_repository:save:57 - save to: /home/zhaorz/project/CodeWM/CodeWM_ProWES_Logits/reproduct/units/p14_todo_list_app/cpp/replays/0001_seed_3861770267/p14_todo_list_app_cpp/docs/task/20260914193609.json
2026-09-14 19:49:20.160 | INFO     | metagpt.utils.file_repository:save:62 - update dependency: /home/zhaorz/project/CodeWM/CodeWM_ProWES_Logits/reproduct/units/p14_todo_list_app/cpp/replays/0001_seed_3861770267/p14_todo_list_app_cpp/docs/task/20260914193609.json:[]
>> [manual] Run 6/13: WriteCode -> include/TaskManager.h
2026-09-14 19:49:20.168 | INFO     | metagpt.actions.write_code:run:186 - Writing include/TaskManager.h..
2026-09-14 19:50:08.057 | INFO     | metagpt.utils.file_repository:save:57 - save to: /home/zhaorz/project/CodeWM/CodeWM_ProWES_Logits/reproduct/units/p14_todo_list_app/cpp/replays/0001_seed_3861770267/p14_todo_list_app_cpp/p14_todo_list_app_cpp/include/TaskManager.h
2026-09-14 19:50:08.059 | INFO     | metagpt.utils.file_repository:save:62 - update dependency: /home/zhaorz/project/CodeWM/CodeWM_ProWES_Logits/reproduct/units/p14_todo_list_app/cpp/replays/0001_seed_3861770267/p14_todo_list_app_cpp/p14_todo_list_app_cpp/include/TaskManager.h:['docs/system_design/20260914193609.json', 'docs/task/20260914193609.json']
2026-09-14 19:50:08.060 | INFO     | metagpt.utils.file_repository:save:57 - save to: /home/zhaorz/project/CodeWM/CodeWM_ProWES_Logits/reproduct/units/p14_todo_list_app/cpp/replays/0001_seed_3861770267/p14_todo_list_app_cpp/p14_todo_list_app_cpp/TaskManager_wm_detRes.txt
>> saved: src/include/TaskManager.h
2026-09-14 19:50:08.062 | INFO     | metagpt.utils.file_repository:save:57 - save to: /home/zhaorz/project/CodeWM/CodeWM_ProWES_Logits/reproduct/units/p14_todo_list_app/cpp/replays/0001_seed_3861770267/p14_todo_list_app_cpp/docs/system_design/20260914193609.json
2026-09-14 19:50:08.063 | INFO     | metagpt.utils.file_repository:save:62 - update dependency: /home/zhaorz/project/CodeWM/CodeWM_ProWES_Logits/reproduct/units/p14_todo_list_app/cpp/replays/0001_seed_3861770267/p14_todo_list_app_cpp/docs/system_design/20260914193609.json:[]
2026-09-14 19:50:08.064 | INFO     | metagpt.utils.file_repository:save:57 - save to: /home/zhaorz/project/CodeWM/CodeWM_ProWES_Logits/reproduct/units/p14_todo_list_app/cpp/replays/0001_seed_3861770267/p14_todo_list_app_cpp/docs/task/20260914193609.json
2026-09-14 19:50:08.066 | INFO     | metagpt.utils.file_repository:save:62 - update dependency: /home/zhaorz/project/CodeWM/CodeWM_ProWES_Logits/reproduct/units/p14_todo_list_app/cpp/replays/0001_seed_3861770267/p14_todo_list_app_cpp/docs/task/20260914193609.json:[]
>> [manual] Run 7/13: WriteCode -> src/Task.cpp
2026-09-14 19:50:08.072 | INFO     | metagpt.actions.write_code:run:186 - Writing src/Task.cpp..
2026-09-14 19:50:34.433 | INFO     | metagpt.utils.file_repository:save:57 - save to: /home/zhaorz/project/CodeWM/CodeWM_ProWES_Logits/reproduct/units/p14_todo_list_app/cpp/replays/0001_seed_3861770267/p14_todo_list_app_cpp/p14_todo_list_app_cpp/src/Task.cpp
2026-09-14 19:50:34.435 | INFO     | metagpt.utils.file_repository:save:62 - update dependency: /home/zhaorz/project/CodeWM/CodeWM_ProWES_Logits/reproduct/units/p14_todo_list_app/cpp/replays/0001_seed_3861770267/p14_todo_list_app_cpp/p14_todo_list_app_cpp/src/Task.cpp:['docs/system_design/20260914193609.json', 'docs/task/20260914193609.json']
2026-09-14 19:50:34.437 | INFO     | metagpt.utils.file_repository:save:57 - save to: /home/zhaorz/project/CodeWM/CodeWM_ProWES_Logits/reproduct/units/p14_todo_list_app/cpp/replays/0001_seed_3861770267/p14_todo_list_app_cpp/p14_todo_list_app_cpp/Task_wm_detRes.txt
>> saved: src/src/Task.cpp
2026-09-14 19:50:34.438 | INFO     | metagpt.utils.file_repository:save:57 - save to: /home/zhaorz/project/CodeWM/CodeWM_ProWES_Logits/reproduct/units/p14_todo_list_app/cpp/replays/0001_seed_3861770267/p14_todo_list_app_cpp/docs/system_design/20260914193609.json
2026-09-14 19:50:34.440 | INFO     | metagpt.utils.file_repository:save:62 - update dependency: /home/zhaorz/project/CodeWM/CodeWM_ProWES_Logits/reproduct/units/p14_todo_list_app/cpp/replays/0001_seed_3861770267/p14_todo_list_app_cpp/docs/system_design/20260914193609.json:[]
2026-09-14 19:50:34.441 | INFO     | metagpt.utils.file_repository:save:57 - save to: /home/zhaorz/project/CodeWM/CodeWM_ProWES_Logits/reproduct/units/p14_todo_list_app/cpp/replays/0001_seed_3861770267/p14_todo_list_app_cpp/docs/task/20260914193609.json
2026-09-14 19:50:34.443 | INFO     | metagpt.utils.file_repository:save:62 - update dependency: /home/zhaorz/project/CodeWM/CodeWM_ProWES_Logits/reproduct/units/p14_todo_list_app/cpp/replays/0001_seed_3861770267/p14_todo_list_app_cpp/docs/task/20260914193609.json:[]
>> [manual] Run 8/13: WriteCode -> src/Date.cpp
2026-09-14 19:50:34.448 | INFO     | metagpt.actions.write_code:run:186 - Writing src/Date.cpp..
2026-09-14 19:51:25.675 | INFO     | metagpt.utils.file_repository:save:57 - save to: /home/zhaorz/project/CodeWM/CodeWM_ProWES_Logits/reproduct/units/p14_todo_list_app/cpp/replays/0001_seed_3861770267/p14_todo_list_app_cpp/p14_todo_list_app_cpp/src/Date.cpp
2026-09-14 19:51:25.676 | INFO     | metagpt.utils.file_repository:save:62 - update dependency: /home/zhaorz/project/CodeWM/CodeWM_ProWES_Logits/reproduct/units/p14_todo_list_app/cpp/replays/0001_seed_3861770267/p14_todo_list_app_cpp/p14_todo_list_app_cpp/src/Date.cpp:['docs/system_design/20260914193609.json', 'docs/task/20260914193609.json']
2026-09-14 19:51:25.677 | INFO     | metagpt.utils.file_repository:save:57 - save to: /home/zhaorz/project/CodeWM/CodeWM_ProWES_Logits/reproduct/units/p14_todo_list_app/cpp/replays/0001_seed_3861770267/p14_todo_list_app_cpp/p14_todo_list_app_cpp/Date_wm_detRes.txt
>> saved: src/src/Date.cpp
2026-09-14 19:51:25.678 | INFO     | metagpt.utils.file_repository:save:57 - save to: /home/zhaorz/project/CodeWM/CodeWM_ProWES_Logits/reproduct/units/p14_todo_list_app/cpp/replays/0001_seed_3861770267/p14_todo_list_app_cpp/docs/system_design/20260914193609.json
2026-09-14 19:51:25.680 | INFO     | metagpt.utils.file_repository:save:62 - update dependency: /home/zhaorz/project/CodeWM/CodeWM_ProWES_Logits/reproduct/units/p14_todo_list_app/cpp/replays/0001_seed_3861770267/p14_todo_list_app_cpp/docs/system_design/20260914193609.json:[]
2026-09-14 19:51:25.681 | INFO     | metagpt.utils.file_repository:save:57 - save to: /home/zhaorz/project/CodeWM/CodeWM_ProWES_Logits/reproduct/units/p14_todo_list_app/cpp/replays/0001_seed_3861770267/p14_todo_list_app_cpp/docs/task/20260914193609.json
2026-09-14 19:51:25.682 | INFO     | metagpt.utils.file_repository:save:62 - update dependency: /home/zhaorz/project/CodeWM/CodeWM_ProWES_Logits/reproduct/units/p14_todo_list_app/cpp/replays/0001_seed_3861770267/p14_todo_list_app_cpp/docs/task/20260914193609.json:[]
>> [manual] Run 9/13: WriteCode -> src/Query.cpp
2026-09-14 19:51:25.697 | INFO     | metagpt.actions.write_code:run:186 - Writing src/Query.cpp..
2026-09-14 19:52:13.735 | INFO     | metagpt.utils.file_repository:save:57 - save to: /home/zhaorz/project/CodeWM/CodeWM_ProWES_Logits/reproduct/units/p14_todo_list_app/cpp/replays/0001_seed_3861770267/p14_todo_list_app_cpp/p14_todo_list_app_cpp/src/Query.cpp
2026-09-14 19:52:13.737 | INFO     | metagpt.utils.file_repository:save:62 - update dependency: /home/zhaorz/project/CodeWM/CodeWM_ProWES_Logits/reproduct/units/p14_todo_list_app/cpp/replays/0001_seed_3861770267/p14_todo_list_app_cpp/p14_todo_list_app_cpp/src/Query.cpp:['docs/system_design/20260914193609.json', 'docs/task/20260914193609.json']
2026-09-14 19:52:13.738 | INFO     | metagpt.utils.file_repository:save:57 - save to: /home/zhaorz/project/CodeWM/CodeWM_ProWES_Logits/reproduct/units/p14_todo_list_app/cpp/replays/0001_seed_3861770267/p14_todo_list_app_cpp/p14_todo_list_app_cpp/Query_wm_detRes.txt
>> saved: src/src/Query.cpp
2026-09-14 19:52:13.740 | INFO     | metagpt.utils.file_repository:save:57 - save to: /home/zhaorz/project/CodeWM/CodeWM_ProWES_Logits/reproduct/units/p14_todo_list_app/cpp/replays/0001_seed_3861770267/p14_todo_list_app_cpp/docs/system_design/20260914193609.json
2026-09-14 19:52:13.742 | INFO     | metagpt.utils.file_repository:save:62 - update dependency: /home/zhaorz/project/CodeWM/CodeWM_ProWES_Logits/reproduct/units/p14_todo_list_app/cpp/replays/0001_seed_3861770267/p14_todo_list_app_cpp/docs/system_design/20260914193609.json:[]
2026-09-14 19:52:13.743 | INFO     | metagpt.utils.file_repository:save:57 - save to: /home/zhaorz/project/CodeWM/CodeWM_ProWES_Logits/reproduct/units/p14_todo_list_app/cpp/replays/0001_seed_3861770267/p14_todo_list_app_cpp/docs/task/20260914193609.json
2026-09-14 19:52:13.745 | INFO     | metagpt.utils.file_repository:save:62 - update dependency: /home/zhaorz/project/CodeWM/CodeWM_ProWES_Logits/reproduct/units/p14_todo_list_app/cpp/replays/0001_seed_3861770267/p14_todo_list_app_cpp/docs/task/20260914193609.json:[]
>> [manual] Run 10/13: WriteCode -> src/TaskStore.cpp
2026-09-14 19:52:13.752 | INFO     | metagpt.actions.write_code:run:186 - Writing src/TaskStore.cpp..
2026-09-14 19:52:32.491 | INFO     | metagpt.utils.file_repository:save:57 - save to: /home/zhaorz/project/CodeWM/CodeWM_ProWES_Logits/reproduct/units/p14_todo_list_app/cpp/replays/0001_seed_3861770267/p14_todo_list_app_cpp/p14_todo_list_app_cpp/src/TaskStore.cpp
2026-09-14 19:52:32.493 | INFO     | metagpt.utils.file_repository:save:62 - update dependency: /home/zhaorz/project/CodeWM/CodeWM_ProWES_Logits/reproduct/units/p14_todo_list_app/cpp/replays/0001_seed_3861770267/p14_todo_list_app_cpp/p14_todo_list_app_cpp/src/TaskStore.cpp:['docs/system_design/20260914193609.json', 'docs/task/20260914193609.json']
2026-09-14 19:52:32.494 | INFO     | metagpt.utils.file_repository:save:57 - save to: /home/zhaorz/project/CodeWM/CodeWM_ProWES_Logits/reproduct/units/p14_todo_list_app/cpp/replays/0001_seed_3861770267/p14_todo_list_app_cpp/p14_todo_list_app_cpp/TaskStore_wm_detRes.txt
>> saved: src/src/TaskStore.cpp
2026-09-14 19:52:32.496 | INFO     | metagpt.utils.file_repository:save:57 - save to: /home/zhaorz/project/CodeWM/CodeWM_ProWES_Logits/reproduct/units/p14_todo_list_app/cpp/replays/0001_seed_3861770267/p14_todo_list_app_cpp/docs/system_design/20260914193609.json
2026-09-14 19:52:32.497 | INFO     | metagpt.utils.file_repository:save:62 - update dependency: /home/zhaorz/project/CodeWM/CodeWM_ProWES_Logits/reproduct/units/p14_todo_list_app/cpp/replays/0001_seed_3861770267/p14_todo_list_app_cpp/docs/system_design/20260914193609.json:[]
2026-09-14 19:52:32.499 | INFO     | metagpt.utils.file_repository:save:57 - save to: /home/zhaorz/project/CodeWM/CodeWM_ProWES_Logits/reproduct/units/p14_todo_list_app/cpp/replays/0001_seed_3861770267/p14_todo_list_app_cpp/docs/task/20260914193609.json
2026-09-14 19:52:32.500 | INFO     | metagpt.utils.file_repository:save:62 - update dependency: /home/zhaorz/project/CodeWM/CodeWM_ProWES_Logits/reproduct/units/p14_todo_list_app/cpp/replays/0001_seed_3861770267/p14_todo_list_app_cpp/docs/task/20260914193609.json:[]
>> [manual] Run 11/13: WriteCode -> src/TaskManager.cpp
2026-09-14 19:52:32.507 | INFO     | metagpt.actions.write_code:run:186 - Writing src/TaskManager.cpp..
2026-09-14 19:53:28.941 | INFO     | metagpt.utils.file_repository:save:57 - save to: /home/zhaorz/project/CodeWM/CodeWM_ProWES_Logits/reproduct/units/p14_todo_list_app/cpp/replays/0001_seed_3861770267/p14_todo_list_app_cpp/p14_todo_list_app_cpp/src/TaskManager.cpp
2026-09-14 19:53:28.943 | INFO     | metagpt.utils.file_repository:save:62 - update dependency: /home/zhaorz/project/CodeWM/CodeWM_ProWES_Logits/reproduct/units/p14_todo_list_app/cpp/replays/0001_seed_3861770267/p14_todo_list_app_cpp/p14_todo_list_app_cpp/src/TaskManager.cpp:['docs/system_design/20260914193609.json', 'docs/task/20260914193609.json']
2026-09-14 19:53:28.944 | INFO     | metagpt.utils.file_repository:save:57 - save to: /home/zhaorz/project/CodeWM/CodeWM_ProWES_Logits/reproduct/units/p14_todo_list_app/cpp/replays/0001_seed_3861770267/p14_todo_list_app_cpp/p14_todo_list_app_cpp/TaskManager_wm_detRes.txt
>> saved: src/src/TaskManager.cpp
2026-09-14 19:53:28.945 | INFO     | metagpt.utils.file_repository:save:57 - save to: /home/zhaorz/project/CodeWM/CodeWM_ProWES_Logits/reproduct/units/p14_todo_list_app/cpp/replays/0001_seed_3861770267/p14_todo_list_app_cpp/docs/system_design/20260914193609.json
2026-09-14 19:53:28.946 | INFO     | metagpt.utils.file_repository:save:62 - update dependency: /home/zhaorz/project/CodeWM/CodeWM_ProWES_Logits/reproduct/units/p14_todo_list_app/cpp/replays/0001_seed_3861770267/p14_todo_list_app_cpp/docs/system_design/20260914193609.json:[]
2026-09-14 19:53:28.947 | INFO     | metagpt.utils.file_repository:save:57 - save to: /home/zhaorz/project/CodeWM/CodeWM_ProWES_Logits/reproduct/units/p14_todo_list_app/cpp/replays/0001_seed_3861770267/p14_todo_list_app_cpp/docs/task/20260914193609.json
2026-09-14 19:53:28.949 | INFO     | metagpt.utils.file_repository:save:62 - update dependency: /home/zhaorz/project/CodeWM/CodeWM_ProWES_Logits/reproduct/units/p14_todo_list_app/cpp/replays/0001_seed_3861770267/p14_todo_list_app_cpp/docs/task/20260914193609.json:[]
>> [manual] Run 12/13: WriteCode -> src/Main.cpp
2026-09-14 19:53:28.956 | INFO     | metagpt.actions.write_code:run:186 - Writing src/Main.cpp..
2026-09-14 19:53:59.188 | INFO     | metagpt.utils.file_repository:save:57 - save to: /home/zhaorz/project/CodeWM/CodeWM_ProWES_Logits/reproduct/units/p14_todo_list_app/cpp/replays/0001_seed_3861770267/p14_todo_list_app_cpp/p14_todo_list_app_cpp/src/Main.cpp
2026-09-14 19:53:59.190 | INFO     | metagpt.utils.file_repository:save:62 - update dependency: /home/zhaorz/project/CodeWM/CodeWM_ProWES_Logits/reproduct/units/p14_todo_list_app/cpp/replays/0001_seed_3861770267/p14_todo_list_app_cpp/p14_todo_list_app_cpp/src/Main.cpp:['docs/system_design/20260914193609.json', 'docs/task/20260914193609.json']
2026-09-14 19:53:59.191 | INFO     | metagpt.utils.file_repository:save:57 - save to: /home/zhaorz/project/CodeWM/CodeWM_ProWES_Logits/reproduct/units/p14_todo_list_app/cpp/replays/0001_seed_3861770267/p14_todo_list_app_cpp/p14_todo_list_app_cpp/Main_wm_detRes.txt
>> saved: src/src/Main.cpp
2026-09-14 19:53:59.192 | INFO     | metagpt.utils.file_repository:save:57 - save to: /home/zhaorz/project/CodeWM/CodeWM_ProWES_Logits/reproduct/units/p14_todo_list_app/cpp/replays/0001_seed_3861770267/p14_todo_list_app_cpp/docs/system_design/20260914193609.json
2026-09-14 19:53:59.193 | INFO     | metagpt.utils.file_repository:save:62 - update dependency: /home/zhaorz/project/CodeWM/CodeWM_ProWES_Logits/reproduct/units/p14_todo_list_app/cpp/replays/0001_seed_3861770267/p14_todo_list_app_cpp/docs/system_design/20260914193609.json:[]
2026-09-14 19:53:59.194 | INFO     | metagpt.utils.file_repository:save:57 - save to: /home/zhaorz/project/CodeWM/CodeWM_ProWES_Logits/reproduct/units/p14_todo_list_app/cpp/replays/0001_seed_3861770267/p14_todo_list_app_cpp/docs/task/20260914193609.json
2026-09-14 19:53:59.196 | INFO     | metagpt.utils.file_repository:save:62 - update dependency: /home/zhaorz/project/CodeWM/CodeWM_ProWES_Logits/reproduct/units/p14_todo_list_app/cpp/replays/0001_seed_3861770267/p14_todo_list_app_cpp/docs/task/20260914193609.json:[]
>> [manual] Run 13/13: WriteCode -> tests/test_main.cpp
2026-09-14 19:53:59.203 | INFO     | metagpt.actions.write_code:run:186 - Writing tests/test_main.cpp..
2026-09-14 19:55:05.390 | INFO     | metagpt.utils.file_repository:save:57 - save to: /home/zhaorz/project/CodeWM/CodeWM_ProWES_Logits/reproduct/units/p14_todo_list_app/cpp/replays/0001_seed_3861770267/p14_todo_list_app_cpp/p14_todo_list_app_cpp/tests/test_main.cpp
2026-09-14 19:55:05.391 | INFO     | metagpt.utils.file_repository:save:62 - update dependency: /home/zhaorz/project/CodeWM/CodeWM_ProWES_Logits/reproduct/units/p14_todo_list_app/cpp/replays/0001_seed_3861770267/p14_todo_list_app_cpp/p14_todo_list_app_cpp/tests/test_main.cpp:['docs/system_design/20260914193609.json', 'docs/task/20260914193609.json']
2026-09-14 19:55:05.392 | INFO     | metagpt.utils.file_repository:save:57 - save to: /home/zhaorz/project/CodeWM/CodeWM_ProWES_Logits/reproduct/units/p14_todo_list_app/cpp/replays/0001_seed_3861770267/p14_todo_list_app_cpp/p14_todo_list_app_cpp/test_main_wm_detRes.txt
>> saved: src/tests/test_main.cpp
>> [manual] all WriteCode actions finished.
[replay-worker] p14_todo_list_app_cpp passed=True
[replay-worker] waiting for accepted seeds
[replay-worker] waiting for accepted seeds
[replay-worker] waiting for accepted seeds
[replay-worker] waiting for accepted seeds
[replay-worker] waiting for accepted seeds
[replay-worker] waiting for accepted seeds
[replay-worker] waiting for accepted seeds
[replay-worker] waiting for accepted seeds
[replay-worker] waiting for accepted seeds
[replay-worker] waiting for accepted seeds
[replay-worker] waiting for accepted seeds
[replay-worker] waiting for accepted seeds
[replay-worker] waiting for accepted seeds
[replay-worker] waiting for accepted seeds
[replay-worker] waiting for accepted seeds
[replay-worker] waiting for accepted seeds
[replay-worker] waiting for accepted seeds
[replay-worker] waiting for accepted seeds
[replay-worker] waiting for accepted seeds
[replay-worker] waiting for accepted seeds
[replay-worker] waiting for accepted seeds
[replay-worker] waiting for accepted seeds
[replay-worker] waiting for accepted seeds
[replay-worker] waiting for accepted seeds
[replay-worker] waiting for accepted seeds
[replay-worker] waiting for accepted seeds
[replay-worker] waiting for accepted seeds
[replay-worker] waiting for accepted seeds
[replay-worker] waiting for accepted seeds
[replay-worker] waiting for accepted seeds
[replay-worker] waiting for accepted seeds
[replay-worker] waiting for accepted seeds
[replay-worker] waiting for accepted seeds
[replay-worker] waiting for accepted seeds
[replay-worker] waiting for accepted seeds
[replay-worker] waiting for accepted seeds
[replay-worker] waiting for accepted seeds
[replay-worker] waiting for accepted seeds
[replay-worker] waiting for accepted seeds
[replay-worker] waiting for accepted seeds
[replay-worker] waiting for accepted seeds
[replay-worker] waiting for accepted seeds
[replay-worker] waiting for accepted seeds
[replay-worker] waiting for accepted seeds
[replay-worker] waiting for accepted seeds
[replay-worker] waiting for accepted seeds
[replay-worker] waiting for accepted seeds
[replay-worker] waiting for accepted seeds
[replay-worker] waiting for accepted seeds
[replay-worker] waiting for accepted seeds
[replay-worker] waiting for accepted seeds
[replay-worker] waiting for accepted seeds
[replay-worker] waiting for accepted seeds
[replay-worker] waiting for accepted seeds
[replay-worker] waiting for accepted seeds
[replay-worker] waiting for accepted seeds
[replay-worker] waiting for accepted seeds
[replay-worker] waiting for accepted seeds
[replay-worker] waiting for accepted seeds
[replay-worker] waiting for accepted seeds
[replay-worker] waiting for accepted seeds
[replay-worker] waiting for accepted seeds
[replay-worker] waiting for accepted seeds
[replay-worker] waiting for accepted seeds
[replay-worker] waiting for accepted seeds
[replay-worker] waiting for accepted seeds
[replay-worker] waiting for accepted seeds
[replay-worker] waiting for accepted seeds
[replay-worker] waiting for accepted seeds
[replay-worker] waiting for accepted seeds
[replay-worker] waiting for accepted seeds
[replay-worker] waiting for accepted seeds
>> recovering from: /home/zhaorz/project/CodeWM/CodeWM_ProWES_Logits/reproduct/units/p14_todo_list_app/python/architecture/team
>> team.json exists: True path: /home/zhaorz/project/CodeWM/CodeWM_ProWES_Logits/reproduct/units/p14_todo_list_app/python/architecture/team/team.json
>> ctx.git_repo.workdir = /home/zhaorz/project/CodeWM/CodeWM_ProWES_Logits/reproduct/units/p14_todo_list_app/python/replays/0001_seed_4207199519/p14_todo_list_app_python
eng.code_todos: ['requirements.txt', 'todo_app/errors.py', 'todo_app/priority.py', 'todo_app/entities.py', 'todo_app/filtering.py', 'todo_app/sorting.py', 'todo_app/repository.py', 'todo_app/clock.py', 'todo_app/service.py', 'todo_app/__init__.py', 'Main.py', 'tests/test_main.py']
>> ready, ctx.git_repo.workdir = /home/zhaorz/project/CodeWM/CodeWM_ProWES_Logits/reproduct/units/p14_todo_list_app/python/replays/0001_seed_4207199519/p14_todo_list_app_python
>> ctx.git_repo.workdir = /home/zhaorz/project/CodeWM/CodeWM_ProWES_Logits/reproduct/units/p14_todo_list_app/python/replays/0001_seed_4207199519/p14_todo_list_app_python
2026-09-14 20:19:14.568 | INFO     | metagpt.utils.file_repository:save:57 - save to: /home/zhaorz/project/CodeWM/CodeWM_ProWES_Logits/reproduct/units/p14_todo_list_app/python/replays/0001_seed_4207199519/p14_todo_list_app_python/docs/system_design/20260914200946.json
2026-09-14 20:19:14.569 | INFO     | metagpt.utils.file_repository:save:62 - update dependency: /home/zhaorz/project/CodeWM/CodeWM_ProWES_Logits/reproduct/units/p14_todo_list_app/python/replays/0001_seed_4207199519/p14_todo_list_app_python/docs/system_design/20260914200946.json:[]
2026-09-14 20:19:14.570 | INFO     | metagpt.utils.file_repository:save:57 - save to: /home/zhaorz/project/CodeWM/CodeWM_ProWES_Logits/reproduct/units/p14_todo_list_app/python/replays/0001_seed_4207199519/p14_todo_list_app_python/docs/task/20260914200946.json
2026-09-14 20:19:14.571 | INFO     | metagpt.utils.file_repository:save:62 - update dependency: /home/zhaorz/project/CodeWM/CodeWM_ProWES_Logits/reproduct/units/p14_todo_list_app/python/replays/0001_seed_4207199519/p14_todo_list_app_python/docs/task/20260914200946.json:[]
>> [manual] Run 1/12: WriteCode -> requirements.txt
2026-09-14 20:19:14.573 | INFO     | metagpt.actions.write_code:run:186 - Writing requirements.txt..
2026-09-14 20:19:17.019 | INFO     | metagpt.utils.file_repository:save:57 - save to: /home/zhaorz/project/CodeWM/CodeWM_ProWES_Logits/reproduct/units/p14_todo_list_app/python/replays/0001_seed_4207199519/p14_todo_list_app_python/p14_todo_list_app_python/requirements.txt
2026-09-14 20:19:17.020 | INFO     | metagpt.utils.file_repository:save:62 - update dependency: /home/zhaorz/project/CodeWM/CodeWM_ProWES_Logits/reproduct/units/p14_todo_list_app/python/replays/0001_seed_4207199519/p14_todo_list_app_python/p14_todo_list_app_python/requirements.txt:['docs/system_design/20260914200946.json', 'docs/task/20260914200946.json']
2026-09-14 20:19:17.021 | INFO     | metagpt.utils.file_repository:save:57 - save to: /home/zhaorz/project/CodeWM/CodeWM_ProWES_Logits/reproduct/units/p14_todo_list_app/python/replays/0001_seed_4207199519/p14_todo_list_app_python/p14_todo_list_app_python/requirements_wm_detRes.txt
>> saved: src/requirements.txt
2026-09-14 20:19:17.023 | INFO     | metagpt.utils.file_repository:save:57 - save to: /home/zhaorz/project/CodeWM/CodeWM_ProWES_Logits/reproduct/units/p14_todo_list_app/python/replays/0001_seed_4207199519/p14_todo_list_app_python/docs/system_design/20260914200946.json
2026-09-14 20:19:17.024 | INFO     | metagpt.utils.file_repository:save:62 - update dependency: /home/zhaorz/project/CodeWM/CodeWM_ProWES_Logits/reproduct/units/p14_todo_list_app/python/replays/0001_seed_4207199519/p14_todo_list_app_python/docs/system_design/20260914200946.json:[]
2026-09-14 20:19:17.025 | INFO     | metagpt.utils.file_repository:save:57 - save to: /home/zhaorz/project/CodeWM/CodeWM_ProWES_Logits/reproduct/units/p14_todo_list_app/python/replays/0001_seed_4207199519/p14_todo_list_app_python/docs/task/20260914200946.json
2026-09-14 20:19:17.026 | INFO     | metagpt.utils.file_repository:save:62 - update dependency: /home/zhaorz/project/CodeWM/CodeWM_ProWES_Logits/reproduct/units/p14_todo_list_app/python/replays/0001_seed_4207199519/p14_todo_list_app_python/docs/task/20260914200946.json:[]
>> [manual] Run 2/12: WriteCode -> todo_app/errors.py
2026-09-14 20:19:17.028 | INFO     | metagpt.actions.write_code:run:186 - Writing todo_app/errors.py..
2026-09-14 20:19:26.050 | INFO     | metagpt.utils.file_repository:save:57 - save to: /home/zhaorz/project/CodeWM/CodeWM_ProWES_Logits/reproduct/units/p14_todo_list_app/python/replays/0001_seed_4207199519/p14_todo_list_app_python/p14_todo_list_app_python/todo_app/errors.py
2026-09-14 20:19:26.052 | INFO     | metagpt.utils.file_repository:save:62 - update dependency: /home/zhaorz/project/CodeWM/CodeWM_ProWES_Logits/reproduct/units/p14_todo_list_app/python/replays/0001_seed_4207199519/p14_todo_list_app_python/p14_todo_list_app_python/todo_app/errors.py:['docs/system_design/20260914200946.json', 'docs/task/20260914200946.json']
2026-09-14 20:19:26.053 | INFO     | metagpt.utils.file_repository:save:57 - save to: /home/zhaorz/project/CodeWM/CodeWM_ProWES_Logits/reproduct/units/p14_todo_list_app/python/replays/0001_seed_4207199519/p14_todo_list_app_python/p14_todo_list_app_python/errors_wm_detRes.txt
>> saved: src/todo_app/errors.py
2026-09-14 20:19:26.058 | INFO     | metagpt.utils.file_repository:save:57 - save to: /home/zhaorz/project/CodeWM/CodeWM_ProWES_Logits/reproduct/units/p14_todo_list_app/python/replays/0001_seed_4207199519/p14_todo_list_app_python/docs/system_design/20260914200946.json
2026-09-14 20:19:26.060 | INFO     | metagpt.utils.file_repository:save:62 - update dependency: /home/zhaorz/project/CodeWM/CodeWM_ProWES_Logits/reproduct/units/p14_todo_list_app/python/replays/0001_seed_4207199519/p14_todo_list_app_python/docs/system_design/20260914200946.json:[]
2026-09-14 20:19:26.061 | INFO     | metagpt.utils.file_repository:save:57 - save to: /home/zhaorz/project/CodeWM/CodeWM_ProWES_Logits/reproduct/units/p14_todo_list_app/python/replays/0001_seed_4207199519/p14_todo_list_app_python/docs/task/20260914200946.json
2026-09-14 20:19:26.062 | INFO     | metagpt.utils.file_repository:save:62 - update dependency: /home/zhaorz/project/CodeWM/CodeWM_ProWES_Logits/reproduct/units/p14_todo_list_app/python/replays/0001_seed_4207199519/p14_todo_list_app_python/docs/task/20260914200946.json:[]
>> [manual] Run 3/12: WriteCode -> todo_app/priority.py
2026-09-14 20:19:26.065 | INFO     | metagpt.actions.write_code:run:186 - Writing todo_app/priority.py..
2026-09-14 20:19:47.162 | INFO     | metagpt.utils.file_repository:save:57 - save to: /home/zhaorz/project/CodeWM/CodeWM_ProWES_Logits/reproduct/units/p14_todo_list_app/python/replays/0001_seed_4207199519/p14_todo_list_app_python/p14_todo_list_app_python/todo_app/priority.py
2026-09-14 20:19:47.164 | INFO     | metagpt.utils.file_repository:save:62 - update dependency: /home/zhaorz/project/CodeWM/CodeWM_ProWES_Logits/reproduct/units/p14_todo_list_app/python/replays/0001_seed_4207199519/p14_todo_list_app_python/p14_todo_list_app_python/todo_app/priority.py:['docs/system_design/20260914200946.json', 'docs/task/20260914200946.json']
2026-09-14 20:19:47.166 | INFO     | metagpt.utils.file_repository:save:57 - save to: /home/zhaorz/project/CodeWM/CodeWM_ProWES_Logits/reproduct/units/p14_todo_list_app/python/replays/0001_seed_4207199519/p14_todo_list_app_python/p14_todo_list_app_python/priority_wm_detRes.txt
>> saved: src/todo_app/priority.py
2026-09-14 20:19:47.167 | INFO     | metagpt.utils.file_repository:save:57 - save to: /home/zhaorz/project/CodeWM/CodeWM_ProWES_Logits/reproduct/units/p14_todo_list_app/python/replays/0001_seed_4207199519/p14_todo_list_app_python/docs/system_design/20260914200946.json
2026-09-14 20:19:47.169 | INFO     | metagpt.utils.file_repository:save:62 - update dependency: /home/zhaorz/project/CodeWM/CodeWM_ProWES_Logits/reproduct/units/p14_todo_list_app/python/replays/0001_seed_4207199519/p14_todo_list_app_python/docs/system_design/20260914200946.json:[]
2026-09-14 20:19:47.171 | INFO     | metagpt.utils.file_repository:save:57 - save to: /home/zhaorz/project/CodeWM/CodeWM_ProWES_Logits/reproduct/units/p14_todo_list_app/python/replays/0001_seed_4207199519/p14_todo_list_app_python/docs/task/20260914200946.json
2026-09-14 20:19:47.172 | INFO     | metagpt.utils.file_repository:save:62 - update dependency: /home/zhaorz/project/CodeWM/CodeWM_ProWES_Logits/reproduct/units/p14_todo_list_app/python/replays/0001_seed_4207199519/p14_todo_list_app_python/docs/task/20260914200946.json:[]
>> [manual] Run 4/12: WriteCode -> todo_app/entities.py
2026-09-14 20:19:47.178 | INFO     | metagpt.actions.write_code:run:186 - Writing todo_app/entities.py..
2026-09-14 20:20:10.057 | INFO     | metagpt.utils.file_repository:save:57 - save to: /home/zhaorz/project/CodeWM/CodeWM_ProWES_Logits/reproduct/units/p14_todo_list_app/python/replays/0001_seed_4207199519/p14_todo_list_app_python/p14_todo_list_app_python/todo_app/entities.py
2026-09-14 20:20:10.059 | INFO     | metagpt.utils.file_repository:save:62 - update dependency: /home/zhaorz/project/CodeWM/CodeWM_ProWES_Logits/reproduct/units/p14_todo_list_app/python/replays/0001_seed_4207199519/p14_todo_list_app_python/p14_todo_list_app_python/todo_app/entities.py:['docs/system_design/20260914200946.json', 'docs/task/20260914200946.json']
2026-09-14 20:20:10.061 | INFO     | metagpt.utils.file_repository:save:57 - save to: /home/zhaorz/project/CodeWM/CodeWM_ProWES_Logits/reproduct/units/p14_todo_list_app/python/replays/0001_seed_4207199519/p14_todo_list_app_python/p14_todo_list_app_python/entities_wm_detRes.txt
>> saved: src/todo_app/entities.py
2026-09-14 20:20:10.062 | INFO     | metagpt.utils.file_repository:save:57 - save to: /home/zhaorz/project/CodeWM/CodeWM_ProWES_Logits/reproduct/units/p14_todo_list_app/python/replays/0001_seed_4207199519/p14_todo_list_app_python/docs/system_design/20260914200946.json
2026-09-14 20:20:10.063 | INFO     | metagpt.utils.file_repository:save:62 - update dependency: /home/zhaorz/project/CodeWM/CodeWM_ProWES_Logits/reproduct/units/p14_todo_list_app/python/replays/0001_seed_4207199519/p14_todo_list_app_python/docs/system_design/20260914200946.json:[]
2026-09-14 20:20:10.064 | INFO     | metagpt.utils.file_repository:save:57 - save to: /home/zhaorz/project/CodeWM/CodeWM_ProWES_Logits/reproduct/units/p14_todo_list_app/python/replays/0001_seed_4207199519/p14_todo_list_app_python/docs/task/20260914200946.json
2026-09-14 20:20:10.065 | INFO     | metagpt.utils.file_repository:save:62 - update dependency: /home/zhaorz/project/CodeWM/CodeWM_ProWES_Logits/reproduct/units/p14_todo_list_app/python/replays/0001_seed_4207199519/p14_todo_list_app_python/docs/task/20260914200946.json:[]
>> [manual] Run 5/12: WriteCode -> todo_app/filtering.py
2026-09-14 20:20:10.069 | INFO     | metagpt.actions.write_code:run:186 - Writing todo_app/filtering.py..
2026-09-14 20:20:39.154 | INFO     | metagpt.utils.file_repository:save:57 - save to: /home/zhaorz/project/CodeWM/CodeWM_ProWES_Logits/reproduct/units/p14_todo_list_app/python/replays/0001_seed_4207199519/p14_todo_list_app_python/p14_todo_list_app_python/todo_app/filtering.py
2026-09-14 20:20:39.156 | INFO     | metagpt.utils.file_repository:save:62 - update dependency: /home/zhaorz/project/CodeWM/CodeWM_ProWES_Logits/reproduct/units/p14_todo_list_app/python/replays/0001_seed_4207199519/p14_todo_list_app_python/p14_todo_list_app_python/todo_app/filtering.py:['docs/system_design/20260914200946.json', 'docs/task/20260914200946.json']
2026-09-14 20:20:39.157 | INFO     | metagpt.utils.file_repository:save:57 - save to: /home/zhaorz/project/CodeWM/CodeWM_ProWES_Logits/reproduct/units/p14_todo_list_app/python/replays/0001_seed_4207199519/p14_todo_list_app_python/p14_todo_list_app_python/filtering_wm_detRes.txt
>> saved: src/todo_app/filtering.py
2026-09-14 20:20:39.158 | INFO     | metagpt.utils.file_repository:save:57 - save to: /home/zhaorz/project/CodeWM/CodeWM_ProWES_Logits/reproduct/units/p14_todo_list_app/python/replays/0001_seed_4207199519/p14_todo_list_app_python/docs/system_design/20260914200946.json
2026-09-14 20:20:39.159 | INFO     | metagpt.utils.file_repository:save:62 - update dependency: /home/zhaorz/project/CodeWM/CodeWM_ProWES_Logits/reproduct/units/p14_todo_list_app/python/replays/0001_seed_4207199519/p14_todo_list_app_python/docs/system_design/20260914200946.json:[]
2026-09-14 20:20:39.160 | INFO     | metagpt.utils.file_repository:save:57 - save to: /home/zhaorz/project/CodeWM/CodeWM_ProWES_Logits/reproduct/units/p14_todo_list_app/python/replays/0001_seed_4207199519/p14_todo_list_app_python/docs/task/20260914200946.json
2026-09-14 20:20:39.162 | INFO     | metagpt.utils.file_repository:save:62 - update dependency: /home/zhaorz/project/CodeWM/CodeWM_ProWES_Logits/reproduct/units/p14_todo_list_app/python/replays/0001_seed_4207199519/p14_todo_list_app_python/docs/task/20260914200946.json:[]
>> [manual] Run 6/12: WriteCode -> todo_app/sorting.py
2026-09-14 20:20:39.167 | INFO     | metagpt.actions.write_code:run:186 - Writing todo_app/sorting.py..
2026-09-14 20:21:12.419 | INFO     | metagpt.utils.file_repository:save:57 - save to: /home/zhaorz/project/CodeWM/CodeWM_ProWES_Logits/reproduct/units/p14_todo_list_app/python/replays/0001_seed_4207199519/p14_todo_list_app_python/p14_todo_list_app_python/todo_app/sorting.py
2026-09-14 20:21:12.421 | INFO     | metagpt.utils.file_repository:save:62 - update dependency: /home/zhaorz/project/CodeWM/CodeWM_ProWES_Logits/reproduct/units/p14_todo_list_app/python/replays/0001_seed_4207199519/p14_todo_list_app_python/p14_todo_list_app_python/todo_app/sorting.py:['docs/system_design/20260914200946.json', 'docs/task/20260914200946.json']
2026-09-14 20:21:12.422 | INFO     | metagpt.utils.file_repository:save:57 - save to: /home/zhaorz/project/CodeWM/CodeWM_ProWES_Logits/reproduct/units/p14_todo_list_app/python/replays/0001_seed_4207199519/p14_todo_list_app_python/p14_todo_list_app_python/sorting_wm_detRes.txt
>> saved: src/todo_app/sorting.py
2026-09-14 20:21:12.424 | INFO     | metagpt.utils.file_repository:save:57 - save to: /home/zhaorz/project/CodeWM/CodeWM_ProWES_Logits/reproduct/units/p14_todo_list_app/python/replays/0001_seed_4207199519/p14_todo_list_app_python/docs/system_design/20260914200946.json
2026-09-14 20:21:12.425 | INFO     | metagpt.utils.file_repository:save:62 - update dependency: /home/zhaorz/project/CodeWM/CodeWM_ProWES_Logits/reproduct/units/p14_todo_list_app/python/replays/0001_seed_4207199519/p14_todo_list_app_python/docs/system_design/20260914200946.json:[]
2026-09-14 20:21:12.426 | INFO     | metagpt.utils.file_repository:save:57 - save to: /home/zhaorz/project/CodeWM/CodeWM_ProWES_Logits/reproduct/units/p14_todo_list_app/python/replays/0001_seed_4207199519/p14_todo_list_app_python/docs/task/20260914200946.json
2026-09-14 20:21:12.428 | INFO     | metagpt.utils.file_repository:save:62 - update dependency: /home/zhaorz/project/CodeWM/CodeWM_ProWES_Logits/reproduct/units/p14_todo_list_app/python/replays/0001_seed_4207199519/p14_todo_list_app_python/docs/task/20260914200946.json:[]
>> [manual] Run 7/12: WriteCode -> todo_app/repository.py
2026-09-14 20:21:12.433 | INFO     | metagpt.actions.write_code:run:186 - Writing todo_app/repository.py..
2026-09-14 20:22:10.531 | INFO     | metagpt.utils.file_repository:save:57 - save to: /home/zhaorz/project/CodeWM/CodeWM_ProWES_Logits/reproduct/units/p14_todo_list_app/python/replays/0001_seed_4207199519/p14_todo_list_app_python/p14_todo_list_app_python/todo_app/repository.py
2026-09-14 20:22:10.533 | INFO     | metagpt.utils.file_repository:save:62 - update dependency: /home/zhaorz/project/CodeWM/CodeWM_ProWES_Logits/reproduct/units/p14_todo_list_app/python/replays/0001_seed_4207199519/p14_todo_list_app_python/p14_todo_list_app_python/todo_app/repository.py:['docs/system_design/20260914200946.json', 'docs/task/20260914200946.json']
2026-09-14 20:22:10.533 | INFO     | metagpt.utils.file_repository:save:57 - save to: /home/zhaorz/project/CodeWM/CodeWM_ProWES_Logits/reproduct/units/p14_todo_list_app/python/replays/0001_seed_4207199519/p14_todo_list_app_python/p14_todo_list_app_python/repository_wm_detRes.txt
>> saved: src/todo_app/repository.py
2026-09-14 20:22:10.534 | INFO     | metagpt.utils.file_repository:save:57 - save to: /home/zhaorz/project/CodeWM/CodeWM_ProWES_Logits/reproduct/units/p14_todo_list_app/python/replays/0001_seed_4207199519/p14_todo_list_app_python/docs/system_design/20260914200946.json
2026-09-14 20:22:10.536 | INFO     | metagpt.utils.file_repository:save:62 - update dependency: /home/zhaorz/project/CodeWM/CodeWM_ProWES_Logits/reproduct/units/p14_todo_list_app/python/replays/0001_seed_4207199519/p14_todo_list_app_python/docs/system_design/20260914200946.json:[]
2026-09-14 20:22:10.536 | INFO     | metagpt.utils.file_repository:save:57 - save to: /home/zhaorz/project/CodeWM/CodeWM_ProWES_Logits/reproduct/units/p14_todo_list_app/python/replays/0001_seed_4207199519/p14_todo_list_app_python/docs/task/20260914200946.json
2026-09-14 20:22:10.538 | INFO     | metagpt.utils.file_repository:save:62 - update dependency: /home/zhaorz/project/CodeWM/CodeWM_ProWES_Logits/reproduct/units/p14_todo_list_app/python/replays/0001_seed_4207199519/p14_todo_list_app_python/docs/task/20260914200946.json:[]
>> [manual] Run 8/12: WriteCode -> todo_app/clock.py
2026-09-14 20:22:10.542 | INFO     | metagpt.actions.write_code:run:186 - Writing todo_app/clock.py..
2026-09-14 20:22:26.130 | INFO     | metagpt.utils.file_repository:save:57 - save to: /home/zhaorz/project/CodeWM/CodeWM_ProWES_Logits/reproduct/units/p14_todo_list_app/python/replays/0001_seed_4207199519/p14_todo_list_app_python/p14_todo_list_app_python/todo_app/clock.py
2026-09-14 20:22:26.132 | INFO     | metagpt.utils.file_repository:save:62 - update dependency: /home/zhaorz/project/CodeWM/CodeWM_ProWES_Logits/reproduct/units/p14_todo_list_app/python/replays/0001_seed_4207199519/p14_todo_list_app_python/p14_todo_list_app_python/todo_app/clock.py:['docs/system_design/20260914200946.json', 'docs/task/20260914200946.json']
2026-09-14 20:22:26.133 | INFO     | metagpt.utils.file_repository:save:57 - save to: /home/zhaorz/project/CodeWM/CodeWM_ProWES_Logits/reproduct/units/p14_todo_list_app/python/replays/0001_seed_4207199519/p14_todo_list_app_python/p14_todo_list_app_python/clock_wm_detRes.txt
>> saved: src/todo_app/clock.py
2026-09-14 20:22:26.134 | INFO     | metagpt.utils.file_repository:save:57 - save to: /home/zhaorz/project/CodeWM/CodeWM_ProWES_Logits/reproduct/units/p14_todo_list_app/python/replays/0001_seed_4207199519/p14_todo_list_app_python/docs/system_design/20260914200946.json
2026-09-14 20:22:26.136 | INFO     | metagpt.utils.file_repository:save:62 - update dependency: /home/zhaorz/project/CodeWM/CodeWM_ProWES_Logits/reproduct/units/p14_todo_list_app/python/replays/0001_seed_4207199519/p14_todo_list_app_python/docs/system_design/20260914200946.json:[]
2026-09-14 20:22:26.137 | INFO     | metagpt.utils.file_repository:save:57 - save to: /home/zhaorz/project/CodeWM/CodeWM_ProWES_Logits/reproduct/units/p14_todo_list_app/python/replays/0001_seed_4207199519/p14_todo_list_app_python/docs/task/20260914200946.json
2026-09-14 20:22:26.138 | INFO     | metagpt.utils.file_repository:save:62 - update dependency: /home/zhaorz/project/CodeWM/CodeWM_ProWES_Logits/reproduct/units/p14_todo_list_app/python/replays/0001_seed_4207199519/p14_todo_list_app_python/docs/task/20260914200946.json:[]
>> [manual] Run 9/12: WriteCode -> todo_app/service.py
2026-09-14 20:22:26.145 | INFO     | metagpt.actions.write_code:run:186 - Writing todo_app/service.py..
2026-09-14 20:23:50.636 | INFO     | metagpt.utils.file_repository:save:57 - save to: /home/zhaorz/project/CodeWM/CodeWM_ProWES_Logits/reproduct/units/p14_todo_list_app/python/replays/0001_seed_4207199519/p14_todo_list_app_python/p14_todo_list_app_python/todo_app/service.py
2026-09-14 20:23:50.638 | INFO     | metagpt.utils.file_repository:save:62 - update dependency: /home/zhaorz/project/CodeWM/CodeWM_ProWES_Logits/reproduct/units/p14_todo_list_app/python/replays/0001_seed_4207199519/p14_todo_list_app_python/p14_todo_list_app_python/todo_app/service.py:['docs/system_design/20260914200946.json', 'docs/task/20260914200946.json']
2026-09-14 20:23:50.639 | INFO     | metagpt.utils.file_repository:save:57 - save to: /home/zhaorz/project/CodeWM/CodeWM_ProWES_Logits/reproduct/units/p14_todo_list_app/python/replays/0001_seed_4207199519/p14_todo_list_app_python/p14_todo_list_app_python/service_wm_detRes.txt
>> saved: src/todo_app/service.py
2026-09-14 20:23:50.640 | INFO     | metagpt.utils.file_repository:save:57 - save to: /home/zhaorz/project/CodeWM/CodeWM_ProWES_Logits/reproduct/units/p14_todo_list_app/python/replays/0001_seed_4207199519/p14_todo_list_app_python/docs/system_design/20260914200946.json
2026-09-14 20:23:50.642 | INFO     | metagpt.utils.file_repository:save:62 - update dependency: /home/zhaorz/project/CodeWM/CodeWM_ProWES_Logits/reproduct/units/p14_todo_list_app/python/replays/0001_seed_4207199519/p14_todo_list_app_python/docs/system_design/20260914200946.json:[]
2026-09-14 20:23:50.643 | INFO     | metagpt.utils.file_repository:save:57 - save to: /home/zhaorz/project/CodeWM/CodeWM_ProWES_Logits/reproduct/units/p14_todo_list_app/python/replays/0001_seed_4207199519/p14_todo_list_app_python/docs/task/20260914200946.json
2026-09-14 20:23:50.644 | INFO     | metagpt.utils.file_repository:save:62 - update dependency: /home/zhaorz/project/CodeWM/CodeWM_ProWES_Logits/reproduct/units/p14_todo_list_app/python/replays/0001_seed_4207199519/p14_todo_list_app_python/docs/task/20260914200946.json:[]
>> [manual] Run 10/12: WriteCode -> todo_app/__init__.py
2026-09-14 20:23:50.651 | INFO     | metagpt.actions.write_code:run:186 - Writing todo_app/__init__.py..
2026-09-14 20:24:06.710 | INFO     | metagpt.utils.file_repository:save:57 - save to: /home/zhaorz/project/CodeWM/CodeWM_ProWES_Logits/reproduct/units/p14_todo_list_app/python/replays/0001_seed_4207199519/p14_todo_list_app_python/p14_todo_list_app_python/todo_app/__init__.py
2026-09-14 20:24:06.712 | INFO     | metagpt.utils.file_repository:save:62 - update dependency: /home/zhaorz/project/CodeWM/CodeWM_ProWES_Logits/reproduct/units/p14_todo_list_app/python/replays/0001_seed_4207199519/p14_todo_list_app_python/p14_todo_list_app_python/todo_app/__init__.py:['docs/system_design/20260914200946.json', 'docs/task/20260914200946.json']
2026-09-14 20:24:06.713 | INFO     | metagpt.utils.file_repository:save:57 - save to: /home/zhaorz/project/CodeWM/CodeWM_ProWES_Logits/reproduct/units/p14_todo_list_app/python/replays/0001_seed_4207199519/p14_todo_list_app_python/p14_todo_list_app_python/__init___wm_detRes.txt
>> saved: src/todo_app/__init__.py
2026-09-14 20:24:06.714 | INFO     | metagpt.utils.file_repository:save:57 - save to: /home/zhaorz/project/CodeWM/CodeWM_ProWES_Logits/reproduct/units/p14_todo_list_app/python/replays/0001_seed_4207199519/p14_todo_list_app_python/docs/system_design/20260914200946.json
2026-09-14 20:24:06.716 | INFO     | metagpt.utils.file_repository:save:62 - update dependency: /home/zhaorz/project/CodeWM/CodeWM_ProWES_Logits/reproduct/units/p14_todo_list_app/python/replays/0001_seed_4207199519/p14_todo_list_app_python/docs/system_design/20260914200946.json:[]
2026-09-14 20:24:06.717 | INFO     | metagpt.utils.file_repository:save:57 - save to: /home/zhaorz/project/CodeWM/CodeWM_ProWES_Logits/reproduct/units/p14_todo_list_app/python/replays/0001_seed_4207199519/p14_todo_list_app_python/docs/task/20260914200946.json
2026-09-14 20:24:06.718 | INFO     | metagpt.utils.file_repository:save:62 - update dependency: /home/zhaorz/project/CodeWM/CodeWM_ProWES_Logits/reproduct/units/p14_todo_list_app/python/replays/0001_seed_4207199519/p14_todo_list_app_python/docs/task/20260914200946.json:[]
>> [manual] Run 11/12: WriteCode -> Main.py
2026-09-14 20:24:06.726 | INFO     | metagpt.actions.write_code:run:186 - Writing Main.py..
2026-09-14 20:24:33.279 | INFO     | metagpt.utils.file_repository:save:57 - save to: /home/zhaorz/project/CodeWM/CodeWM_ProWES_Logits/reproduct/units/p14_todo_list_app/python/replays/0001_seed_4207199519/p14_todo_list_app_python/p14_todo_list_app_python/Main.py
2026-09-14 20:24:33.281 | INFO     | metagpt.utils.file_repository:save:62 - update dependency: /home/zhaorz/project/CodeWM/CodeWM_ProWES_Logits/reproduct/units/p14_todo_list_app/python/replays/0001_seed_4207199519/p14_todo_list_app_python/p14_todo_list_app_python/Main.py:['docs/system_design/20260914200946.json', 'docs/task/20260914200946.json']
2026-09-14 20:24:33.282 | INFO     | metagpt.utils.file_repository:save:57 - save to: /home/zhaorz/project/CodeWM/CodeWM_ProWES_Logits/reproduct/units/p14_todo_list_app/python/replays/0001_seed_4207199519/p14_todo_list_app_python/p14_todo_list_app_python/Main_wm_detRes.txt
>> saved: src/Main.py
2026-09-14 20:24:33.284 | INFO     | metagpt.utils.file_repository:save:57 - save to: /home/zhaorz/project/CodeWM/CodeWM_ProWES_Logits/reproduct/units/p14_todo_list_app/python/replays/0001_seed_4207199519/p14_todo_list_app_python/docs/system_design/20260914200946.json
2026-09-14 20:24:33.286 | INFO     | metagpt.utils.file_repository:save:62 - update dependency: /home/zhaorz/project/CodeWM/CodeWM_ProWES_Logits/reproduct/units/p14_todo_list_app/python/replays/0001_seed_4207199519/p14_todo_list_app_python/docs/system_design/20260914200946.json:[]
2026-09-14 20:24:33.287 | INFO     | metagpt.utils.file_repository:save:57 - save to: /home/zhaorz/project/CodeWM/CodeWM_ProWES_Logits/reproduct/units/p14_todo_list_app/python/replays/0001_seed_4207199519/p14_todo_list_app_python/docs/task/20260914200946.json
2026-09-14 20:24:33.288 | INFO     | metagpt.utils.file_repository:save:62 - update dependency: /home/zhaorz/project/CodeWM/CodeWM_ProWES_Logits/reproduct/units/p14_todo_list_app/python/replays/0001_seed_4207199519/p14_todo_list_app_python/docs/task/20260914200946.json:[]
>> [manual] Run 12/12: WriteCode -> tests/test_main.py
2026-09-14 20:24:33.297 | INFO     | metagpt.actions.write_code:run:186 - Writing tests/test_main.py..
2026-09-14 20:25:39.418 | INFO     | metagpt.utils.file_repository:save:57 - save to: /home/zhaorz/project/CodeWM/CodeWM_ProWES_Logits/reproduct/units/p14_todo_list_app/python/replays/0001_seed_4207199519/p14_todo_list_app_python/p14_todo_list_app_python/tests/test_main.py
2026-09-14 20:25:39.420 | INFO     | metagpt.utils.file_repository:save:62 - update dependency: /home/zhaorz/project/CodeWM/CodeWM_ProWES_Logits/reproduct/units/p14_todo_list_app/python/replays/0001_seed_4207199519/p14_todo_list_app_python/p14_todo_list_app_python/tests/test_main.py:['docs/system_design/20260914200946.json', 'docs/task/20260914200946.json']
2026-09-14 20:25:39.421 | INFO     | metagpt.utils.file_repository:save:57 - save to: /home/zhaorz/project/CodeWM/CodeWM_ProWES_Logits/reproduct/units/p14_todo_list_app/python/replays/0001_seed_4207199519/p14_todo_list_app_python/p14_todo_list_app_python/test_main_wm_detRes.txt
>> saved: src/tests/test_main.py
>> [manual] all WriteCode actions finished.
[replay-worker] p14_todo_list_app_python passed=True
[replay-worker] shard complete
